{"type": "FeatureCollection", "source": "https://froginawell.net/reference/japanese-empire/ (admin layer, 1930)", "features": [{"type": "Feature", "properties": {"name": "(unnamed, Federated Shan States)", "division": "Federated Shan States"}, "geometry": {"type": "MultiPolygon", "coordinates": [[[[98.561, 21.078547139076754], [98.621, 21.231028630712387], [98.601, 21.315827843381385], [98.5485, 21.310704004345716], [98.551, 21.340978641164337], [98.531, 21.421059823707484], [98.5385, 21.45317308735025], [98.588, 21.470855633806913], [98.6305, 21.428507006906425], [98.6805, 21.406164318097808], [98.699, 21.37357510767345], [98.694, 21.324677689670402], [98.723, 21.242213740388653], [98.7065, 21.18627971204906], [98.679, 21.12752619597368], [98.639, 21.066416496845605], [98.596, 21.028618540371834], [98.561, 21.078547139076754]]], [[[98.45142662900008, 11.00193919500009], [98.45289147200003, 10.986273505000042], [98.44800866000003, 10.974310614000046], [98.44027754000007, 10.96556224200009], [98.43295332100007, 10.965033270000049], [98.42953535200007, 10.977728583000044], [98.43287194100003, 10.99359772300005], [98.44255618600005, 11.00299713700008], [98.45142662900008, 11.00193919500009]]], [[[98.24732506600003, 11.214504299000055], [98.24732506600003, 11.22752513200004], [98.24317467500003, 11.242987372000073], [98.23218834700003, 11.25381094000005], [98.22185306100005, 11.261908270000049], [98.21998131600003, 11.269110419000071], [98.23170006600003, 11.273911851000037], [98.25245201900003, 11.276068427000041], [98.28142337300005, 11.275946356000077], [98.27466881600003, 11.256293036000045], [98.27515709700003, 11.24803294500009], [98.28101647200003, 11.245835679000038], [98.29004967500003, 11.248114325000074], [98.29835045700003, 11.248602606000077], [98.30201256600003, 11.24119700700004], [98.29509524800005, 11.231146552000041], [98.27955162900008, 11.223211981000077], [98.24732506600003, 11.214504299000055]]], [[[98.25652103000004, 11.902533270000049], [98.26539147200003, 11.90851471600007], [98.28484134200005, 11.896063544000071], [98.28907311300003, 11.882391669000071], [98.28419030000003, 11.86546458500004], [98.27369225400008, 11.853338934000078], [98.26148522200003, 11.853908596000053], [98.25416100400008, 11.85814036700009], [98.25391686300003, 11.88385651200008], [98.25652103000004, 11.902533270000049]]], [[[98.23585045700003, 11.968329169000071], [98.25220787900008, 11.974758205000057], [98.26091556100005, 11.971136786000045], [98.26270592500003, 11.96165599200009], [98.26872806100005, 11.942287502000056], [98.26775149800005, 11.93390534100007], [98.26156660200007, 11.926174221000053], [98.25375410200007, 11.923081773000092], [98.24610436300003, 11.925441799000055], [98.22706139400003, 11.953924872000073], [98.23585045700003, 11.968329169000071]]], [[[98.22868899800005, 10.519964911000045], [98.22185306100005, 10.498114325000074], [98.20736738400007, 10.48346588700008], [98.19271894600007, 10.48240794500009], [98.18531334700003, 10.501166083000044], [98.18970787900008, 10.515570380000042], [98.20199629000007, 10.524318752000056], [98.21794681100005, 10.528550523000092], [98.23365319100003, 10.529364325000074], [98.23243248800003, 10.526922919000071], [98.22982832100007, 10.522406317000048], [98.22868899800005, 10.519964911000045]]], [[[98.01539147200003, 9.82640208500004], [98.03028405000003, 9.833400783000059], [98.04607181100005, 9.827948309000078], [98.05689537900008, 9.81435781500005], [98.05746504000007, 9.79686107000009], [98.03760826900003, 9.790716864000046], [98.01832116000003, 9.79490794500009], [98.00806725400008, 9.807440497000073], [98.01539147200003, 9.82640208500004]]], [[[97.89454186300003, 10.873968817000048], [97.89039147200003, 10.884955145000049], [97.89633222700007, 10.913275458000044], [97.91195722700007, 10.924261786000045], [97.93197675900007, 10.92405833500004], [97.95183353000004, 10.919094143000052], [97.94125410200007, 10.891546942000048], [97.92774498800003, 10.871975002000056], [97.90919030000003, 10.857245184000078], [97.88355553500003, 10.844549872000073], [97.89063561300003, 10.854722398000092], [97.89454186300003, 10.86424388200004], [97.89454186300003, 10.873968817000048]]], [[[97.89779707100007, 10.452093817000048], [97.89340254000007, 10.470770575000074], [97.89625084700003, 10.487534898000092], [97.91146894600007, 10.494533596000053], [97.90259850400008, 10.479315497000073], [97.90870201900003, 10.473456122000073], [97.91944420700003, 10.473089911000045], [97.92505944100003, 10.47406647300005], [97.93067467500003, 10.468166408000059], [97.93531334700003, 10.46116771000004], [97.94353274800005, 10.443793036000045], [97.93848717500003, 10.43781159100007], [97.93336022200003, 10.433742580000057], [97.92676842500003, 10.432033596000053], [97.91773522200003, 10.43305084800005], [97.92693118600005, 10.417181708000044], [97.93189537900008, 10.41201406500005], [97.91016686300003, 10.401922919000071], [97.89380944100003, 10.405991929000038], [97.88941491000003, 10.419989325000074], [97.90406334700003, 10.439276434000078], [97.89779707100007, 10.452093817000048]]], [[[97.91871178500003, 13.853257554000038], [97.93189537900008, 13.85927969000005], [97.93816165500004, 13.85179271000004], [97.93238366000003, 13.840399481000077], [97.92847741000003, 13.821112372000073], [97.92505944100003, 13.783596096000053], [97.91773522200003, 13.783596096000053], [97.91504967500003, 13.800116278000075], [97.91431725400008, 13.82843659100007], [97.91871178500003, 13.853257554000038]]], [[[97.86459394600007, 12.790228583000044], [97.86801191500007, 12.774807033000059], [97.86353600400008, 12.766831773000092], [97.85254967500003, 12.76626211100006], [97.83692467500003, 12.77244700700004], [97.83529707100007, 12.792792059000078], [97.84180748800003, 12.805812893000052], [97.85279381600003, 12.80654531500005], [97.86459394600007, 12.790228583000044]]], [[[97.85401451900003, 12.578192450000074], [97.86052493600005, 12.570013739000046], [97.86182701900003, 12.559800523000092], [97.84994550900007, 12.537258205000057], [97.84961998800003, 12.541815497000073], [97.84782962300005, 12.544419664000088], [97.84522545700003, 12.54677969000005], [97.84253991000003, 12.55023834800005], [97.84083092500003, 12.55687083500004], [97.83904056100005, 12.558010158000059], [97.83545983200003, 12.55805084800005], [97.82943769600007, 12.557074286000045], [97.82943769600007, 12.564520575000074], [97.83399498800003, 12.570746161000045], [97.83106530000003, 12.57420482000009], [97.82569420700003, 12.578599351000037], [97.82276451900003, 12.587469794000071], [97.82699629000007, 12.590725002000056], [97.83627363400007, 12.595404364000046], [97.84571373800003, 12.59796784100007], [97.84994550900007, 12.594631252000056], [97.85401451900003, 12.578192450000074]]], [[[97.67188561300003, 11.837713934000078], [97.66773522200003, 11.838283596000053], [97.65088951900003, 11.844549872000073], [97.64283287900008, 11.867661851000037], [97.64356530000003, 11.880357164000088], [97.66439863400007, 11.905951239000046], [97.67448978000004, 11.89744700700004], [97.67847741000003, 11.887884833000044], [97.67628014400003, 11.877834377000056], [97.66822350400008, 11.868109442000048], [97.66667728000004, 11.863430080000057], [97.67188561300003, 11.837713934000078]]], [[[97.65748131600003, 15.523871161000045], [97.65088951900003, 15.592230536000045], [97.65626061300003, 15.586330471000053], [97.66016686300003, 15.58038971600007], [97.66285241000003, 15.57367584800005], [97.66439863400007, 15.565578518000052], [97.67164147200003, 15.549994208000044], [97.67237389400003, 15.533351955000057], [97.66911868600005, 15.517401434000078], [97.66439863400007, 15.504095770000049], [97.65748131600003, 15.523871161000045]]], [[[97.44434655000003, 11.80023834800005], [97.46290123800003, 11.79979075700004], [97.47689863400007, 11.788234768000052], [97.47966556100005, 11.77798086100006], [97.46452884200005, 11.782456773000092], [97.45923912900008, 11.78620026200008], [97.44434655000003, 11.80023834800005]]], [[[97.326, 18.78489774822395], [97.3235, 18.734713369637298], [97.2415, 18.74702412710127], [97.2015, 18.74702412710127], [97.1665, 18.739921876548006], [97.1065, 18.767382255757035], [97.0815, 18.799571488570702], [97.069, 18.862038891300937], [97.301, 18.86487776655727], [97.326, 18.78489774822395]]], [[[97.0065, 19.379331529558286], [96.989, 19.43922274897984], [96.914, 19.44205170948303], [96.904, 19.484480197274095], [96.8565, 19.47929508895605], [96.854, 19.517001179298575], [96.9015, 19.544332596987694], [96.924, 19.57684153183324], [96.984, 19.57684153183324], [97.0365, 19.594271158505382], [97.0565, 19.64419423079824], [97.0815, 19.601807709946915], [97.114, 19.494378579388194], [97.1265, 19.459495876227113], [97.059, 19.431678613313007], [97.0565, 19.386878094061228], [97.0065, 19.379331529558286]]], [[[96.8425, 20.440830031293554], [96.8675, 20.409436210415244], [96.855, 20.393033907161573], [96.8125, 20.358817772390932], [96.80497512490783, 20.42527259419021], [96.8005, 20.45910109549349], [96.79608732649235, 20.50365339597981], [96.80549215759848, 20.50453430101257], [96.834, 20.50734499044393], [96.8425, 20.440830031293554]]], [[[93.68669681100005, 14.87205638200004], [93.69361412900008, 14.888861395000049], [93.70386803500003, 14.904445705000057], [93.72437584700003, 14.913804429000038], [93.72437584700003, 14.907619533000059], [93.71615644600007, 14.89008209800005], [93.70443769600007, 14.87099844000005], [93.69044030000003, 14.858099677000041], [93.67579186300003, 14.859198309000078], [93.68669681100005, 14.87205638200004]]], [[[93.38599694100003, 14.150864976000037], [93.39031009200005, 14.15375397300005], [93.39600670700008, 14.140448309000078], [93.40015709700003, 14.095648505000042], [93.39478600400008, 14.076361395000049], [93.37484785200007, 14.06468333500004], [93.38331139400003, 14.138373114000046], [93.38599694100003, 14.150864976000037]]]]}}, {"type": "Feature", "properties": {"name": "Akyab", "division": "Arakan Division"}, "geometry": {"type": "MultiPolygon", "coordinates": [[[[92.21155969200004, 21.35487335200004], [92.22509891700014, 21.3974547320001], [92.225653932245, 21.39843114760275], [92.23626102800006, 21.41709177700004], [92.24748939162198, 21.4187306995441], [92.25290083800007, 21.419520569000028], [92.2845268150001, 21.419055481000086], [92.32266402200014, 21.46189524300003], [92.33503285191208, 21.458005046993613], [92.35470341000007, 21.451818340000088], [92.36374448796033, 21.440622942305623], [92.36793257700003, 21.435436910000035], [92.36950969452774, 21.429340003804757], [92.37217004400003, 21.419055481000086], [92.37423710100006, 21.40231231800003], [92.38116174400005, 21.384794006000064], [92.38963667800004, 21.37652577800013], [92.40028202400003, 21.370996400000124], [92.41386587551595, 21.366632356231293], [92.42312300700013, 21.363658345000132], [92.43865100665819, 21.362253611877772], [92.46539432800012, 21.359834289999995], [92.4958008364595, 21.366019464355215], [92.49855317196712, 21.36657933379966], [92.49867395000007, 21.366603902000023], [92.52451216700007, 21.361126201000033], [92.53424343056376, 21.340990766950014], [92.54394250500008, 21.320921937000023], [92.54677798598478, 21.3059398682432], [92.55159061700004, 21.28051096600005], [92.55872196500007, 21.259840393000033], [92.57055039235595, 21.247343401956368], [92.57060754400004, 21.247283020000012], [92.57651284316576, 21.247750020861467], [92.59086470600005, 21.248884990000036], [92.61432580600007, 21.26314768500002], [92.63375614400007, 21.28221628900009], [92.64285119700003, 21.298442688000094], [92.64134077990634, 21.306901024058607], [92.64103990600012, 21.30858591800002], [92.63923384600008, 21.3186998500001], [92.62075585392736, 21.37078867221961], [92.6035, 21.42012889910266], [92.6735, 21.355880782773873], [92.7585, 21.275763975651664], [92.8385, 21.19606969669505], [92.92099999999999, 21.158304755278397], [93.0185, 21.158304755278397], [93.103, 21.153175439488212], [93.143, 21.13358914509964], [93.13550000000001, 21.038418931838077], [93.1555, 20.940853020006855], [93.2055, 20.89601671847586], [93.2755, 20.898352273484264], [93.3655, 20.908628283622367], [93.4205, 20.858642897261316], [93.4555, 20.873593541489875], [93.493, 20.843690766390758], [93.548, 20.843690766390758], [93.59049999999999, 20.80116252691942], [93.6505, 20.82359650103587], [93.6905, 20.790879173238192], [93.7505, 20.813782048206352], [93.8205, 20.846027134800448], [93.8685, 20.811445179512848], [93.9055, 20.779192693404244], [93.9245, 20.742725064501897], [93.9495, 20.670231256119582], [93.9795, 20.631865683903133], [94.015, 20.585533383418703], [94.02250000000001, 20.52560813345435], [94.01, 20.48533266832507], [93.9125, 20.47034374712708], [93.8925, 20.445515126658595], [93.803, 20.428179560650793], [93.7705, 20.370536481194808], [93.7355, 20.273009765373654], [93.69800000000001, 20.240643587804914], [93.633, 20.205455312103982], [93.5755, 20.185746402054605], [93.533, 20.20827066707106], [93.493, 20.22797672573809], [93.468, 20.19325485230887], [93.498, 20.165565649724538], [93.473, 20.135524347173348], [93.3825, 20.088573250692736], [93.375, 20.088573250692736], [93.37499940176332, 20.08852773600006], [93.37484785200007, 20.08852773600006], [93.3745625863208, 20.055294199359086], [93.37452233200008, 20.050604559000078], [93.37208092500003, 20.03082916900007], [93.36182701900003, 20.02643463700008], [93.35613602044731, 20.03805375940943], [93.35599447955143, 20.0383427387476], [93.35596764400003, 20.038397528000075], [93.35484130754963, 20.043094590670925], [93.34066816500007, 20.10219961100006], [93.33383222700007, 20.10219961100006], [93.32650800900007, 20.081284898000035], [93.31282841509754, 20.06546027850902], [93.31275475400008, 20.065375067000048], [93.29395592500003, 20.05418528900009], [93.27247155000003, 20.04751211100006], [93.24463951900003, 20.04987213700008], [93.21517988400007, 20.05931224200009], [93.19027754000007, 20.06443919500009], [93.18740932123536, 20.062238003778837], [93.17646238411777, 20.053836865699896], [93.17628014400003, 20.05369700700004], [93.16786622335283, 20.05760511241629], [93.16138756600003, 20.060614325000074], [93.14747155000003, 20.070013739000046], [93.13607832100007, 20.08152903900009], [93.13216749070034, 20.088248178473826], [93.12851123746705, 20.094529932869428], [93.12842858200008, 20.094671942000048], [93.12989342500003, 20.075100002000056], [93.13162420087343, 20.07108212963576], [93.13672936300003, 20.05923086100006], [93.141197561531, 20.051535630288004], [93.15577233200008, 20.02643463700008], [93.17628014400003, 19.957505601000037], [93.23585045700008, 19.84723541900007], [93.2382595622539, 19.821337535053942], [93.23829186300003, 19.82099030200004], [93.22036945180609, 19.83496131517737], [93.21762129000007, 19.837103583000044], [93.21271177297466, 19.84488726481763], [93.20142662900008, 19.86277903900009], [93.17628014400003, 19.916571356000077], [93.16525197799012, 19.951637477477345], [93.16065514400003, 19.96625397300005], [93.14812259200005, 19.99433014500005], [93.13152103000004, 20.00657786700009], [93.10914147200003, 19.993801174000055], [93.10913258402385, 19.99376388536376], [93.10206139400003, 19.964097398000035], [93.10613040500004, 19.93065013200004], [93.11155128523794, 19.919711569740972], [93.12435957100007, 19.893866278000075], [93.12989342500003, 19.86237213700008], [93.13453209700003, 19.84829336100006], [93.14730879000007, 19.833034572000088], [93.15113366000003, 19.830145575000074], [93.15577233200008, 19.827826239000046], [93.15804002762441, 19.824860790491144], [93.15894616000003, 19.82367584800005], [93.16492795775164, 19.81514084369428], [93.16895592500003, 19.809393622000073], [93.16882340223125, 19.80770395262658], [93.16879316500007, 19.80731842700004], [93.14918053500003, 19.828924872000073], [93.13941491000003, 19.831691799000055], [93.13584131132635, 19.83341903815165], [93.13453209700003, 19.834051825000074], [93.12501061300003, 19.84666575700004], [93.11264082100007, 19.874335028000075], [93.05942933698448, 19.9511011376187], [93.05941816500007, 19.951117255000042], [93.05930978437412, 19.95139811942614], [93.05274498800003, 19.968410549000055], [93.04867597700007, 19.99481842700004], [93.04097451623751, 20.008418228809017], [93.03842207100007, 20.012925523000035], [93.02690466855512, 20.02465360953082], [93.01172936300003, 20.04010651200008], [92.99154707100007, 20.067531643000052], [92.98072350400008, 20.077948309000078], [92.97599674507873, 20.087682227036485], [92.97592207100007, 20.087836005000042], [92.97534284790298, 20.09735369661807], [92.97413170700008, 20.117254950000074], [92.97025720832083, 20.129362758124763], [92.97022545700008, 20.129461981000077], [92.97497621840856, 20.128284990665275], [92.98829186300003, 20.12498607000009], [93.03299969090807, 20.12867815749528], [93.04249108200008, 20.129461981000077], [93.05445397200003, 20.13475169500009], [93.05812962666792, 20.139185817528187], [93.06470787900008, 20.14712148600006], [93.07758585876269, 20.16667693740198], [93.08008873800003, 20.170477606000077], [93.08269290500004, 20.16502513200004], [93.08497155000003, 20.16111888200004], [93.08668053500003, 20.156805731000077], [93.08685087158808, 20.152036294673728], [93.08692467500003, 20.14996979400007], [93.09424889400003, 20.14996979400007], [93.11521177465097, 20.201935247776724], [93.11548912900008, 20.20262278900009], [93.12094160200007, 20.21198151200008], [93.12094160200007, 20.218109451865992], [93.12094160200007, 20.21820709800005], [93.08920332100007, 20.21035390800006], [93.04737389400003, 20.16795482000009], [93.03441148628451, 20.15986246950959], [93.01856530000003, 20.14996979400007], [93.00814445887151, 20.151812319327455], [92.99048912900008, 20.15493398600006], [92.98999670808949, 20.160124368190985], [92.98747806100005, 20.186672268000052], [92.98860889215976, 20.19100154468891], [93.00123131600003, 20.23932526200008], [93.01187728077075, 20.24972479242632], [93.01880944100003, 20.25649648600006], [93.04127037900008, 20.33201732000009], [93.05616295700008, 20.34918854400007], [93.08082116000003, 20.358547268000052], [93.09131920700008, 20.381008205000057], [93.10040060253603, 20.430915340100317], [93.10043379000007, 20.43109772300005], [93.08187910200007, 20.41697825700004], [93.07397586479975, 20.382891248126974], [93.07252037900008, 20.376613674000055], [93.06745221677014, 20.370987695463167], [93.05958092500003, 20.362250067000048], [93.04322350400008, 20.364935614000046], [93.03419030000003, 20.38422272300005], [93.03101647200003, 20.40965403900009], [93.03223717500003, 20.43109772300005], [93.07056725400008, 20.496161200000074], [93.08562259200005, 20.532945054000038], [93.08405563527316, 20.53569238272167], [93.07342036646068, 20.554339087489875], [93.07325280000003, 20.554632880000042], [93.07098442699575, 20.54521507970849], [93.06869550900007, 20.535711981000077], [93.06352809258871, 20.521940566423925], [93.06031334700003, 20.513373114000046], [93.05458570044203, 20.50235361950212], [93.04908287900008, 20.49176666900007], [93.03565514400003, 20.475165106000077], [93.02263431100005, 20.45254140800006], [93.02003014400003, 20.42401764500005], [93.02126435217512, 20.409978528493532], [93.02491295700008, 20.368475653000075], [93.01628665500004, 20.32485586100006], [92.99480228000004, 20.28660716400009], [92.95310751229258, 20.233651343918154], [92.93604576900003, 20.21198151200008], [92.92340706122559, 20.186334783496175], [92.89844811300003, 20.135687567000048], [92.89503014400003, 20.133246161000045], [92.88941491000003, 20.12799713700008], [92.88796947572722, 20.127214746044924], [92.88054446700005, 20.123195705000057], [92.87284765048528, 20.122489351602773], [92.86768639400003, 20.122015692000048], [92.86036217500003, 20.124945380000042], [92.86017496009624, 20.12515191071478], [92.85523522200003, 20.130601304000038], [92.84887688322925, 20.139926867332125], [92.84669030000003, 20.143133856000077], [92.8071485530574, 20.17212103734368], [92.78296959700003, 20.189846096000053], [92.77214603000004, 20.20148346600007], [92.7721514483297, 20.201539906962527], [92.77361087300005, 20.216742255000042], [92.77816816500007, 20.231634833000044], [92.78663170700008, 20.245917059000078], [92.79948978000004, 20.25918203300006], [92.84805770148601, 20.290478638652946], [92.86402428500003, 20.30076732000009], [92.87592267682277, 20.303097530021244], [92.90121504000007, 20.30805084800005], [92.94288170700008, 20.321234442000048], [92.94283321267604, 20.321259791305675], [92.93392988400007, 20.325913804000038], [92.92530358200008, 20.327826239000046], [92.90528405000003, 20.328070380000042], [92.89332116000003, 20.32953522300005], [92.89124007496515, 20.331870662746248], [92.88965905000003, 20.333644924000055], [92.88770592500003, 20.340277411000045], [92.88070722700007, 20.34918854400007], [92.85725217428676, 20.367136414042445], [92.85661868600005, 20.367621161000045], [92.8565730005372, 20.36766703841813], [92.8559902661687, 20.36825222124403], [92.84693444100003, 20.377346096000053], [92.84050540500004, 20.39012278900009], [92.83995506844573, 20.395583628461658], [92.83155358200008, 20.478949286000045], [92.82937155310132, 20.486528965010642], [92.82691491000003, 20.495062567000048], [92.81548219137784, 20.504536533268485], [92.81527754000007, 20.504706122000073], [92.80360557349087, 20.505503846348386], [92.79265384200005, 20.506252346000053], [92.79656009200005, 20.48383209800005], [92.79290160529011, 20.477032084952658], [92.78532962300005, 20.462958075000074], [92.76936513775308, 20.455097389557906], [92.76929772200003, 20.45506419500009], [92.75855553500003, 20.47211334800005], [92.75856416284324, 20.47211634181497], [92.76096961269967, 20.472951019902133], [92.77344811300003, 20.47728099200009], [92.77861800484689, 20.478193325415727], [92.77898196700005, 20.478257554000038], [92.77893898119676, 20.478288668723753], [92.76531601662144, 20.488149477327784], [92.75098717500003, 20.498521226000037], [92.74170983200008, 20.52928294500009], [92.73658287900008, 20.56313711100006], [92.72071373800003, 20.592230536000045], [92.70335842952953, 20.614625559307513], [92.69955488400007, 20.619533596000053], [92.66285241000003, 20.67918528900009], [92.65830648606806, 20.682255781487626], [92.63502037900008, 20.69798411700009], [92.63516251670383, 20.697721162240597], [92.64630021307339, 20.677116423363785], [92.65943444100003, 20.652818101000037], [92.70443769600007, 20.589056708000044], [92.70826256600003, 20.578680731000077], [92.71697024800005, 20.49998607000009], [92.71699174374656, 20.49992819355635], [92.73747806100005, 20.44476959800005], [92.7374874488422, 20.444611960402845], [92.73845462300005, 20.42837148600006], [92.73652902252766, 20.416233711560796], [92.73121178500003, 20.38271719000005], [92.73513894611953, 20.332497125605673], [92.73926842500003, 20.279689846000053], [92.73542706100177, 20.269911827553017], [92.73121178500003, 20.25918203300006], [92.7310318351946, 20.259482949069184], [92.729159305852, 20.262614234305875], [92.72388756600003, 20.271429755000042], [92.70630944100003, 20.292914130000042], [92.70365779241907, 20.29733745498924], [92.69711347700007, 20.308254299000055], [92.65316816500007, 20.41828034100007], [92.63257897200003, 20.446600653000075], [92.55632906602217, 20.513177063498684], [92.53988691500007, 20.52753327000005], [92.53617164416416, 20.5330217381546], [92.52914472700007, 20.543402411000045], [92.52003014400003, 20.589667059000078], [92.5200092032662, 20.589698600982494], [92.50700931100005, 20.60927969000005], [92.47055097700007, 20.643377997000073], [92.46865281566443, 20.646098695225483], [92.46322675900007, 20.65387604400007], [92.45964603000004, 20.662583726000037], [92.45951176136856, 20.662716180173085], [92.45914059354828, 20.663082332163697], [92.45362389400003, 20.668524481000077], [92.45110553753962, 20.66890863713254], [92.43921959700003, 20.670721747000073], [92.42896569100003, 20.673895575000074], [92.40845787900008, 20.687974351000037], [92.39820397200003, 20.691148179000038], [92.39044096512745, 20.695232999452806], [92.38111412900008, 20.700140692000048], [92.37539254118344, 20.711969846747415], [92.37086022200003, 20.72134023600006], [92.36668156936388, 20.740060600023707], [92.36068769600007, 20.766913153000075], [92.30543053500003, 20.917710679000038], [92.28809655000003, 20.94358958500004], [92.28334764320614, 20.9542063943757], [92.28101647200003, 20.959418036000045], [92.28100443131567, 20.95952080183941], [92.27051842500003, 21.04901764500005], [92.27051477292369, 21.04902586217303], [92.26839797399083, 21.05378866046168], [92.26514733200008, 21.061102606000077], [92.26504628066503, 21.061181917038386], [92.22427209500012, 21.09318389900004], [92.22235485034972, 21.098212461880454], [92.21838098200004, 21.108635152000133], [92.21391553327526, 21.118682410955905], [92.21176639800012, 21.12351796500009], [92.18830529800005, 21.144085185000066], [92.18076053900012, 21.157882793000013], [92.17497277900003, 21.175607809000027], [92.17540654767498, 21.177599201738204], [92.17838342300007, 21.191265767000075], [92.18296921422564, 21.21559594117613], [92.18396447700007, 21.220876364000034], [92.18417281703496, 21.224157717827698], [92.18520471200003, 21.240410055000055], [92.17807336400006, 21.28014923100004], [92.17812153381509, 21.284713292950773], [92.17828007100013, 21.299734599000075], [92.18168811914816, 21.310810757383592], [92.1836544190001, 21.317201233000006], [92.21155969200004, 21.35487335200004]]], [[[93.02198326900003, 19.87018463700008], [93.02198726391916, 19.87012687713824], [93.02491295700008, 19.827826239000046], [93.01856530000003, 19.827826239000046], [93.01319420700008, 19.846502997000073], [93.00855553500003, 19.889878648000035], [93.00123131600003, 19.906642971000053], [92.98747806100005, 19.92519765800006], [92.97088517572861, 19.95439938483274], [92.92579186300003, 20.033758856000077], [92.92237389400003, 20.050604559000078], [92.91976972700007, 20.05573151200008], [92.91431725400008, 20.05963776200008], [92.90943444100003, 20.06509023600006], [92.90924753159352, 20.067582360994937], [92.90870201900003, 20.07485586100006], [92.91192428106437, 20.084603205526392], [92.91195722700007, 20.08470286700009], [92.91196072859685, 20.084705901716394], [92.91557841679237, 20.087841230547358], [92.91684004000007, 20.08893463700008], [92.9168653451445, 20.08892901363609], [92.91723803058358, 20.088846194670825], [92.92269941500007, 20.087632554000038], [92.92920983200008, 20.08104075700004], [92.94646243600005, 20.07050202000005], [92.95289147200003, 20.063055731000077], [92.95850670700008, 20.05487702000005], [92.96134147601533, 20.04875391864839], [92.96251309351946, 20.046223224724258], [92.96257571700005, 20.046087958000044], [92.96401685382182, 20.03684066503338], [92.96404056100005, 20.03668854400007], [92.96656602300557, 20.026234306115246], [92.96751191666024, 20.022318746404594], [92.96753991000003, 20.02220286700009], [92.97722582271372, 19.99823065083883], [93.01465905000003, 19.905585028000075], [93.02198326900003, 19.87018463700008]]]]}}, {"type": "Feature", "properties": {"name": "Amherst", "division": "Tenasserim Division"}, "geometry": {"type": "MultiPolygon", "coordinates": [[[[97.57843053652772, 16.084963639066892], [97.58594811300003, 16.086330471000053], [97.60084069100003, 16.09247467700004], [97.60883089209483, 16.10302289191367], [97.61215254000007, 16.10740794500009], [97.61963951900003, 16.125433661000045], [97.63900800900007, 16.238348700000074], [97.64820397200003, 16.25922272300005], [97.65019855737293, 16.26819835680678], [97.65088951900003, 16.271307684000078], [97.64991295700003, 16.28384023600006], [97.64946024631921, 16.285186760248262], [97.64673912900008, 16.29328034100007], [97.63721764400003, 16.312201239000046], [97.62821210002919, 16.345255680393034], [97.62647545700003, 16.351629950000074], [97.62546457259907, 16.364302107191833], [97.62305748800003, 16.394476630000042], [97.62663821700005, 16.437567450000074], [97.63721764400003, 16.477362372000073], [97.64422075806283, 16.491640942743835], [97.65186608200003, 16.50722890800006], [97.67383873800003, 16.53343333500004], [97.68752204371776, 16.542137437940063], [97.70313561300003, 16.552069403000075], [97.74008222700007, 16.55923086100006], [97.74024498800003, 16.55927155200004], [97.736712326269, 16.564905538278225], [97.73552493600005, 16.566799221000053], [97.72950280000003, 16.57249583500004], [97.72781630470111, 16.57345570226679], [97.72185306100005, 16.57684967700004], [97.71450813396501, 16.579253470869794], [97.713, 16.579910496686853], [97.813, 16.60674445988252], [97.8155, 16.646509331662486], [97.8655, 16.67908163334347], [97.9255, 16.648904542577426], [97.9805, 16.6642331832249], [97.96549999999999, 16.731760372782894], [98.018, 16.754264125411538], [98.0205, 16.808836636514524], [98.0505, 16.7791587939945], [98.243, 16.93132816052281], [98.21549999999999, 16.986327747747787], [98.3135, 17.051827947110844], [98.32260469556573, 17.049267781359706], [98.33066939300005, 17.04686757400013], [98.35618521992784, 17.046303540495213], [98.3797620040001, 17.045782370000026], [98.38617422399057, 17.043990236387813], [98.39991581200007, 17.040149638000102], [98.41313558426693, 17.031982250175005], [98.41789921100008, 17.029039205000075], [98.43619266800005, 17.01157257100003], [98.44673466000012, 16.996328023000004], [98.46367033382451, 16.963644237887692], [98.46368453000008, 16.963616841000103], [98.46693955872148, 16.959664306209792], [98.47453658000006, 16.950439352000032], [98.48042769400007, 16.937261862000057], [98.48042832328014, 16.937227985690942], [98.4805, 16.93336938146294], [98.48073775200004, 16.92057037400012], [98.48346768903296, 16.90980228850695], [98.48445845500004, 16.905894267000022], [98.49073341254775, 16.90308923653318], [98.5000647380001, 16.898917949000023], [98.50946984900003, 16.89266510000003], [98.51002188447073, 16.89150407315999], [98.51598108000013, 16.878970846000115], [98.52126303076325, 16.86140676697565], [98.52455936700005, 16.85044545500007], [98.52449494171427, 16.850490605506263], [98.51195031700013, 16.859282125000064], [98.50633241630655, 16.86073767182273], [98.50058150300003, 16.86222768100005], [98.49251997900006, 16.85742177400006], [98.49003951000009, 16.8432107550001], [98.49021672540871, 16.84271919327846], [98.49438033100006, 16.831170146000105], [98.5033720300001, 16.826002503000026], [98.51285644431489, 16.822308573153293], [98.51319055200008, 16.82217844700007], [98.52052860500004, 16.8141169230001], [98.51753137200012, 16.803006490000072], [98.50997716308841, 16.795290866466797], [98.50543908700007, 16.790655823000023], [98.48921268700013, 16.780733948000105], [98.48331655792778, 16.779093827273684], [98.47453658000006, 16.776651509000104], [98.46485069950722, 16.763291674589627], [98.46254764800011, 16.760115052000017], [98.46250989646688, 16.760023156811915], [98.45469283100005, 16.74099477200012], [98.45665653500009, 16.72321807900009], [98.46957736579871, 16.71353871088608], [98.48631880700003, 16.700997213000065], [98.49138309700004, 16.689731750000092], [98.49841109200003, 16.66239491800006], [98.51226037600003, 16.64327463800008], [98.53433090040484, 16.628604615479006], [98.54709029100007, 16.620123596000084], [98.55196951520378, 16.61392001122533], [98.56155969200012, 16.60172678700009], [98.56163346851058, 16.601549543440775], [98.56579716000005, 16.591546529000098], [98.56742841533215, 16.58403416782517], [98.56776086400009, 16.582503154000065], [98.56734745300008, 16.57330474900006], [98.56439672506305, 16.563853199190103], [98.5640401610001, 16.562711080000085], [98.56424686700012, 16.55196238200007], [98.56895782669947, 16.544071524579504], [98.57044803900004, 16.54157541900004], [98.5794726585552, 16.53000500292476], [98.63163293400004, 16.463130595000038], [98.63506555469375, 16.455504963492775], [98.63979781100005, 16.44499216700008], [98.63923799847285, 16.441185442320464], [98.63824751800013, 16.434450176000027], [98.6282222910001, 16.413572896000048], [98.62937394293007, 16.40344795418091], [98.62946252500006, 16.402669170000095], [98.62948745685752, 16.402613123179783], [98.63138031728448, 16.398357972578957], [98.64238163200008, 16.37362701500011], [98.65695438600011, 16.301641744000037], [98.66325891200012, 16.286655579000083], [98.68237919200004, 16.273478088999994], [98.68242099938794, 16.273508028481725], [98.69839888600006, 16.284950256000016], [98.72826786400009, 16.32825510700009], [98.7604844493796, 16.352969200091376], [98.78862593600007, 16.37455719000006], [98.80206180900007, 16.398276673000012], [98.804711964029, 16.41136385842963], [98.81043339100012, 16.439617819000134], [98.81344794088785, 16.445458509156975], [98.81870162000007, 16.45563751200008], [98.83951807570608, 16.47238342417142], [98.83957889800013, 16.47243235300006], [98.84101728156213, 16.459622964241586], [98.84340295400006, 16.438377584000094], [98.8611526108966, 16.421559539650342], [98.8620294592308, 16.420728713778132], [98.86210982300008, 16.420652567999994], [98.88526086500013, 16.406183167000066], [98.89692424110031, 16.389596030188986], [98.90252079300006, 16.381636862000093], [98.9026598071047, 16.378578551866408], [98.90334761600008, 16.363446757000034], [98.89342574100004, 16.319883525000094], [98.89208102176242, 16.307064843354084], [98.88867150900006, 16.27456329400009], [98.88371057200004, 16.258750305000078], [98.85559859200009, 16.22696929900006], [98.84309289600009, 16.208727519000107], [98.83668501900007, 16.189038799000045], [98.83472131400003, 16.167748108000055], [98.83527777950675, 16.149901438374165], [98.83544122240332, 16.144659583591785], [98.83544478300013, 16.14454539000006], [98.83429587099222, 16.14233692532401], [98.83079390500006, 16.135605367000025], [98.82350934563779, 16.127857535385544], [98.80722945200006, 16.110542298000027], [98.79978108768691, 16.105372257197793], [98.79844445800006, 16.104444479000065], [98.7955032136934, 16.10405955103147], [98.78304488100008, 16.102429098000115], [98.77946435089459, 16.104693256076462], [98.7760168860001, 16.106873270000037], [98.77526274322906, 16.10779880903027], [98.77033247900005, 16.113849589000026], [98.75844690000008, 16.119172262000077], [98.69715865100005, 16.126872051000063], [98.68664385528498, 16.1264390882568], [98.67958866400005, 16.126148580000077], [98.67559790300835, 16.124261858787523], [98.65871138500012, 16.116278381000072], [98.65339362745668, 16.10570851732716], [98.65033980300012, 16.099638570000067], [98.64612852842423, 16.086057207778083], [98.64413863200014, 16.079639791000133], [98.63018599400004, 16.060002747000098], [98.61912723800003, 16.051011048000063], [98.61450526886959, 16.048510119552496], [98.6115824790001, 16.04692861000005], [98.60981055983541, 16.046701717721938], [98.60310754400007, 16.045843404000053], [98.59008508300013, 16.045791728000026], [98.59000208291094, 16.04581628925208], [98.58998943194787, 16.045820032904597], [98.57995650300012, 16.048788961000056], [98.56816372662917, 16.053743909345105], [98.56765751100005, 16.05395660500004], [98.56753260338903, 16.053973040202532], [98.56628888363184, 16.054136687444558], [98.55587528500007, 16.055506897000058], [98.54698693800003, 16.047497050000104], [98.54703532079765, 16.047289810422896], [98.5500875250001, 16.034216207000085], [98.5769592690001, 15.996905823000063], [98.57699325026478, 15.996806453557234], [98.58378055900005, 15.976958720000127], [98.58230811906643, 15.968492193349691], [98.5806799720001, 15.95913035100007], [98.5685876870001, 15.920166321000082], [98.5687963260803, 15.9132365320637], [98.56931115800012, 15.896136780000077], [98.57334995944711, 15.873041660664827], [98.57664921100007, 15.854175517000058], [98.57537064703264, 15.843947005260635], [98.57437544800007, 15.835985413000017], [98.54305953000005, 15.735371399000073], [98.54305548840578, 15.735337494510453], [98.54266251045352, 15.732040845702748], [98.5402690030001, 15.711961975000023], [98.5429658960768, 15.68570542641463], [98.5440554148255, 15.675098034446705], [98.54574670400012, 15.658631897000035], [98.54367964700003, 15.601503601000033], [98.56714074700011, 15.452546285000054], [98.5689159074797, 15.404444378983497], [98.5689947120567, 15.402308994379883], [98.56900109900005, 15.402135926000142], [98.56697112622955, 15.39168617963404], [98.55990604700003, 15.355317078000027], [98.54496905522922, 15.338681370160336], [98.53355106600009, 15.325964865000046], [98.53351833620452, 15.326180165654968], [98.5302437740001, 15.347720642000056], [98.51546431500009, 15.363456116000037], [98.50083739606308, 15.371563713898523], [98.49500044800004, 15.374799093000107], [98.47453658000006, 15.383480734000074], [98.4703645366513, 15.38133269532947], [98.45541630000008, 15.373636373000096], [98.43948505757687, 15.367623612964113], [98.4393966070001, 15.367590230000062], [98.43697037775624, 15.367084765622042], [98.40342981000003, 15.360097148000122], [98.39691858000009, 15.355730489000038], [98.39664535662388, 15.352666487960906], [98.39619510900008, 15.347617289000127], [98.39897606701311, 15.336215362828344], [98.40032922400007, 15.330667420000026], [98.39949188473538, 15.324666487027867], [98.39908899000005, 15.321779074000105], [98.39361128800005, 15.316275533000109], [98.38906212410377, 15.313733353358453], [98.3848262940001, 15.311366272000086], [98.38394584825951, 15.310525846203646], [98.38368941300007, 15.31028106700009], [98.38321762999674, 15.309588135874424], [98.3812089440001, 15.306637879000093], [98.37883182800005, 15.301625265000041], [98.3774882410001, 15.296457622000034], [98.37755461970694, 15.296387786071389], [98.37807686894983, 15.295838336366833], [98.37996871000007, 15.293847962000115], [98.38366450176123, 15.291749503334465], [98.38606652900012, 15.290385640000082], [98.39206099500007, 15.285838115000047], [98.39474816900008, 15.280076193000085], [98.39474816900008, 15.264909160000059], [98.39353167655273, 15.26163983676235], [98.3922677000001, 15.258242900000141], [98.38659953361379, 15.256638308311967], [98.3852397060001, 15.256253357000105], [98.3851843996869, 15.256274239900389], [98.37958495401354, 15.25838851327882], [98.37025354100012, 15.261911926000053], [98.33604374200013, 15.282169088000046], [98.31785363800009, 15.288990377000104], [98.3132095116935, 15.289729215401483], [98.2951160070001, 15.292607728000078], [98.28438785997511, 15.290269541234192], [98.28302372200011, 15.289972229000071], [98.24767704300012, 15.240931295000053], [98.244219983623, 15.237625331011197], [98.23289758300012, 15.226797791000095], [98.22957168946621, 15.225287362887066], [98.21543094900005, 15.218865458000053], [98.20769286000007, 15.219215764000083], [98.18710219979539, 15.2201479087115], [98.17719039000008, 15.22059661900002], [98.17719506215019, 15.220520362718373], [98.17766982723295, 15.212771506410025], [98.17790575900011, 15.20892075700003], [98.17791385900006, 15.208788554000108], [98.18233178251883, 15.19858101338288], [98.18468040900012, 15.193154550000088], [98.19072961500007, 15.179177958000068], [98.18857648196683, 15.171193424195295], [98.18576867700011, 15.160781149000073], [98.16974240705508, 15.133791634712772], [98.16499475100005, 15.125796204000068], [98.16399789198509, 15.1215368971603], [98.16044722500004, 15.106365865000086], [98.16050655857667, 15.10618225163781], [98.1680055790241, 15.0829758239086], [98.1680719040001, 15.082770575000012], [98.16809533700007, 15.082698060000055], [98.19879962500005, 15.051583013000055], [98.19899784400008, 15.051382142000136], [98.20437219300004, 15.029574687000107], [98.2025840849092, 15.023835438439695], [98.2011682530001, 15.01929107600003], [98.20029443549025, 15.01791852297425], [98.19569055200009, 15.010686951000082], [98.19134973100012, 15.00115264900009], [98.19124965155731, 14.994847625849292], [98.191, 14.988336557339787], [98.195, 14.97771053017717], [98.117, 14.977227516412299], [98.0545, 14.994615325423197], [97.982, 15.00234278698965], [97.90950000000001, 14.992200436427577], [97.8695, 14.974812431248615], [97.852, 14.92457249239667], [97.81509922648269, 14.850838745630977], [97.79874379305508, 14.87460147652609], [97.79492259660049, 14.880153274553948], [97.79476972700007, 14.88031647300005], [97.80030358200003, 14.890326239000046], [97.8025, 14.900942262165467], [97.80250084700003, 14.900946356000077], [97.8025, 14.901028797548745], [97.80225670700003, 14.924709377000056], [97.80445397200003, 14.935980536000045], [97.80447272457869, 14.936009240603601], [97.81373131600003, 14.95018138200004], [97.81551796931701, 14.957195649312984], [97.81592858200003, 14.958807684000078], [97.81283613400007, 14.983343817000048], [97.80447547003816, 14.99849751956663], [97.80437259200005, 14.99868398600006], [97.79118899800005, 15.008734442000048], [97.77452184617029, 15.017348475561212], [97.77426191500007, 15.01748281500005], [97.77979576900003, 15.025783596000053], [97.77990248211455, 15.025852278364782], [97.78744550900007, 15.03070709800005], [97.79109753260596, 15.031383981899086], [97.79688561300003, 15.032456773000092], [97.80241571048575, 15.031829244347506], [97.80836022200003, 15.03115469000005], [97.80825657137845, 15.031338722742706], [97.80437259200005, 15.038234768000052], [97.801655129939, 15.045028423923307], [97.79908287900008, 15.051459052000041], [97.7956360251506, 15.05708457635574], [97.79476972700007, 15.05849844000005], [97.80681399800005, 15.07526276200008], [97.80837811305214, 15.084349525047644], [97.81023196700005, 15.095119533000059], [97.80713951900003, 15.174953518000052], [97.80938067832788, 15.184648966782149], [97.81088300900007, 15.191148179000038], [97.82276451900003, 15.20929596600007], [97.79493248800003, 15.208807684000078], [97.78597828919014, 15.210449287135601], [97.78039826016186, 15.21147229247015], [97.78028405000003, 15.211493231000077], [97.76937910200007, 15.223334052000041], [97.75610566970384, 15.245367125065652], [97.74317467500003, 15.266831773000092], [97.74167776267959, 15.272578848929268], [97.74089603000004, 15.275580145000049], [97.74070327071809, 15.280387077262292], [97.74024498800003, 15.291815497000073], [97.74203535200007, 15.317938544000071], [97.74161960283114, 15.319167715610542], [97.73829186300003, 15.329006252000056], [97.72641035200007, 15.339585679000038], [97.72950280000003, 15.348944403000075], [97.73406009200005, 15.355292059000078], [97.74089603000004, 15.358954169000071], [97.75049889400003, 15.36009349200009], [97.76075280000003, 15.394232489000046], [97.76097418329198, 15.394057712739542], [97.76693769600007, 15.389349677000041], [97.76695477519984, 15.389357540194581], [97.76963736156517, 15.390592592114977], [97.77515709700003, 15.393133856000077], [97.79476972700007, 15.407904364000046], [97.79474943492893, 15.40793396532244], [97.78742492225714, 15.418618693335704], [97.78697683173213, 15.419272351210227], [97.78687584700003, 15.419419664000088], [97.76140384200005, 15.49054596600007], [97.76189212300005, 15.50389232000009], [97.77426191500007, 15.531398830000057], [97.76742597700007, 15.54401276200008], [97.74293053500003, 15.60447825700004], [97.74309013587576, 15.605737330405821], [97.74366295700003, 15.610256252000056], [97.74580997298479, 15.614645707254022], [97.74732506600003, 15.617743231000077], [97.74732506600003, 15.626166083000044], [97.74537711258196, 15.632157515098246], [97.74463951900003, 15.634426174000055], [97.74024498800003, 15.64126211100006], [97.74447675900007, 15.65070221600007], [97.74446810156014, 15.650852855467322], [97.74431870999398, 15.65345226893884], [97.74366295700003, 15.664862372000073], [97.7387148897446, 15.679165376564963], [97.738483479919, 15.679834295482403], [97.73845462300005, 15.67991771000004], [97.7382595590146, 15.680207409007611], [97.73023522200003, 15.69212474200009], [97.72563847667121, 15.701237587220469], [97.72559655000003, 15.701320705000057], [97.72666093565707, 15.706497488408282], [97.72738691500007, 15.71002838700008], [97.72770176302782, 15.710640261514573], [97.73170006600003, 15.718410549000055], [97.7338356492977, 15.72608282822423], [97.73389733200003, 15.726304429000038], [97.73081766670424, 15.733922548625706], [97.73080488400007, 15.733954169000071], [97.73016633111713, 15.734661403403305], [97.71680748800003, 15.74945709800005], [97.71290123800003, 15.757310289000088], [97.71339133293644, 15.759744427224387], [97.71412194100003, 15.763373114000046], [97.72018517809563, 15.768877895184975], [97.72339928500003, 15.77179596600007], [97.72641035200007, 15.777818101000037], [97.72679045134512, 15.815994309194357], [97.72706139400003, 15.84320709800005], [97.72699949110226, 15.843348148197084], [97.72136478000004, 15.85618724200009], [97.71060665300028, 15.859105669470694], [97.70606530000003, 15.86033763200004], [97.71225019600007, 15.88768138200004], [97.69141686300003, 15.912298895000049], [97.63721764400003, 15.949164130000042], [97.60971113400007, 15.983872789000088], [97.59900703054585, 15.993719293508358], [97.58228600400008, 16.009100653000075], [97.57748195095087, 16.0151502009873], [97.57569420700003, 16.017401434000078], [97.57593834700003, 16.02216217700004], [97.56981763328467, 16.056951751530118], [97.56885826900003, 16.06240469000005], [97.56934655000003, 16.07257721600007], [97.57178795700003, 16.080023505000042], [97.57654586241362, 16.084298185937694], [97.57699629000007, 16.08470286700009], [97.57843053652772, 16.084963639066892]]], [[[97.46265709700003, 16.461004950000074], [97.46615644600007, 16.46702708500004], [97.45964603000004, 16.477362372000073], [97.46394100005443, 16.482807176573562], [97.46998131600003, 16.49046458500004], [97.48601321700005, 16.50096263200004], [97.4994975290271, 16.506216654536207], [97.50407962300005, 16.50800202000005], [97.52050626926288, 16.510888881719055], [97.52051842500003, 16.510891018000052], [97.56185957100007, 16.49237702000005], [97.58521569100003, 16.486029364000046], [97.59978534182545, 16.484313633166504], [97.60629316500007, 16.483547268000052], [97.60978629900006, 16.464152839000064], [97.61033598340713, 16.452141547245247], [97.61060631600003, 16.446234442000048], [97.58949954701473, 16.41546384556158], [97.58936608200003, 16.415269273000092], [97.58875174522373, 16.403627589503788], [97.58855228000004, 16.39984772300005], [97.58928440946147, 16.38960867685785], [97.59131920700003, 16.361151434000078], [97.58936608200003, 16.34015534100007], [97.58383222700007, 16.329046942000048], [97.57740319100003, 16.32094961100006], [97.57178795700003, 16.31207916900007], [97.56885826900003, 16.298570054000038], [97.56948176561299, 16.29447835637029], [97.57016035200007, 16.29002513200004], [97.56801282928933, 16.26953954837737], [97.56635441500003, 16.253719653000076], [97.57136418100004, 16.22269311900004], [97.5506764705459, 16.2029900115681], [97.54746101900008, 16.199927595000077], [97.53710720799538, 16.203275481682418], [97.51697387106289, 16.20978556097174], [97.51685669700004, 16.209823449000055], [97.51070762170163, 16.252826421294408], [97.51050866000003, 16.25421784100007], [97.51050415330538, 16.254223980554897], [97.49927819100003, 16.26951732000009], [97.45926940600003, 16.301362208000057], [97.46511608034666, 16.319727357460884], [97.46922479950477, 16.33263336811885], [97.46924889400003, 16.33270905200004], [97.48275800900007, 16.34202708500004], [97.48487389400003, 16.36391836100006], [97.4824088039894, 16.37707259181972], [97.48015384200005, 16.389105536000045], [97.47266686300003, 16.40843333500004], [97.47059099562584, 16.411415664539753], [97.46045983200003, 16.42597077000005], [97.45476321700005, 16.43691640800006], [97.45215905000003, 16.44940827000005], [97.45582116000003, 16.456203518000052], [97.45725179156398, 16.45720836637291], [97.46265709700003, 16.461004950000074]]]]}}, {"type": "Feature", "properties": {"name": "Arakan Hill Distric", "division": "Arakan Division"}, "geometry": {"type": "Polygon", "coordinates": [[[92.65731697041551, 22.052950333521807], [92.65608036300006, 22.060566710999993], [92.65616480060298, 22.07259905430451], [92.65618371600004, 22.075294494999994], [92.66207482900006, 22.094776510000074], [92.66455529800004, 22.093846334000133], [92.66792027650641, 22.0930401419536], [92.6695162360001, 22.092657777000014], [92.672146240376, 22.094186849008864], [92.67396040900007, 22.0952415980001], [92.67396522939919, 22.09531046084649], [92.67407793638638, 22.09692056070803], [92.6746838790001, 22.105576884000115], [92.67106652800004, 22.133895569000018], [92.67343074703382, 22.144661206106356], [92.67396040900007, 22.147073058999993], [92.67397126180059, 22.14708105580101], [92.67654727115526, 22.148979168108994], [92.68377893100006, 22.154307760000066], [92.69263157080965, 22.151991005007748], [92.7080668540001, 22.14795155800003], [92.73997566374847, 22.12597858155571], [92.77162886600013, 22.104181621000052], [92.81858828399739, 22.06218906378656], [92.83612105300006, 22.046510722000065], [92.84143211074685, 22.03982558261666], [92.85389774600009, 22.024134827000083], [92.85391411839203, 22.024077212765746], [92.85663372028687, 22.01450696905914], [92.8620626230001, 21.995402731000084], [92.86702356000006, 21.966515605000026], [92.86901074108795, 21.96470549950176], [92.87746219900009, 21.95700714200005], [92.88924442500007, 21.966722311000083], [92.89864953600005, 21.995402731000084], [92.90619429500009, 22.01731353800004], [92.91463089307562, 22.019879915151506], [92.92097375600014, 22.02180938700006], [92.93740686000007, 22.013024394000055], [92.93815892735873, 22.01199556591813], [92.95032596900006, 21.995351054000068], [92.95522038193776, 21.990024780987955], [92.95558931438586, 21.98962329566855], [92.95559696500004, 21.989614970000005], [92.95592703392025, 21.98946671867598], [92.96165501678874, 21.986893980098525], [92.9616947830001, 21.98687611900006], [92.96810266200004, 21.98723785400007], [92.97492395000006, 21.990906881000072], [92.97709436100007, 21.993025615000036], [92.97813200586063, 21.994322671215194], [92.97895471200007, 21.995351054000068], [92.97988488800013, 22.00227569600004], [92.97983801630647, 22.003345931568965], [92.97957482900006, 22.009355367000083], [92.9781412002807, 22.01553789426596], [92.97792118400008, 22.016486715000028], [92.97691870085661, 22.018768227634407], [92.97492395000006, 22.02330800400007], [92.9687293779237, 22.03554965861339], [92.96841272000012, 22.03617543500006], [92.96531213400004, 22.049559632000083], [92.96624872508858, 22.05616780100346], [92.9671724860001, 22.06268544600006], [92.97984832689376, 22.085745450102728], [92.98546594300012, 22.095965068000012], [92.99196196457369, 22.10083708434743], [92.99517410000033, 22.103246186000103], [92.99518111200007, 22.103251445000083], [92.99613657547499, 22.103460201686527], [93.00748010300003, 22.1059386190001], [93.0254635010001, 22.1129149370001], [93.02546147038846, 22.112920593704754], [93.02474031598814, 22.114929524104745], [93.02256962100012, 22.120976461000097], [93.02315446739073, 22.150511209167842], [93.02391320800007, 22.18882761700003], [93.02236291600008, 22.19621734600004], [93.02430131456694, 22.201294107256054], [93.02451386870784, 22.201850797013147], [93.02453332500005, 22.201901754000076], [93.03641890500006, 22.206242575000076], [93.0439754713139, 22.206740809223387], [93.04582401500005, 22.20686269100004], [93.05648483214144, 22.20510654893513], [93.07248905400007, 22.202470195000032], [93.08638915021407, 22.19837959505071], [93.09057580600012, 22.197147522000094], [93.09773798708264, 22.191950901599483], [93.10432173700013, 22.187173970000075], [93.11459756989322, 22.18297975305862], [93.11951460800009, 22.180972799000088], [93.14173547400009, 22.18727732400002], [93.12313195800004, 22.218386536000068], [93.12354239364784, 22.230596980637035], [93.12354537000004, 22.230685527000006], [93.12478560400007, 22.23228749600004], [93.12489959339356, 22.23227205992916], [93.12695659664881, 22.23199350727545], [93.12974654200013, 22.23161570200007], [93.14525176337152, 22.23829771477995], [93.1405, 22.236098561785578], [93.152, 22.223139109891036], [93.152, 22.210641361250275], [93.156, 22.206475197636983], [93.156, 22.202308910354464], [93.1605, 22.198142499421024], [93.1605, 22.193975964855078], [93.156, 22.18980930667495], [93.1605, 22.18564252489904], [93.1685, 22.18564252489904], [93.173, 22.18980930667495], [93.17699999999999, 22.18564252489904], [93.181, 22.181475619545694], [93.1855, 22.17730859063329], [93.1855, 22.168974162204865], [93.1895, 22.16480676272559], [93.1935, 22.16480676272559], [93.19800000000001, 22.1606392397608], [93.206, 22.152303823448232], [93.2105, 22.152303823448232], [93.2145, 22.14813593013725], [93.223, 22.14813593013725], [93.227, 22.14396791341431], [93.227, 22.13563150980625], [93.231, 22.131463122957946], [93.231, 22.123125979264813], [93.227, 22.11895722245683], [93.227, 22.110619339010135], [93.2355, 22.10228096257866], [93.2355, 22.09394209330988], [93.23949999999999, 22.089772473907587], [93.248, 22.089772473907587], [93.252, 22.085602731351287], [93.256, 22.089772473907587], [93.26050000000001, 22.089772473907587], [93.2645, 22.09394209330988], [93.2685, 22.089772473907587], [93.277, 22.089772473907587], [93.281, 22.09394209330988], [93.277, 22.098111589539712], [93.2855, 22.106450212408287], [93.2895, 22.110619339010135], [93.2935, 22.106450212408287], [93.30199999999999, 22.106450212408287], [93.306, 22.10228096257866], [93.3105, 22.106450212408287], [93.3105, 22.110619339010135], [93.3145, 22.11478834236578], [93.3185, 22.11478834236578], [93.327, 22.106450212408287], [93.331, 22.110619339010135], [93.331, 22.11478834236578], [93.3395, 22.11478834236578], [93.348, 22.123125979264813], [93.3395, 22.131463122957946], [93.3395, 22.139799773297856], [93.3435, 22.14396791341431], [93.3435, 22.152303823448232], [93.348, 22.1564715933289], [93.352, 22.1606392397608], [93.352, 22.16480676272559], [93.356, 22.168974162204865], [93.352, 22.17314143818022], [93.356, 22.17730859063329], [93.356, 22.181475619545694], [93.352, 22.18564252489904], [93.356, 22.18980930667495], [93.3605, 22.193975964855078], [93.3605, 22.202308910354464], [93.356, 22.206475197636983], [93.356, 22.210641361250275], [93.3605, 22.21480740117594], [93.3605, 22.218973317395633], [93.3685, 22.227304778643784], [93.377, 22.227304778643784], [93.38550000000001, 22.227304778643784], [93.3895, 22.223139109891036], [93.3895, 22.21480740117594], [93.38550000000001, 22.210641361250275], [93.3895, 22.206475197636983], [93.3935, 22.206475197636983], [93.402, 22.198142499421024], [93.4105, 22.18980930667495], [93.4145, 22.18980930667495], [93.4185, 22.18564252489904], [93.4185, 22.17730859063329], [93.42699999999999, 22.168974162204865], [93.42699999999999, 22.16480676272559], [93.423, 22.1606392397608], [93.42699999999999, 22.1564715933289], [93.423, 22.152303823448232], [93.42699999999999, 22.14813593013725], [93.42699999999999, 22.14396791341431], [93.423, 22.139799773297856], [93.423, 22.13563150980625], [93.42699999999999, 22.131463122957946], [93.42699999999999, 22.127294612771326], [93.42699999999999, 22.123125979264813], [93.431, 22.11895722245683], [93.4355, 22.11895722245683], [93.4435, 22.127294612771326], [93.4435, 22.139799773297856], [93.44800000000001, 22.139799773297856], [93.452, 22.14396791341431], [93.4605, 22.14396791341431], [93.4645, 22.14813593013725], [93.4685, 22.152303823448232], [93.477, 22.14396791341431], [93.481, 22.14396791341431], [93.4855, 22.139799773297856], [93.48949999999999, 22.139799773297856], [93.4935, 22.14396791341431], [93.498, 22.14396791341431], [93.51050000000001, 22.131463122957946], [93.5185, 22.131463122957946], [93.523, 22.131463122957946], [93.527, 22.13563150980625], [93.527, 22.139799773297856], [93.531, 22.14396791341431], [93.531, 22.14813593013725], [93.5355, 22.14813593013725], [93.5395, 22.14396791341431], [93.5435, 22.14396791341431], [93.548, 22.14813593013725], [93.55199999999999, 22.14813593013725], [93.556, 22.14396791341431], [93.5605, 22.14396791341431], [93.5605, 22.137484086588398], [93.5725, 22.06614230492772], [93.575, 21.980855542677247], [93.555, 21.923814592666343], [93.58500000000001, 21.85886211319124], [93.5875, 21.801308093002675], [93.5805, 21.78738025582812], [93.5505, 21.718185290558196], [93.578, 21.648027559253926], [93.5805, 21.555515944787913], [93.568, 21.460618631560266], [93.6305, 21.39080173779929], [93.6055, 21.273434345212422], [93.673, 21.270638740003214], [93.7055, 21.245941921694193], [93.7305, 21.170894140493896], [93.7505, 21.08601165771992], [93.733, 21.008549061462634], [93.7405, 20.936183197808674], [93.8205, 20.846027134800448], [93.7505, 20.813782048206352], [93.6905, 20.790879173238192], [93.6505, 20.82359650103587], [93.59049999999999, 20.80116252691942], [93.548, 20.843690766390758], [93.493, 20.843690766390758], [93.4555, 20.873593541489875], [93.4205, 20.858642897261316], [93.3655, 20.908628283622367], [93.2755, 20.898352273484264], [93.2055, 20.89601671847586], [93.1555, 20.940853020006855], [93.13550000000001, 21.038418931838077], [93.143, 21.13358914509964], [93.103, 21.153175439488212], [93.0185, 21.158304755278397], [92.92099999999999, 21.158304755278397], [92.8385, 21.19606969669505], [92.7585, 21.275763975651664], [92.6735, 21.355880782773873], [92.6035, 21.42012889910266], [92.62075585392736, 21.37078867221961], [92.60326704900007, 21.42008901000007], [92.59715851706972, 21.449104536669182], [92.59272505700005, 21.470163472000067], [92.59024458800008, 21.49553660100007], [92.57556848200005, 21.73397166000005], [92.59303511600012, 21.886933899000027], [92.59024458800008, 21.91716461200012], [92.58139088742332, 21.954394742264018], [92.57587854000013, 21.977574362000027], [92.57773802421539, 21.97821431411252], [92.58383671100012, 21.98031321200007], [92.58395831365058, 21.980377391197585], [92.58407397637257, 21.980438435431825], [92.59127811700006, 21.98424062200006], [92.59714291251571, 21.988661774696524], [92.59799605400008, 21.989304912000122], [92.59939175571056, 21.99074958576695], [92.60388716700004, 21.995402731000084], [92.60927948841797, 22.001750963543248], [92.61525598200006, 22.0087869260001], [92.62520518563299, 22.011671359332787], [92.6275549720001, 22.012352600000085], [92.63080079011819, 22.012625357916054], [92.63985396300012, 22.013386129000068], [92.64633500405475, 22.016778075911926], [92.65091272000012, 22.019173890000033], [92.65099979983731, 22.019333536372113], [92.65835412600006, 22.032816468000036], [92.65835412600006, 22.035263027130323], [92.65835412600006, 22.04656239800009], [92.65731697041551, 22.052950333521807]]]}}, {"type": "Feature", "properties": {"name": "Bassein", "division": "Irrawaddy Division"}, "geometry": {"type": "Polygon", "coordinates": [[[94.44458950258476, 16.949652411000045], [94.44434655000003, 16.949652411000045], [94.45386803500003, 16.965236721000053], [94.45777428500003, 16.982896226000037], [94.45723758043759, 17.017245308357438], [94.45671634200005, 17.050604559000078], [94.4573262403782, 17.05539661737948], [94.45785566500007, 17.05955638200004], [94.46192467500003, 17.069647528000075], [94.47836347700007, 17.093085028000075], [94.48126124247558, 17.099411135353964], [94.48414147200003, 17.10569896000004], [94.4859528793403, 17.112928699864163], [94.48878014400003, 17.124212958000044], [94.48711999859266, 17.13323453739385], [94.48568769600007, 17.141017971000053], [94.4855207802024, 17.14109412937184], [94.46515590152448, 17.15038597606057], [94.45798191738969, 17.153659236941817], [94.45777428500003, 17.15375397300005], [94.45557515403372, 17.15909471981632], [94.45264733200003, 17.16620514500005], [94.45336453554764, 17.1720281562344], [94.45435631600003, 17.180080471000053], [94.45930302993213, 17.184481877820446], [94.46469160200007, 17.189276434000078], [94.49023950225059, 17.1780767383841], [94.51091556100005, 17.16901276200008], [94.51518840492669, 17.170906909380303], [94.51880944100003, 17.17251211100006], [94.51893834929561, 17.17269831190666], [94.52004732079216, 17.17430015992672], [94.52247155000003, 17.177801825000074], [94.53044681100005, 17.18195221600007], [94.53785241000003, 17.18740469000005], [94.53786262964543, 17.187451495976475], [94.53988691500007, 17.19672272300005], [94.53500410200007, 17.205145575000074], [94.53430341214484, 17.20550272276657], [94.52662194100003, 17.209418036000045], [94.51783287900008, 17.212551174000055], [94.51199327586252, 17.217174193275195], [94.51197350400008, 17.217189846000053], [94.51167851588899, 17.21833382411636], [94.50863691500007, 17.230129299000055], [94.51170050031578, 17.271525055489615], [94.51197350400008, 17.275213934000078], [94.5119870776215, 17.27523932465897], [94.51692777636819, 17.284481338465774], [94.51889082100007, 17.28815338700008], [94.51892464024021, 17.28815857517973], [94.5264802413944, 17.28931767325491], [94.53321373800003, 17.290350653000075], [94.54542076900003, 17.296087958000044], [94.54567346856686, 17.304216459238038], [94.54615319100003, 17.319647528000075], [94.54765106056334, 17.319268437623766], [94.55933678500003, 17.31631094000005], [94.57107430174804, 17.311673895840944], [94.57252037900008, 17.311102606000077], [94.57662586110364, 17.308421474690324], [94.58448326900003, 17.303290106000077], [94.59443334905752, 17.292369286958166], [94.59449303500003, 17.292303778000075], [94.59137790806322, 17.303953204436255], [94.57683353000004, 17.358343817000048], [94.56771864799714, 17.462880298387063], [94.56751247226202, 17.465369132728856], [94.56657962300005, 17.476629950000074], [94.5665934789871, 17.476698585468483], [94.633, 17.42049252556956], [94.758, 17.362758344830144], [94.803, 17.297845318150017], [94.8505, 17.27540680893319], [94.8655, 17.345577718735584], [94.848, 17.42049252556956], [94.8605, 17.4600847620103], [94.878, 17.525416974514073], [94.8805, 17.59501519798337], [94.9575, 17.537813135928875], [95.0275, 17.48011611049459], [95.0625, 17.44052822544523], [95.07300000000001, 17.44052822544523], [95.1325, 17.44052822544523], [95.21000000000001, 17.447683299293537], [95.2925, 17.462946518150513], [95.334, 17.460561724489327], [95.387, 17.457699930882907], [95.4545, 17.422877843269536], [95.4945, 17.39806901661757], [95.557, 17.25630805231958], [95.537, 17.213806225817994], [95.5145, 17.181326334984874], [95.4995, 17.144062978635883], [95.447, 17.12877328388776], [95.4545, 17.083852536513923], [95.4445, 17.028881581019302], [95.3745, 17.028881581019302], [95.372, 16.983936796268623], [95.3145, 16.95906909509474], [95.277, 16.911237344394124], [95.1835, 16.878226354263997], [95.0945, 16.834202724403625], [95.072, 16.773892885908985], [95.027, 16.716437148105122], [94.9945, 16.6589641014003], [94.9295, 16.62159736407171], [94.87950000000001, 16.53677664659047], [94.81, 16.48692107749319], [94.73162662453643, 16.510374430141287], [94.73186861757117, 16.515713407022194], [94.73226972700007, 16.524562893000052], [94.69727623800003, 16.508368231000077], [94.68392988400007, 16.51080963700008], [94.67751456881837, 16.530432953971808], [94.67701256600003, 16.53196849200009], [94.67700890803975, 16.531956560081213], [94.67017662900008, 16.50967031500005], [94.6777365167231, 16.46122853403834], [94.68384850400008, 16.42206452000005], [94.68384850400008, 16.364081122000073], [94.67847741000003, 16.348537502000056], [94.66815427810177, 16.33711731269702], [94.65512129000007, 16.322699286000045], [94.64975019600007, 16.30882396000004], [94.64372806100005, 16.28351471600007], [94.63478215765447, 16.270303369360068], [94.62794030000003, 16.260199286000045], [94.6178687849566, 16.252095767887393], [94.60670006600003, 16.243109442000048], [94.58733518079566, 16.237487378416056], [94.58399498800003, 16.23651764500005], [94.58377232110094, 16.23731089584946], [94.58204186300003, 16.243475653000075], [94.58205474011751, 16.243494820093943], [94.59253301889981, 16.259091334863943], [94.59262129000007, 16.25922272300005], [94.61500084700003, 16.285549221000053], [94.62062812841067, 16.29678145312286], [94.63550866000003, 16.32648346600007], [94.63545837253453, 16.32663751562202], [94.63435451218992, 16.33001905945386], [94.62973066500007, 16.344183661000045], [94.62210555089511, 16.342760664088836], [94.61817467500003, 16.34202708500004], [94.60670006600003, 16.325995184000078], [94.60243380626342, 16.30833020272182], [94.59888756600003, 16.29364655200004], [94.594258415873, 16.286257715883806], [94.59253991000003, 16.28351471600007], [94.58366946700005, 16.27484772300005], [94.57398522200003, 16.271307684000078], [94.56202233200003, 16.27374909100007], [94.55404707100007, 16.279730536000045], [94.55162224319727, 16.28230883391216], [94.54761803500003, 16.28656647300005], [94.54049742214404, 16.291288564309536], [94.53988691500007, 16.29169342700004], [94.52116946700005, 16.295477606000077], [94.51563561300003, 16.287258205000057], [94.51684669324723, 16.272042067993333], [94.51880944100003, 16.247381903000075], [94.51734459700003, 16.223944403000075], [94.51576564701973, 16.216792687353998], [94.51319420700003, 16.205145575000074], [94.50808612043534, 16.19230814709685], [94.50700931100005, 16.189601955000057], [94.45557701900003, 16.105617580000057], [94.438215759547, 16.08576513393752], [94.42807050900007, 16.074164130000042], [94.42333486084769, 16.071887845504577], [94.39649498800003, 16.058986721000053], [94.37574303500003, 16.05605703300006], [94.36060631600003, 16.049261786000045], [94.36057666917235, 16.04921419504149], [94.35872253032959, 16.046237814372784], [94.35132897200003, 16.034369208000044], [94.34834350230089, 16.010012140001148], [94.34799238400007, 16.007147528000075], [94.34001712300005, 15.996242580000057], [94.32146243600005, 15.989935614000046], [94.31179369196795, 15.989840449440607], [94.30079186300003, 15.989732164000088], [94.28663170700003, 15.99750397300005], [94.28077207717604, 15.99124688784972], [94.26563561300003, 15.975083726000037], [94.2535586685298, 15.969426996144914], [94.25147715928082, 15.968452036332733], [94.25147545700003, 15.968451239000046], [94.25135388208065, 15.968531048382339], [94.23951256600003, 15.976304429000038], [94.21461022200003, 16.014797268000052], [94.21229332747355, 16.021649778328026], [94.20980879000007, 16.028998114000046], [94.20956046075497, 16.035756222601012], [94.20923912900008, 16.04450104400007], [94.21509850400008, 16.15766022300005], [94.22270116266922, 16.196327508827906], [94.23780358200003, 16.273138739000046], [94.23536217500003, 16.34837474200009], [94.23672907487904, 16.35444538553666], [94.23812910200007, 16.360663153000075], [94.23895956953024, 16.36190885406341], [94.24170983200003, 16.366034247000073], [94.25255960745679, 16.377811964084614], [94.25407962300005, 16.379461981000077], [94.25863691500007, 16.38735586100006], [94.27312259200005, 16.466498114000046], [94.27112347888878, 16.491893628649546], [94.26832116000003, 16.527492580000057], [94.27029032948835, 16.53186480392516], [94.27312259200005, 16.53815338700008], [94.2784925257393, 16.536583050964705], [94.30860436300003, 16.527777411000045], [94.33100074209825, 16.528629446993428], [94.33106530000003, 16.528631903000075], [94.3331433527209, 16.532639575887455], [94.34131920700003, 16.54840729400007], [94.34896894600007, 16.57811107000009], [94.34888732589421, 16.578533574070565], [94.34620201900003, 16.59243398600006], [94.32764733200003, 16.60024648600006], [94.32764733200003, 16.606340227925543], [94.32764733200003, 16.60643138200004], [94.33664461772153, 16.610915029422678], [94.35206139400003, 16.61859772300005], [94.36156137313567, 16.63475547418704], [94.36198978000004, 16.63548411700009], [94.36231530000003, 16.68585846600007], [94.36443118600005, 16.701117255000042], [94.36498402201792, 16.702858688428545], [94.37338300900007, 16.729315497000073], [94.37549807665401, 16.740785673469006], [94.37549889400003, 16.740790106000077], [94.37551412202191, 16.740843553368748], [94.37964928500003, 16.75535716400009], [94.38811670629941, 16.764557695298468], [94.39844811300003, 16.775783596000053], [94.39930786732718, 16.7783215245431], [94.40267988400007, 16.788275458000044], [94.40064537900008, 16.830633856000077], [94.39691459926787, 16.84500832960785], [94.39649498800003, 16.846625067000048], [94.38347415500004, 16.872015692000048], [94.37891686300003, 16.88694896000004], [94.38233483200003, 16.901271877000056], [94.39063561300003, 16.906642971000053], [94.40064537900008, 16.904445705000057], [94.41121748571288, 16.900921669742914], [94.41187584700003, 16.90070221600007], [94.41262026543765, 16.900739704668066], [94.42310533712467, 16.901267729434142], [94.42318769600007, 16.901271877000056], [94.43531334700003, 16.91014232000009], [94.4353174581369, 16.91014784896672], [94.45024664376467, 16.93022574272548], [94.46469160200007, 16.949652411000045], [94.44458950258476, 16.949652411000045]]]}}, {"type": "Feature", "properties": {"name": "Bawlake", "division": "Karenni States"}, "geometry": {"type": "Polygon", "coordinates": [[[97.1015, 19.064424405059995], [97.069, 19.084743925282766], [97.0515, 19.119706564129412], [97.064, 19.144270481916344], [97.1015, 19.157023382394463], [97.1965, 19.164580191504147], [97.239, 19.169303021312523], [97.239, 19.20424775396387], [97.229, 19.23446424046943], [97.239, 19.2542907890932], [97.291, 19.26420316497232], [97.361, 19.299599613310875], [97.376, 19.249570399539515], [97.391, 19.194331759285323], [97.3335, 19.169303021312523], [97.366, 19.12679268453845], [97.3635, 19.084743925282766], [97.3485, 19.037012735079077], [97.366, 19.004396405753262], [97.34100000000001, 18.962316623610697], [97.311, 18.892317748615245], [97.301, 18.86487776655727], [97.069, 18.862038891300937], [97.0665, 18.897048325683688], [97.019, 18.91975323403686], [97.0115, 18.972246519117903], [97.0065, 19.042211848025914], [97.1015, 19.064424405059995]]]}}, {"type": "Feature", "properties": {"name": "Bhamo", "division": "Sagaing Division"}, "geometry": {"type": "Polygon", "coordinates": [[[96.861, 23.90585454385083], [96.8575, 23.91408219493347], [96.856, 23.918195824029354], [96.856, 23.919109946040763], [96.852, 23.93464903037909], [96.844, 23.96572158706659], [96.836, 23.997700220015265], [96.7875, 24.017340299266838], [96.73, 24.02830089985611], [96.66499999999999, 24.118690160717602], [96.6545, 24.13922428361371], [96.629, 24.18940492016198], [96.61, 24.227255430296], [96.5935, 24.266006342475194], [96.59, 24.307479521514477], [96.6405, 24.354405336364024], [96.6565, 24.4172495533428], [96.6455, 24.43272811114627], [96.631, 24.439556282841313], [96.631, 24.46868565970454], [96.631, 24.481427643731724], [96.631, 24.485523007487558], [96.631, 24.49780829883124], [96.631, 24.506452784395588], [96.631, 24.51054733322285], [96.627, 24.514641748639235], [96.631, 24.5187360306282], [96.627, 24.522830179173173], [96.627, 24.526924194257607], [96.627, 24.53966027640714], [96.623, 24.54375374264661], [96.61449999999999, 24.54375374264661], [96.6105, 24.547847075340965], [96.61449999999999, 24.5519402744737], [96.61449999999999, 24.556033340028254], [96.623, 24.564673817460495], [96.63550000000001, 24.564673817460495], [96.63550000000001, 24.572858983559083], [96.6435, 24.581043615007232], [96.6435, 24.58968236802683], [96.6435, 24.593774200915167], [96.648, 24.597865900056544], [96.6435, 24.60195746543446], [96.6435, 24.60604889703239], [96.648, 24.60604889703239], [96.6645, 24.622867821066894], [96.673, 24.622867821066894], [96.6895, 24.639684482631278], [96.6895, 24.64377467970393], [96.6855, 24.64786474282826], [96.6855, 24.656044467166055], [96.6895, 24.66058852687227], [96.6855, 24.6646780391472], [96.6895, 24.668767417389716], [96.681, 24.67694577171172], [96.681, 24.681034747758364], [96.67699999999999, 24.685577897200517], [96.673, 24.685577897200517], [96.673, 24.689666590131765], [96.67699999999999, 24.693755148930215], [96.681, 24.69784357357941], [96.681, 24.70647425166993], [96.681, 24.718737870576525], [96.6855, 24.72282547506822], [96.681, 24.72691294529405], [96.681, 24.731454421386005], [96.681, 24.735541608107745], [96.681, 24.743715578584236], [96.67699999999999, 24.747802362306196], [96.681, 24.75188901166213], [96.6855, 24.756429575559014], [96.7035, 24.755067423811226], [96.7345, 24.74280738617821], [96.7835, 24.70147761619077], [96.8435, 24.684214969752308], [96.907, 24.691483743936118], [96.9195, 24.63650312564566], [96.988, 24.606503492284535], [97.0745, 24.58649973887941], [97.048, 24.64922806743391], [97.1905, 24.71646692118213], [97.248, 24.771412259047196], [97.2795, 24.821341476860223], [97.3155, 24.83903882531317], [97.383, 24.83132490746762], [97.4445, 24.824064310470913], [97.488, 24.844029927770993], [97.5215, 24.846752262452235], [97.5825, 24.82361050902552], [97.62950000000001, 24.81589563009672], [97.664, 24.82996357795578], [97.6425, 24.81680328784703], [97.62303845430978, 24.801431116854562], [97.60399540200012, 24.78644683900002], [97.58192216039102, 24.77297913293483], [97.5361959230001, 24.745079853999997], [97.53609257000005, 24.745028178000084], [97.53506595417699, 24.738291012514804], [97.53278527800006, 24.723324077000072], [97.53719642782694, 24.627243729192987], [97.53857303900003, 24.597259420000015], [97.52600883290353, 24.528300854262934], [97.51387170400005, 24.46168629900008], [97.51325158700007, 24.438586935000004], [97.51955611200009, 24.430783793999993], [97.57449823370493, 24.43832521189629], [97.60068811000014, 24.44192006400003], [97.62356397586066, 24.442269695112298], [97.62435591600007, 24.442281799000014], [97.6272376490568, 24.44172466415306], [97.6398588460001, 24.439284567000087], [97.64218807227886, 24.437109004613735], [97.6473002520001, 24.432334086000097], [97.65226119000005, 24.422722270000108], [97.6554651290001, 24.412076925000108], [97.65732548000011, 24.402000020000074], [97.66069049436223, 24.394379254038856], [97.66259647700014, 24.390062765000025], [97.68099328600005, 24.377763774000087], [97.68457128805473, 24.372862919522877], [97.68833134000005, 24.36771270800004], [97.68922885286776, 24.35234279525617], [97.68957157400007, 24.346473694000068], [97.68143739498232, 24.34347833741347], [97.67427535100012, 24.340840963000048], [97.66657905537178, 24.34005209263672], [97.65360477700011, 24.338722229000084], [97.63820520100012, 24.328102721999997], [97.64427908284289, 24.303334226540198], [97.64450972500003, 24.302393698000103], [97.71840702300011, 24.277666523999997], [97.72138104951084, 24.258754420745213], [97.72409143100003, 24.241518860000056], [97.72399927646428, 24.241394280729107], [97.7237737279458, 24.241089372568418], [97.71851037600004, 24.233974101000015], [97.71117232300003, 24.228470561000037], [97.70466109300008, 24.221726786000076], [97.70156050600013, 24.210926412000063], [97.70451288819902, 24.199422305313135], [97.70455774000004, 24.19924753800008], [97.71028994100512, 24.19208228694617], [97.71871708200007, 24.181548361000083], [97.72305790200005, 24.171264751000066], [97.72006066900008, 24.1474419150001], [97.70765832500007, 24.12529856400009], [97.7075821777626, 24.12522589483873], [97.52533088753998, 23.951299054452832], [97.51650156953288, 23.942873021463647], [97.51645552600013, 23.942829081000113], [97.53029298185578, 23.926829523137616], [97.53299198400003, 23.92370880200012], [97.54619378240326, 23.91833697617566], [97.5726794840001, 23.907559916000125], [97.57507966148448, 23.905984799532042], [97.60988651500003, 23.88314280200008], [97.60997775785222, 23.883011851617784], [97.61546757000013, 23.875132955000097], [97.61676819584982, 23.87232550607419], [97.61970503700007, 23.865986226000032], [97.62459253565025, 23.846996260426447], [97.62466597500003, 23.846710918], [97.6339054544062, 23.85926121066143], [97.63706831900004, 23.86355743500006], [97.64734483089916, 23.86852441546938], [97.65500405541277, 23.872226373400395], [97.64750000000001, 23.868366396711902], [97.65, 23.851447458007446], [97.641, 23.83315422840194], [97.6345, 23.82583621395874], [97.617, 23.817145535696998], [97.587, 23.806167005099336], [97.485, 23.789239952104694], [97.47149999999999, 23.78512222741539], [97.4205, 23.75034513048124], [97.397, 23.747599174369046], [97.385, 23.74897215966311], [97.381, 23.75034513048124], [97.3775, 23.749887475150338], [97.3685, 23.744395485724528], [97.3435, 23.72059418935516], [97.3345, 23.72471395553858], [97.3305, 23.72471395553858], [97.325, 23.723798463191983], [97.319, 23.718763140380137], [97.3155, 23.715100965301275], [97.3135, 23.71098089542615], [97.312, 23.70777630667058], [97.3095, 23.705029453662068], [97.3055, 23.704113823142915], [97.289, 23.70777630667058], [97.2835, 23.70777630667058], [97.267, 23.705487266512396], [97.26, 23.703198186199252], [97.2535, 23.70045123682314], [97.24549999999999, 23.69449931484832], [97.233, 23.683052548420658], [97.2305, 23.681220972690276], [97.227, 23.67984727404048], [97.22149999999999, 23.67847356094679], [97.214, 23.6775577441936], [97.184, 23.67847356094679], [97.1735, 23.675726091430334], [97.0975, 23.645500115193336], [97.0615, 23.64595813664826], [97.0415, 23.644584067474224], [97.033, 23.645042092135316], [97.0195, 23.646874174748707], [97.013, 23.649622250573113], [97.0095, 23.65282826608371], [97.0065, 23.65740815194381], [97.0035, 23.667483336294197], [97.003, 23.67389441299246], [96.895, 23.64137784996228], [96.861, 23.68671562283795], [96.8335, 23.736614770959363], [96.83, 23.787867391701973], [96.855, 23.84641707718734], [96.8685, 23.888940505336564], [96.861, 23.90585454385083]]]}}, {"type": "Feature", "properties": {"name": "Chin Hills", "division": "Magwe Division"}, "geometry": {"type": "Polygon", "coordinates": [[[93.17708215400012, 23.058438619000114], [93.17886472964862, 23.058016679583112], [93.19651249200007, 23.053839417000077], [93.21211877500014, 23.03988678000006], [93.2145, 23.03642942440323], [93.2170138591839, 23.032779494170025], [93.2185, 23.030621731981007], [93.22555464700008, 23.020378927000067], [93.23855484037841, 23.010532721610286], [93.24207395867721, 23.007867379599404], [93.24402364347917, 23.006390709487913], [93.24653527900006, 23.00448842400006], [93.27278690600008, 23.005909526000053], [93.27382774932036, 23.006390709487913], [93.29883182800006, 23.01795013400003], [93.31826216700006, 23.033659770000085], [93.33335168500008, 23.05228912300005], [93.3395, 23.06374838938963], [93.3402407402592, 23.06512898552953], [93.3456711297636, 23.075250178072654], [93.37403000747392, 23.128105624515513], [93.37489953600004, 23.129726257000087], [93.37520761859165, 23.14207521806671], [93.37520959500006, 23.142154439000066], [93.37303918400005, 23.15422088700005], [93.37299708907834, 23.156339668708945], [93.37272912600008, 23.169827169000072], [93.373, 23.172093134028913], [93.37367313658717, 23.177724180074563], [93.377, 23.205554670085878], [93.37768517980045, 23.211286462235478], [93.38079065000005, 23.237264913000004], [93.3805057070302, 23.240036322214426], [93.37644982900008, 23.279484559000068], [93.37789676900007, 23.29682200100008], [93.38420129400009, 23.313125916000033], [93.40373498600007, 23.338757426000072], [93.40724898300004, 23.34725819900008], [93.4077657470001, 23.35637908900007], [93.4059053960001, 23.367670390000043], [93.3998075770001, 23.426090597000027], [93.40022098800011, 23.454021709000088], [93.41043567614089, 23.51544942741967], [93.43236372900009, 23.647317404000106], [93.43234761183741, 23.64757487570044], [93.43029667200011, 23.6803386430001], [93.42595585100014, 23.69080312100003], [93.41231327300011, 23.708709005000102], [93.4063188070001, 23.719121806000132], [93.37501525982302, 23.738878962833017], [93.37479618400005, 23.739017232000023], [93.37433408273216, 23.74226565939129], [93.35825972500004, 23.85526336700012], [93.3591899010001, 23.89094594300012], [93.35598596200003, 23.906991475000083], [93.35185184800008, 23.913916117000056], [93.34596073400007, 23.918696188000055], [93.33767309230805, 23.92831394479325], [93.33758915200013, 23.928411357000087], [93.31609175600005, 23.961096700000084], [93.30813358600011, 23.977503968000022], [93.30296594200013, 23.995280660000063], [93.30110559100012, 24.016571350000035], [93.30255946900013, 24.035774655000083], [93.30296594200013, 24.041143494000025], [93.30968387900003, 24.063984477000034], [93.32218957500004, 24.080055846999997], [93.34854455600009, 24.088892517000104], [93.36828495300006, 24.078479716000075], [93.39650028500012, 24.03752614400004], [93.40652551300013, 24.025847270000057], [93.4391850180001, 23.995228984000036], [93.44559289600005, 23.98161224400006], [93.44900354000009, 23.968925679999998], [93.44901037556225, 23.96891766668897], [93.45665165200006, 23.959959819000076], [93.47484175700009, 23.957505189000088], [93.49571903500009, 23.959132996000037], [93.4965562651441, 23.95957038614428], [93.52682824700014, 23.97538523300007], [93.54346805900013, 23.980888774000064], [93.54997928900013, 23.978020732000076], [93.5538335314342, 23.972881741844162], [93.55525028500006, 23.97099273700006], [93.5613481040001, 23.965695903000025], [93.57106327400004, 23.968021343000046], [93.57695438700006, 23.97300811800001], [93.58162257958534, 23.979339974376206], [93.58181197200008, 23.979596862999998], [93.58563602700008, 23.98729665100008], [93.58801314300007, 23.995228984000036], [93.61240441900009, 24.00905243000001], [93.66000732663647, 24.011202237588186], [93.66046350100004, 24.011222839000098], [93.66280283547947, 24.010956680037285], [93.71110640500012, 24.005460917000036], [93.74202309172304, 23.995605597877688], [93.74304244000007, 23.995280660000063], [93.78283329300007, 23.94546457900013], [93.80324721600694, 23.93626820856255], [93.80371057200006, 23.936059469000057], [93.88318892500007, 23.94530955000009], [93.91233443200008, 23.93900502500007], [93.92186602626025, 23.93558342730308], [93.94054976400014, 23.928876445000114], [93.97506962100005, 23.920918274000044], [93.99629604204009, 23.917244470412157], [93.99791060400014, 23.916965027000074], [94.05506473800006, 23.887948710000003], [94.07108443200008, 23.876114808000082], [94.08534712700009, 23.857511292000126], [94.08538988779945, 23.85746699304357], [94.09971317600008, 23.842628479000084], [94.11686975100014, 23.84164662700003], [94.12221579051094, 23.84711249155215], [94.1345, 23.843673150816166], [94.14, 23.778259063088484], [94.1455, 23.76041314076699], [94.164, 23.721051947581532], [94.17, 23.69495716463468], [94.157, 23.600606239673407], [94.151, 23.57311260430994], [94.1425, 23.49930957693168], [94.142, 23.497475434408663], [94.1395, 23.491514294921153], [94.13550000000001, 23.485552885857437], [94.128, 23.47867400202982], [94.1235, 23.475922348043387], [94.114, 23.476380961027054], [94.0995, 23.480967003171124], [94.06700000000001, 23.500226638620106], [94.066, 23.500226638620106], [94.06, 23.501602219185855], [94.0535, 23.500685167070962], [94.0505, 23.49930957693168], [94.0445, 23.490597172610265], [94.0445, 23.46124589089782], [94.0515, 23.43693441965088], [94.054, 23.423171226886], [94.049, 23.3479071380667], [94.0445, 23.339643842919877], [94.0355, 23.335512002491367], [94.01050000000001, 23.337348391886152], [94.0005, 23.33046180073305], [94.01050000000001, 23.29510501436261], [94.0115, 23.278112046547474], [93.9995, 23.23079588152407], [93.998, 23.220227843391246], [94.0015, 23.166915433140428], [94.0195, 23.071727622125746], [94.02, 23.05194584594519], [94.0185, 22.95161215677049], [94.051, 22.874239966764893], [94.051, 22.816642749877392], [94.0305, 22.777462719832815], [94.0355, 22.68153945111487], [94.0365, 22.60632186197888], [94.0465, 22.533834121871177], [94.054, 22.45391501253482], [94.047, 22.36007832809433], [94.0675, 22.298102197051584], [94.0675, 22.195364823446216], [94.064, 22.02489588120263], [94.045, 21.85839806052886], [94.022, 21.756269867167802], [93.9525, 21.746053044732033], [93.8575, 21.740944360967806], [93.73, 21.740944360967806], [93.6325, 21.740944360967806], [93.5805, 21.78738025582812], [93.5875, 21.801308093002675], [93.58500000000001, 21.85886211319124], [93.555, 21.923814592666343], [93.575, 21.980855542677247], [93.5725, 22.06614230492772], [93.5605, 22.137484086588398], [93.5605, 22.14396791341431], [93.556, 22.14396791341431], [93.55199999999999, 22.14813593013725], [93.548, 22.14813593013725], [93.5435, 22.14396791341431], [93.5395, 22.14396791341431], [93.5355, 22.14813593013725], [93.531, 22.14813593013725], [93.531, 22.14396791341431], [93.527, 22.139799773297856], [93.527, 22.13563150980625], [93.523, 22.131463122957946], [93.5185, 22.131463122957946], [93.51050000000001, 22.131463122957946], [93.498, 22.14396791341431], [93.4935, 22.14396791341431], [93.48949999999999, 22.139799773297856], [93.4855, 22.139799773297856], [93.481, 22.14396791341431], [93.477, 22.14396791341431], [93.4685, 22.152303823448232], [93.4645, 22.14813593013725], [93.4605, 22.14396791341431], [93.452, 22.14396791341431], [93.44800000000001, 22.139799773297856], [93.4435, 22.139799773297856], [93.4435, 22.127294612771326], [93.4355, 22.11895722245683], [93.431, 22.11895722245683], [93.42699999999999, 22.123125979264813], [93.42699999999999, 22.127294612771326], [93.42699999999999, 22.131463122957946], [93.423, 22.13563150980625], [93.423, 22.139799773297856], [93.42699999999999, 22.14396791341431], [93.42699999999999, 22.14813593013725], [93.423, 22.152303823448232], [93.42699999999999, 22.1564715933289], [93.423, 22.1606392397608], [93.42699999999999, 22.16480676272559], [93.42699999999999, 22.168974162204865], [93.4185, 22.17730859063329], [93.4185, 22.18564252489904], [93.4145, 22.18980930667495], [93.4105, 22.18980930667495], [93.402, 22.198142499421024], [93.3935, 22.206475197636983], [93.3895, 22.206475197636983], [93.38550000000001, 22.210641361250275], [93.3895, 22.21480740117594], [93.3895, 22.223139109891036], [93.38550000000001, 22.227304778643784], [93.377, 22.227304778643784], [93.3685, 22.227304778643784], [93.3605, 22.218973317395633], [93.3605, 22.21480740117594], [93.356, 22.210641361250275], [93.356, 22.206475197636983], [93.3605, 22.202308910354464], [93.3605, 22.193975964855078], [93.356, 22.18980930667495], [93.352, 22.18564252489904], [93.356, 22.181475619545694], [93.356, 22.17730859063329], [93.352, 22.17314143818022], [93.356, 22.168974162204865], [93.352, 22.16480676272559], [93.352, 22.1606392397608], [93.348, 22.1564715933289], [93.3435, 22.152303823448232], [93.3435, 22.14396791341431], [93.3395, 22.139799773297856], [93.3395, 22.131463122957946], [93.348, 22.123125979264813], [93.3395, 22.11478834236578], [93.331, 22.11478834236578], [93.331, 22.110619339010135], [93.327, 22.106450212408287], [93.3185, 22.11478834236578], [93.3145, 22.11478834236578], [93.3105, 22.110619339010135], [93.3105, 22.106450212408287], [93.306, 22.10228096257866], [93.30199999999999, 22.106450212408287], [93.2935, 22.106450212408287], [93.2895, 22.110619339010135], [93.2855, 22.106450212408287], [93.277, 22.098111589539712], [93.281, 22.09394209330988], [93.277, 22.089772473907587], [93.2685, 22.089772473907587], [93.2645, 22.09394209330988], [93.26050000000001, 22.089772473907587], [93.256, 22.089772473907587], [93.252, 22.085602731351287], [93.248, 22.089772473907587], [93.23949999999999, 22.089772473907587], [93.2355, 22.09394209330988], [93.2355, 22.10228096257866], [93.227, 22.110619339010135], [93.227, 22.11895722245683], [93.231, 22.123125979264813], [93.231, 22.131463122957946], [93.227, 22.13563150980625], [93.227, 22.14396791341431], [93.223, 22.14813593013725], [93.2145, 22.14813593013725], [93.2105, 22.152303823448232], [93.206, 22.152303823448232], [93.19800000000001, 22.1606392397608], [93.1935, 22.16480676272559], [93.1895, 22.16480676272559], [93.1855, 22.168974162204865], [93.1855, 22.17730859063329], [93.181, 22.181475619545694], [93.17699999999999, 22.18564252489904], [93.173, 22.18980930667495], [93.1685, 22.18564252489904], [93.1605, 22.18564252489904], [93.156, 22.18980930667495], [93.1605, 22.193975964855078], [93.1605, 22.198142499421024], [93.156, 22.202308910354464], [93.156, 22.206475197636983], [93.152, 22.210641361250275], [93.152, 22.223139109891036], [93.148, 22.227304778643784], [93.1395, 22.235635744847926], [93.1405, 22.236098561785578], [93.14525176337152, 22.23829771477995], [93.15145064300003, 22.24096913700002], [93.16126916500008, 22.24251943000003], [93.16133077742046, 22.242554343706235], [93.16405405602248, 22.244097534972607], [93.16872239906681, 22.24674292946479], [93.16902063000003, 22.246911927000028], [93.17029436628056, 22.250336862094713], [93.17367150900009, 22.259417623000033], [93.17393674250168, 22.263683456043477], [93.17429162700006, 22.26939117400012], [93.17168691712024, 22.305857108272946], [93.16626869252958, 22.381712244128288], [93.16592004400007, 22.38659332300007], [93.15421582536986, 22.425217243347383], [93.15351770000012, 22.427521056999993], [93.15351503428852, 22.427523699531537], [93.12693020706747, 22.4538773547829], [93.11796115390187, 22.462768416330604], [93.11786096200012, 22.46286773700008], [93.11616224469036, 22.46619085274112], [93.10959273300006, 22.479042460000088], [93.09915409300004, 22.511960347000027], [93.09822391800009, 22.535266419000052], [93.100486892011, 22.54348855756575], [93.10114312195509, 22.54587285959719], [93.10907596900012, 22.57469553600008], [93.11052290900011, 22.596347962000053], [93.10784917644058, 22.60493562808819], [93.10442509000006, 22.61593332900007], [93.10125919446429, 22.621117845929756], [93.09612936650616, 22.62951852737828], [93.08189416500005, 22.652830302000027], [93.07393599400007, 22.671898905000077], [93.07083540900004, 22.69287953700008], [93.07951704900012, 22.772719626000068], [93.09643749040987, 22.78674017999102], [93.11238326000012, 22.799953105000085], [93.11589725800007, 22.79840281200005], [93.12530236800012, 22.821553854000044], [93.16106246000004, 22.86098297200006], [93.17553186100008, 22.881705220000086], [93.17739221200009, 22.900205384000017], [93.17108768700007, 22.92043670700012], [93.15114058400007, 22.95622263600005], [93.14342749964584, 22.976857642280343], [93.14333590162592, 22.9771026967397], [93.14318241400008, 22.97751332600002], [93.13822147700006, 23.005263570000054], [93.14008182800006, 23.031902771000105], [93.1513706493898, 23.0484565468688], [93.15238081900009, 23.049937846000105], [93.17708215400012, 23.058438619000114]]]}}, {"type": "Feature", "properties": {"name": "Hanthawaddy", "division": "Pegu Division"}, "geometry": {"type": "MultiPolygon", "coordinates": [[[[95.93491476314762, 16.824031435099965], [95.969, 16.71404278303819], [95.939, 16.786339342571388], [95.93491476314762, 16.824031435099965]]], [[[95.969, 16.71404278303819], [95.9285, 16.84473104634099], [95.931, 16.86052243093601], [95.9265, 16.901669536054087], [95.9315, 16.998760204054474], [95.89150000000001, 17.111570874166297], [95.7745, 17.317894436866702], [95.904, 17.521125798199037], [95.9865, 17.613601972469823], [95.959, 17.648387455816174], [96.0265, 17.698409587060052], [96.1105, 17.813645574079494], [96.128, 17.753655932604307], [96.168, 17.656010774205132], [96.2205, 17.565939742340966], [96.27799999999999, 17.511112658911276], [96.328, 17.44386729484773], [96.3555, 17.366098835132295], [96.383, 17.29402619058507], [96.3555, 17.20377627955645], [96.37049999999999, 17.174638591507033], [96.4205, 17.07620537293832], [96.4826128630497, 16.979755951686], [96.5305, 16.969112217066712], [96.563, 16.93132816052281], [96.6155, 16.926544827290112], [96.643, 16.904061533664347], [96.695, 16.88923065942313], [96.7475, 16.87631249658946], [96.80799999999999, 16.901191132890656], [96.80962428308477, 16.900385275312654], [96.82154381600003, 16.894354559000078], [96.82715257646296, 16.890353405276915], [96.83432050900007, 16.885239976000037], [96.84366725177854, 16.874322352277016], [96.84400475400008, 16.873928127000056], [96.84418953494091, 16.873412280150163], [96.84888756600003, 16.860296942000048], [96.84817835513117, 16.855332466886328], [96.84669030000003, 16.844916083000044], [96.84305738795216, 16.83927708489969], [96.83187910200007, 16.821926174000055], [96.82869619382052, 16.810325309579945], [96.82569420700003, 16.799383856000077], [96.81920232458457, 16.783759325463755], [96.8113110336305, 16.764766726924215], [96.81128991000003, 16.76471588700008], [96.79645757973721, 16.76236540845559], [96.79639733200003, 16.76235586100006], [96.78939863400007, 16.75608958500004], [96.79086347700007, 16.74746328300006], [96.8009590283811, 16.73744849680817], [96.80103600400008, 16.73737213700008], [96.78321373800003, 16.71234772300005], [96.78305727498415, 16.712208023881345], [96.78148664762952, 16.71080567805526], [96.76612389400003, 16.697088934000078], [96.74375603450149, 16.68156699540009], [96.72584069100003, 16.669134833000044], [96.71631920700003, 16.658351955000057], [96.69841556100005, 16.62995026200008], [96.67947338500005, 16.57486789400008], [96.64673078291128, 16.55038580498186], [96.64002680300007, 16.545373148000067], [96.61594293000007, 16.518004835000056], [96.55897956600006, 16.49689671300007], [96.53253153738562, 16.491417943486525], [96.49762682200003, 16.48418735200005], [96.44395250154955, 16.478572952072888], [96.43626064100005, 16.47776837400005], [96.40015709700003, 16.504055080000057], [96.39019438890772, 16.50581527602525], [96.37712649800005, 16.50812409100007], [96.35768417517161, 16.518200904240683], [96.35710696700005, 16.518500067000048], [96.35707969440668, 16.518519655779517], [96.35343934296479, 16.521134370141098], [96.28980553500003, 16.566839911000045], [96.27312259200005, 16.582098700000074], [96.27303837283827, 16.58227192351478], [96.2659970944957, 16.596754553793893], [96.26596113400007, 16.596828518000052], [96.26498904167701, 16.621657363517755], [96.26498457100007, 16.62177155200004], [96.26156660200007, 16.640692450000074], [96.25562584700003, 16.65729401200008], [96.23552493600005, 16.697821356000077], [96.23467176021282, 16.700668968773865], [96.2292874165033, 16.718640090499402], [96.22925866000003, 16.71873607000009], [96.22641035200007, 16.739406643000052], [96.22575931100005, 16.76129791900007], [96.23454837300005, 16.77692291900007], [96.27491295700003, 16.802679755000042], [96.28711998800003, 16.81313711100006], [96.25757897200003, 16.81590403900009], [96.20655358200003, 16.777492580000057], [96.17115319100003, 16.771551825000074], [96.17693118600005, 16.762274481000077], [96.19410241000003, 16.74315013200004], [96.19776451900003, 16.734035549000055], [96.20460045700003, 16.696478583000044], [96.204625855123, 16.696436857511586], [96.21140023582305, 16.685307517601313], [96.21485436300003, 16.679632880000042], [96.24089603000004, 16.650132554000038], [96.24371811695227, 16.639924535823393], [96.24610436300003, 16.631293036000045], [96.24522468580344, 16.626721856736996], [96.24382571700005, 16.61945221600007], [96.24188463150826, 16.615337114589554], [96.23365319100003, 16.59788646000004], [96.23242833454536, 16.59024568731532], [96.23194420700003, 16.587225653000075], [96.23257464248005, 16.584675254996583], [96.23462975400008, 16.57636139500005], [96.23569719758056, 16.574404415102492], [96.24634850400008, 16.55487702000005], [96.29444420700003, 16.491522528000075], [96.30186879331674, 16.47872285052801], [96.31006920700003, 16.464585679000038], [96.32526587838042, 16.454765188914813], [96.32732181100005, 16.45343659100007], [96.33643639400003, 16.43943919500009], [96.3213886306695, 16.415411315115858], [96.32129967500003, 16.415269273000092], [96.30469811300003, 16.406398830000057], [96.29352825856843, 16.383089845208826], [96.2853445783695, 16.36601233730923], [96.28533551400005, 16.365993422000088], [96.22181790800005, 16.34478726900005], [96.19782957483271, 16.339755555663356], [96.16423587300005, 16.33270905200004], [96.14405358200003, 16.32489655200004], [96.13506518067143, 16.323773001878806], [96.11898847700007, 16.32176341400009], [96.09766686300003, 16.328558661000045], [96.09765206515884, 16.328593145255617], [96.08855228000004, 16.34979889500005], [96.08151634774656, 16.356757791699327], [96.07740829313843, 16.360820867724374], [96.0775, 16.360786788088685], [95.997, 16.39724464539503], [95.98349999999999, 16.402041224064813], [95.9515, 16.401561571516122], [95.9065, 16.413552530576297], [95.8935, 16.415471015442293], [95.8775, 16.4207467512357], [95.87049999999999, 16.433216103032148], [95.8685, 16.448082361032654], [95.8685, 16.45959094007843], [95.8635, 16.464865477265047], [95.851, 16.470619354166555], [95.8395, 16.480208769347172], [95.8345, 16.496989103322857], [95.8425, 16.506577212264755], [95.8755, 16.524793309172786], [95.883, 16.53485936259498], [95.883, 16.579910496686853], [95.8885, 16.610098441888407], [95.89, 16.61393149246577], [95.969, 16.71404278303819]]]]}}, {"type": "Feature", "properties": {"name": "Henzada", "division": "Irrawaddy Division"}, "geometry": {"type": "Polygon", "coordinates": [[[95.2925, 17.462946518150513], [95.21000000000001, 17.447683299293537], [95.1325, 17.44052822544523], [95.0625, 17.44052822544523], [95.0275, 17.48011611049459], [94.9575, 17.537813135928875], [94.8805, 17.59501519798337], [94.873, 17.680307946453176], [94.873, 17.760322442828517], [94.8955, 17.827449859713255], [94.873, 17.922622669381184], [94.8355, 17.947359238713165], [94.813, 18.022499115711106], [94.84049999999999, 18.062433857890657], [94.883, 18.112339521347266], [94.893, 18.182183562956162], [94.8805, 18.277164566013575], [94.8655, 18.36212849560195], [94.9015, 18.400562133383374], [94.9315, 18.42048731155359], [94.9935, 18.43803853296294], [95.0735, 18.410525010774094], [95.1135, 18.400562133383374], [95.196, 18.43329513628794], [95.1915, 18.431397740967224], [95.1925, 18.429974680734396], [95.201, 18.41005060111417], [95.20400000000001, 18.385379497768728], [95.21000000000001, 18.363077577435842], [95.224, 18.34836622272976], [95.242, 18.339348966654253], [95.2595, 18.333653615152592], [95.2875, 18.319889074596258], [95.3115, 18.299952281696456], [95.3555, 18.25152480758111], [95.361, 18.246776288736783], [95.377, 18.236329090598545], [95.383, 18.230630354306562], [95.388, 18.219707254608846], [95.395, 18.19548402357219], [95.4, 18.18598379807245], [95.40350000000001, 18.176483055060757], [95.40299999999999, 18.15462938344387], [95.4065, 18.14512693429667], [95.4125, 18.135623968640154], [95.4505, 18.032959091065408], [95.4545, 17.996346459700142], [95.445, 17.956872383112035], [95.44, 17.949261908531764], [95.4285, 17.938321277622926], [95.424, 17.929282854977767], [95.424, 17.921195454172405], [95.4335, 17.875994363379217], [95.44, 17.866476877518668], [95.4545, 17.850295982050447], [95.459, 17.839825206558267], [95.458, 17.829353815195397], [95.522, 17.78270105252987], [95.497, 17.77032174231959], [95.522, 17.755084491419797], [95.547, 17.745084340252816], [95.582, 17.720319657759312], [95.5995, 17.69507521137965], [95.642, 17.637904866129684], [95.687, 17.592632139840745], [95.6795, 17.55783591384774], [95.6995, 17.527800917504425], [95.7445, 17.582622952490684], [95.84700000000001, 17.41810717670997], [95.7745, 17.317894436866702], [95.712, 17.325531621154663], [95.6445, 17.33269119302398], [95.5845, 17.36800765938855], [95.4945, 17.39806901661757], [95.4545, 17.422877843269536], [95.387, 17.457699930882907], [95.334, 17.460561724489327], [95.2925, 17.462946518150513]]]}}, {"type": "Feature", "properties": {"name": "Hopong", "division": "Federated Shan States"}, "geometry": {"type": "Polygon", "coordinates": [[[97.29599999999999, 20.968402005459406], [97.321, 20.89601671847586], [97.3935, 20.84883072900609], [97.411, 20.80630394086982], [97.406, 20.75394681047053], [97.4, 20.735711050527748], [97.336, 20.793216360622587], [97.2085, 20.68800713901616], [97.201, 20.74319265387292], [97.191, 20.77685528887836], [97.181, 20.8165862428131], [97.1675, 20.85911012740088], [97.1735, 20.899286485309425], [97.18, 20.956729325885636], [97.301, 20.991744630392468], [97.29599999999999, 20.968402005459406]]]}}, {"type": "Feature", "properties": {"name": "Hsa Mong", "division": "Federated Shan States"}, "geometry": {"type": "Polygon", "coordinates": [[[96.619, 20.763765155047352], [96.7315, 20.762362573440505], [96.765, 20.755349470167747], [96.7745, 20.660406849058347], [96.708, 20.60799928863566], [96.7405, 20.585533383418703], [96.7505, 20.499383451641208], [96.743, 20.444578119010046], [96.6755, 20.463317186330006], [96.57300000000001, 20.45816417069961], [96.5655, 20.562596025382028], [96.543, 20.629993944971407], [96.493, 20.669763441620518], [96.453, 20.740854692566085], [96.488, 20.755817020508363], [96.5605, 20.80583654684517], [96.619, 20.763765155047352]]]}}, {"type": "Feature", "properties": {"name": "Hsahtung", "division": "Federated Shan States"}, "geometry": {"type": "Polygon", "coordinates": [[[97.1885, 20.188562113300485], [97.2325, 20.2509639712946], [97.235, 20.322249685981674], [97.251, 20.353192476195964], [97.27850000000001, 20.353192476195964], [97.3085, 20.358349005534794], [97.35, 20.367255332413677], [97.391, 20.368192810612673], [97.4235, 20.446920627420134], [97.4235, 20.505471724416072], [97.4645, 20.51202805528934], [97.502, 20.539655222167436], [97.492, 20.499383451641208], [97.4885, 20.456758772792153], [97.4985, 20.418808170858323], [97.4585, 20.351317331931043], [97.471, 20.258938343384248], [97.46600000000001, 20.186215690795294], [97.4685, 20.131299325575498], [97.4485, 20.066501371452684], [97.46600000000001, 20.001676637275377], [97.366, 19.92883440501354], [97.3285, 19.921783372405127], [97.281, 19.966434596878262], [97.2065, 19.95891527505315], [97.1975, 19.990869916345492], [97.166, 20.02469717710233], [97.13, 20.08105976838111], [97.10849999999999, 20.151015115587718], [97.09100000000001, 20.214839630626656], [97.1885, 20.188562113300485]]]}}, {"type": "Feature", "properties": {"name": "Hsikip", "division": "Federated Shan States"}, "geometry": {"type": "Polygon", "coordinates": [[[96.79599999999999, 20.50453508281236], [96.8005, 20.45910109549349], [96.80799999999999, 20.4024068657234], [96.8125, 20.358817772390932], [96.8075, 20.333033482650333], [96.7235, 20.339597164602857], [96.725, 20.3925652442677], [96.7365, 20.39865775071928], [96.743, 20.444578119010046], [96.7505, 20.499383451641208], [96.79599999999999, 20.50453508281236]]]}}, {"type": "Feature", "properties": {"name": "Hsipaw", "division": "Federated Shan States"}, "geometry": {"type": "MultiPolygon", "coordinates": [[[[97.4235, 22.026749911057458], [97.3785, 22.01701598357751], [97.3415, 22.12914729919115], [97.299, 22.181938615131415], [97.277, 22.223139109891036], [97.2685, 22.223139109891036], [97.26050000000001, 22.21480740117594], [97.256, 22.21480740117594], [97.252, 22.210641361250275], [97.2435, 22.210641361250275], [97.23949999999999, 22.206475197636983], [97.223, 22.206475197636983], [97.2185, 22.202308910354464], [97.2145, 22.206475197636983], [97.2105, 22.206475197636983], [97.1935, 22.206475197636983], [97.1895, 22.210641361250275], [97.181, 22.218973317395633], [97.181, 22.223139109891036], [97.1605, 22.24396621586137], [97.152, 22.24396621586137], [97.1435, 22.25229619153744], [97.13550000000001, 22.25229619153744], [97.131, 22.24813126562573], [97.123, 22.24813126562573], [97.1185, 22.24396621586137], [97.0895, 22.24396621586137], [97.0855, 22.24813126562573], [97.077, 22.24813126562573], [97.07300000000001, 22.25229619153744], [97.0645, 22.25229619153744], [97.0605, 22.25646099357816], [97.056, 22.25646099357816], [97.048, 22.25646099357816], [97.0435, 22.25229619153744], [97.0395, 22.25229619153744], [97.031, 22.24396621586137], [97.006, 22.24396621586137], [96.998, 22.25229619153744], [96.9935, 22.25229619153744], [96.98949999999999, 22.25646099357816], [96.9855, 22.25646099357816], [96.977, 22.264790225973318], [96.973, 22.264790225973318], [96.9685, 22.268954656291136], [96.952, 22.268954656291136], [96.94800000000001, 22.264790225973318], [96.9435, 22.260625671729553], [96.9435, 22.24813126562573], [96.9435, 22.218973317395633], [96.94800000000001, 22.21480740117594], [96.94800000000001, 22.210641361250275], [96.956, 22.202308910354464], [96.956, 22.198142499421024], [96.9645, 22.18980930667495], [96.9645, 22.181475619545694], [96.9685, 22.17730859063329], [96.9685, 22.168974162204865], [96.9685, 22.14813593013725], [96.9685, 22.14396791341431], [96.973, 22.139799773297856], [96.973, 22.13563150980625], [96.973, 22.110619339010135], [96.973, 22.106450212408287], [96.977, 22.10228096257866], [96.977, 22.098111589539712], [96.977, 22.081432865659433], [96.9855, 22.073092764942857], [96.9855, 22.068922529955028], [96.98949999999999, 22.064752171905482], [96.98949999999999, 22.060581690812658], [96.9855, 22.05641108669502], [96.9855, 22.05224035957105], [96.9645, 22.03138487950276], [96.9645, 22.023041827077858], [96.956, 22.014698283219076], [96.956, 22.00218204631615], [96.9605, 21.99800972179193], [96.9645, 21.993837274520278], [96.9645, 21.98549201180873], [96.9645, 21.964626708246318], [96.9605, 21.960453279662055], [96.9605, 21.95627972849712], [96.956, 21.952106054770056], [96.956, 21.943758339703745], [96.952, 21.939584298401606], [96.9145, 21.939584298401606], [96.9105, 21.943758339703745], [96.906, 21.943758339703745], [96.898, 21.952106054770056], [96.8895, 21.960453279662055], [96.88550000000001, 21.960453279662055], [96.8685, 21.960453279662055], [96.86449999999999, 21.95627972849712], [96.848, 21.95627972849712], [96.8435, 21.952106054770056], [96.8355, 21.952106054770056], [96.8145, 21.972973197598684], [96.8105, 21.972973197598684], [96.806, 21.977146258329693], [96.80199999999999, 21.977146258329693], [96.798, 21.981319196405888], [96.7855, 21.981319196405888], [96.773, 21.993837274520278], [96.7645, 21.993837274520278], [96.76050000000001, 21.99800972179193], [96.76050000000001, 22.00218204631615], [96.7575, 22.0049635277968], [96.7535, 22.01608890798328], [96.779, 22.052703779769754], [96.76650000000001, 22.095331939073233], [96.7065, 22.135168361803352], [96.609, 22.162954545540835], [96.54599999999999, 22.139799773297856], [96.5075, 22.210641361250275], [96.47749999999999, 22.260625671729553], [96.4465, 22.30041523362104], [96.45400000000001, 22.352217210022022], [96.43, 22.391056060687703], [96.4005, 22.39845270802631], [96.357, 22.39845270802631], [96.331, 22.393829849548887], [96.327, 22.3979904290955], [96.327, 22.41047142060048], [96.32300000000001, 22.41463150199647], [96.3185, 22.418791458809284], [96.3185, 22.42295129102075], [96.32300000000001, 22.427110998612644], [96.32300000000001, 22.43958937348908], [96.32300000000001, 22.447907666642145], [96.327, 22.452066626134773], [96.327, 22.460384170861364], [96.3355, 22.468701216455287], [96.3355, 22.481175848654637], [96.3395, 22.48533380966404], [96.3355, 22.489491645781374], [96.3355, 22.497806943267168], [96.3185, 22.5144360387355], [96.3145, 22.51859300010031], [96.30199999999999, 22.51859300010031], [96.2935, 22.52690654770035], [96.2895, 22.531063133899348], [96.2895, 22.535219595006847], [96.30199999999999, 22.547688227599263], [96.298, 22.552305953828366], [96.298, 22.57308380896736], [96.2855, 22.585549018902025], [96.281, 22.585549018902025], [96.277, 22.589703838247008], [96.277, 22.59385853224524], [96.273, 22.59801310087867], [96.273, 22.60216754412923], [96.256, 22.618784062941796], [96.26050000000001, 22.622937879007242], [96.252, 22.631245134646637], [96.248, 22.635398574184507], [96.2435, 22.635398574184507], [96.23949999999999, 22.639551888177103], [96.23949999999999, 22.64370507660642], [96.2355, 22.647858139454403], [96.2355, 22.65201107670306], [96.23949999999999, 22.656163888334355], [96.2355, 22.660316574330256], [96.2355, 22.672773878325618], [96.2355, 22.67692606159992], [96.23949999999999, 22.68107811914882], [96.2355, 22.685230050954324], [96.2355, 22.689381856998416], [96.2355, 22.69353353726313], [96.231, 22.6981463677941], [96.227, 22.69353353726313], [96.223, 22.69353353726313], [96.2185, 22.6981463677941], [96.2185, 22.70229778246547], [96.223, 22.706449071301503], [96.223, 22.71475127139563], [96.2185, 22.718902182617803], [96.2185, 22.72720362732245], [96.2145, 22.731354160769033], [96.2105, 22.731354160769033], [96.206, 22.7355045682545], [96.206, 22.747955034764647], [96.2145, 22.756254715636754], [96.2185, 22.756254715636754], [96.227, 22.76455389223367], [96.231, 22.76455389223367], [96.2355, 22.76455389223367], [96.2435, 22.772852564411934], [96.248, 22.77700171129923], [96.256, 22.77700171129923], [96.26050000000001, 22.781150732028095], [96.273, 22.793597037084815], [96.277, 22.793597037084815], [96.2855, 22.78529962658059], [96.30199999999999, 22.78529962658059], [96.306, 22.781150732028095], [96.3395, 22.781150732028095], [96.348, 22.781150732028095], [96.352, 22.77700171129923], [96.356, 22.781150732028095], [96.3605, 22.781150732028095], [96.3605, 22.78529962658059], [96.373, 22.797745553000734], [96.377, 22.797745553000734], [96.381, 22.801893942668624], [96.3895, 22.793597037084815], [96.3935, 22.797745553000734], [96.3935, 22.801893942668624], [96.4185, 22.801893942668624], [96.431, 22.789448394938802], [96.4355, 22.789448394938802], [96.456, 22.789448394938802], [96.4645, 22.789448394938802], [96.4685, 22.789448394938802], [96.473, 22.793597037084815], [96.481, 22.793597037084815], [96.4935, 22.806042206070597], [96.498, 22.806042206070597], [96.502, 22.810190343188765], [96.506, 22.806042206070597], [96.51050000000001, 22.806042206070597], [96.5185, 22.814799236298736], [96.523, 22.814799236298736], [96.531, 22.823094850879688], [96.5395, 22.831389960031117], [96.55199999999999, 22.831389960031117], [96.5605, 22.823094850879688], [96.5645, 22.827242468643032], [96.5685, 22.827242468643032], [96.57300000000001, 22.823094850879688], [96.577, 22.827242468643032], [96.581, 22.827242468643032], [96.5855, 22.823094850879688], [96.5895, 22.81894710675896], [96.602, 22.81894710675896], [96.606, 22.81894710675896], [96.6105, 22.81894710675896], [96.6185, 22.827242468643032], [96.627, 22.827242468643032], [96.631, 22.823094850879688], [96.63550000000001, 22.823094850879688], [96.6395, 22.823094850879688], [96.6435, 22.827242468643032], [96.6435, 22.831389960031117], [96.648, 22.83553732502605], [96.652, 22.83553732502605], [96.656, 22.83968456360998], [96.6645, 22.847978661473253], [96.66103288915288, 22.84459553715927], [96.6625, 22.85811520521227], [96.6635, 22.861801033711387], [96.6645, 22.864565339481274], [96.6645, 22.868711692687718], [96.6685, 22.872857919340234], [96.6685, 22.877004019420976], [96.6685, 22.88114999291209], [96.673, 22.885295839795727], [96.673, 22.893587153669234], [96.681, 22.901877960898833], [96.6855, 22.906023174477582], [96.6855, 22.910628818726366], [96.6895, 22.91477376477592], [96.6935, 22.91891858407338], [96.69800000000001, 22.923063276600956], [96.69800000000001, 22.92720784234082], [96.702, 22.931352281275192], [96.706, 22.93549659338624], [96.7105, 22.93549659338624], [96.7145, 22.93964077865616], [96.7185, 22.943784837067184], [96.723, 22.943784837067184], [96.73949999999999, 22.943784837067184], [96.7435, 22.93964077865616], [96.756, 22.93964077865616], [96.76050000000001, 22.93549659338624], [96.7645, 22.93964077865616], [96.773, 22.93964077865616], [96.777, 22.93549659338624], [96.781, 22.931352281275192], [96.781, 22.92720784234082], [96.7895, 22.91891858407338], [96.798, 22.91891858407338], [96.806, 22.92720784234082], [96.8105, 22.92720784234082], [96.8185, 22.93549659338624], [96.82300000000001, 22.93964077865616], [96.827, 22.93964077865616], [96.8395, 22.95207257324129], [96.8435, 22.95207257324129], [96.852, 22.960359801766263], [96.856, 22.95621625096881], [96.873, 22.95621625096881], [96.877, 22.95207257324129], [96.881, 22.95207257324129], [96.8995, 22.958518239305587], [96.9315, 22.947468338030415], [96.932, 22.930891794322818], [96.9285, 22.912471032617884], [96.917, 22.888980930723452], [96.8985, 22.85811520521227], [96.902, 22.841988530416856], [96.912, 22.822173140883113], [96.9395, 22.797284613021997], [96.9745, 22.7673201723467], [97.031, 22.774696645269156], [97.0835, 22.80235486706007], [97.1285, 22.797284613021997], [97.17099999999999, 22.7673201723467], [97.211, 22.749799451863776], [97.267, 22.741499378876856], [97.2895, 22.72720362732245], [97.311, 22.717979768781998], [97.3425, 22.72674244916491], [97.381, 22.744266125881808], [97.399, 22.757637946759225], [97.4075, 22.78391667575045], [97.4205, 22.808346742283543], [97.438, 22.827703307260556], [97.461, 22.850743248355066], [97.484, 22.85673299375423], [97.529, 22.864104625758255], [97.56700000000001, 22.885756481633408], [97.5985, 22.897732620623433], [97.622, 22.9032597128367], [97.6165, 22.871936546577356], [97.6165, 22.834615699284292], [97.5765, 22.81940797345613], [97.569, 22.769625362957065], [97.53399999999999, 22.736888009421854], [97.574, 22.70691031784822], [97.609, 22.6746193086347], [97.6565, 22.65201107670306], [97.7115, 22.669544315535852], [97.76650000000001, 22.687075313612194], [97.809, 22.711061466846125], [97.82900000000001, 22.69353353726313], [97.8365, 22.623860932202625], [97.809, 22.546302879597352], [97.82900000000001, 22.426186629918295], [97.854, 22.32631862601501], [97.889, 22.238875431314444], [97.994, 22.08652935145024], [97.944, 22.06382540896202], [97.88550000000001, 22.070312621958752], [97.8455, 22.043898536377974], [97.8005, 22.006354248074427], [97.714, 21.955352256037795], [97.616, 22.029530910329953], [97.536, 22.09162565329167], [97.5085, 22.096721771150076], [97.4435, 22.05687449322726], [97.4235, 22.026749911057458]]], [[[97.889, 22.238875431314444], [97.904, 22.221287661835532], [97.91571657838627, 22.200111945747466], [97.889, 22.238875431314444]]]]}}, {"type": "Feature", "properties": {"name": "Hukawng Valley", "division": "Sagaing Division"}, "geometry": {"type": "Polygon", "coordinates": [[[96.395, 25.942072821247834], [96.3575, 25.96185436878052], [96.3205, 25.965001126654386], [96.27799999999999, 25.950165674263474], [96.223, 25.923187335026626], [96.178, 25.914642906519685], [96.1305, 25.918690344582647], [96.0955, 25.922737643701925], [96.0425, 25.938925450434215], [95.9875, 25.971294389917876], [95.9025, 25.96410206156348], [95.8225, 25.938925450434215], [95.74, 25.881358705478473], [95.6525, 25.78640225948453], [95.503, 25.726509086116945], [95.3955, 25.779198664431952], [95.288, 25.84401526141678], [95.2255, 25.87416088738578], [95.15299999999999, 25.893953831513603], [95.066, 25.953762319282607], [95.05555852486476, 25.947503105385227], [95.0658557540001, 25.953817444000023], [95.08515150457248, 25.972619035136546], [95.10823042800013, 25.99510691300013], [95.1272160862675, 26.01622297552967], [95.13949391006696, 26.029878509165922], [95.13954634600003, 26.02993682900008], [95.15122522000007, 26.04993560800004], [95.1500883380001, 26.070967916000043], [95.13750896648041, 26.082928630067464], [95.13747928900005, 26.082956847999995], [95.10171919800013, 26.09339548800004], [95.101643196767, 26.09345553477427], [95.10147214092288, 26.0935906819453], [95.08817997300008, 26.10409250900004], [95.07836145100009, 26.171323548000103], [95.08239221200006, 26.179798483000113], [95.08860306252431, 26.186402979093376], [95.08973026500007, 26.187601624000123], [95.09448449700005, 26.195043030000065], [95.09076379400005, 26.202691142000035], [95.08280562300007, 26.20661855100009], [95.07453739500005, 26.208323873000055], [95.06666997163158, 26.21091315089402], [95.06637251800004, 26.2110110470001], [95.05872440600007, 26.217677307000102], [95.04632206200006, 26.24795969700004], [95.04177453600005, 26.287595520000096], [95.04355961452393, 26.32607387076345], [95.04363488800004, 26.327696431999996], [95.04390806350423, 26.328952625412445], [95.05045617700011, 26.359064026000013], [95.0632975053627, 26.390394936567784], [95.06420210800013, 26.392602031000123], [95.06606245900014, 26.407433167000065], [95.0617216390001, 26.426605123000073], [95.04260135900006, 26.459678040000043], [95.04257301911791, 26.459907742250625], [95.04063765500013, 26.47559438100008], [95.05438358600009, 26.4948696900001], [95.06988651600011, 26.506238506000003], [95.07005388862963, 26.50640882533466], [95.09923872900009, 26.536107484000027], [95.10957401600007, 26.55130035400005], [95.11494836400004, 26.562565816000117], [95.11618859900005, 26.56933542900005], [95.1158859927552, 26.57548841483862], [95.1158785400001, 26.575639954000067], [95.11908247900004, 26.604217021000025], [95.12280318300009, 26.611606751000025], [95.13262170500013, 26.620805155000127], [95.14140669800014, 26.624990946000068], [95.14187521654345, 26.625092128414078], [95.16342085800011, 26.62974517800005], [95.1732393800001, 26.63382761700008], [95.18161096200004, 26.641682435000106], [95.19556359900014, 26.660751038000072], [95.20486535700007, 26.66757232700003], [95.2052877394306, 26.66763639623686], [95.22326216700009, 26.67036285400009], [95.23300625031297, 26.657593646770792], [95.23907515500008, 26.649640605000073], [95.24693311796898, 26.64890392147879], [95.26057255100011, 26.647625224000123], [95.27896936100012, 26.65294789700006], [95.2876486136573, 26.656729917559], [95.31596968600007, 26.66907094300005], [95.38853760536587, 26.690538138779466], [95.3926575110001, 26.69175689800001], [95.4106409100001, 26.701627095999996], [95.43919858949776, 26.734458371110094], [95.43999312400007, 26.73537180600006], [95.46273075300013, 26.777178040000123], [95.4898092040001, 26.810716044000046], [95.50999874174093, 26.81536164703933], [95.53135705600005, 26.820276185000026], [95.55440474400012, 26.816607157000035], [95.57476525900006, 26.81614207000011], [95.59086600837661, 26.823538351361538], [95.59130171700008, 26.823738505000065], [95.60339400200013, 26.844254049000043], [95.61331587700005, 26.867921855000063], [95.62427128100012, 26.880737610000054], [95.63998091600007, 26.88642201800009], [95.68451562135932, 26.891115137486604], [95.68607629400003, 26.89127960300003], [95.69930546100011, 26.896188863000063], [95.70922733600003, 26.907454326000035], [95.73340680535908, 26.944888805800446], [95.73496219900011, 26.947296855000033], [95.77605372360226, 26.993030931017387], [95.77795699100005, 26.995149231000042], [95.77888860477424, 26.99548118536195], [95.8049320880001, 27.00476104800005], [95.82073388839596, 27.007404310737947], [95.86146610500009, 27.014217835000025], [95.88765565660873, 27.026472567987607], [95.88885461500013, 27.0270335900001], [95.88969777160646, 27.0277772730514], [95.91644983000003, 27.051373189000017], [95.93836063700007, 27.079898580000062], [95.96831682847011, 27.13162180609243], [95.97484419800008, 27.142892151000083], [96.01187188846126, 27.189151812770053], [96.01310988886148, 27.19069847903717], [96.01318811100009, 27.190796204000023], [96.07416630100005, 27.22986358600012], [96.14258589700006, 27.25751047800013], [96.39832090934408, 27.296727830699457], [96.40778934700012, 27.29817983000008], [96.40893840782532, 27.298131878472763], [96.47465865100008, 27.29538930300002], [96.49005822700008, 27.290738424000054], [96.4903547362879, 27.29076337774047], [96.51093550700006, 27.292495422000044], [96.53181278500011, 27.298541565000065], [96.54731571500014, 27.306448059000033], [96.5674695240001, 27.328307191000064], [96.5759828243362, 27.34528250715483], [96.57604781100014, 27.34541208900002], [96.58077764441605, 27.348970725802573], [96.58689986200005, 27.353576966000034], [96.61027822603512, 27.34914924569464], [96.61418501800006, 27.34840932300004], [96.62317671800014, 27.34365509100003], [96.62522406265158, 27.34198945422956], [96.62927453600008, 27.338694153000077], [96.63640588400011, 27.335541891000034], [96.63648028518102, 27.335545854999772], [96.63719352142893, 27.335583855314624], [96.64901493300005, 27.336213685000118], [96.65924686700004, 27.341433004000024], [96.67258386571946, 27.354438648295844], [96.67588667900003, 27.357659404000046], [96.6759332303111, 27.357676120153663], [96.67950935355263, 27.358960273576688], [96.68725549300012, 27.361741842000058], [96.6874781408395, 27.361729685930506], [96.70523889200012, 27.360759989000073], [96.72415246600008, 27.35626414000005], [96.75887902800008, 27.341743063000123], [96.77634566300003, 27.330632630000096], [96.7804484661069, 27.326579457165483], [96.78916141700012, 27.31797190400006], [96.80623565281606, 27.291511087621167], [96.80993534400005, 27.285777487000118], [96.8116563973645, 27.28392056081712], [96.82171757000009, 27.273065084000066], [96.8375955833557, 27.26100291608373], [96.85375695800008, 27.248725485000037], [96.85918309114518, 27.24134784781294], [96.85964807200008, 27.240715637000065], [96.85127649000003, 27.221181946000073], [96.84316290840307, 27.206850892661798], [96.84176802600012, 27.204387106000084], [96.8422671317703, 27.195874581656515], [96.84269820200007, 27.188522441000075], [96.86404719275689, 27.172583811011474], [96.86533247900013, 27.1716242480001], [96.86537949342227, 27.171604746897767], [96.9302587318766, 27.144693501141113], [97.00299849500004, 27.11452179000007], [97.01188684100003, 27.107028707000055], [97.01891483600014, 27.098708802000075], [97.02676965400008, 27.091474101000117], [97.03780786252088, 27.087119578453432], [97.03803511600006, 27.087029928000007], [97.03836749063942, 27.08705616808708], [97.0478536380001, 27.087805074000116], [97.05805329069948, 27.09177466864955], [97.05882660700013, 27.092075635000057], [97.06697391800003, 27.095246480000057], [97.07720585100009, 27.09648671500007], [97.08521536665648, 27.0937843175052], [97.08991825400005, 27.09219757100003], [97.09797977800014, 27.085893046000095], [97.10557249942447, 27.082778082495004], [97.10604130000013, 27.08258575400002], [97.10896252450485, 27.083632334564264], [97.11898042405305, 27.087221425010657], [97.107, 26.9698303622757], [97.1495, 26.84721749371885], [97.1345, 26.73742203049399], [97.1545, 26.654782360588545], [97.187, 26.610087331308243], [97.22200000000001, 26.509907087247598], [97.197, 26.42755074431406], [97.157, 26.350064174108567], [97.11449999999999, 26.217814155081637], [97.107, 26.03286068886389], [97.092, 25.907896867693044], [96.98949999999999, 25.743174129241492], [96.9565, 25.731013382218183], [96.9195, 25.75578395985908], [96.858, 25.816562560578628], [96.801, 25.87596038303048], [96.757, 25.915092628720952], [96.7015, 25.94881690405296], [96.65299999999999, 25.970844882278534], [96.5755, 25.96590018487517], [96.539, 25.94836731054923], [96.45, 25.92723447974601], [96.422, 25.92993249901753], [96.395, 25.942072821247834]]]}}, {"type": "Feature", "properties": {"name": "Kantarawadi", "division": "Karenni States"}, "geometry": {"type": "Polygon", "coordinates": [[[97.38533952103435, 18.544480890058853], [97.3801330980001, 18.547757874000027], [97.37977120196246, 18.547800832880032], [97.3685, 18.55895083442669], [97.365, 18.572222271802236], [97.361, 18.64235412584832], [97.3435, 18.689724131600485], [97.3235, 18.734713369637298], [97.326, 18.78489774822395], [97.301, 18.86487776655727], [97.311, 18.892317748615245], [97.34100000000001, 18.962316623610697], [97.366, 19.004396405753262], [97.3485, 19.037012735079077], [97.3635, 19.084743925282766], [97.366, 19.12679268453845], [97.3335, 19.169303021312523], [97.391, 19.194331759285323], [97.376, 19.249570399539515], [97.361, 19.299599613310875], [97.321, 19.342065244329337], [97.239, 19.424134127203498], [97.1815, 19.49202187663756], [97.1265, 19.459495876227113], [97.114, 19.494378579388194], [97.0815, 19.601807709946915], [97.0565, 19.64419423079824], [97.089, 19.711518679883607], [97.1515, 19.7039872805116], [97.194, 19.781637790873166], [97.2165, 19.848904303318843], [97.2415, 19.8992179550769], [97.2065, 19.95891527505315], [97.281, 19.966434596878262], [97.3285, 19.921783372405127], [97.366, 19.92883440501354], [97.46600000000001, 20.001676637275377], [97.4735, 19.926484095760877], [97.536, 19.876649320312012], [97.5935, 19.86160177784007], [97.621, 19.8291506572881], [97.611, 19.78916552722925], [97.6035, 19.724227112014177], [97.6385, 19.6766829864066], [97.681, 19.66679580107647], [97.7435, 19.646548709597425], [97.821, 19.63665966656926], [97.8785, 19.631950384384194], [97.94787120821185, 19.602333717800906], [97.88583866400012, 19.572811585000053], [97.86912302091065, 19.570489967937647], [97.84863163300008, 19.567643942000032], [97.83984663900003, 19.555319113000095], [97.83891646300003, 19.537103170000037], [97.84098352100011, 19.51715606700013], [97.84098543381485, 19.517148759451207], [97.84128791303391, 19.515993194489702], [97.8442908130001, 19.504521179999998], [97.84720611314185, 19.50073916863437], [97.84811486900003, 19.499560242000044], [97.84873498500014, 19.493979187000022], [97.84212040300014, 19.479380595000052], [97.83354211500011, 19.468709412000052], [97.81711745257063, 19.454881483607867], [97.8003658450001, 19.440778300000076], [97.78367476488656, 19.419085079725356], [97.76708622200005, 19.39752512600002], [97.76770634000007, 19.390367941000065], [97.77514774600013, 19.371066793000026], [97.77553759838541, 19.368558742813846], [97.77669803900005, 19.361093242000024], [97.78177794039959, 19.342064096241888], [97.78310591700011, 19.337089539000104], [97.796491574689, 19.319142841940025], [97.79702238728447, 19.31843115984955], [97.79705855300006, 19.31838267100001], [97.80615360600007, 19.3010969030001], [97.80377226806199, 19.295127892652616], [97.79829878700014, 19.281408183000067], [97.79284115556193, 19.279324893317575], [97.78868697100012, 19.277739156000067], [97.77731815600004, 19.27861765500002], [97.77251015043704, 19.277843032691372], [97.7680163980001, 19.277119040000102], [97.76705107175037, 19.27448344441251], [97.76409219342749, 19.266404925202778], [97.76408899000012, 19.266396179000097], [97.76426240305284, 19.26611277713819], [97.76967004500005, 19.25727528900002], [97.7833379095311, 19.24671977705879], [97.79633508300009, 19.236682231000103], [97.80163889826882, 19.231116309002953], [97.80522343000007, 19.227354635000083], [97.81256148300008, 19.208466899000044], [97.81514530400011, 19.190561015000085], [97.8133169192421, 19.157563013165415], [97.81080448500012, 19.112219542999995], [97.80604381470191, 19.102112275179806], [97.8040865480001, 19.097956848000123], [97.80003337753972, 19.093556051665125], [97.78992720500003, 19.082583109000055], [97.72781213400009, 19.037082011000095], [97.71696008300012, 19.018323466000098], [97.71044885300006, 18.979902039000038], [97.70331750500003, 18.964373271000042], [97.68905481000013, 18.949748841000044], [97.66807417800004, 18.93543446900007], [97.66717183658614, 18.934577700270818], [97.65800816691647, 18.92587684104266], [97.65784224500004, 18.925719299000022], [97.66187300600006, 18.913782044000087], [97.66197288132994, 18.913687666393002], [97.68440393100008, 18.892491353000096], [97.70503249964347, 18.87774721611915], [97.70855510050426, 18.875229459789747], [97.70858850100007, 18.875205586999996], [97.71913049400013, 18.864637756000022], [97.72145295456458, 18.85769869621441], [97.72336796100006, 18.8519770300001], [97.7194405520001, 18.82588043200009], [97.72037072800003, 18.817638041000052], [97.72585573974048, 18.801079297996118], [97.73266971900006, 18.78050852500006], [97.73387172623748, 18.77358696693585], [97.73577030500013, 18.76265431800003], [97.73628706900007, 18.74058848100013], [97.73834465339893, 18.725060147255782], [97.74124800600003, 18.703148906000067], [97.75261682100012, 18.663435567000064], [97.75974816900003, 18.622792054000016], [97.75494104924039, 18.59844430292834], [97.7517899990001, 18.582484437000076], [97.7501399161287, 18.579394027423817], [97.74569218000005, 18.571063945000063], [97.74302140125907, 18.56939470886374], [97.7429964966375, 18.569379143480635], [97.74279829900013, 18.569255270000085], [97.74034211883479, 18.56988237959286], [97.7379407140001, 18.570495504000107], [97.70245412192162, 18.561104257873264], [97.6902950440001, 18.55788645400007], [97.63737837800011, 18.559281718000065], [97.61794803900011, 18.553158061000104], [97.54839156100013, 18.509078064000036], [97.53667592566904, 18.503710994322756], [97.50953088400007, 18.491275533000092], [97.48606452132637, 18.49187257543932], [97.46281538900007, 18.492464091000002], [97.43811405500003, 18.48812327100002], [97.42746871000008, 18.489518535000016], [97.42160911684101, 18.493034290571526], [97.41661665900011, 18.496029765000074], [97.41372604809712, 18.500584156542356], [97.4121724850001, 18.503031921000073], [97.41203543407165, 18.503440535875285], [97.40938195800004, 18.51135182700004], [97.39041206087141, 18.539974336841713], [97.38891809100011, 18.54222849600002], [97.38533952103435, 18.544480890058853]]]}}, {"type": "Feature", "properties": {"name": "Katha", "division": "Sagaing Division"}, "geometry": {"type": "Polygon", "coordinates": [[[96.447, 23.636339349474852], [96.4395, 23.54744668315254], [96.42699999999999, 23.507562902348262], [96.3905, 23.49518272035777], [96.358, 23.491514294921153], [96.298, 23.492889966423984], [96.263, 23.486470043257683], [96.2505, 23.46124589089782], [96.242, 23.424088817641426], [96.22200000000001, 23.379119387402866], [96.1925, 23.350202406546114], [96.19, 23.34744807960779], [96.1675, 23.32632967466884], [96.1725, 23.296482727487135], [96.1785, 23.282704954441645], [96.188, 23.25973883121705], [96.1935, 23.228498553087995], [96.189, 23.206442189008392], [96.1845, 23.180705162788712], [96.1885, 23.14255010667474], [96.203, 23.090586606764624], [96.2085, 23.070347592572578], [96.2405, 23.040443476872014], [96.261, 23.02295799492869], [96.3175, 23.019276551805724], [96.3315, 23.02479867879727], [96.39, 23.03538212330158], [96.4565, 23.037222637507874], [96.4605, 23.038142885183188], [96.478, 23.037222637507874], [96.55199999999999, 23.021577465536193], [96.5845, 23.004549774398214], [96.6105, 22.988900812333537], [96.614, 22.97923437091576], [96.648, 22.97739306555929], [96.682, 22.985218440023832], [96.7045, 22.980155014184547], [96.7375, 22.961740957155648], [96.756, 22.93964077865616], [96.7435, 22.93964077865616], [96.73949999999999, 22.943784837067184], [96.723, 22.943784837067184], [96.7185, 22.943784837067184], [96.717, 22.941943048991686], [96.7145, 22.93964077865616], [96.7105, 22.93549659338624], [96.706, 22.93549659338624], [96.702, 22.931352281275192], [96.69800000000001, 22.92720784234082], [96.69800000000001, 22.923063276600956], [96.6935, 22.91891858407338], [96.6895, 22.91477376477592], [96.6855, 22.910628818726366], [96.6855, 22.906023174477582], [96.681, 22.901877960898833], [96.673, 22.893587153669234], [96.673, 22.885295839795727], [96.6685, 22.88114999291209], [96.6685, 22.877004019420976], [96.6685, 22.872857919340234], [96.6645, 22.868711692687718], [96.6645, 22.864565339481274], [96.6635, 22.861801033711387], [96.6625, 22.85811520521227], [96.661, 22.844292458199426], [96.656, 22.83968456360998], [96.652, 22.83553732502605], [96.648, 22.83553732502605], [96.6435, 22.831389960031117], [96.6435, 22.827242468643032], [96.6395, 22.823094850879688], [96.63550000000001, 22.823094850879688], [96.631, 22.823094850879688], [96.627, 22.827242468643032], [96.6185, 22.827242468643032], [96.6105, 22.81894710675896], [96.606, 22.81894710675896], [96.602, 22.81894710675896], [96.5895, 22.81894710675896], [96.5855, 22.823094850879688], [96.581, 22.827242468643032], [96.577, 22.827242468643032], [96.57300000000001, 22.823094850879688], [96.5685, 22.827242468643032], [96.5645, 22.827242468643032], [96.5605, 22.823094850879688], [96.55199999999999, 22.831389960031117], [96.5395, 22.831389960031117], [96.531, 22.823094850879688], [96.523, 22.814799236298736], [96.5185, 22.814799236298736], [96.51050000000001, 22.806042206070597], [96.506, 22.806042206070597], [96.502, 22.810190343188765], [96.498, 22.806042206070597], [96.4935, 22.806042206070597], [96.481, 22.793597037084815], [96.473, 22.793597037084815], [96.4685, 22.789448394938802], [96.4645, 22.789448394938802], [96.456, 22.789448394938802], [96.4355, 22.789448394938802], [96.431, 22.789448394938802], [96.4185, 22.801893942668624], [96.3935, 22.801893942668624], [96.3935, 22.797745553000734], [96.3895, 22.793597037084815], [96.381, 22.801893942668624], [96.377, 22.797745553000734], [96.373, 22.797745553000734], [96.3605, 22.78529962658059], [96.3605, 22.781150732028095], [96.356, 22.781150732028095], [96.352, 22.77700171129923], [96.348, 22.781150732028095], [96.3395, 22.781150732028095], [96.306, 22.781150732028095], [96.30199999999999, 22.78529962658059], [96.2855, 22.78529962658059], [96.277, 22.793597037084815], [96.273, 22.793597037084815], [96.26050000000001, 22.781150732028095], [96.256, 22.77700171129923], [96.248, 22.77700171129923], [96.2435, 22.772852564411934], [96.2355, 22.76455389223367], [96.231, 22.76455389223367], [96.227, 22.76455389223367], [96.2185, 22.756254715636754], [96.2145, 22.756254715636754], [96.206, 22.747955034764647], [96.206, 22.741499378876856], [96.2035, 22.739654849760896], [96.173, 22.71521248997073], [96.1315, 22.691688361563834], [96.108, 22.688920551426737], [96.078, 22.71152269785404], [96.0185, 22.7355045682545], [96.02799999999999, 22.76639808520341], [96.0305, 22.834154884072532], [96.0365, 22.878846689935315], [96.053, 22.98936110181304], [96.037, 23.016975598815883], [96.0395, 23.05194584594519], [96.0295, 23.100704971163935], [96.02799999999999, 23.131055490477408], [96.035, 23.16875414583872], [96.0395, 23.219768344498796], [96.0545, 23.308422310301957], [96.0305, 23.31806503703426], [96.0145, 23.331380033516098], [95.998, 23.3479071380667], [95.9735, 23.366268174299165], [95.962, 23.378660436958384], [95.9665, 23.39747610172264], [95.978, 23.440145625118575], [95.98949999999999, 23.49609981076425], [95.9905, 23.519483459469576], [96.003, 23.58136129970963], [95.9985, 23.592816961183637], [95.951, 23.593733370896246], [95.9135, 23.582736031886743], [95.869, 23.54515483928829], [95.8265, 23.49518272035777], [95.7715, 23.55386363342518], [95.72749999999999, 23.596482561623098], [95.7425, 23.624887490869984], [95.685, 23.6775577441936], [95.65899999999999, 23.663819722718117], [95.62, 23.642751952799486], [95.565, 23.62397129892168], [95.554, 23.60381345518078], [95.545, 23.55890530315376], [95.524, 23.47133613052334], [95.5075, 23.403900350705552], [95.4565, 23.400229389456122], [95.3895, 23.410324287937474], [95.3935, 23.414453797218172], [95.3935, 23.418583177618473], [95.402, 23.427300335148203], [95.398, 23.4314293144758], [95.3935, 23.4314293144758], [95.3895, 23.43555816485138], [95.3895, 23.4396868862575], [95.38550000000001, 23.44381547867679], [95.381, 23.44381547867679], [95.377, 23.44794394209181], [95.373, 23.44794394209181], [95.36449999999999, 23.456200481839485], [95.36449999999999, 23.464456505361348], [95.36449999999999, 23.477298182211335], [95.3685, 23.481425598615747], [95.3685, 23.485552885857437], [95.36449999999999, 23.48968004391907], [95.3605, 23.48968004391907], [95.356, 23.49380707278326], [95.356, 23.49793397243263], [95.352, 23.50206074284982], [95.352, 23.506187384017487], [95.352, 23.510313895918262], [95.356, 23.51444027853477], [95.356, 23.522692655845674], [95.348, 23.53140293730431], [95.3605, 23.543779713794628], [95.3605, 23.547905047131405], [95.352, 23.55615532546094], [95.352, 23.560280270419078], [95.348, 23.564405085883052], [95.348, 23.57311260430994], [95.348, 23.58136129970963], [95.36449999999999, 23.59785713537917], [95.36449999999999, 23.601980770210307], [95.356, 23.610227650848074], [95.356, 23.618932128668828], [95.348, 23.627177942704655], [95.352, 23.631300655069275], [95.3605, 23.631300655069275], [95.36449999999999, 23.635423237642026], [95.3605, 23.639545690405637], [95.352, 23.639545690405637], [95.348, 23.64366801334286], [95.3435, 23.64366801334286], [95.3395, 23.647790206436454], [95.331, 23.647790206436454], [95.3185, 23.660613976626095], [95.2555, 23.698619905119987], [95.178, 23.752633383007662], [95.0855, 23.80479462350723], [95.0955, 23.82858051775167], [95.1005, 23.86242215654601], [95.09049999999999, 23.90996843486829], [95.078, 24.015056723192462], [95.088, 24.0397171982086], [95.144, 24.064829482784997], [95.20400000000001, 24.089936852977363], [95.214, 24.125991559840255], [95.209, 24.17344049308792], [95.229, 24.293352817104346], [95.239, 24.365792475441886], [95.2855, 24.4172495533428], [95.4155, 24.467320370630958], [95.4465, 24.49962823992656], [95.4665, 24.56194530997259], [95.5075, 24.643320219976975], [95.5275, 24.67694577171172], [95.5665, 24.733270965399175], [95.63, 24.78684707249063], [95.684, 24.844483654376962], [95.7525, 24.91569808332645], [95.805, 24.92567389470557], [95.856, 24.9351955071923], [95.8605, 24.9351955071923], [95.86449999999999, 24.93111490619049], [95.8685, 24.93111490619049], [95.873, 24.927034170090977], [95.881, 24.927034170090977], [95.88550000000001, 24.922953298910006], [95.88550000000001, 24.91887229266377], [95.8895, 24.91479115136854], [95.8895, 24.910256391558338], [95.894, 24.90617496521294], [95.906, 24.893929876250922], [95.906, 24.889394349874955], [95.9145, 24.881229982625808], [95.9145, 24.86444597774673], [95.9105, 24.860363037350897], [95.923, 24.8481134073329], [95.919, 24.843576199501413], [95.923, 24.83949257021741], [95.92699999999999, 24.83949257021741], [95.9355, 24.83132490746762], [95.9395, 24.82724087403448], [95.9435, 24.82724087403448], [95.94800000000001, 24.822702901146997], [95.952, 24.822702901146997], [95.956, 24.82724087403448], [95.9605, 24.822702901146997], [95.9685, 24.822702901146997], [95.973, 24.818618583400532], [95.977, 24.814534131004752], [95.977, 24.810449543975974], [95.977, 24.789570663831086], [96.02799999999999, 24.700114862634983], [96.0415, 24.670130513682732], [96.068, 24.662406104429536], [96.099, 24.67512840598477], [96.124, 24.67649143276292], [96.1455, 24.651500242030565], [96.1365, 24.603775895995014], [96.1555, 24.58877305366791], [96.1905, 24.5787701599093], [96.234, 24.552849856141293], [96.2965, 24.533747256107738], [96.3515, 24.560126271988125], [96.40899999999999, 24.58649973887941], [96.434, 24.58877305366791], [96.455, 24.558761976179696], [96.484, 24.50508790514251], [96.535, 24.470050933973532], [96.631, 24.439556282841313], [96.6455, 24.43272811114627], [96.6565, 24.4172495533428], [96.6405, 24.354405336364024], [96.6385, 24.352127785595098], [96.6075, 24.32342713587918], [96.6, 24.31659268960144], [96.593, 24.31021354069725], [96.59, 24.307479521514477], [96.592, 24.287428247275596], [96.5935, 24.266006342475194], [96.61, 24.227255430296], [96.629, 24.18940492016198], [96.6545, 24.13922428361371], [96.66499999999999, 24.118690160717602], [96.6135, 24.09815274248915], [96.5385, 24.08308987597677], [96.508, 24.010489449392296], [96.51050000000001, 24.00318147398214], [96.5125, 23.9511001398577], [96.5145, 23.94561666975108], [96.522, 23.93144995999967], [96.524, 23.925965654925292], [96.527, 23.914996346051485], [96.5305, 23.90265476031325], [96.5325, 23.897626369027247], [96.5355, 23.89351208525522], [96.5495, 23.880254058407406], [96.553, 23.875224796302764], [96.556, 23.870195338793177], [96.5585, 23.864708435051696], [96.5595, 23.857849478467976], [96.5595, 23.856934923483294], [96.56, 23.848703638127244], [96.5565, 23.838642468295742], [96.5465, 23.82171964943489], [96.525, 23.78512222741539], [96.5215, 23.775056129098857], [96.5185, 23.77093795520927], [96.516, 23.765904454515876], [96.51050000000001, 23.756752136209855], [96.501, 23.74027634167793], [96.497, 23.73615706738419], [96.492, 23.732953097341557], [96.4755, 23.726544920945354], [96.4635, 23.717847606251237], [96.44, 23.688547121521854], [96.447, 23.636339349474852]]]}}, {"type": "Feature", "properties": {"name": "Keng Hkam", "division": "Federated Shan States"}, "geometry": {"type": "Polygon", "coordinates": [[[98.4885, 21.118664516677907], [98.521, 21.10093957002598], [98.561, 21.078547139076754], [98.596, 21.028618540371834], [98.5615, 20.99874670658995], [98.493, 20.95999776799814], [98.488, 20.893681127119404], [98.426, 20.86611840526024], [98.369, 20.86097903344056], [98.359, 20.89601671847586], [98.3315, 20.910963642294], [98.299, 20.94365484341709], [98.2765, 20.993611882821163], [98.2815, 21.04868531708707], [98.431, 21.115865981639608], [98.4885, 21.118664516677907]]]}}, {"type": "Feature", "properties": {"name": "Kenglon", "division": "Federated Shan States"}, "geometry": {"type": "Polygon", "coordinates": [[[97.999, 22.12127321368257], [98.039, 22.088845875092918], [98.0565, 22.11895722245683], [98.09649999999999, 22.12914729919115], [98.134, 22.116641193180754], [98.174, 22.10413397771506], [98.224, 22.10922964383596], [98.2465, 22.12127321368257], [98.31636586035317, 22.12860827712992], [98.32300000000001, 22.13563150980625], [98.328, 22.14072603731977], [98.3355, 22.15323000520029], [98.3395, 22.1606392397608], [98.3435, 22.16480676272559], [98.348, 22.168974162204865], [98.356, 22.168974162204865], [98.3605, 22.17314143818022], [98.38550000000001, 22.17314143818022], [98.3815, 22.132389441805973], [98.44, 22.074946163209088], [98.3765, 22.027676916883117], [98.3275, 22.015161826323492], [98.314, 21.979928230676613], [98.2855, 21.964626708246318], [98.281, 21.964626708246318], [98.277, 21.968800014231377], [98.273, 21.968800014231377], [98.2645, 21.960453279662055], [98.256, 21.968800014231377], [98.248, 21.968800014231377], [98.248, 21.964626708246318], [98.2435, 21.960453279662055], [98.2435, 21.947932258499417], [98.23949999999999, 21.943758339703745], [98.223, 21.943758339703745], [98.2185, 21.939584298401606], [98.2185, 21.914537478992298], [98.2105, 21.906187559979067], [98.1515, 21.837514130604802], [98.0925, 21.836585885114843], [98.0365, 21.856541834802247], [97.983, 21.85886211319124], [97.9265, 21.8764949968787], [97.8615, 21.86628675071674], [97.7805, 21.813841988698556], [97.7315, 21.807807286979564], [97.729, 21.83287284289574], [97.7165, 21.90386805117878], [97.714, 21.955352256037795], [97.8005, 22.006354248074427], [97.8455, 22.043898536377974], [97.88550000000001, 22.070312621958752], [97.944, 22.06382540896202], [97.994, 22.08652935145024], [97.97678540313318, 22.111506269060733], [97.978, 22.11015610880693], [97.9455, 22.14628349349534], [97.904, 22.221287661835532], [97.95400000000001, 22.241652245815768], [97.9965, 22.181475619545694], [97.999, 22.12127321368257]]]}}, {"type": "Feature", "properties": {"name": "Kengtung", "division": "Federated Shan States"}, "geometry": {"type": "Polygon", "coordinates": [[[99.17774947100003, 20.121796163000013], [99.17206893343322, 20.122312575586268], [99.15842248500007, 20.12355316200008], [99.11749475100004, 20.117791240000102], [99.11746010357056, 20.1177782065476], [99.0615, 20.2490875889339], [99.0815, 20.403812760326954], [99.0465, 20.513901241133286], [98.9315, 20.573831080390416], [98.807, 20.678651670656045], [98.697, 20.72869671147417], [98.627, 20.753479254346423], [98.56700000000001, 20.75862229218621], [98.497, 20.78854194965522], [98.473, 20.857708432626843], [98.488, 20.893681127119404], [98.493, 20.95999776799814], [98.5615, 20.99874670658995], [98.639, 21.066416496845605], [98.679, 21.12752619597368], [98.7065, 21.18627971204906], [98.723, 21.242213740388653], [98.694, 21.324677689670402], [98.699, 21.37357510767345], [98.6805, 21.406164318097808], [98.6305, 21.428507006906425], [98.588, 21.470855633806913], [98.5915, 21.51970413916181], [98.606, 21.55412084505575], [98.6585, 21.555050913034798], [98.7285, 21.519238992681], [98.8035, 21.529006756056294], [98.8885, 21.552725731905458], [98.947, 21.61270347220298], [98.98349999999999, 21.64895702384477], [98.961, 21.70285572366055], [98.94200000000001, 21.75394792589834], [98.916, 21.802700802254403], [98.9995, 21.861182353886267], [99.03450000000001, 21.85886211319124], [99.0645, 21.933554911392605], [99.0495, 21.965090414965957], [99.02850000000001, 21.991055574821967], [99.0595, 22.021187748684724], [99.0935, 22.029994404898904], [99.096, 22.06984925947683], [99.107, 22.09996465943353], [99.131, 22.118494019645546], [99.126, 22.130999961249874], [99.1195, 22.161102303965485], [99.15986163923894, 22.184174478157775], [99.17506229700007, 22.168673808000065], [99.14446984900007, 22.153532613000053], [99.16638065600006, 22.13208689400001], [99.2122693280001, 22.112449849000072], [99.25288700400006, 22.102786357000056], [99.29804089107142, 22.09854939680774], [99.30118901442007, 22.098253996474043], [99.32998824100008, 22.095551656000097], [99.36492150900006, 22.098858948], [99.42496952300007, 22.12242340100009], [99.43861210200009, 22.12423207600007], [99.49039188700004, 22.104336650000064], [99.50506799400006, 22.103354798000012], [99.53896773300005, 22.106713766000027], [99.5827758721608, 22.09653974447229], [99.63353560400009, 22.084751282000056], [99.64221724500004, 22.079945374000047], [99.65007206200005, 22.071935527000065], [99.65373225308667, 22.065026402744078], [99.65927046800005, 22.054572245000045], [99.66381799300007, 22.04873280900007], [99.68386844900004, 22.039017639000022], [99.69379032400013, 22.046924133000076], [99.70351416122078, 22.06080816867937], [99.70381555200004, 22.061238505000077], [99.72365930200004, 22.07059194000003], [99.73916223200007, 22.066767884000072], [99.75455678472535, 22.059339193485688], [99.79988204000006, 22.037467347000117], [99.80747847600003, 22.03095611600004], [99.81342126500004, 22.022997946000075], [99.82101770100007, 22.017778626000066], [99.83367842700005, 22.01948394800003], [99.84173995000003, 22.027080384000087], [99.84230839000008, 22.047027486000005], [99.84365284564035, 22.048975061663917], [99.84783776900008, 22.055037333000072], [99.86685469600008, 22.057879537000062], [99.94172569983147, 22.04564002201604], [99.94237784740261, 22.045533412386675], [99.94240564000006, 22.04552886900011], [99.94140160128643, 22.04378391915944], [99.93491255700013, 22.03250640900005], [99.93434411600009, 22.018863831000047], [99.9398218180001, 22.005893046000025], [99.94691024175165, 21.99887344264648], [99.95046716400009, 21.995351054000068], [99.96566003400011, 21.963001608000084], [99.96192619912728, 21.94918084609349], [99.95527307100008, 21.924554342000036], [99.93779082197729, 21.888405478940967], [99.92018477400006, 21.852000631000024], [99.91835128675966, 21.833154091288222], [99.91796268700006, 21.8291596480001], [99.91969375877167, 21.822083892997195], [99.92209680200006, 21.812261455000012], [99.93920170100012, 21.77701812800005], [99.94428014366663, 21.75136487403963], [99.95026045800012, 21.72115590400007], [99.95390209121426, 21.715441063593968], [99.96069909700003, 21.70477447500012], [99.9967040452398, 21.68612628845104], [99.99671757100003, 21.686119283000053], [99.99963893438488, 21.686062865630387], [100.08234541900003, 21.684465638000106], [100.12053430200007, 21.673665263000075], [100.13515873200004, 21.662348124000076], [100.14109620542249, 21.656571123042177], [100.14280684400012, 21.654906718000078], [100.14632084200008, 21.649222310000127], [100.14555056397556, 21.646480120924437], [100.14373702000006, 21.640023906000025], [100.13619226100013, 21.63681996700005], [100.12611535700012, 21.6348562620001], [100.11572839400009, 21.629481914000067], [100.10947816701582, 21.622135155630936], [100.10394616700006, 21.615632629000103], [100.0948511150001, 21.59883778900003], [100.0920694845878, 21.59121148587378], [100.08864994300012, 21.581836243000012], [100.08560103400009, 21.567573548000027], [100.08606612200003, 21.550933737000022], [100.0891217827994, 21.533805950494962], [100.08999353000007, 21.528919577000025], [100.09727990800008, 21.508300680000033], [100.1077702230001, 21.49553660100007], [100.12833744300008, 21.482359110000075], [100.16249556500009, 21.43636708600009], [100.18714522300007, 21.427892150999995], [100.1944367248151, 21.431502846903868], [100.19789392100012, 21.433214824000046], [100.20921780542746, 21.441481621123884], [100.23024336800012, 21.45683095300005], [100.238289147371, 21.46130416677556], [100.24409265100007, 21.464530742000036], [100.27520186400011, 21.475176087000037], [100.28951623500012, 21.483134258000078], [100.30066143064724, 21.49373798595229], [100.30228031400009, 21.4952782190001], [100.30248702000011, 21.495484924000053], [100.3052771458442, 21.49949795613263], [100.31463098200004, 21.512951559], [100.32042487602156, 21.51846835410043], [100.32651656100006, 21.524268698000057], [100.34196781400004, 21.53036651700002], [100.36325850400004, 21.53176178000011], [100.3683597004573, 21.530780283948204], [100.38367069500009, 21.527834371000054], [100.39912194900006, 21.518894348000018], [100.41205383806796, 21.50881898936662], [100.42930098500005, 21.495381572000028], [100.43426192300012, 21.478380026000096], [100.44288478096547, 21.46442843519451], [100.44346032800013, 21.463497213000053], [100.45664671809219, 21.455049681317732], [100.45668949400005, 21.455022278000044], [100.4742594810001, 21.45683095300005], [100.49710046400003, 21.4617918900001], [100.5459863690001, 21.453006897000094], [100.56563864872561, 21.454579079925733], [100.57182458500012, 21.45507395500006], [100.62159853394444, 21.469037454150055], [100.62174401800007, 21.469078268000075], [100.62353994064893, 21.4698854675831], [100.64577356000007, 21.479878642000116], [100.65933007590154, 21.49330004338288], [100.66132816600003, 21.4952782190001], [100.66153487100007, 21.495484924000053], [100.70396122300008, 21.51641387900004], [100.7039901481993, 21.516443229987555], [100.70528429706218, 21.517756429140963], [100.75661950700004, 21.569847310000043], [100.79703047700008, 21.626122946000052], [100.80554682162945, 21.633186980849064], [100.83490930200009, 21.657542217000085], [100.87749068200003, 21.677334290000047], [100.925977881381, 21.69076987785852], [100.9605208128864, 21.700341570945668], [100.97240013795236, 21.70363327922457], [100.97428064000007, 21.704154358000054], [100.97500199668563, 21.704438467754247], [100.99278080300007, 21.71144073500004], [101.01993950697742, 21.729835857830352], [101.04290694200012, 21.745392152000065], [101.04973895780022, 21.750430763267037], [101.05530928600007, 21.754538880000027], [101.06869348200013, 21.76203196200008], [101.07654266611344, 21.76464835707544], [101.08280114800004, 21.766734518000064], [101.11136347164164, 21.761251206566477], [101.11887129800004, 21.759809876000062], [101.12486576400005, 21.74415191700011], [101.12765629100005, 21.695162659000104], [101.13633793100007, 21.684724019000058], [101.14925704000007, 21.676765849000006], [101.1614526780001, 21.65836903900002], [101.1688424080001, 21.637853496000034], [101.16672367300004, 21.623280742000063], [101.17385502100007, 21.611911926000076], [101.16765384900009, 21.600181376000094], [101.1577319750001, 21.586228740000095], [101.15421797700003, 21.568038635000065], [101.15902388500007, 21.5526907350001], [101.16114261900003, 21.53470733600001], [101.1605, 21.53230987310187], [101.16030469002, 21.531581216727446], [101.15711185700013, 21.519669495000116], [101.14315922100013, 21.513416647000028], [101.14041288050264, 21.511305093041077], [101.08155744714992, 21.466053448747516], [101.06127984772912, 21.450462794429875], [101.01819040320703, 21.417333003257742], [101.00342614800007, 21.40598134400004], [100.98492912678219, 21.39690154583035], [100.94495119423966, 21.37727722067812], [100.92638988196765, 21.368165863383922], [100.90994348200007, 21.36009267200005], [100.90269937120158, 21.35783057008185], [100.89604252200007, 21.355751850999994], [100.8645133265491, 21.325289798915076], [100.86245284000006, 21.323299052000053], [100.851629239118, 21.31499256796467], [100.85134240700006, 21.314772441000045], [100.84168929015347, 21.31094377856], [100.81460046400008, 21.300199687000074], [100.79800267424062, 21.298115489459928], [100.79355449247676, 21.297556927770408], [100.79196618700013, 21.297357483000027], [100.79064510413262, 21.297826027025952], [100.78837361189885, 21.298631649551414], [100.77258752500006, 21.30423044800007], [100.76499108900009, 21.309191386000023], [100.75690117779665, 21.312357003427433], [100.75667118400003, 21.312447001000024], [100.75545736329377, 21.31269257163961], [100.7477311610001, 21.314255676000116], [100.73837772700006, 21.314772441000045], [100.72540694200012, 21.311671855], [100.72209473326795, 21.303893181771073], [100.72200000000001, 21.303670702092138], [100.72199629800008, 21.303662008000046], [100.72200000000001, 21.30359066026794], [100.72256473800007, 21.29270660400006], [100.72106612200014, 21.28066599600008], [100.71257806842783, 21.24815384274514], [100.70051063111742, 21.201931423448592], [100.69920686250961, 21.196937542999432], [100.68938846900005, 21.159329732000018], [100.68610340537704, 21.153647194274185], [100.67317772716032, 21.13128821967651], [100.65764440056593, 21.104418507393856], [100.63755700700005, 21.06967112200006], [100.63735192999083, 21.069406194215006], [100.62790958541127, 21.05720814507896], [100.62551639800012, 21.054116517000026], [100.61523092649955, 21.048534594013624], [100.60685533341372, 21.04398916159782], [100.60675785300009, 21.043936259000063], [100.60291264340884, 21.04317960669212], [100.56430547016683, 21.035582567819866], [100.5618995836969, 21.035109142507952], [100.56185103400009, 21.03509958900007], [100.54345422400007, 21.027399801000072], [100.5435295516177, 21.027231105120993], [100.54424437237888, 21.025630267068582], [100.55168046814737, 21.00897716224305], [100.55575321500004, 20.99985626300007], [100.55725183100003, 20.992001445000042], [100.5519808360001, 20.98533518500004], [100.54133541808807, 20.978571521544268], [100.53957059378304, 20.97745022431043], [100.53476992178584, 20.97440007353017], [100.53327396700013, 20.973449605000027], [100.53287708575196, 20.972956047676636], [100.52924320500006, 20.968436992000036], [100.52707279500004, 20.946939596000007], [100.52685854298507, 20.945998802192204], [100.51782271400003, 20.90632192000008], [100.51688729940417, 20.897560969061267], [100.51570764123245, 20.886512469911423], [100.51570397900014, 20.886478170000075], [100.51607620614519, 20.88622551304519], [100.53391323282813, 20.874118258359776], [100.53420414300007, 20.873920797000054], [100.57082157082026, 20.87994564112585], [100.57884636545288, 20.88126599975509], [100.62303382381253, 20.88853637795422], [100.62308760600013, 20.88854522700005], [100.62460799322996, 20.888242231702584], [100.648, 20.883580479807684], [100.65212976100003, 20.882757467000076], [100.65212976100003, 20.876607971000098], [100.6266016030001, 20.853508606000034], [100.61449999999999, 20.84474849090456], [100.61327860596514, 20.843864347512795], [100.61030812093439, 20.841714071160276], [100.60777574485468, 20.83988093335836], [100.59890303500003, 20.833458151000073], [100.57262217613098, 20.819681159677632], [100.56903405800006, 20.817800191000018], [100.53668461100006, 20.80767161100006], [100.53557559249029, 20.8076396437079], [100.51337854000013, 20.80699981700009], [100.49008588133995, 20.813169682678296], [100.47084883600007, 20.818265279000045], [100.40541988565919, 20.828349171496427], [100.38367069500009, 20.831701151000104], [100.36480879700014, 20.828187154000133], [100.35111454300005, 20.81531972300006], [100.34196781400004, 20.799506734000047], [100.32966882300008, 20.786019185000086], [100.32698080113758, 20.785269775831814], [100.29018802900009, 20.77501210600009], [100.2799149311432, 20.766468143393563], [100.27453007000003, 20.761989645000043], [100.27265689150659, 20.759808649635822], [100.24874353000013, 20.73196563800009], [100.22971922739553, 20.71627511752376], [100.22161340400004, 20.709589743000024], [100.2199017036921, 20.707559786687824], [100.21531532334487, 20.7021206618055], [100.21132979400005, 20.69739410400011], [100.21007048222188, 20.69232537466411], [100.20719567900005, 20.680754293000078], [100.20337236806927, 20.670667258750356], [100.20233809500013, 20.667938538], [100.18016890500007, 20.63817291300002], [100.18016854572618, 20.638172114898623], [100.17706339425409, 20.631274241964196], [100.17293420500005, 20.62210154200004], [100.17293420500005, 20.609079082000008], [100.16901538120594, 20.60103683707553], [100.16006677300004, 20.582672424000023], [100.15925338238219, 20.5800687958309], [100.15688488563848, 20.5724873402485], [100.15248919123815, 20.558416912692113], [100.14926639800007, 20.548100891000033], [100.1461300648571, 20.525992312152823], [100.14451330370298, 20.514595470738467], [100.14071701018065, 20.48783471196709], [100.13665734900007, 20.459217427000098], [100.12740726700014, 20.42784983400007], [100.12523685800005, 20.40640411400004], [100.12094771400007, 20.38878245000005], [100.11112919100003, 20.37482981400005], [100.09981205300005, 20.362220764000128], [100.0970732020001, 20.348371481000058], [100.09764164300009, 20.334935608000123], [100.09929528800012, 20.317804870000074], [100.06151356344805, 20.340549647832674], [100.05584413128688, 20.343962672951864], [100.0554736740001, 20.34418569000003], [100.05520929351906, 20.344557909856825], [100.05398623738692, 20.346279844004684], [100.0476188560001, 20.355244446000043], [100.04613596640304, 20.35809437422951], [100.04265791800003, 20.364778748000035], [100.03616274197444, 20.37310391488008], [100.03614668800003, 20.373124492000002], [100.02291752200006, 20.380772603000068], [100.00844812100013, 20.38358896900003], [99.99671757100003, 20.3835114540001], [99.99044378083201, 20.385552687392718], [99.98593610049831, 20.38701930125355], [99.98591719600012, 20.38702545200006], [99.97434167500006, 20.400823059000018], [99.96955958851945, 20.404705291022005], [99.96472985900004, 20.408626201000047], [99.96375101183841, 20.411115269690082], [99.96111250900009, 20.417824606000053], [99.95878706900004, 20.42748809800007], [99.95243905257735, 20.436191025067117], [99.95237919200008, 20.436273092000064], [99.94809369434743, 20.439487215135888], [99.9420439050001, 20.44402455700005], [99.93713464400014, 20.44500640900013], [99.93365222268804, 20.443303891964124], [99.93248376500009, 20.442732646000096], [99.91389708783565, 20.44014529587585], [99.87791345300008, 20.43513621000004], [99.85569258600003, 20.428056539000025], [99.83770918800013, 20.41684275300007], [99.82947021920285, 20.40564524548984], [99.82634037300005, 20.401391500000088], [99.81666307258111, 20.37517276582393], [99.81300785400003, 20.36526967300007], [99.80401615400007, 20.34899159700005], [99.80400419135809, 20.348981010429412], [99.80241904692178, 20.3475782063008], [99.78716963700003, 20.334082947000084], [99.78710196812222, 20.334061153637133], [99.76959965100014, 20.328424377000047], [99.72908532700012, 20.32852773100008], [99.7120047652698, 20.325624034877894], [99.70841475500004, 20.325013733000034], [99.70547372137352, 20.323835683335588], [99.67125940000011, 20.310130920000077], [99.65193241400004, 20.30682362900008], [99.64221724500004, 20.30883901000003], [99.63250185797644, 20.315183752585224], [99.62702437400009, 20.31876088500003], [99.62176717246282, 20.32087585079973], [99.61803267400006, 20.3223782350001], [99.60929857631088, 20.323026807062114], [99.60759403500003, 20.32315338200003], [99.58930057800006, 20.320776266000067], [99.57968876200005, 20.32124135400001], [99.51911874647449, 20.340154198074927], [99.50491224176943, 20.344590145564865], [99.50289758300005, 20.34521921800011], [99.48004512992001, 20.36015562052721], [99.45411503200012, 20.377103577000085], [99.4496471269583, 20.378701586655197], [99.43995568900004, 20.382167867000064], [99.42062870300003, 20.37555328400005], [99.42960030665009, 20.3587186366545], [99.42962040200007, 20.358680929000073], [99.46641402200004, 20.322171530000062], [99.47119653479812, 20.31188624636507], [99.47499231000006, 20.303723043000033], [99.47668811408302, 20.294956202468793], [99.48625777200004, 20.245483704000023], [99.5055218536154, 20.225838607758092], [99.51891727700013, 20.212178243000054], [99.51897103217047, 20.212054084602578], [99.52584191900007, 20.196184387000116], [99.52267847712501, 20.181049488323197], [99.5205709230001, 20.17096628800006], [99.51464681779595, 20.161032940575875], [99.5103389890001, 20.153809713], [99.50944740902143, 20.153251434025815], [99.50873365500013, 20.15280450400006], [99.49928023300009, 20.14688507100003], [99.48881234379061, 20.1418806856615], [99.48749800600007, 20.141252340000094], [99.47447554500013, 20.128074850000118], [99.44962756087776, 20.10819646180063], [99.44140262900004, 20.10161651600002], [99.32120324700003, 20.066269837000036], [99.30645779092295, 20.064090852297177], [99.29567509000009, 20.062497457000106], [99.27773290655534, 20.071035932291966], [99.27531457500004, 20.072186788000025], [99.24608371873678, 20.095159442761084], [99.2364538980001, 20.10272756000002], [99.23308731537196, 20.10421662556003], [99.21898726500012, 20.110453187000033], [99.17774947100003, 20.121796163000013]]]}}, {"type": "Feature", "properties": {"name": "Koi", "division": "Federated Shan States"}, "geometry": {"type": "Polygon", "coordinates": [[[97.2065, 19.95891527505315], [97.2415, 19.8992179550769], [97.2165, 19.848904303318843], [97.0985, 19.841379394570385], [97.012, 19.831032062761043], [96.9755, 19.80563120977037], [96.938, 19.847963709232115], [96.978, 19.920843210959774], [96.9635, 19.892165602192964], [97.021, 19.913791821925287], [97.076, 19.92883440501354], [97.096, 19.978652730183427], [97.126, 19.971133990975925], [97.162, 19.95844530553836], [97.2065, 19.95891527505315]]]}}, {"type": "Feature", "properties": {"name": "Kyaukpyu", "division": "Arakan Division"}, "geometry": {"type": "MultiPolygon", "coordinates": [[[[93.69800000000001, 20.240643587804914], [93.7355, 20.273009765373654], [93.7705, 20.370536481194808], [93.803, 20.428179560650793], [93.8925, 20.445515126658595], [93.9125, 20.47034374712708], [94.01, 20.48533266832507], [94.0405, 20.500788459137286], [94.118, 20.473622698759232], [94.1605, 20.43614479313901], [94.1805, 20.37616114535348], [94.18299999999999, 20.30114877945873], [94.213, 20.218593199585985], [94.288, 20.15852523807808], [94.30799999999999, 20.105946798291768], [94.338, 20.028455312606578], [94.3955, 19.97348363550172], [94.3905, 19.921313292381328], [94.3105, 19.876179106229678], [94.2905, 19.838557461841024], [94.3955, 19.55140031416488], [94.453, 19.52878252986597], [94.518, 19.393952680629816], [94.4805, 19.389236323745223], [94.4705, 19.431678613313007], [94.4455, 19.453838514150835], [94.418, 19.43922274897984], [94.37049999999999, 19.38640644402555], [94.32300000000001, 19.41423145755255], [94.2955, 19.409044104114603], [94.238, 19.418947089778595], [94.208, 19.41423145755255], [94.243, 19.351500551986582], [94.263, 19.30903737367368], [94.258, 19.256650932932864], [94.213, 19.2590110428097], [94.148, 19.30903737367368], [94.06, 19.329798528977918], [94.06358691738365, 19.337814447568995], [94.06967207100007, 19.350897528000075], [94.07221958344768, 19.364712883572356], [94.07390384200005, 19.373846747000073], [94.06906403095822, 19.384314245348072], [94.06690514400003, 19.38898346600007], [94.05697675900007, 19.363348700000074], [94.05193145909483, 19.354270274813175], [94.03060957100007, 19.31590403900009], [94.02523847700007, 19.28656647300005], [94.03321373800003, 19.23509349200009], [94.0333164256086, 19.215813843650626], [94.033376298752, 19.20457263191798], [94.03337649800005, 19.20453522300005], [94.02222741000003, 19.19098541900007], [94.01042728000004, 19.17999909100007], [94.00750262087564, 19.17618367265794], [93.99439537900008, 19.159084377000056], [93.97348066500007, 19.146307684000078], [93.96061017011404, 19.152822379225633], [93.94711347700007, 19.15965403900009], [93.94703200520496, 19.15984068349072], [93.94263756600003, 19.16990794500009], [93.94117272200003, 19.194973049000055], [93.93931257308338, 19.19958466828846], [93.93726647200003, 19.20465729400007], [93.92546634200005, 19.210272528000075], [93.92162313632338, 19.207688303549503], [93.91602623800003, 19.203924872000073], [93.91041100400008, 19.19098541900007], [93.90992272200003, 19.176703192000048], [93.91488691500007, 19.169582424000055], [93.93504094972965, 19.150548057519117], [93.94711347700007, 19.139146226000037], [93.95482302957467, 19.1277708581168], [93.95541425900007, 19.126898505000042], [93.9555, 19.12237565566305], [93.95557701900003, 19.118312893000052], [93.95530683520707, 19.117592402828727], [93.95240319100003, 19.109849351000037], [93.95078474731244, 19.101277595001147], [93.95020592500003, 19.098211981000077], [93.95223392261435, 19.039327626340242], [93.95248457100007, 19.032049872000073], [93.95777428500003, 19.012193101000037], [93.96429824437342, 19.001424637030336], [93.9645106892506, 19.00107397497459], [93.96452884200005, 19.00104401200008], [93.96527690549361, 19.000129914926237], [93.98121178500003, 18.98065827000005], [93.98293442785005, 18.973701442729972], [93.98438561300003, 18.96784088700008], [93.98340905000003, 18.956691799000055], [93.97868899800005, 18.94159577000005], [93.97807752525952, 18.937206269543086], [93.97754967500003, 18.933417059000078], [93.97477722871537, 18.92537696409316], [93.97388756600003, 18.922796942000048], [93.96263142164813, 18.909819497379175], [93.95020592500003, 18.89549388200004], [93.94792728000004, 18.894232489000046], [93.94191960910024, 18.89165372521211], [93.93930097700007, 18.89052969000005], [93.93726647200003, 18.88934967700004], [93.93718509200005, 18.88377513200004], [93.93889718050725, 18.877140789363352], [93.93913821700005, 18.876206773000035], [93.93942460942058, 18.875549755100188], [93.94190514400003, 18.86985911700009], [93.94386444489956, 18.86840778250504], [93.94410241000003, 18.86823151200008], [93.93043053500003, 18.858628648000035], [93.92025800900007, 18.86737702000005], [93.90739993600005, 18.881781317000048], [93.86573326900003, 18.89549388200004], [93.86563577370553, 18.895584816578218], [93.81373131600003, 18.94399648600006], [93.79395592500003, 18.953924872000073], [93.7633305531634, 18.965473545837177], [93.75025475400008, 18.970404364000046], [93.7389733669351, 18.978189696505197], [93.73462975400008, 18.98118724200009], [93.73355609880893, 18.982626161172778], [93.72673587300005, 18.99176666900007], [93.72282086870892, 18.99850277926208], [93.72120201900003, 19.001288153000075], [93.71599142376361, 19.00860302752396], [93.71488190429083, 19.010160622262543], [93.71485436300003, 19.010199286000045], [93.71405393200612, 19.010801091521312], [93.70386803500003, 19.018459377000056], [93.6980826046669, 19.019643795513115], [93.69353274800005, 19.02057526200008], [93.68604576900003, 19.01821523600006], [93.67895605335187, 19.01958484067687], [93.67888431100005, 19.019598700000074], [93.67616010152824, 19.02348009573851], [93.66968834700003, 19.03270091400009], [93.66773522200003, 19.04393138200004], [93.66999787232186, 19.060292085149616], [93.67090905000003, 19.066880601000037], [93.67069843177558, 19.067357263393095], [93.66627037900008, 19.077378648000035], [93.66267576068688, 19.08252094891694], [93.66041100400008, 19.085760809000078], [93.6555916630982, 19.09591063258554], [93.65503991000003, 19.09707265800006], [93.65480414843927, 19.097738337640873], [93.65088951900003, 19.10879140800006], [93.6494285098065, 19.11720960635345], [93.64918053500003, 19.11863841400009], [93.646568806534, 19.124592532284733], [93.64234459700003, 19.13422272300005], [93.60743248800003, 19.162258205000057], [93.59400475400008, 19.176703192000048], [93.58399333742406, 19.196983894683193], [93.56714928500003, 19.23110586100006], [93.56408439876955, 19.23312589980759], [93.55640709700003, 19.23818594000005], [93.49781334700003, 19.31391022300005], [93.49359401483702, 19.321693612723973], [93.48707116000003, 19.333726304000038], [93.48324629000007, 19.35065338700008], [93.48414147200003, 19.392726955000057], [93.48651117933666, 19.39795173082517], [93.49089603000004, 19.40761953300006], [93.50782311300003, 19.42259349200009], [93.50789016498778, 19.42262200132994], [93.53012129000007, 19.432074286000045], [93.55298912900008, 19.430568752000056], [93.55870538497297, 19.425355023575257], [93.56039472700007, 19.42381419500009], [93.56042529932132, 19.423733032774294], [93.56381269600007, 19.41474030200004], [93.56766850036983, 19.407436518573732], [93.56804446700005, 19.406724351000037], [93.57234702555299, 19.40509168356346], [93.57715905000003, 19.403265692000048], [93.61133873800003, 19.403265692000048], [93.62369075181647, 19.383924370490117], [93.63111412900008, 19.372300523000035], [93.63540179238662, 19.355298746273704], [93.63696325663055, 19.349107106667663], [93.63697350400008, 19.34906647300005], [93.62241527827423, 19.335380224898824], [93.62134850400008, 19.334377346000053], [93.66529381600003, 19.305609442000048], [93.68751061300003, 19.296698309000078], [93.71751306521575, 19.293405357378404], [93.71753991000003, 19.293402411000045], [93.71878089845414, 19.28763933606518], [93.72291100400008, 19.268459377000056], [93.74343945295183, 19.254668469890223], [93.75457078552706, 19.247190497544896], [93.75464928500003, 19.24713776200008], [93.79688561300003, 19.235174872000073], [93.83423912900008, 19.23818594000005], [93.86548912900008, 19.25409577000005], [93.89740607710043, 19.27670360829969], [93.92994225400008, 19.299750067000048], [93.93762230843639, 19.30769229244652], [93.95020592500003, 19.320705471000053], [93.95093834700003, 19.32526276200008], [93.94906660200007, 19.337591864000046], [93.95017713276253, 19.341677030698726], [93.95020592500003, 19.34178294500009], [93.95313561300003, 19.343451239000046], [93.95568877017946, 19.344277260503777], [93.96143639400003, 19.346136786000045], [93.96387780000003, 19.348049221000053], [93.96397451433283, 19.348186232969635], [93.98096764400003, 19.372259833000044], [93.98731530000003, 19.38670482000009], [93.98790382539757, 19.401352560191828], [93.98804772200003, 19.40493398600006], [93.98666697064901, 19.417191991206586], [93.98438561300003, 19.437445380000042], [93.98688436022985, 19.44265110328888], [93.99024498800003, 19.449652411000045], [93.99105879000007, 19.457180080000057], [93.98922428122916, 19.459070519048833], [93.98438561300003, 19.464056708000044], [93.98322494815837, 19.464001811643087], [93.97836347700007, 19.463771877000056], [93.95490744646848, 19.459373871275382], [93.94711347700007, 19.457912502000056], [93.92820282519175, 19.461549166340617], [93.92396339876821, 19.462364440771935], [93.92383873800003, 19.46238841400009], [93.92023459462875, 19.46643517110154], [93.91456139400003, 19.472805080000057], [93.91920006600003, 19.48427969000005], [93.93311581169382, 19.490234625693006], [93.93726647200003, 19.492010809000078], [93.92676842500003, 19.497015692000048], [93.91602623800003, 19.498928127000056], [93.90613459436327, 19.498894017972237], [93.89242597700007, 19.498846747000073], [93.88209069100003, 19.501898505000042], [93.85523522200003, 19.52680084800005], [93.81470787900008, 19.55304596600007], [93.79468512533658, 19.57101819603133], [93.79444420700008, 19.571234442000048], [93.79193729366659, 19.576956239420824], [93.78565514400003, 19.59129466400009], [93.77719160200007, 19.60309479400007], [93.77705245424137, 19.603148103856494], [93.76867868695673, 19.606356235527702], [93.73959394600007, 19.61749909100007], [93.73121178500003, 19.632554429000038], [93.73595889056064, 19.644875568991218], [93.73845462300005, 19.65135325700004], [93.74691251656157, 19.656010944770156], [93.75611412900008, 19.661078192000048], [93.77865644600007, 19.662502346000053], [93.78206481242697, 19.66154333787242], [93.79997864956695, 19.65650294219232], [93.80005944100003, 19.65648021000004], [93.79450259221598, 19.67339235985025], [93.79444420700008, 19.673570054000038], [93.8012100960522, 19.68641840982455], [93.80250084700003, 19.68886953300006], [93.81617272200003, 19.70335521000004], [93.82473017866467, 19.71495118365981], [93.82740319100003, 19.718573309000078], [93.82383821152831, 19.723808736278905], [93.81316165500004, 19.739488023000035], [93.80930921045591, 19.743340466937266], [93.80694999569405, 19.745699681327466], [93.80681399800005, 19.745835679000038], [93.80258637763912, 19.73029692424294], [93.79916425900007, 19.717718817000048], [93.7876356524753, 19.69766640020775], [93.78393602289087, 19.69123140615667], [93.78386478000004, 19.691107489000046], [93.76523632100732, 19.677834711998404], [93.76107832100007, 19.67487213700008], [93.73121178500003, 19.67763906500005], [93.72095787900008, 19.685288804000038], [93.71314537900008, 19.697658596000053], [93.70950397892186, 19.713437993024346], [93.70948326900003, 19.71352773600006], [93.71127363400007, 19.731634833000044], [93.71876061300003, 19.74359772300005], [93.74187259200005, 19.754055080000057], [93.749089800481, 19.76265558692717], [93.75163821700005, 19.765692450000074], [93.72193444100003, 19.76898834800005], [93.70883222700007, 19.75381094000005], [93.70430867275562, 19.739950305146444], [93.70248457100007, 19.73436107000009], [93.69570486205836, 19.72711910784893], [93.69353274800005, 19.72479889500005], [93.6501061533089, 19.725151638161208], [93.64844811300003, 19.725165106000077], [93.64567235566396, 19.727404216916327], [93.63624108200008, 19.73501211100006], [93.63550866000003, 19.759507554000038], [93.63550066273092, 19.759490573131856], [93.63449201672695, 19.757348881435473], [93.62330162900008, 19.733587958000044], [93.61557050900007, 19.723863023000035], [93.6015, 19.718606798196582], [93.60141035200007, 19.718573309000078], [93.60141035200007, 19.78343333500004], [93.60645592500003, 19.796128648000035], [93.6064715557035, 19.796150193023557], [93.66065514400003, 19.870835679000038], [93.67239995001343, 19.878467324803523], [93.67994225400008, 19.883368231000077], [93.70394941500007, 19.885199286000045], [93.73784232882299, 19.882489470650512], [93.73804772200003, 19.882473049000055], [93.73106220565069, 19.890990477549497], [93.72877037900008, 19.893784898000035], [93.72613931399378, 19.90356705989735], [93.72559655000003, 19.905585028000075], [93.72975663185623, 19.91300383963542], [93.73047936300003, 19.91429271000004], [93.73968895366103, 19.915701827811723], [93.74537194100003, 19.916571356000077], [93.74535992886793, 19.91659046620964], [93.74083365129502, 19.92379136211851], [93.74000084700003, 19.925116278000075], [93.73365319100003, 19.932114976000037], [93.72979209729648, 19.93444860381056], [93.72624759200005, 19.93659088700008], [93.71753991000003, 19.93768952000005], [93.71168053500003, 19.93382396000004], [93.71159915500004, 19.919663804000038], [93.7115, 19.919588446208778], [93.70866594727804, 19.917434566390863], [93.70753014400003, 19.916571356000077], [93.6872720309158, 19.916425962817364], [93.65650475400008, 19.91620514500005], [93.64551842500003, 19.91347890800006], [93.64018178272077, 19.911166362866638], [93.63819420700008, 19.910305080000057], [93.62916100400008, 19.909491278000075], [93.61142425788384, 19.910341669732635], [93.61133873800003, 19.91034577000005], [93.60840905000003, 19.906642971000053], [93.60084069100003, 19.88857656500005], [93.59400475400008, 19.882473049000055], [93.58285684335014, 19.88151555967474], [93.58073978000004, 19.881333726000037], [93.58065347721421, 19.881362075462736], [93.57220127840965, 19.884138524593983], [93.56674238400007, 19.885931708000044], [93.56661791243131, 19.88601370784672], [93.56128068463804, 19.889529786780155], [93.55469811300003, 19.893866278000075], [93.55459518524725, 19.893982859424206], [93.54672285200007, 19.902899481000077], [93.55160566500007, 19.90574778900009], [93.55563402730371, 19.909365093946434], [93.55958092500003, 19.912909247000073], [93.56592858200008, 19.916571356000077], [93.52906334700003, 19.930080471000053], [93.51832116000003, 19.939601955000057], [93.53191165500004, 19.95136139500005], [93.52726140528391, 19.953622642965474], [93.51710045700008, 19.95856354400007], [93.51422034136834, 19.965238097614982], [93.51197350400008, 19.970445054000038], [93.51203460837311, 19.970579483640748], [93.51321421440993, 19.97317461730829], [93.51685631600003, 19.98118724200009], [93.53191165500004, 19.984849351000037], [93.53178404821217, 19.985245372086354], [93.52955162900008, 19.99217357000009], [93.52564537900008, 19.999172268000052], [93.52558335439518, 19.999140622792517], [93.52288846279426, 19.9977656780568], [93.51368248800003, 19.993068752000056], [93.50342858200008, 19.986273505000042], [93.49586022200003, 19.977362372000073], [93.49416991021079, 19.971652873662325], [93.49219811300003, 19.964992580000057], [93.49204346986568, 19.965157532680916], [93.48731530000003, 19.97020091400009], [93.48059558665966, 19.9754938385351], [93.47543379000007, 19.97955963700008], [93.47087613217964, 19.984416157763786], [93.47046959700003, 19.984849351000037], [93.46881571107522, 19.979590365016076], [93.46322675900007, 19.961818752000056], [93.45704186300003, 19.954250393000052], [93.45702387947279, 19.954245444043906], [93.45347719606848, 19.95326941857348], [93.44654381600003, 19.95136139500005], [93.44540553977706, 19.951769689792798], [93.43531334700003, 19.95538971600007], [93.42574584441422, 19.96322350976177], [93.42318769600007, 19.965318101000037], [93.4231396161205, 19.965379219493478], [93.41885044080568, 19.97083156121492], [93.41358483200008, 19.97752513200004], [93.41353398508932, 19.97766919825588], [93.41345141056433, 19.97790315942411], [93.40967858200008, 19.98859284100007], [93.40447024800005, 20.012925523000035], [93.38396243600005, 20.064398505000042], [93.38233483200008, 20.08852773600006], [93.37499940176332, 20.08852773600006], [93.375, 20.088573250692736], [93.3825, 20.088573250692736], [93.498, 20.165565649724538], [93.468, 20.19325485230887], [93.493, 20.22797672573809], [93.533, 20.20827066707106], [93.5755, 20.185746402054605], [93.633, 20.205455312103982], [93.69800000000001, 20.240643587804914]]], [[[93.74049067696535, 19.546695935453137], [93.74068442870697, 19.546398849425504], [93.74537194100003, 19.539211330000057], [93.74576139870172, 19.538424300915327], [93.74927819100003, 19.531317450000074], [93.75538170700008, 19.52301666900007], [93.78548192279843, 19.50051855497257], [93.80307050900007, 19.48737213700008], [93.81999759200005, 19.471502997000073], [93.83659915500004, 19.479396877000056], [93.84568132159409, 19.480704158590495], [93.85808353000004, 19.482489325000074], [93.88016012990803, 19.479202184542256], [93.88021894600007, 19.47919342700004], [93.88147186730137, 19.478441138744703], [93.89926191500007, 19.46775950700004], [93.90918439049315, 19.460372289557718], [93.91773522200003, 19.454006252000056], [93.95622806100005, 19.432521877000056], [93.97071373800003, 19.416937567000048], [93.97364342500003, 19.402736721000053], [93.97301939130743, 19.3927131770269], [93.97234134200005, 19.38182200700004], [93.96583092500003, 19.363023179000038], [93.95394941500007, 19.35488515800006], [93.94799861420964, 19.352173846374274], [93.94019616000003, 19.34861888200004], [93.91716556100005, 19.318304755000042], [93.91050898210572, 19.313029416342875], [93.90088951900003, 19.30540599200009], [93.8990645118709, 19.303428900398448], [93.89893639400003, 19.303290106000077], [93.89551842500003, 19.301174221000053], [93.88984667699664, 19.299737377986695], [93.88941491000003, 19.299627997000073], [93.88355553500003, 19.30149974200009], [93.8830375963634, 19.30260244967445], [93.88103274800005, 19.30687083500004], [93.87973232596546, 19.31057421260667], [93.87916100400008, 19.312201239000046], [93.87903540653338, 19.312255066463276], [93.87805964147898, 19.312673251311807], [93.87517337300005, 19.31391022300005], [93.86280358200008, 19.307766018000052], [93.86280358200008, 19.299750067000048], [93.86638431100005, 19.291083075000074], [93.86495407019952, 19.283057836362943], [93.86491946700005, 19.282863674000055], [93.85923962917454, 19.280023755087303], [93.85694420700008, 19.27887604400007], [93.85648810336751, 19.278841836237635], [93.84555097700007, 19.27802155200004], [93.82357832100007, 19.279120184000078], [93.81242492431439, 19.277813145438905], [93.80274498800003, 19.276678778000075], [93.79688561300003, 19.278509833000044], [93.78565514400003, 19.28656647300005], [93.77690392769942, 19.295557449519087], [93.77377363400007, 19.298773505000042], [93.74984785200007, 19.333319403000075], [93.74537194100003, 19.344916083000044], [93.74362510263437, 19.353294435970195], [93.74317467500003, 19.35545482000009], [93.73724090754365, 19.36299564961513], [93.73340905000003, 19.36786530200004], [93.73269143843326, 19.371519806177893], [93.73121178500003, 19.379055080000057], [93.72999108200008, 19.381740627000056], [93.72779381600003, 19.383734442000048], [93.72664549861416, 19.385208116119692], [93.72535241000003, 19.386867580000057], [93.72437584700003, 19.392726955000057], [93.72538196540745, 19.39440960128741], [93.72673587300005, 19.39667389500005], [93.73194420700008, 19.396429755000042], [93.73509114772568, 19.3967824291618], [93.73653680698465, 19.396944442593828], [93.73666425900007, 19.396958726000037], [93.73804772200003, 19.403265692000048], [93.73799716630724, 19.40337251129216], [93.73047936300003, 19.419256903000075], [93.71631920700008, 19.427394924000055], [93.6970214353762, 19.43327955317184], [93.68336022200003, 19.437445380000042], [93.66911868600005, 19.446478583000044], [93.66242850778968, 19.453730736059054], [93.65894616000003, 19.457505601000037], [93.64177493600005, 19.492010809000078], [93.64304041296825, 19.492168993712212], [93.65219160200007, 19.493312893000052], [93.65541392944574, 19.496296528709117], [93.65648804709117, 19.49729108181294], [93.65658613400007, 19.497381903000075], [93.65552819100003, 19.50409577000005], [93.65552487615138, 19.504100487284802], [93.65240903121234, 19.508534574426697], [93.64918053500003, 19.51312897300005], [93.68809715024996, 19.559398310026655], [93.68816165500004, 19.559475002000056], [93.69695071700005, 19.560288804000038], [93.70492597700007, 19.558294989000046], [93.72364342500003, 19.556382554000038], [93.73066965362298, 19.554267130348595], [93.7311211076576, 19.554131208705048], [93.73121178500003, 19.55410390800006], [93.74048912900008, 19.546698309000078], [93.74049067696535, 19.546695935453137]]], [[[93.74683678500003, 18.708807684000078], [93.73195158582345, 18.689692810538354], [93.73194420700008, 18.68968333500004], [93.73128899785719, 18.689264155951165], [93.71127363400007, 18.67645905200004], [93.69312584700003, 18.673773505000042], [93.68022568084493, 18.674331684853584], [93.66773522200003, 18.67487213700008], [93.64527428500003, 18.679348049000055], [93.63550866000003, 18.686672268000052], [93.63038170700008, 18.69920482000009], [93.61850019600007, 18.711493231000077], [93.61511717457438, 18.714190656799556], [93.59400475400008, 18.731024481000077], [93.53687532920573, 18.796273823382062], [93.49781334700003, 18.84088776200008], [93.49624580215392, 18.8437340935023], [93.49317467500003, 18.849310614000046], [93.48419691656719, 18.874828477555372], [93.48414147200003, 18.87498607000009], [93.56749668129359, 18.88118483821876], [93.57715905000003, 18.88190338700008], [93.58788719619572, 18.885940861278257], [93.59986412900008, 18.890448309000078], [93.61109459700003, 18.90525950700004], [93.62175540500004, 18.91034577000005], [93.62186595716763, 18.910229825046503], [93.64177493600005, 18.88934967700004], [93.66334069100003, 18.873195705000057], [93.67302493600005, 18.87051015800006], [93.68360436300003, 18.868963934000078], [93.70265528740832, 18.868380742330935], [93.70753014400003, 18.86823151200008], [93.71498815699277, 18.869100744392657], [93.74244225400008, 18.872300523000035], [93.7495131623378, 18.86518897736139], [93.74952233200008, 18.865179755000042], [93.75163821700005, 18.84088776200008], [93.74915774726882, 18.82804871163088], [93.74586022200003, 18.810980536000045], [93.74537194100003, 18.799994208000044], [93.74698282401957, 18.79274523471203], [93.74805748800003, 18.787909247000073], [93.75709069100003, 18.76520416900007], [93.75904381600003, 18.755560614000046], [93.75603274800005, 18.73151276200008], [93.75600593612162, 18.731446562756876], [93.74683678500003, 18.708807684000078]]], [[[93.42741479835452, 19.85377183369102], [93.41940265635735, 19.879633567617766], [93.40674889400003, 19.920477606000077], [93.40284264400003, 19.953070380000042], [93.40304980407211, 19.953051946257915], [93.42204837300005, 19.95136139500005], [93.442526263432, 19.938208599803414], [93.44263756600003, 19.93813711100006], [93.45337975400008, 19.92845286700009], [93.46119225400008, 19.91950104400007], [93.46181132932055, 19.918228499945286], [93.46412194100003, 19.91347890800006], [93.47055097700007, 19.905218817000048], [93.47160098424237, 19.90462139916431], [93.48471113400007, 19.89716217700004], [93.4974986338834, 19.887959611971098], [93.49878991000003, 19.88703034100007], [93.50256187811901, 19.87834048972849], [93.50521894600007, 19.872219143000052], [93.50114993600005, 19.825384833000044], [93.50521894600007, 19.80731842700004], [93.51375824570974, 19.785193877552103], [93.51685631600003, 19.777167059000078], [93.51832116000003, 19.76194896000004], [93.51199193518374, 19.745882465852006], [93.51197350400008, 19.745835679000038], [93.45679772200003, 19.788763739000046], [93.44068444100003, 19.810939846000053], [93.42741479835452, 19.85377183369102]]]]}}, {"type": "Feature", "properties": {"name": "Kyaukse", "division": "Mandalay Division"}, "geometry": {"type": "Polygon", "coordinates": [[[96.8255, 21.918712254943447], [96.8375, 21.874175005044037], [96.89750000000001, 21.82126896466036], [96.905, 21.79898688082503], [96.88, 21.779022903828764], [96.84, 21.804093497964136], [96.8255, 21.768807701033207], [96.7905, 21.744195362564795], [96.7005, 21.668939064667207], [96.628, 21.588994311112188], [96.563, 21.539238946481213], [96.508, 21.524355522071325], [96.443, 21.526681157681], [96.408, 21.524355522071325], [96.383, 21.496444991652073], [96.3805, 21.44153866335623], [96.363, 21.406629825633708], [96.4155, 21.364262571554164], [96.4355, 21.29672898943827], [96.428, 21.24920400296874], [96.368, 21.22916436327731], [96.413, 21.154574361417662], [96.30799999999999, 21.14664696241493], [96.248, 21.244077842830034], [96.143, 21.244077842830034], [96.133, 21.206791316557744], [96.0955, 21.221707057915598], [96.0955, 21.275763975651664], [96.108, 21.29812655074016], [96.088, 21.36798765706856], [96.0005, 21.37776555569076], [95.9925, 21.47364741867586], [96.0175, 21.50388832366233], [96.0275, 21.541099267264546], [96.0275, 21.58620474270099], [96.0125, 21.61642220376229], [96.0325, 21.638732584234287], [96.025, 21.708894838894338], [96.015, 21.75348353313842], [95.9795, 21.807343068619673], [96.036, 21.819412256802355], [96.088, 21.826374787045612], [96.13, 21.79898688082503], [96.1505, 21.774379720015933], [96.20400000000001, 21.803629267565604], [96.26050000000001, 21.799915370209643], [96.295, 21.77391539336716], [96.3265, 21.73165537966723], [96.3675, 21.691705922263388], [96.445, 21.676838177776023], [96.4765, 21.682878383988907], [96.495, 21.73769328580926], [96.5025, 21.78923737899849], [96.605, 21.822661479744212], [96.6225, 21.87139096505888], [96.675, 21.882990773344485], [96.7435, 21.921495370914766], [96.76, 21.95164230568007], [96.7535, 21.97760992417331], [96.7645, 21.993837274520278], [96.773, 21.993837274520278], [96.7855, 21.981319196405888], [96.8255, 21.918712254943447]]]}}, {"type": "Feature", "properties": {"name": "Kyebogyi", "division": "Karenni States"}, "geometry": {"type": "Polygon", "coordinates": [[[97.0565, 19.386878094061228], [97.059, 19.431678613313007], [97.1265, 19.459495876227113], [97.1815, 19.49202187663756], [97.239, 19.424134127203498], [97.321, 19.342065244329337], [97.361, 19.299599613310875], [97.291, 19.26420316497232], [97.239, 19.2542907890932], [97.229, 19.23446424046943], [97.239, 19.20424775396387], [97.239, 19.169303021312523], [97.1965, 19.164580191504147], [97.1015, 19.157023382394463], [97.064, 19.144270481916344], [97.0515, 19.119706564129412], [97.069, 19.084743925282766], [97.1015, 19.064424405059995], [97.0065, 19.042211848025914], [96.999, 19.09702893758122], [96.969, 19.116872030889233], [96.9515, 19.15466180853243], [96.924, 19.19197072009989], [96.879, 19.236824669457892], [96.8515, 19.314227909729354], [96.9015, 19.321777486166457], [96.9315, 19.37414306363272], [97.0065, 19.379331529558286], [97.0565, 19.386878094061228]]]}}, {"type": "Feature", "properties": {"name": "Kyong", "division": "Federated Shan States"}, "geometry": {"type": "Polygon", "coordinates": [[[96.609, 20.889944105353386], [96.7245, 20.91143070966413], [96.768, 20.82453117748749], [96.765, 20.755349470167747], [96.7315, 20.762362573440505], [96.619, 20.763765155047352], [96.609, 20.889944105353386]]]}}, {"type": "Feature", "properties": {"name": "Lai Hsak", "division": "Federated Shan States"}, "geometry": {"type": "MultiPolygon", "coordinates": [[[[97.226, 21.06828281390528], [97.286, 21.093009303412373], [97.3335, 21.162967615414946], [97.361, 21.18581350612849], [97.3385, 21.108402963473242], [97.34100000000001, 21.083679035917488], [97.311, 21.051018487748472], [97.3, 20.991277813636856], [97.18, 20.956729325885636], [97.136, 21.050551856541496], [97.226, 21.06828281390528]]], [[[97.311, 21.051018487748472], [97.30019588066759, 20.991511932183506], [97.30003450958816, 20.991465234187764], [97.311, 21.051018487748472]]]]}}, {"type": "Feature", "properties": {"name": "Laihka", "division": "Federated Shan States"}, "geometry": {"type": "Polygon", "coordinates": [[[97.336, 21.22823222072325], [97.3265, 21.261319672486646], [97.4265, 21.25386399379451], [97.4625, 21.276229897313545], [97.4625, 21.332595520899773], [97.475, 21.393595054270158], [97.5115, 21.41593966495391], [97.6115, 21.429903311468195], [97.695, 21.442469451427634], [97.7375, 21.475043291044], [97.806, 21.52993698498006], [97.854, 21.583415120553173], [97.9165, 21.563421256449953], [97.9465, 21.48574453468478], [98.0015, 21.43595381022616], [98.0015, 21.388473933323912], [97.9865, 21.340978641164337], [97.9965, 21.26364949466938], [98.01650000000001, 21.231028630712387], [98.07900000000001, 21.176022842197103], [98.1165, 21.146180631612403], [98.07300000000001, 21.093009303412373], [97.993, 20.99827991172735], [97.913, 20.988010055488004], [97.8055, 20.94552269655843], [97.6985, 20.970736432035345], [97.6335, 20.9931450719031], [97.5385, 20.920771751523944], [97.516, 20.985675898749886], [97.506, 21.063150385644686], [97.4685, 21.120530177373393], [97.361, 21.18581350612849], [97.336, 21.22823222072325]]]}}, {"type": "Feature", "properties": {"name": "Lawk Sawk", "division": "Federated Shan States"}, "geometry": {"type": "Polygon", "coordinates": [[[97.2115, 21.86443062752732], [97.2315, 21.809664145369375], [97.2625, 21.766021610388112], [97.274, 21.734906591416745], [97.265, 21.693564282447195], [97.2425, 21.66615103907516], [97.1665, 21.58992415530681], [97.13550000000001, 21.51458744598437], [97.1905, 21.50854021272168], [97.24, 21.483418244279974], [97.26650000000001, 21.443400233560304], [97.269, 21.393595054270158], [97.274, 21.364728212424833], [97.3015, 21.32980104101582], [97.319, 21.307443286431862], [97.3265, 21.261319672486646], [97.336, 21.22823222072325], [97.361, 21.18581350612849], [97.3335, 21.162967615414946], [97.286, 21.093009303412373], [97.226, 21.06828281390528], [97.136, 21.050551856541496], [97.026, 21.048218678566982], [97.0185, 21.03328547384494], [96.9585, 21.018350772342878], [96.916, 21.00061387144263], [96.8785, 21.003414574925582], [96.78399999999999, 21.028151838986197], [96.714, 21.080879841424853], [96.709, 21.127992585478534], [96.739, 21.2179782638853], [96.734, 21.287877459293853], [96.759, 21.36798765706856], [96.779, 21.495514548370178], [96.8115, 21.542959564205034], [96.7815, 21.605265722219734], [96.8165, 21.662898274432592], [96.804, 21.7102884448858], [96.8255, 21.768807701033207], [96.84, 21.804093497964136], [96.88, 21.779022903828764], [96.905, 21.79898688082503], [96.89750000000001, 21.82126896466036], [96.8375, 21.874175005044037], [96.8255, 21.918712254943447], [96.7855, 21.981319196405888], [96.798, 21.981319196405888], [96.80199999999999, 21.977146258329693], [96.806, 21.977146258329693], [96.8105, 21.972973197598684], [96.8145, 21.972973197598684], [96.8355, 21.952106054770056], [96.8435, 21.952106054770056], [96.848, 21.95627972849712], [96.86449999999999, 21.95627972849712], [96.8685, 21.960453279662055], [96.88550000000001, 21.960453279662055], [96.8895, 21.960453279662055], [96.898, 21.952106054770056], [96.906, 21.943758339703745], [96.9105, 21.943758339703745], [96.9145, 21.939584298401606], [96.952, 21.939584298401606], [96.956, 21.943758339703745], [96.956, 21.952106054770056], [96.9605, 21.95627972849712], [96.9605, 21.960453279662055], [96.9645, 21.964626708246318], [96.9645, 21.98549201180873], [96.9645, 21.993837274520278], [96.9605, 21.99800972179193], [96.956, 22.00218204631615], [96.956, 22.014698283219076], [96.9645, 22.023041827077858], [96.9645, 22.03138487950276], [96.9855, 22.05224035957105], [96.9855, 22.05641108669502], [96.98949999999999, 22.060581690812658], [96.98949999999999, 22.064752171905482], [96.9855, 22.068922529955028], [96.9855, 22.073092764942857], [96.977, 22.081432865659433], [96.977, 22.098111589539712], [96.977, 22.10228096257866], [96.973, 22.106450212408287], [96.973, 22.110619339010135], [96.973, 22.13563150980625], [96.973, 22.139799773297856], [96.9685, 22.14396791341431], [96.9685, 22.14813593013725], [96.9685, 22.168974162204865], [96.9685, 22.17730859063329], [96.9645, 22.181475619545694], [96.9645, 22.18980930667495], [96.956, 22.198142499421024], [96.956, 22.202308910354464], [96.94800000000001, 22.210641361250275], [96.94800000000001, 22.21480740117594], [96.9435, 22.218973317395633], [96.9435, 22.24813126562573], [96.9435, 22.260625671729553], [96.94800000000001, 22.264790225973318], [96.952, 22.268954656291136], [96.9685, 22.268954656291136], [96.973, 22.264790225973318], [96.977, 22.264790225973318], [96.9855, 22.25646099357816], [96.98949999999999, 22.25646099357816], [96.9935, 22.25229619153744], [96.998, 22.25229619153744], [97.006, 22.24396621586137], [97.031, 22.24396621586137], [97.0395, 22.25229619153744], [97.0435, 22.25229619153744], [97.048, 22.25646099357816], [97.056, 22.25646099357816], [97.0605, 22.25646099357816], [97.0645, 22.25229619153744], [97.07300000000001, 22.25229619153744], [97.077, 22.24813126562573], [97.0855, 22.24813126562573], [97.0895, 22.24396621586137], [97.1185, 22.24396621586137], [97.123, 22.24813126562573], [97.131, 22.24813126562573], [97.13550000000001, 22.25229619153744], [97.1435, 22.25229619153744], [97.152, 22.24396621586137], [97.1605, 22.24396621586137], [97.181, 22.223139109891036], [97.181, 22.218973317395633], [97.1895, 22.210641361250275], [97.1935, 22.206475197636983], [97.2105, 22.206475197636983], [97.2145, 22.206475197636983], [97.2185, 22.202308910354464], [97.223, 22.206475197636983], [97.23949999999999, 22.206475197636983], [97.2435, 22.210641361250275], [97.252, 22.210641361250275], [97.256, 22.21480740117594], [97.26050000000001, 22.21480740117594], [97.2685, 22.223139109891036], [97.277, 22.223139109891036], [97.299, 22.181938615131415], [97.3415, 22.12914729919115], [97.3785, 22.01701598357751], [97.371, 22.0392639776424], [97.318, 21.99059195290286], [97.253, 21.935410134611548], [97.223, 21.904795859229775], [97.2115, 21.86443062752732]]]}}, {"type": "Feature", "properties": {"name": "Loilong", "division": "Federated Shan States"}, "geometry": {"type": "Polygon", "coordinates": [[[96.7005, 20.18058413264507], [96.77799999999999, 20.195601168805243], [96.803, 20.26269084734231], [96.88550000000001, 20.280514001914128], [96.908, 20.19043922586514], [96.918, 20.12284893977214], [96.923, 20.06039583503085], [96.95353287572354, 19.971901693713953], [96.953, 19.97301370939804], [96.978, 19.920843210959774], [96.938, 19.847963709232115], [96.9755, 19.80563120977037], [96.9855, 19.728463031521457], [96.983, 19.700692181787016], [96.893, 19.750582119485685], [96.7705, 19.745876187192117], [96.7255, 19.78069679881414], [96.69800000000001, 19.740699501418018], [96.6455, 19.718108363394563], [96.6155, 19.75811132249367], [96.52799999999999, 19.820213677092553], [96.4805, 19.835265143613384], [96.4305, 19.96784442981286], [96.38550000000001, 20.017650430889905], [96.338, 20.06509242260032], [96.363, 20.09796459686718], [96.413, 20.06039583503085], [96.4755, 20.045365810201922], [96.5455, 20.06791030764908], [96.5755, 20.125196314977476], [96.6055, 20.170259080996985], [96.661, 20.275354878298497], [96.7005, 20.18058413264507]]]}}, {"type": "Feature", "properties": {"name": "Lonpo", "division": "Federated Shan States"}, "geometry": {"type": "Polygon", "coordinates": [[[96.7235, 20.339597164602857], [96.676, 20.30443133159626], [96.661, 20.275354878298497], [96.6055, 20.170259080996985], [96.583, 20.327407247763553], [96.57300000000001, 20.45816417069961], [96.6755, 20.463317186330006], [96.743, 20.444578119010046], [96.7365, 20.39865775071928], [96.725, 20.3925652442677], [96.7235, 20.339597164602857]]]}}, {"type": "Feature", "properties": {"name": "Lower Chindwin", "division": "Sagaing Division"}, "geometry": {"type": "Polygon", "coordinates": [[[94.3745, 22.67692606159992], [94.4045, 22.58185574093618], [94.457, 22.599397929227845], [94.53450000000001, 22.586933972609984], [94.5795, 22.65201107670306], [94.6645, 22.69676253494334], [94.6695, 22.7544103856839], [94.7105, 22.756254715636754], [94.7795, 22.781611726542966], [94.8145, 22.72674244916491], [94.8695, 22.721669386818547], [94.9435, 22.72351415852822], [94.941, 22.665853293527533], [95.041, 22.63586005971711], [95.09100000000001, 22.605860277299904], [95.1985, 22.598474711876356], [95.2385, 22.56338786617439], [95.241, 22.49364935698846], [95.2835, 22.44374858242085], [95.3535, 22.446059200163532], [95.406, 22.396141298000902], [95.46600000000001, 22.383659019930867], [95.523, 22.43958937348908], [95.523, 22.41463150199647], [95.527, 22.41047142060048], [95.523, 22.406311214639512], [95.523, 22.402150884131782], [95.531, 22.393829849548887], [95.5395, 22.38550831699743], [95.5435, 22.38550831699743], [95.548, 22.381347364029068], [95.5435, 22.377186286623203], [95.5435, 22.373025084798115], [95.5355, 22.364702307963086], [95.5395, 22.360540732989634], [95.548, 22.360540732989634], [95.55199999999999, 22.356379033669864], [95.556, 22.352217210022022], [95.556, 22.33973099329256], [95.5685, 22.32724365826748], [95.581, 22.32724365826748], [95.5855, 22.32308096483419], [95.5855, 22.31475520543981], [95.581, 22.310592139515286], [95.577, 22.310592139515286], [95.5685, 22.302265635302884], [95.5685, 22.298102197051584], [95.57300000000001, 22.293938634727944], [95.577, 22.298102197051584], [95.5935, 22.298102197051584], [95.598, 22.293938634727944], [95.598, 22.28977494835024], [95.602, 22.285611137936762], [95.602, 22.277283145075693], [95.598, 22.273118962664693], [95.5935, 22.273118962664693], [95.5895, 22.268954656291136], [95.5935, 22.264790225973318], [95.598, 22.264790225973318], [95.602, 22.260625671729553], [95.602, 22.25646099357816], [95.598, 22.25229619153744], [95.598, 22.24813126562573], [95.602, 22.24396621586137], [95.602, 22.235635744847926], [95.598, 22.231470323635538], [95.602, 22.227304778643784], [95.6105, 22.227304778643784], [95.61449999999999, 22.223139109891036], [95.61449999999999, 22.21480740117594], [95.61449999999999, 22.210641361250275], [95.6185, 22.206475197636983], [95.5955, 22.18888336584967], [95.5845, 22.12544190199201], [95.5255, 22.137947226976426], [95.513, 22.096721771150076], [95.4705, 22.08930917526045], [95.4345, 22.037873580426222], [95.37049999999999, 22.017943053105963], [95.313, 22.01145343903279], [95.2695, 21.99800972179193], [95.238, 21.94422211450886], [95.203, 21.94932353753776], [95.178, 21.930308212553612], [95.1755, 21.870462939662616], [95.131, 21.850508934605894], [95.111, 21.833801112489002], [95.0305, 21.85561371289305], [94.8955, 21.86814284977548], [94.8105, 21.865822722181562], [94.73349999999999, 21.848188520544973], [94.65350000000001, 21.850508934605894], [94.602, 21.819876436025304], [94.571, 21.773451065215315], [94.529, 21.793415818149803], [94.441, 21.85561371289305], [94.4485, 21.927989096603202], [94.451, 21.98827382058295], [94.4055, 22.055484269074782], [94.416, 22.12081001848159], [94.401, 22.170363267920223], [94.4185, 22.235635744847926], [94.3735, 22.257849233395003], [94.306, 22.29070022270952], [94.2635, 22.355454194714117], [94.263, 22.477017762771272], [94.2685, 22.56015573371647], [94.245, 22.654318209785473], [94.3745, 22.67692606159992]]]}}, {"type": "Feature", "properties": {"name": "Magwe", "division": "Magwe Division"}, "geometry": {"type": "Polygon", "coordinates": [[[95.094, 20.058047488524473], [95.0625, 20.074485175870283], [95.0535, 20.096086372682947], [95.016, 20.126604723185263], [94.9855, 20.1824613413031], [94.97149999999999, 20.26269084734231], [94.9615, 20.3550675976954], [94.919, 20.442704086575826], [94.854, 20.51483782546279], [94.8765, 20.578512109290525], [94.9065, 20.54621008873612], [95.0215, 20.595830667577744], [95.104, 20.621102870706956], [95.154, 20.63841658885625], [95.229, 20.71326402172056], [95.294, 20.785737233578235], [95.3535, 20.83574684249031], [95.446, 20.846027134800448], [95.5335, 20.82079243688648], [95.561, 20.82593318129093], [95.621, 20.75862229218621], [95.6235, 20.724955597755336], [95.646, 20.67490932184768], [95.6185, 20.574767297655605], [95.6635, 20.557446348930544], [95.7235, 20.512496353898378], [95.736, 20.47268586258427], [95.791, 20.42255679526548], [95.851, 20.39022190842218], [95.8285, 20.330220390794217], [95.871, 20.232668276487708], [95.876, 20.18293063993526], [95.913, 20.14256579598421], [95.896, 20.117684590289304], [95.8535, 20.06791030764908], [95.846, 20.007784455737692], [95.871, 19.922723528259368], [95.9005, 19.84279034212899], [95.831, 19.660674856920934], [95.7585, 19.663029093863884], [95.6785, 19.65314106646867], [95.65350000000001, 19.69316027277003], [95.626, 19.71528424657399], [95.541, 19.712930777784102], [95.4985, 19.74305256121586], [95.461, 19.792929261973633], [95.40350000000001, 19.815509801478182], [95.3085, 19.770345519382854], [95.2435, 19.787754103764225], [95.226, 19.84279034212899], [95.146, 19.872887568591846], [95.15350000000001, 19.902979081480193], [95.151, 19.95280556217509], [95.099, 20.01060336891823], [95.094, 20.058047488524473]]]}}, {"type": "Feature", "properties": {"name": "Mandalay", "division": "Mandalay Division"}, "geometry": {"type": "Polygon", "coordinates": [[[96.4005, 22.39845270802631], [96.43, 22.391056060687703], [96.45400000000001, 22.352217210022022], [96.4465, 22.30041523362104], [96.47749999999999, 22.260625671729553], [96.5075, 22.210641361250275], [96.54599999999999, 22.139799773297856], [96.609, 22.162954545540835], [96.7065, 22.135168361803352], [96.76650000000001, 22.095331939073233], [96.779, 22.052703779769754], [96.7535, 22.01608890798328], [96.7575, 22.0049635277968], [96.76050000000001, 22.00218204631615], [96.76050000000001, 21.99800972179193], [96.7645, 21.993837274520278], [96.7535, 21.97760992417331], [96.76, 21.95164230568007], [96.7435, 21.921495370914766], [96.675, 21.882990773344485], [96.6225, 21.87139096505888], [96.605, 21.822661479744212], [96.5025, 21.78923737899849], [96.495, 21.73769328580926], [96.4765, 21.682878383988907], [96.445, 21.676838177776023], [96.3675, 21.691705922263388], [96.3265, 21.73165537966723], [96.295, 21.77391539336716], [96.26050000000001, 21.799915370209643], [96.20400000000001, 21.803629267565604], [96.1505, 21.774379720015933], [96.13, 21.79898688082503], [96.088, 21.826374787045612], [96.036, 21.819412256802355], [95.9795, 21.807343068619673], [95.97, 21.868606870769547], [96.0135, 21.91546521755785], [96.03999999999999, 21.974827906398286], [96.033, 21.99800972179193], [96.018, 22.080506212118763], [96.008, 22.1124722446071], [95.99549999999999, 22.162954545540835], [95.9935, 22.210641361250275], [95.9935, 22.235635744847926], [95.98949999999999, 22.239801042262645], [95.98949999999999, 22.293938634727944], [95.98949999999999, 22.310592139515286], [95.9935, 22.31475520543981], [95.9935, 22.318918147218877], [95.9855, 22.32724365826748], [95.9855, 22.34805526206436], [95.981, 22.352217210022022], [95.981, 22.356379033669864], [95.9685, 22.36886375857199], [95.9685, 22.377186286623203], [95.9685, 22.3979904290955], [95.9605, 22.406311214639512], [95.9605, 22.41463150199647], [95.9645, 22.418791458809284], [95.9645, 22.42295129102075], [95.973, 22.431270581566793], [95.973, 22.43958937348908], [95.973, 22.477017762771272], [95.973, 22.489491645781374], [95.977, 22.49364935698846], [95.977, 22.497806943267168], [95.981, 22.50196440459935], [95.981, 22.506121740966883], [95.98949999999999, 22.5144360387355], [95.9935, 22.51859300010031], [95.9935, 22.52274983642796], [95.98949999999999, 22.52690654770035], [95.98949999999999, 22.531063133899348], [95.981, 22.539375931004734], [95.977, 22.543532141874906], [95.973, 22.547688227599263], [95.973, 22.552305953828366], [95.973, 22.560617471562658], [95.9685, 22.564773042608543], [95.9685, 22.57308380896736], [95.956, 22.585549018902025], [95.956, 22.59385853224524], [95.952, 22.59801310087867], [95.9435, 22.60632186197888], [95.9435, 22.610476054409553], [95.9395, 22.614630121403216], [95.9395, 22.631245134646637], [95.9355, 22.635398574184507], [95.9815, 22.724436535055204], [96.0185, 22.7355045682545], [96.078, 22.71152269785404], [96.108, 22.688920551426737], [96.1315, 22.691688361563834], [96.173, 22.71521248997073], [96.2035, 22.739654849760896], [96.206, 22.741499378876856], [96.206, 22.7355045682545], [96.2105, 22.731354160769033], [96.2145, 22.731354160769033], [96.2185, 22.72720362732245], [96.2185, 22.718902182617803], [96.223, 22.71475127139563], [96.223, 22.706449071301503], [96.2185, 22.70229778246547], [96.2185, 22.6981463677941], [96.223, 22.69353353726313], [96.227, 22.69353353726313], [96.231, 22.6981463677941], [96.2355, 22.69353353726313], [96.2355, 22.689381856998416], [96.2355, 22.685230050954324], [96.23949999999999, 22.68107811914882], [96.2355, 22.67692606159992], [96.2355, 22.672773878325618], [96.2355, 22.660316574330256], [96.23949999999999, 22.656163888334355], [96.2355, 22.65201107670306], [96.2355, 22.647858139454403], [96.23949999999999, 22.64370507660642], [96.23949999999999, 22.64324361742659], [96.244, 22.635398574184507], [96.248, 22.635398574184507], [96.252, 22.631245134646637], [96.26050000000001, 22.622937879007242], [96.256, 22.618784062941796], [96.273, 22.60216754412923], [96.273, 22.59801310087867], [96.277, 22.59385853224524], [96.277, 22.589703838247008], [96.281, 22.585549018902025], [96.2855, 22.585549018902025], [96.298, 22.57308380896736], [96.298, 22.552305953828366], [96.30199999999999, 22.547688227599263], [96.2895, 22.535219595006847], [96.2895, 22.531063133899348], [96.2935, 22.52690654770035], [96.30199999999999, 22.51859300010031], [96.3145, 22.51859300010031], [96.3185, 22.5144360387355], [96.3355, 22.497806943267168], [96.3355, 22.489491645781374], [96.3395, 22.48533380966404], [96.3355, 22.481175848654637], [96.3355, 22.468701216455287], [96.327, 22.460384170861364], [96.327, 22.452066626134773], [96.32300000000001, 22.447907666642145], [96.32300000000001, 22.43958937348908], [96.32300000000001, 22.427110998612644], [96.3185, 22.42295129102075], [96.3185, 22.418791458809284], [96.32300000000001, 22.41463150199647], [96.4005, 22.39845270802631]]]}}, {"type": "Feature", "properties": {"name": "Manglon", "division": "Federated Shan States"}, "geometry": {"type": "Polygon", "coordinates": [[[98.406, 22.25229619153744], [98.398, 22.260625671729553], [98.398, 22.264790225973318], [98.3895, 22.273118962664693], [98.3895, 22.277283145075693], [98.3935, 22.28144720350582], [98.398, 22.28144720350582], [98.402, 22.285611137936762], [98.402, 22.28977494835024], [98.398, 22.293938634727944], [98.398, 22.298102197051584], [98.3895, 22.306428949463545], [98.3895, 22.31475520543981], [98.3935, 22.318918147218877], [98.3935, 22.32308096483419], [98.3935, 22.33140622750048], [98.402, 22.33973099329256], [98.402, 22.352217210022022], [98.406, 22.356379033669864], [98.4105, 22.360540732989634], [98.4105, 22.364702307963086], [98.406, 22.36886375857199], [98.406, 22.389669145510105], [98.406, 22.393829849548887], [98.402, 22.3979904290955], [98.402, 22.41463150199647], [98.398, 22.418791458809284], [98.4665, 22.44883189064238], [98.5005, 22.480251840360385], [98.5095, 22.51674547715155], [98.5135, 22.550920652186065], [98.536, 22.583702392296463], [98.5445, 22.597089874239497], [98.539, 22.614630121403216], [98.526, 22.654318209785473], [98.51650000000001, 22.68107811914882], [98.496, 22.71521248997073], [98.4665, 22.73642686392141], [98.4455, 22.755793635483084], [98.443, 22.781150732028095], [98.451, 22.818486238502032], [98.474, 22.842910106212965], [98.522, 22.862261755244905], [98.556, 22.875161323901267], [98.584, 22.882071303161577], [98.6195, 22.888980930723452], [98.6325, 22.919839637813332], [98.6555, 22.90970770239279], [98.7235, 22.919839637813332], [98.781, 22.882531955941683], [98.816, 22.847517891528287], [98.8685, 22.809729445301322], [98.9385, 22.74011598437322], [98.961, 22.67738740753657], [98.981, 22.585087364571482], [99.021, 22.477479778479914], [99.093, 22.415093725572703], [99.19800000000001, 22.36285273443856], [99.23746767089078, 22.379946350178205], [99.24058801300009, 22.372950745000068], [99.24095518181457, 22.372504897108595], [99.24637577300007, 22.365922750000053], [99.24762953378905, 22.3581032438537], [99.24780793983629, 22.356990553781397], [99.2483394780001, 22.353675435000028], [99.24368859900005, 22.34122141600004], [99.22626148237295, 22.321841261334537], [99.22570520000005, 22.321222637000105], [99.21836714700004, 22.310008851000063], [99.20933576020245, 22.273959840345736], [99.20617150900006, 22.261329651000025], [99.2045919006511, 22.25760799806444], [99.1993502200001, 22.245258281000062], [99.16638065600006, 22.204640605000023], [99.15935266100013, 22.184693502000115], [99.15994758849092, 22.18408683254228], [99.1195, 22.161102303965485], [99.126, 22.130999961249874], [99.131, 22.118494019645546], [99.107, 22.09996465943353], [99.096, 22.06984925947683], [99.0935, 22.029994404898904], [99.0595, 22.021187748684724], [99.02850000000001, 21.991055574821967], [99.0495, 21.965090414965957], [99.0645, 21.933554911392605], [99.03450000000001, 21.85886211319124], [98.9995, 21.861182353886267], [98.916, 21.802700802254403], [98.94200000000001, 21.75394792589834], [98.961, 21.70285572366055], [98.98349999999999, 21.64895702384477], [98.947, 21.61270347220298], [98.8885, 21.552725731905458], [98.8035, 21.529006756056294], [98.7285, 21.519238992681], [98.6585, 21.555050913034798], [98.606, 21.55412084505575], [98.566, 21.552725731905458], [98.5175, 21.57504593174574], [98.5025, 21.601546703822237], [98.5425, 21.654068972113073], [98.521, 21.73629994536751], [98.5185, 21.836121760110046], [98.566, 21.954888517538535], [98.5585, 21.991055574821967], [98.516, 22.015161826323492], [98.4885, 22.036019696225278], [98.4725, 22.072629411577456], [98.44, 22.074946163209088], [98.3815, 22.132389441805973], [98.38550000000001, 22.17314143818022], [98.4105, 22.18564252489904], [98.4105, 22.223139109891036], [98.4105, 22.227304778643784], [98.406, 22.231470323635538], [98.406, 22.25229619153744]]]}}, {"type": "Feature", "properties": {"name": "Maubin", "division": "Irrawaddy Division"}, "geometry": {"type": "Polygon", "coordinates": [[[95.447, 16.761445614222755], [95.405, 16.778680081106977], [95.3495, 16.801656938824916], [95.31700000000001, 16.851430582636706], [95.372, 16.983936796268623], [95.3745, 17.028881581019302], [95.4445, 17.028881581019302], [95.4545, 17.083852536513923], [95.447, 17.12877328388776], [95.4995, 17.144062978635883], [95.5145, 17.181326334984874], [95.537, 17.213806225817994], [95.557, 17.25630805231958], [95.4945, 17.39806901661757], [95.5845, 17.36800765938855], [95.605, 17.356077181548322], [95.6445, 17.33269119302398], [95.712, 17.325531621154663], [95.7745, 17.317894436866702], [95.89150000000001, 17.111570874166297], [95.9315, 16.998760204054474], [95.9265, 16.901669536054087], [95.931, 16.86052243093601], [95.93097608149844, 16.860371348433276], [95.939, 16.786339342571388], [95.969, 16.71404278303819], [95.89, 16.61393149246577], [95.8885, 16.610098441888407], [95.883, 16.579910496686853], [95.883, 16.53485936259498], [95.8755, 16.524793309172786], [95.8065, 16.549238528152877], [95.789, 16.60434872259831], [95.7565, 16.62159736407171], [95.7015, 16.623992886165833], [95.6395, 16.644114090808568], [95.5945, 16.578952071614147], [95.577, 16.648904542577426], [95.542, 16.696802467819207], [95.5245, 16.738942710360508], [95.447, 16.761445614222755]]]}}, {"type": "Feature", "properties": {"name": "Maw", "division": "Federated Shan States"}, "geometry": {"type": "Polygon", "coordinates": [[[96.59649999999999, 21.009949345307902], [96.523, 21.008082297260227], [96.483, 20.931046225200443], [96.479, 20.926843116578414], [96.438, 20.94832443256799], [96.3755, 20.931046225200443], [96.3255, 20.96560064545369], [96.303, 21.03561888576943], [96.30799999999999, 21.14664696241493], [96.413, 21.154574361417662], [96.368, 21.22916436327731], [96.428, 21.24920400296874], [96.4355, 21.29672898943827], [96.4155, 21.364262571554164], [96.363, 21.406629825633708], [96.3805, 21.44153866335623], [96.383, 21.496444991652073], [96.408, 21.524355522071325], [96.443, 21.526681157681], [96.508, 21.524355522071325], [96.563, 21.539238946481213], [96.628, 21.588994311112188], [96.7005, 21.668939064667207], [96.7905, 21.744195362564795], [96.8255, 21.768807701033207], [96.804, 21.7102884448858], [96.8165, 21.662898274432592], [96.7815, 21.605265722219734], [96.8115, 21.542959564205034], [96.779, 21.495514548370178], [96.759, 21.36798765706856], [96.734, 21.287877459293853], [96.739, 21.2179782638853], [96.709, 21.127992585478534], [96.714, 21.080879841424853], [96.613, 21.01088286056957], [96.59649999999999, 21.009949345307902]]]}}, {"type": "Feature", "properties": {"name": "Mawk Mai", "division": "Federated Shan States"}, "geometry": {"type": "Polygon", "coordinates": [[[97.9487560653865, 19.603024824036098], [97.94805708900003, 19.60242218100008], [97.94787120821185, 19.602333717800906], [97.8785, 19.631950384384194], [97.821, 19.63665966656926], [97.7435, 19.646548709597425], [97.681, 19.66679580107647], [97.6385, 19.6766829864066], [97.6035, 19.724227112014177], [97.611, 19.78916552722925], [97.621, 19.8291506572881], [97.5935, 19.86160177784007], [97.536, 19.876649320312012], [97.4735, 19.926484095760877], [97.46600000000001, 20.001676637275377], [97.4485, 20.066501371452684], [97.4685, 20.131299325575498], [97.46600000000001, 20.186215690795294], [97.471, 20.258938343384248], [97.4585, 20.351317331931043], [97.4985, 20.418808170858323], [97.5735, 20.44364110564904], [97.6885, 20.488611299610582], [97.791, 20.483927519173903], [97.84100000000001, 20.448794608439922], [97.90350000000001, 20.411310648145534], [97.931, 20.403812760326954], [98.0235, 20.413653663218824], [98.0835, 20.39865775071928], [98.118, 20.39115924703552], [98.158, 20.393971228673863], [98.1035, 20.33115809376594], [98.076, 20.23642141514594], [98.041, 20.183869232960628], [98.101, 20.11392859265519], [98.138, 20.083877366466012], [98.1955, 20.064153116334662], [98.2805, 20.031273855267358], [98.333, 20.051471931355607], [98.378, 20.019059805396083], [98.4005, 19.95891527505315], [98.393, 19.906740118496153], [98.418, 19.834324468727807], [98.4605, 19.75669962399584], [98.489, 19.70681159683225], [98.4954755981897, 19.702149611774733], [98.48879927600012, 19.706705220000018], [98.47780068600014, 19.70562927200008], [98.47453658000006, 19.70530995700004], [98.4612408722729, 19.698622766671267], [98.43960331200009, 19.687739970000067], [98.41686326606927, 19.687037474123986], [98.39443811100011, 19.6863447060001], [98.34761926300007, 19.690633851000072], [98.32426697432159, 19.69025961526663], [98.30731164500003, 19.689987895000073], [98.2798007434496, 19.67755692414312], [98.26276656200014, 19.669859924000022], [98.23754846200006, 19.66469228100003], [98.21915165200005, 19.676991272000052], [98.21913417395531, 19.67706500749712], [98.21667118300007, 19.687455750000098], [98.2174474776551, 19.70029695055989], [98.21791015373475, 19.70795037995645], [98.21791141800003, 19.707971293000057], [98.21765118576887, 19.708519226469544], [98.21326432719225, 19.717756001750274], [98.21326053900009, 19.717763978000036], [98.20592248500009, 19.721484681000035], [98.19796676890806, 19.723849565855204], [98.17202274600004, 19.73156158400009], [98.15011653244837, 19.75055171086339], [98.13223189300004, 19.766055603000055], [98.1113546150001, 19.777140198000055], [98.08599287756786, 19.773170982332445], [98.0859298100001, 19.773161112000068], [98.07290734900005, 19.777295227000096], [98.06603602244911, 19.78657729199159], [98.06060835800008, 19.7939092000001], [98.04562219200011, 19.807629293000062], [98.02453820800008, 19.802978414000094], [98.0179236240001, 19.78938751300008], [98.0089173366958, 19.74515896060023], [98.00459110500009, 19.723913472999996], [98.00562463400007, 19.705645854000053], [98.00833153493622, 19.693794703041306], [98.01389286300008, 19.669446513000096], [98.01372104088526, 19.659638315195533], [98.01358280500011, 19.651747334999996], [98.01226802660626, 19.648595733718015], [98.00831180900008, 19.639112447000073], [98.00014693200006, 19.6362960820001], [97.99515799096238, 19.63642876652294], [97.99043176300012, 19.63655446400007], [97.97947636000004, 19.633324685999995], [97.9793721972009, 19.633237066719044], [97.97069136600004, 19.62593495700007], [97.96224740420708, 19.616338184621167], [97.95611861200007, 19.60937266000009], [97.9487560653865, 19.603024824036098]]]}}, {"type": "Feature", "properties": {"name": "Mawnang", "division": "Federated Shan States"}, "geometry": {"type": "Polygon", "coordinates": [[[96.765, 20.755349470167747], [96.82900000000001, 20.71419938100974], [96.85249999999999, 20.68707161813394], [96.85, 20.65058180673858], [96.8375, 20.62297471896881], [96.7745, 20.660406849058347], [96.765, 20.755349470167747]]]}}, {"type": "Feature", "properties": {"name": "Meiktila", "division": "Mandalay Division"}, "geometry": {"type": "Polygon", "coordinates": [[[95.571, 20.88573984466864], [95.5335, 20.983341705536603], [95.531, 21.02581831013738], [95.566, 21.063150385644686], [95.596, 21.150843873570178], [95.6635, 21.18581350612849], [95.661, 21.28042312587524], [95.691, 21.325609221400725], [95.781, 21.355415113781703], [95.866, 21.320485723721113], [95.9385, 21.34330720064569], [96.0005, 21.37776555569076], [96.088, 21.36798765706856], [96.108, 21.29812655074016], [96.0955, 21.275763975651664], [96.0955, 21.221707057915598], [96.133, 21.206791316557744], [96.143, 21.244077842830034], [96.248, 21.244077842830034], [96.30799999999999, 21.14664696241493], [96.303, 21.03561888576943], [96.3255, 20.96560064545369], [96.3755, 20.931046225200443], [96.438, 20.94832443256799], [96.518, 20.905825805213627], [96.5605, 20.80583654684517], [96.488, 20.755817020508363], [96.453, 20.740854692566085], [96.3655, 20.753479254346423], [96.203, 20.753479254346423], [96.166, 20.863315133321517], [96.1185, 20.800695116959496], [96.0585, 20.785737233578235], [96.0085, 20.75114145203921], [95.9185, 20.75862229218621], [95.881, 20.73337297362539], [95.806, 20.705780939558704], [95.621, 20.75862229218621], [95.561, 20.82593318129093], [95.571, 20.88573984466864]]]}}, {"type": "Feature", "properties": {"name": "Mergui", "division": "Tenasserim Division"}, "geometry": {"type": "MultiPolygon", "coordinates": [[[[98.56324303500003, 12.20766836100006], [98.56311898876083, 12.207789901261], [98.54712975400008, 12.223456122000073], [98.53907311300003, 12.241766669000071], [98.54021243600005, 12.260972398000092], [98.55201256600003, 12.27960846600007], [98.55835238868536, 12.283992721471572], [98.56836998800003, 12.29092031500005], [98.57222061294104, 12.292146990756155], [98.58765709700003, 12.297064520000049], [98.67676842500003, 12.315252997000073], [98.67684149165122, 12.315297176833404], [98.69776451900003, 12.327948309000078], [98.70317191532644, 12.34021508698], [98.70655358200003, 12.34788646000004], [98.70649183316216, 12.348037020443181], [98.69996178500003, 12.363959052000041], [98.68425540500004, 12.373236395000049], [98.65339645858924, 12.384961266687897], [98.65146831494333, 12.38569386580334], [98.65137780000003, 12.38572825700004], [98.62680097700007, 12.409572658000059], [98.62367691394665, 12.411755222872747], [98.62086022200003, 12.413723049000055], [98.61304614699107, 12.41637509896812], [98.60743248800003, 12.41828034100007], [98.60640801944376, 12.423073389835244], [98.60515384200005, 12.428941148000092], [98.60871378493945, 12.443959658066026], [98.61036217500003, 12.450913804000038], [98.61133873800003, 12.473049221000053], [98.61332783362384, 12.478220869947867], [98.61622155000003, 12.485744533000059], [98.62428049941975, 12.489962050030286], [98.62842858200003, 12.492132880000042], [98.65137780000003, 12.495591539000088], [98.68921959700003, 12.495591539000088], [98.68982553930744, 12.495747064181728], [98.70142662900008, 12.498724677000041], [98.7080654079711, 12.504920870887657], [98.70875084700003, 12.505560614000046], [98.70922979750692, 12.50891326607694], [98.70972741000003, 12.512396552000041], [98.7094928120181, 12.512508058445388], [98.70539006217614, 12.514458130851198], [98.70313561300003, 12.51552969000005], [98.69498512051712, 12.51700796480326], [98.69483483200003, 12.51703522300005], [98.69389726876894, 12.517635492113207], [98.68148847700007, 12.525580145000049], [98.67310631600003, 12.529730536000045], [98.66195722700007, 12.531317450000074], [98.65434921839325, 12.531069362703969], [98.65072675900007, 12.530951239000046], [98.63998457100007, 12.53188711100006], [98.63086998800003, 12.537258205000057], [98.62586602479877, 12.550654231780362], [98.62306136045032, 12.558162552127708], [98.62305748800003, 12.558172919000071], [98.62330435334336, 12.55881476887452], [98.63119550900007, 12.579331773000092], [98.63822484586689, 12.590700207033986], [98.64437910200007, 12.60065338700008], [98.65137780000003, 12.622259833000044], [98.65148980477427, 12.622378838053312], [98.65463300900007, 12.62571849200009], [98.66187584700003, 12.625474351000037], [98.66944420700003, 12.62445709800005], [98.67290243573385, 12.625340868226392], [98.67299583132252, 12.625364736005796], [98.67310631600003, 12.625392971000053], [98.67221113400007, 12.631740627000056], [98.66504967500003, 12.646429755000042], [98.66765384200005, 12.67479075700004], [98.67308305184426, 12.687391386322922], [98.67310631600003, 12.687445380000042], [98.68034915500004, 12.697007554000038], [98.68542134778292, 12.701657064317372], [98.68669681100005, 12.702826239000046], [98.69117272200003, 12.710435289000088], [98.69213768850331, 12.718821304342793], [98.69288170700003, 12.725287177000041], [98.68930097700007, 12.728094794000071], [98.67491457288692, 12.724709757462886], [98.66163170700003, 12.721584377000056], [98.65208521669874, 12.722851349831423], [98.64844811300003, 12.723334052000041], [98.64177493600005, 12.728094794000071], [98.64087975400008, 12.73468659100007], [98.64454186300003, 12.742010809000078], [98.65235436300003, 12.745428778000075], [98.65541814065703, 12.745335936201027], [98.66309655000003, 12.74510325700004], [98.67265241280703, 12.746748119135702], [98.67300593526619, 12.746808971380963], [98.67302493600005, 12.74681224200009], [98.67872155000003, 12.756293036000045], [98.67017662900008, 12.760931708000044], [98.67004235937519, 12.760916917763605], [98.66368755625733, 12.76021691550546], [98.62769616000003, 12.756252346000053], [98.6211992546407, 12.762856637952206], [98.61784915500004, 12.76626211100006], [98.61744225400008, 12.777411200000074], [98.61750937359457, 12.777310520543214], [98.61898847700007, 12.775091864000046], [98.61899365414759, 12.77509299128234], [98.61906116460888, 12.775107691143115], [98.62403405000003, 12.776190497000073], [98.63453209700003, 12.781195380000042], [98.64051721368888, 12.782204107364743], [98.64177493600005, 12.782416083000044], [98.646826347558, 12.785691607265443], [98.64698326900003, 12.78579336100006], [98.64698603941817, 12.785800620522403], [98.65137780000003, 12.797308661000045], [98.6342974763902, 12.878562203899124], [98.63428795700003, 12.878607489000046], [98.63276819276453, 12.879503760097164], [98.62476647200003, 12.88422272300005], [98.61078257231145, 12.900166304484712], [98.60124759200005, 12.911037502000056], [98.59003193360888, 12.919449246039514], [98.58985436300003, 12.919582424000055], [98.59569963498794, 12.932154397924048], [98.60010826900003, 12.94163646000004], [98.60321452074206, 12.94582232367057], [98.60678144600007, 12.95062897300005], [98.61039030697245, 12.952453678182035], [98.61402428500003, 12.954291083000044], [98.61393170185396, 12.954425842873327], [98.61036217500003, 12.95962148600006], [98.60334431580729, 12.978252231280706], [98.59669030000003, 12.995917059000078], [98.58619225400008, 13.016506252000056], [98.58482225510214, 13.022364176040298], [98.58383222700007, 13.026597398000092], [98.58041425900007, 13.065375067000048], [98.58123285172273, 13.07124847043915], [98.58204186300003, 13.077053127000056], [98.5855252431876, 13.080445794394128], [98.58985436300003, 13.084662177000041], [98.58334394600007, 13.113959052000041], [98.57846113400007, 13.186753648000092], [98.56592858200003, 13.201361395000049], [98.55307050900007, 13.20807526200008], [98.52827827915932, 13.227456184928103], [98.553, 13.208203609071717], [98.566, 13.201388690582908], [98.5785, 13.186784653646873], [98.6805, 13.263202764453217], [98.7255, 13.318189478334585], [98.7905, 13.38289234966819], [98.8825, 13.310404506833354], [98.9925, 13.280722008335514], [99.095, 13.280722008335514], [99.17340435478965, 13.287526405605634], [99.17340865100005, 13.287432963000072], [99.18600773346154, 13.250022981268215], [99.1860177000001, 13.249993388000092], [99.19015181500009, 13.229503682000114], [99.18902144885287, 13.222761855001432], [99.1872579350001, 13.212243754000042], [99.18647971700011, 13.211558644000107], [99.17278853400006, 13.19950551400008], [99.13320438600005, 13.195164693000095], [99.13052544589404, 13.194172761105202], [99.11408410700011, 13.188085022000067], [99.10212359793128, 13.17138155209457], [99.10209517500004, 13.171341858000119], [99.10209517849273, 13.171341198756553], [99.10219852800009, 13.151834005000111], [99.10368283900347, 13.141196439537838], [99.10529911300006, 13.129613139000085], [99.10280431902595, 13.107067590641792], [99.10250858600006, 13.104395040000043], [99.10080784521487, 13.099748373495318], [99.09382694500005, 13.080675558000081], [99.08834924300004, 13.058351339000112], [99.09008987136404, 13.051175877051753], [99.09320682800006, 13.038326722000079], [99.11532434100008, 13.021402689000084], [99.13248091700012, 13.01104156500007], [99.14200673937263, 13.002719700430742], [99.15107960062974, 12.9947935477391], [99.15108443200006, 12.994789327000149], [99.1513296300979, 12.994445496614398], [99.16483036400012, 12.975514018000112], [99.16731083200011, 12.956006165000105], [99.1663517012192, 12.953438735962752], [99.16307336400013, 12.944663188000035], [99.15958859658424, 12.938791354536766], [99.15790572100013, 12.93595570900007], [99.15558149531915, 12.930112863841979], [99.15418501800013, 12.926602275000036], [99.15315149000003, 12.913553975000085], [99.15438536263179, 12.908398150196343], [99.15532190000005, 12.904484762000024], [99.16844771400008, 12.874099019000056], [99.17185835800012, 12.843325704000094], [99.17526900200005, 12.833429667000104], [99.17912148291238, 12.828176284113832], [99.18322717300003, 12.82257761600006], [99.2030709230001, 12.80387074800008], [99.21071903500007, 12.792269389000126], [99.21371292251871, 12.775699052878917], [99.21443973800007, 12.771676331000037], [99.21415374306872, 12.767279157489495], [99.21319950400004, 12.752607727000054], [99.2141296800001, 12.73465016700007], [99.22104300074376, 12.72315677057803], [99.22446496600003, 12.717467753000093], [99.23345666600005, 12.713126933000112], [99.2364977611293, 12.712638431229971], [99.25629764800004, 12.709457906000125], [99.26673628800012, 12.702843323000124], [99.27118046100003, 12.693799947000073], [99.27294801023793, 12.67805269036541], [99.27345422400003, 12.67354278600007], [99.27686486900006, 12.6655846150001], [99.27690955337314, 12.665558098995099], [99.28262832177299, 12.662164543686156], [99.28626997900011, 12.660003560000092], [99.30960357391756, 12.653527717147108], [99.30973108000006, 12.65349233000012], [99.31717248600012, 12.645895894000148], [99.32272681957507, 12.63680291221908], [99.32358036300013, 12.635405579000107], [99.33339888500012, 12.625432027000087], [99.33344008661845, 12.62539968180815], [99.34445764200012, 12.616750387000124], [99.37878614247488, 12.597966867478169], [99.39375695800004, 12.589775289000016], [99.40326542100007, 12.575926005000042], [99.4047471156868, 12.56694085873363], [99.40729618400007, 12.551483052000009], [99.40715264281245, 12.536734214764447], [99.40708947800005, 12.530244039000124], [99.40419559700007, 12.508126526000112], [99.40026818900009, 12.497481181000126], [99.38951949100004, 12.475983785000082], [99.38716198044878, 12.46640639868253], [99.38703902200007, 12.465906880000148], [99.38703954935369, 12.465904320405457], [99.38819310688254, 12.460305345480434], [99.39127648900006, 12.445339660000059], [99.40979116016777, 12.41268651274203], [99.41401411900011, 12.405238749000063], [99.42062870300003, 12.383379619000038], [99.42249347243602, 12.346222356202475], [99.42341923000009, 12.327775777000028], [99.42390841804031, 12.324947659067755], [99.42672652200008, 12.308655498000121], [99.43220422400009, 12.296408183000096], [99.44760380100013, 12.278218079000055], [99.45010529015276, 12.274200535648818], [99.45442509000009, 12.267262675000083], [99.45557804533041, 12.262606508747833], [99.45711226400005, 12.25641062500003], [99.45473514800005, 12.238220521000088], [99.45556197200011, 12.227575175000098], [99.45612317216106, 12.226035666162895], [99.45938602700005, 12.217084860000043], [99.4650178057323, 12.206768957535163], [99.4701347250001, 12.197396139000091], [99.4728338562305, 12.189838572897976], [99.47375207600004, 12.18726755800013], [99.4719950760001, 12.173624980000042], [99.47198545949661, 12.173614328807354], [99.46383020100006, 12.164581604000077], [99.45411503200012, 12.15688181600008], [99.4512213050221, 12.151576650697216], [99.44884403500009, 12.147218323000061], [99.45225468000012, 12.129389953000029], [99.45246263833495, 12.129340257092158], [99.45874896066603, 12.127838011482915], [99.46631067000004, 12.126030986000103], [99.52263798000013, 12.144221090000144], [99.52526655302604, 12.14430074357248], [99.53286991400012, 12.144531148000041], [99.5374794205597, 12.142497542272974], [99.5416025618509, 12.140678509447033], [99.54165490700012, 12.140655416000072], [99.54212194662915, 12.139662956830746], [99.54578902200012, 12.131870422000091], [99.545412348044, 12.130312361643135], [99.54351525900012, 12.12246531200013], [99.53998314902366, 12.11397963439444], [99.53927779100007, 12.112285055000072], [99.53825587681574, 12.105227456321408], [99.5376241460001, 12.100864563000073], [99.52170780500006, 12.053683980000045], [99.51937302732175, 12.034093738822556], [99.51840051300007, 12.025933737000102], [99.53431685400011, 12.011567688000099], [99.55193092650119, 12.005967561273273], [99.55333378100005, 12.005521545000065], [99.55337562663561, 12.005484137540751], [99.55941779729154, 12.00008280356919], [99.56697635900008, 11.993325908000145], [99.57400435400007, 11.976324361000124], [99.57399269124186, 11.976114961391374], [99.57286747300009, 11.95591217100008], [99.55736454300006, 11.915604554000126], [99.55460425216766, 11.898438997159527], [99.55405725100007, 11.895037334000051], [99.55806240593293, 11.882965459045238], [99.56139530500008, 11.872919820000035], [99.57379764900003, 11.8577269500001], [99.58812029173808, 11.845421000318252], [99.59178104700004, 11.842275696000101], [99.6004638924508, 11.836813906243643], [99.61100468000006, 11.830183411000121], [99.62795455000003, 11.825377503000112], [99.62898786914293, 11.820572565686513], [99.63002160600013, 11.815765686000105], [99.62999481944253, 11.815644580571453], [99.61534550000005, 11.74941314700007], [99.60687056500012, 11.725693665000037], [99.54258508300006, 11.640479228000075], [99.5406132591904, 11.63889319574403], [99.53069950400004, 11.630919088000084], [99.48915165300014, 11.628438619000107], [99.47815776466184, 11.626294071677059], [99.46610396300008, 11.623942770000085], [99.45061819356697, 11.614288666700027], [99.4499938564992, 11.613899443899554], [99.44977421100003, 11.613762513000026], [99.44345293859831, 11.602433940545968], [99.44057580600003, 11.597277731000133], [99.43923221800009, 11.573919983000096], [99.44109257000008, 11.533405661000089], [99.43879161816973, 11.52306735553491], [99.43737186700008, 11.516688334000051], [99.4363225079907, 11.514430443624835], [99.42817346200007, 11.49689626100006], [99.42285281707814, 11.489686563388021], [99.41587447100011, 11.480230611000124], [99.40347977560312, 11.467902554053154], [99.38703902200007, 11.451550192000042], [99.37763391100003, 11.435504660000078], [99.37205285600004, 11.410855001000087], [99.3705025640001, 11.39333669100003], [99.36948028896275, 11.390597845847983], [99.36430139200013, 11.37672271800011], [99.32637089100012, 11.336234233000113], [99.3213939545057, 11.329022506575793], [99.31572554600012, 11.320808817000028], [99.30053267400007, 11.280630392000106], [99.29739985286486, 11.274846722072503], [99.28844038900007, 11.258306173000037], [99.26556872607492, 11.231127746510913], [99.25619429500006, 11.21998809800003], [99.25034169905004, 11.209874811698286], [99.24327518800004, 11.197663880000064], [99.21299279800007, 11.108263652000076], [99.21012614295401, 11.104799776679963], [99.20617150900006, 11.100021260000034], [99.19513985983149, 11.096366357321106], [99.18488081900006, 11.092967428000108], [99.17553025926937, 11.087701586637971], [99.17506229700007, 11.087438050000102], [99.16762089100007, 11.077981262000051], [99.15821578000003, 11.057310689000118], [99.15170455000003, 11.047673035000102], [99.14094611700011, 11.039409961000047], [99.13310103300012, 11.033384501000029], [99.10450020940861, 11.018750660187715], [99.09320682800006, 11.012972311000084], [99.0931230153136, 11.012887835233828], [99.07915033966137, 10.998804615470851], [99.07687707600013, 10.996513367000105], [99.07547177531573, 10.993627481984085], [99.07253625500005, 10.987599182000082], [99.06364790900011, 10.95742014600009], [99.05755580618575, 10.948777433977584], [99.05506962100009, 10.94525034600008], [99.04849970576011, 10.945423238383114], [99.04525109800011, 10.94550872800005], [99.03795017815612, 10.949284449499341], [99.03470910700008, 10.95096059200003], [99.02334029100007, 10.954371236000057], [99.01212279715602, 10.956012820895484], [99.01062788900003, 10.956231588000065], [99.00630236209318, 10.958438489971224], [99.00556359900003, 10.95881541000007], [99.00554543431777, 10.95881005374322], [99.00153283700013, 10.957626851000043], [98.9950935262565, 10.950861957018912], [98.99233443300005, 10.947963359000113], [98.98884606439924, 10.942651525050069], [98.98665002500007, 10.93930755600006], [98.98261926300012, 10.928946432000146], [98.9822995341263, 10.927476374372054], [98.98024214700007, 10.918016867000077], [98.97972327756659, 10.909347419818374], [98.97962203000009, 10.90765574100007], [98.98030838835895, 10.903807231608198], [98.9817924400001, 10.895485942000064], [98.98975061000004, 10.875151266000032], [98.98985396400008, 10.860449321000132], [98.98840673763132, 10.852620229951569], [98.98613326000009, 10.840321350000067], [98.98189579300004, 10.832414856000113], [98.9744543870001, 10.824198303000088], [98.97400270545333, 10.82409520178985], [98.96970015500011, 10.823113098000093], [98.93404341600012, 10.80771352100001], [98.92349928916782, 10.80809371862144], [98.92329471800008, 10.808101095000026], [98.91471643100004, 10.812286886000052], [98.90541467400004, 10.814405619000127], [98.8920821530001, 10.808514506000037], [98.88360721800012, 10.799186910000088], [98.87984804918928, 10.789835975935041], [98.87919148769697, 10.788202778935101], [98.87533899000005, 10.778619690000099], [98.87129033833428, 10.773661558883786], [98.86820764200013, 10.76988637300012], [98.86804650326931, 10.769837577479313], [98.86615949232326, 10.769266158793021], [98.86086958900012, 10.76766428700003], [98.84491547897815, 10.766715559317255], [98.83957889800013, 10.766398214000077], [98.83007043500004, 10.763556010000102], [98.81422229626253, 10.749528266092275], [98.81095281099715, 10.746634329916374], [98.81095015500006, 10.746631979000114], [98.81075548923903, 10.746377276141473], [98.76671512800004, 10.688754375000087], [98.7615089690687, 10.676850707684851], [98.75679325400006, 10.66606842000003], [98.74790490800012, 10.623125305000059], [98.75152225800014, 10.61036122600008], [98.759342746714, 10.60369699282464], [98.77074589100005, 10.593979798000134], [98.77522189056891, 10.586590845741721], [98.7772571210001, 10.583231100000106], [98.79131311100014, 10.520418396000053], [98.79038293500008, 10.500264588000078], [98.78454344205542, 10.484173298946853], [98.77653365100008, 10.462101543000102], [98.77414856511194, 10.450115269806783], [98.76640507000008, 10.411200257000075], [98.74740644600007, 10.35053131700002], [98.74540875352527, 10.349684469117605], [98.73991946700005, 10.347357489000046], [98.73503665500004, 10.343085028000075], [98.73475554745418, 10.342663366681293], [98.73121178500003, 10.33734772300005], [98.71892337300005, 10.312567450000074], [98.70281009200005, 10.26276276200008], [98.69726253317677, 10.230680492721197], [98.69605553500003, 10.22370026200008], [98.69600641251401, 10.223617063555045], [98.68702233200003, 10.208400783000059], [98.68372831044834, 10.204960360720396], [98.66504967500003, 10.18545156500005], [98.64421634200005, 10.15501536700009], [98.61147024895526, 10.086974083136589], [98.58985436300003, 10.04205963700008], [98.56167894709036, 10.003670633003443], [98.56055748800003, 10.002142645000049], [98.56053418092716, 10.002122986465574], [98.54314212300005, 9.987453518000052], [98.53549628683155, 9.997170101056444], [98.53532962300005, 9.997381903000075], [98.53356725629257, 10.00619374030388], [98.53345787900008, 10.006740627000056], [98.53276892053589, 10.00783302952956], [98.52442467500003, 10.021063544000071], [98.52100670700003, 10.028998114000046], [98.52003014400003, 10.038885809000078], [98.521, 10.052463791013402], [98.52149498800003, 10.059393622000073], [98.52100670700003, 10.06932200700004], [98.521, 10.069356909874887], [98.51482181100005, 10.101507880000042], [98.51392662900008, 10.146918036000045], [98.51285853113858, 10.148618842444504], [98.49366295700003, 10.179185289000088], [98.49305250851344, 10.181384468838859], [98.49048912900008, 10.190619208000044], [98.48969482144463, 10.197081977423373], [98.48959394600007, 10.19790273600006], [98.49073326900003, 10.204331773000092], [98.50719893624809, 10.244024372160366], [98.50750856159624, 10.244770763706413], [98.50757897200003, 10.244940497000073], [98.51221764400003, 10.261419989000046], [98.51710045700003, 10.307440497000073], [98.52170039600901, 10.3218974485172], [98.52849368600005, 10.343247789000088], [98.52849368600005, 10.364203192000048], [98.52664014784239, 10.370875929230964], [98.51221764400003, 10.422796942000048], [98.49415123800003, 10.452460028000075], [98.49368186749469, 10.465445943178361], [98.49341881600003, 10.472723700000074], [98.49748681023256, 10.497038148524208], [98.50049889400003, 10.515041408000059], [98.50048563155804, 10.515151357920427], [98.49545332100007, 10.55687083500004], [98.46338951900003, 10.630031643000052], [98.4593687552211, 10.669047945440477], [98.4590012116826, 10.672614479225233], [98.45899498800003, 10.672674872000073], [98.45932050900007, 10.715399481000077], [98.46252575549052, 10.726032269467217], [98.46355228000004, 10.729437567000048], [98.47657311300003, 10.73468659100007], [98.49144710090043, 10.732569693825189], [98.49830162900008, 10.731594143000052], [98.49848264492438, 10.731469984626726], [98.51099694100003, 10.72288646000004], [98.52849368600005, 10.693101304000038], [98.53874759200005, 10.704413153000075], [98.5385, 10.713103633357536], [98.53834069100003, 10.718695380000042], [98.53434928454215, 10.726035132474825], [98.53101647200003, 10.732163804000038], [98.52111345610011, 10.740859136071752], [98.52100670700003, 10.74095286700009], [98.53256269600007, 10.746771552000041], [98.53691988434515, 10.746103661598957], [98.54371178500003, 10.745062567000048], [98.54411092425622, 10.74479338006779], [98.55420983200003, 10.737982489000046], [98.56314939557171, 10.727391925194125], [98.56324303500003, 10.72728099200009], [98.56999759200005, 10.743109442000048], [98.57164172371745, 10.749171048485623], [98.57740319100003, 10.770412502000056], [98.58113950582887, 10.778074655731936], [98.58301842500003, 10.781927802000041], [98.59662634632971, 10.800959168995474], [98.59986412900008, 10.805487372000073], [98.60088244861633, 10.810491686114842], [98.60271243600005, 10.819484768000052], [98.59671958652645, 10.837058392249524], [98.59669030000003, 10.837144273000092], [98.59964244570686, 10.836921690595958], [98.60694420700003, 10.836371161000045], [98.61597741000003, 10.838446356000077], [98.6181380436208, 10.839723094097467], [98.62403405000003, 10.84320709800005], [98.63086998800003, 10.850816148000092], [98.62012780000003, 10.85455963700008], [98.60564425960905, 10.855898050078173], [98.59546959700003, 10.856838283000059], [98.59133342247517, 10.858757319078823], [98.58643639400003, 10.861029364000046], [98.58179772200003, 10.867254950000074], [98.57886803500003, 10.875189520000049], [98.57975776889705, 10.877454297252722], [98.58155358200003, 10.882025458000044], [98.59748130504612, 10.886107942559944], [98.61378014400003, 10.890285549000055], [98.61707014307336, 10.893718591434942], [98.62501061300003, 10.902004299000055], [98.63400171458692, 10.913668430949846], [98.63404381600003, 10.913723049000055], [98.64795983200003, 10.919094143000052], [98.65284264400003, 10.917181708000044], [98.65287959313598, 10.917151738144366], [98.66382897200003, 10.908270575000074], [98.66596021938437, 10.90762559229947], [98.6730859693275, 10.905469115545102], [98.67310631600003, 10.905462958000044], [98.67505944100003, 10.90851471600007], [98.68403613569336, 10.911610127700971], [98.68921959700003, 10.913397528000075], [98.70362389400003, 10.916164455000057], [98.70655358200003, 10.91282786700009], [98.71241295700003, 10.924383856000077], [98.71680748800003, 10.942206122000073], [98.71730355007156, 10.953466731998603], [98.71762129000007, 10.960679429000038], [98.71273847700007, 10.974310614000046], [98.72022545700003, 10.980536200000074], [98.71387780000003, 10.989976304000038], [98.69654381600003, 11.00259023600006], [98.69477551691625, 11.005419514823815], [98.69288170700003, 11.00844961100006], [98.69532311300003, 11.020086981000077], [98.69789781381672, 11.022325851654243], [98.70093834700003, 11.024969794000071], [98.70834394600007, 11.02765534100007], [98.71648196700005, 11.032375393000052], [98.71722761250066, 11.03394329147334], [98.72242272200003, 11.044867255000042], [98.71827233200003, 11.05882396000004], [98.71255734235376, 11.071713085505806], [98.71062259200005, 11.07607656500005], [98.70655358200003, 11.097845770000049], [98.68881269600007, 11.092474677000041], [98.6875065747692, 11.093318566945708], [98.67628014400003, 11.10057200700004], [98.6650831268232, 11.12004069515465], [98.65821373800003, 11.131984768000052], [98.70264733200003, 11.14362213700008], [98.72281455672345, 11.155424547686097], [98.7240106411558, 11.156124528961625], [98.72413170700003, 11.156195380000042], [98.73316491000003, 11.17601146000004], [98.73316491000003, 11.207098700000074], [98.74561608200003, 11.236029364000046], [98.75098717500003, 11.257066148000092], [98.75709069100003, 11.263373114000046], [98.75797159549168, 11.265608000831465], [98.75928795700003, 11.268947658000059], [98.74642988400007, 11.28587474200009], [98.72657311300003, 11.33344147300005], [98.72656431432718, 11.333473040168325], [98.725830865999, 11.336104446881286], [98.72193444100003, 11.350083726000037], [98.72136478000004, 11.367254950000074], [98.72543120204455, 11.380064180796529], [98.72706139400003, 11.385199286000045], [98.7195526225843, 11.383309578405092], [98.70264733200003, 11.379055080000057], [98.70255707401883, 11.379229262065966], [98.69848305483801, 11.387091404206094], [98.69800866000003, 11.388006903000075], [98.69801107136394, 11.388016801074674], [98.70423712174411, 11.413573255270357], [98.70655358200003, 11.423081773000092], [98.71534264400003, 11.443182684000078], [98.7154052666067, 11.443204100932222], [98.73568769600007, 11.450140692000048], [98.77491295700003, 11.453517971000053], [98.7747955455618, 11.453694088144728], [98.76917511735384, 11.462124729850865], [98.76563561300003, 11.46743398600006], [98.7640797069166, 11.494921655891915], [98.76343834972013, 11.506252297944856], [98.76343834700003, 11.506252346000053], [98.76343304992908, 11.50626181868994], [98.75445198219936, 11.52232255679743], [98.75440514400003, 11.522406317000048], [98.74529056100005, 11.52484772300005], [98.72885175900007, 11.517645575000074], [98.72022545700003, 11.522406317000048], [98.71859853518701, 11.529175473140794], [98.71794681100005, 11.53188711100006], [98.7180154273019, 11.532032205894582], [98.71915382460037, 11.53443944195185], [98.72575931100005, 11.548407294000071], [98.72363592477079, 11.551748504673037], [98.72022545700003, 11.557114976000037], [98.73004087586445, 11.56911492438131], [98.73352174009987, 11.573370493269861], [98.73357181100005, 11.573431708000044], [98.73419928996239, 11.57691052523171], [98.73633873800003, 11.588771877000056], [98.73475903129355, 11.606715725535144], [98.73316491000003, 11.624823309000078], [98.73560631600003, 11.64203522300005], [98.74143965202994, 11.664609435283335], [98.74154707100007, 11.66502513200004], [98.74684640444076, 11.673317981634797], [98.7520643199602, 11.681483421551702], [98.75220787900008, 11.681708075000074], [98.76807701900003, 11.680080471000053], [98.78028405000003, 11.68650950700004], [98.78197460560993, 11.685808106334104], [98.78793379000007, 11.683335679000038], [98.79013551554952, 11.681356599878383], [98.79517662900008, 11.67682526200008], [98.80591881600003, 11.673244533000059], [98.80951832056955, 11.674574784779375], [98.81714928500003, 11.677394924000055], [98.81869550900007, 11.687201239000046], [98.81812584700003, 11.69867584800005], [98.82259706891412, 11.707943470731925], [98.82260175900007, 11.707953192000048], [98.83545983200003, 11.710109768000052], [98.85434004000007, 11.707098700000074], [98.86057716898694, 11.705019656892393], [98.87289472700007, 11.700913804000038], [98.88477623800003, 11.69367096600007], [98.89161217500003, 11.69367096600007], [98.87671959700003, 11.72264232000009], [98.80494225400008, 11.736517645000049], [98.78303858781075, 11.75505463633325], [98.78296959700003, 11.755113023000092], [98.79029381600003, 11.779689846000053], [98.81202233200003, 11.80263906500005], [98.81681803830543, 11.810788910964078], [98.82569420700003, 11.825873114000046], [98.81476061050108, 11.842459273587162], [98.80914549735326, 11.85097734563955], [98.80892988400007, 11.851304429000038], [98.81186195756771, 11.844140839751267], [98.81609134200005, 11.833807684000078], [98.81023196700005, 11.822007554000038], [98.80368332600209, 11.816449463889045], [98.80054772200003, 11.813788153000075], [98.79127037900008, 11.802476304000038], [98.76807701900003, 11.76194896000004], [98.76148522200003, 11.760891018000052], [98.75653429197715, 11.761355894020998], [98.74415123800003, 11.762518622000073], [98.74073326900003, 11.75853099200009], [98.73821237583634, 11.756677393308472], [98.73796634200005, 11.75649648600006], [98.72584069100003, 11.744330145000049], [98.72364342500003, 11.741441148000092], [98.71216881600003, 11.736517645000049], [98.71213254279397, 11.736380457877495], [98.70899837312166, 11.72452686770338], [98.70899498800003, 11.72451406500005], [98.70826256600003, 11.70994700700004], [98.70547540313332, 11.703156062378083], [98.70313561300003, 11.697455145000049], [98.69263756600003, 11.686753648000092], [98.68433678500003, 11.682806708000044], [98.67416425900007, 11.685248114000046], [98.64763431100005, 11.700506903000075], [98.6476290252931, 11.700510888255222], [98.61698075658616, 11.723618709337932], [98.61687259200005, 11.72370026200008], [98.61036217500003, 11.731268622000073], [98.60973442079421, 11.735176392355648], [98.60873457100007, 11.741400458000044], [98.60511854370182, 11.749496041275863], [98.60328209700003, 11.753607489000046], [98.6035, 11.761052496413956], [98.60352327305351, 11.761847657820663], [98.60352623800003, 11.76194896000004], [98.60596764400003, 11.769191799000055], [98.61784915500004, 11.789252020000049], [98.62330162900008, 11.79328034100007], [98.62558126306521, 11.79273521085015], [98.62891686300003, 11.791937567000048], [98.63209069100003, 11.79287344000005], [98.6316171723897, 11.797040404003708], [98.63089633097483, 11.803383808808793], [98.63086998800003, 11.803615627000056], [98.6036647551505, 11.803615627000056], [98.60352623800003, 11.803615627000056], [98.61931399800005, 11.825873114000046], [98.6226369005081, 11.828966850696512], [98.62403405000003, 11.830267645000049], [98.6243105246967, 11.830336763683652], [98.63135826900003, 11.832098700000074], [98.64087975400008, 11.83226146000004], [98.64095816082522, 11.832253700991094], [98.6411024109664, 11.832239426237155], [98.64869225400008, 11.83148834800005], [98.65116839738145, 11.830362828029763], [98.65137780000003, 11.830267645000049], [98.65140807274149, 11.83031814543906], [98.66032962300005, 11.845200914000088], [98.66797936300003, 11.86359284100007], [98.68091881600003, 11.877346096000053], [98.69175491248083, 11.877896500751703], [98.70655358200003, 11.878648179000038], [98.70647018249176, 11.878743570597141], [98.70236423819831, 11.883439912240721], [98.69410241000003, 11.89288971600007], [98.69404145122843, 11.892887353257255], [98.6877913177756, 11.892645100050347], [98.67310631600003, 11.892075914000088], [98.64749451351459, 11.883933433038008], [98.63086998800003, 11.878648179000038], [98.54900149800005, 11.878648179000038], [98.5490447429219, 11.878745287012272], [98.55811608200003, 11.899115302000041], [98.57800296376392, 11.906633513119962], [98.57813561300003, 11.906683661000045], [98.5884941296179, 11.9065298216173], [98.62745201900003, 11.905951239000046], [98.63684897182442, 11.908235220622734], [98.64503014400003, 11.910223700000074], [98.66222996235062, 11.919374885340845], [98.66407311300003, 11.920355536000045], [98.67920983200003, 11.932806708000044], [98.69092858200003, 11.954331773000092], [98.6987680201197, 11.957424884746125], [98.70289147200003, 11.959051825000074], [98.71485436300003, 11.96116771000004], [98.71814033656563, 11.963084527811345], [98.72022545700003, 11.96430084800005], [98.72118663554193, 11.990669182246144], [98.72144616000003, 11.997788804000038], [98.72130237007327, 11.999034983483016], [98.72022545700003, 12.008368231000077], [98.71314537900008, 12.025213934000078], [98.70733900563962, 12.033863011139724], [98.70533287900008, 12.036851304000038], [98.70428554144705, 12.042204361809933], [98.70313561300003, 12.048081773000092], [98.71273847700007, 12.063625393000052], [98.71248329745274, 12.063607321409021], [98.69123939231557, 12.062102846738053], [98.66504967500003, 12.060248114000046], [98.65845787900008, 12.06712474200009], [98.64732902656938, 12.076196442481283], [98.64503014400003, 12.078070380000042], [98.63379967500003, 12.090318101000037], [98.63428795700003, 12.101141669000071], [98.64093035210051, 12.113616411090806], [98.64096113400007, 12.113674221000053], [98.63624108200003, 12.122544664000088], [98.62964928500003, 12.131984768000052], [98.63033933587577, 12.140012360476431], [98.63086998800003, 12.146185614000046], [98.63786868600005, 12.151068427000041], [98.63791055748587, 12.15108154496443], [98.6507053795811, 12.15509004901811], [98.65072675900007, 12.155096747000073], [98.673, 12.159146426819943], [98.67310631600003, 12.15916575700004], [98.67310631600003, 12.16665273600006], [98.673, 12.16665273600006], [98.65821373800003, 12.16665273600006], [98.6583270306697, 12.166785073569745], [98.66756091071242, 12.177571201633013], [98.66765384200005, 12.177679755000042], [98.69581139400003, 12.193101304000038], [98.69838856708006, 12.195166056730821], [98.70972741000003, 12.204250393000052], [98.71371504000007, 12.215765692000048], [98.71021569100003, 12.228013414000088], [98.7051644427723, 12.235144587667993], [98.7033210069659, 12.237747085167308], [98.70329837300005, 12.237779039000088], [98.69629967500003, 12.241766669000071], [98.66293379000007, 12.236802476000037], [98.64087975400008, 12.224554755000042], [98.62142988400007, 12.20897044500009], [98.61103103052564, 12.202676401997055], [98.59669030000003, 12.19399648600006], [98.59495987161296, 12.19478383110755], [98.58855228000004, 12.197699286000045], [98.5848481653272, 12.198914167629134], [98.57081139400003, 12.203517971000053], [98.56324303500003, 12.20766836100006]]], [[[98.49366295700003, 12.049302476000037], [98.50953209700003, 12.016791083000044], [98.51928437417023, 12.007576333400943], [98.51986738400007, 12.007025458000044], [98.51988733715412, 12.007014656292377], [98.54151451900003, 11.995306708000044], [98.54742394708747, 11.997103493571597], [98.55958092500003, 12.000799872000073], [98.57471764400003, 11.992987372000073], [98.5796161465854, 11.98864237247022], [98.60352623800003, 11.96743398600006], [98.63353355474135, 11.959759158905351], [98.64234459700003, 11.957505601000037], [98.65156273799715, 11.952673869838467], [98.65919030000003, 11.94867584800005], [98.65821373800003, 11.93390534100007], [98.65821373800003, 11.937166433325004], [98.65821373800003, 11.940130927000041], [98.63135826900003, 11.932114976000037], [98.57260175900007, 11.93162669500009], [98.55201256600003, 11.923325914000088], [98.54995396935699, 11.92150799906539], [98.53565514400003, 11.908880927000041], [98.52121356761225, 11.89940178443443], [98.51587975400008, 11.895900783000059], [98.49590938882007, 11.888543280195902], [98.49577884200005, 11.888495184000078], [98.47803795700003, 11.89093659100007], [98.47801925989303, 11.890974712321883], [98.47610191462968, 11.894883966082082], [98.46338951900003, 11.920803127000056], [98.4622744644346, 11.924718207900531], [98.45972741000003, 11.933661200000074], [98.45902612081812, 11.946985692541352], [98.45899498800003, 11.94757721600007], [98.45900430240208, 11.947604735821962], [98.46168053500003, 11.955511786000045], [98.47120201900003, 11.970282294000071], [98.47315514400003, 11.97797272300005], [98.47179012119396, 11.98426699665743], [98.47095787900008, 11.988104559000078], [98.46991194334454, 11.989034279492097], [98.46583092500003, 11.992661851000037], [98.45915774800005, 11.996161200000074], [98.44825280000003, 12.00771719000005], [98.44696936346814, 12.008553715548958], [98.44369550900007, 12.010687567000048], [98.44027754000007, 12.015366929000038], [98.43913821700005, 12.025783596000053], [98.43913821700005, 12.052959273047572], [98.43913821700005, 12.056789455000057], [98.43116295700003, 12.087632554000038], [98.431, 12.096323580429846], [98.43091881600003, 12.10065338700008], [98.431, 12.1007655173861], [98.43909253403096, 12.11194283022038], [98.43913821700005, 12.112005927000041], [98.43931213737271, 12.111718628158824], [98.44556725400008, 12.101385809000078], [98.4722730916686, 12.078067437583522], [98.47315514400003, 12.077297268000052], [98.49366295700003, 12.049302476000037]]], [[[98.41863040500004, 11.63226959800005], [98.41378326595841, 11.64040415357108], [98.41041100400008, 11.646063544000071], [98.40097274045921, 11.653051488799942], [98.39771569100003, 11.655462958000044], [98.39415180181568, 11.6596358663696], [98.39128665500004, 11.662990627000056], [98.37940514400003, 11.691107489000046], [98.38075586907362, 11.697676924059452], [98.38206048953259, 11.704022123056532], [98.38209069100003, 11.70416901200008], [98.40548721933324, 11.707946576782469], [98.40552819100003, 11.707953192000048], [98.40475419246303, 11.708963410884209], [98.39926191500007, 11.716131903000075], [98.38135826900003, 11.731350002000056], [98.37977129016528, 11.734178964676213], [98.37761478000004, 11.738023179000038], [98.37862164819782, 11.743722774266294], [98.37989342500003, 11.750921942000048], [98.37999953297802, 11.751007586294566], [98.38034213856832, 11.75128411794315], [98.38559004000007, 11.755519924000055], [98.39002591535383, 11.756681701233793], [98.39242597700007, 11.757310289000088], [98.39251689109314, 11.757384319027924], [98.39812259200005, 11.76194896000004], [98.40259850400008, 11.76390208500004], [98.41041100400008, 11.76862213700008], [98.41129723122364, 11.77019317694912], [98.41309655000003, 11.773382880000042], [98.41294160430643, 11.773412762375749], [98.40744345009212, 11.774473120402412], [98.40170332100007, 11.775580145000049], [98.39941999087826, 11.77553722536799], [98.39087975400008, 11.77537669500009], [98.38532492390456, 11.775891031038103], [98.38209069100003, 11.776190497000073], [98.37542494422755, 11.780045386866302], [98.37533613400007, 11.780096747000073], [98.37077884200005, 11.789252020000049], [98.38169401252738, 11.79151633717646], [98.39372806100005, 11.79401276200008], [98.43824303500003, 11.787054755000042], [98.44853934438865, 11.788607829189896], [98.45281009200005, 11.789252020000049], [98.44947350400008, 11.79328034100007], [98.44828029697777, 11.795070151214771], [98.44760175900007, 11.796087958000044], [98.44646011581295, 11.79985945740299], [98.44532311300003, 11.803615627000056], [98.45768673056062, 11.803383808808793], [98.45834394600007, 11.80337148600006], [98.48624120450306, 11.796237759121977], [98.48682701900003, 11.796087958000044], [98.48782318700155, 11.796249498754813], [98.49887129000007, 11.798041083000044], [98.52214603000004, 11.804754950000074], [98.52578297846173, 11.804440645771153], [98.53532962300005, 11.803615627000056], [98.54371178500003, 11.798976955000057], [98.54802022467362, 11.79294513880547], [98.54900149800005, 11.791571356000077], [98.5490803735082, 11.791342241455148], [98.55241946700005, 11.781642971000053], [98.55518639400003, 11.76943594000005], [98.5559189851646, 11.763013556437112], [98.55640709700003, 11.758734442000048], [98.55559290542837, 11.730866876341654], [98.55551191500007, 11.728094794000071], [98.55550204170207, 11.728064578303036], [98.55262807274103, 11.719269242090526], [98.54607181100005, 11.69920482000009], [98.54900149800005, 11.62173086100006], [98.54574629000007, 11.609035549000055], [98.53158613400007, 11.593329169000071], [98.52850929772283, 11.580536007898756], [98.52849368600005, 11.580471096000053], [98.52955162900008, 11.566799221000053], [98.53239505226024, 11.551983486404598], [98.53419030000003, 11.542629299000055], [98.53506201558164, 11.532386641872638], [98.53532580963996, 11.529287061976909], [98.53532962300005, 11.529242255000042], [98.5326019289587, 11.531143676876654], [98.52418053500003, 11.53701406500005], [98.50855553500003, 11.555894273000092], [98.50090646823715, 11.563002496169405], [98.50049889400003, 11.563381252000056], [98.4984537390858, 11.564109451171863], [98.48975670700003, 11.567206122000073], [98.48562779513259, 11.56817992203804], [98.47681725400008, 11.570257880000042], [98.46797698703026, 11.57378162281009], [98.46517988400007, 11.574896552000041], [98.4611083812757, 11.580762729574438], [98.45899498800003, 11.583807684000078], [98.4514228233321, 11.575081665980708], [98.44190514400003, 11.564113674000055], [98.43815777325435, 11.565138596084967], [98.43238366000003, 11.56671784100007], [98.43112099601191, 11.57325779316289], [98.42920983200003, 11.583156643000052], [98.43165123800003, 11.60492584800005], [98.4314650503898, 11.604786207292376], [98.42383873800003, 11.59906647300005], [98.41911868600005, 11.599554755000042], [98.41901321807015, 11.59970542344488], [98.41570071700005, 11.604437567000048], [98.41163170700003, 11.611761786000045], [98.41863040500004, 11.63226959800005]]], [[[98.49089603000004, 10.880804755000042], [98.49203938614053, 10.885058712386893], [98.49364101972472, 10.891017731431955], [98.49366295700003, 10.891099351000037], [98.49968966820437, 10.888222522728347], [98.51880944100003, 10.879095770000049], [98.53679125046887, 10.86448555038203], [98.54224694100003, 10.860052802000041], [98.55323326900003, 10.832831122000073], [98.54151451900003, 10.796210028000075], [98.52711022200003, 10.786932684000078], [98.52245695907858, 10.786846512685097], [98.50953209700003, 10.786607164000088], [98.50606266894289, 10.788785052966007], [98.49838300900007, 10.79360586100006], [98.4986211605377, 10.794120737898215], [98.50416100400008, 10.80609772300005], [98.51219544190988, 10.809259423416629], [98.51295006600003, 10.80955638200004], [98.5129708362654, 10.809555616781715], [98.52068118600005, 10.809271552000041], [98.52637780000003, 10.81085846600007], [98.5264175295306, 10.8110311365944], [98.5284696287976, 10.819949872732044], [98.52849368600005, 10.820054429000038], [98.52556399800005, 10.826849677000041], [98.52339673877363, 10.827641091714627], [98.51832116000003, 10.829494533000059], [98.51159357568334, 10.82863125896458], [98.50912519600007, 10.828314520000049], [98.5005, 10.823473018820785], [98.50049889400003, 10.823472398000092], [98.50049889400003, 10.837071526024738], [98.50049889400003, 10.837144273000092], [98.4995262331318, 10.839590021843042], [98.49488366000003, 10.851263739000046], [98.49146569100003, 10.866685289000088], [98.49089603000004, 10.880804755000042]]], [[[98.51417076900003, 11.03579336100006], [98.5151283353156, 11.041151170859836], [98.51587975400008, 11.045355536000045], [98.51343834700003, 11.063055731000077], [98.51367024770344, 11.065220137354238], [98.51417076900003, 11.069891669000071], [98.52452476270611, 11.086425953408279], [98.52466881600003, 11.08665599200009], [98.52885904992772, 11.085008146891543], [98.53191165500004, 11.083807684000078], [98.53432737389095, 11.076900237412294], [98.53711998800003, 11.068915106000077], [98.54460696700005, 11.031195380000042], [98.54517662900008, 11.01593659100007], [98.54171864504035, 10.989540650866255], [98.54151451900003, 10.987982489000046], [98.54151744352104, 10.987932406573114], [98.54314212300005, 10.960109768000052], [98.54151451900003, 10.953802802000041], [98.53394616000003, 10.950832424000055], [98.53003991000003, 10.957180080000057], [98.53001534534576, 10.957335225180758], [98.52998590146623, 10.95752118652009], [98.52849368600005, 10.966945705000057], [98.52849368600005, 10.974310614000046], [98.52085516937082, 10.971775140228177], [98.51880944100003, 10.971096096000053], [98.51294838739291, 10.966011808314063], [98.51205488400007, 10.965236721000053], [98.50956644231023, 10.95941150457859], [98.50847415500004, 10.956854559000078], [98.50799543010295, 10.946561989399303], [98.50798587300005, 10.94635651200008], [98.48585045700003, 10.955877997000073], [98.4811423311651, 10.965425029065203], [98.47706139400003, 10.97370026200008], [98.4773915161171, 10.978683044154307], [98.47836347700007, 10.993353583000044], [98.48682701900003, 11.00844961100006], [98.49524674145091, 11.014984321169363], [98.50318444100003, 11.021144924000055], [98.50676705393502, 11.024865329957311], [98.50953209700003, 11.027736721000053], [98.51063648684698, 11.02965487158637], [98.51417076900003, 11.03579336100006]]], [[[98.49993517569713, 12.512981609172888], [98.50571001118252, 12.50592712312581], [98.51417076900003, 12.495591539000088], [98.51570062461128, 12.486389225762451], [98.51685631600003, 12.479437567000048], [98.5156436729408, 12.454247664539253], [98.51417076900003, 12.423651434000078], [98.50935386382551, 12.412202557311486], [98.50855553500003, 12.410305080000057], [98.49561608200003, 12.405829169000071], [98.48210696700005, 12.410589911000045], [98.48000029059574, 12.414474095654187], [98.47429446700005, 12.424994208000044], [98.48853600400008, 12.493312893000052], [98.49984785200007, 12.513088283000059], [98.49993517569713, 12.512981609172888]]], [[[98.33322810439945, 12.428989590954279], [98.33611087300005, 12.450913804000038], [98.33423912900008, 12.46002838700008], [98.32553144600007, 12.47406647300005], [98.32113691500007, 12.48704661700009], [98.32103405619755, 12.487122842699659], [98.31657962300005, 12.490423895000049], [98.31654533119051, 12.490605355945545], [98.31560306100005, 12.495591539000088], [98.31787550179624, 12.499000200194367], [98.31950931100005, 12.501450914000088], [98.32042849258268, 12.502066860374615], [98.32740319100003, 12.506740627000056], [98.33110674751141, 12.509975378904304], [98.33383222700007, 12.51235586100006], [98.33301842500003, 12.519232489000046], [98.3274480280616, 12.529280812909818], [98.31413821700005, 12.553290106000077], [98.30274498800003, 12.598578192000048], [98.30201256600003, 12.646307684000078], [98.31554103083134, 12.687257618022043], [98.31560306100005, 12.687445380000042], [98.33301842500003, 12.671210028000075], [98.38746178500003, 12.65766022300005], [98.40552819100003, 12.63898346600007], [98.40552819100003, 12.630031643000052], [98.39812259200005, 12.587469794000071], [98.40121504000007, 12.571682033000059], [98.42443614234959, 12.531512643102824], [98.42546634200005, 12.529730536000045], [98.42546834439571, 12.529744313351326], [98.42603308910603, 12.53363000207645], [98.42920983200003, 12.555487372000073], [98.43816165500004, 12.587388414000088], [98.44232601702593, 12.592799432310866], [98.45093834700003, 12.603989976000037], [98.45247562020656, 12.60196467962315], [98.46631920700003, 12.583726304000038], [98.46849865038287, 12.569963521875755], [98.47071373800003, 12.555975653000075], [98.47022545700003, 12.517523505000042], [98.46715582559376, 12.494347789863028], [98.46534264400003, 12.480658270000049], [98.45582116000003, 12.45774974200009], [98.39133584653966, 12.361590998084765], [98.39128665500004, 12.361517645000049], [98.34994550900007, 12.325913804000038], [98.32504425657812, 12.332170825030644], [98.30206326575936, 12.337945335501875], [98.30201256600003, 12.337958075000074], [98.31128991000003, 12.359767971000053], [98.31550397015603, 12.365174689580163], [98.31560306100005, 12.365301825000074], [98.31840958823648, 12.382608741726388], [98.31902103000004, 12.386379299000055], [98.33301842500003, 12.427394924000055], [98.33322810439945, 12.428989590954279]]], [[[98.30347741000003, 13.08299388200004], [98.30529972386695, 13.084323099331616], [98.31039472700007, 13.088039455000057], [98.31853274800005, 13.091376044000071], [98.32984459700003, 13.084662177000041], [98.3298810505545, 13.084602546184563], [98.33643639400003, 13.073879299000055], [98.33575725382832, 13.071791571301784], [98.33423912900008, 13.06712474200009], [98.33318001792439, 13.06619993851875], [98.32300866000003, 13.057318427000041], [98.3200627770646, 13.05342165802398], [98.31657962300005, 13.04881419500009], [98.31179076003367, 13.045363396762417], [98.31104576900003, 13.04482656500005], [98.30632571700005, 13.04010651200008], [98.30286597472977, 13.031555073709795], [98.30201256600003, 13.029445705000057], [98.30054772200003, 13.019964911000045], [98.30200955437006, 12.988535520034103], [98.30201256600003, 12.988470770000049], [98.31332441500007, 12.94594961100006], [98.31430097700007, 12.925523179000038], [98.3140802409424, 12.92530390476688], [98.30201256600003, 12.913316148000092], [98.3020046747071, 12.913534035331061], [98.30198918003968, 12.913961860246975], [98.30128014400003, 12.933539130000042], [98.28785241000003, 12.95734284100007], [98.28825931100005, 12.974798895000049], [98.28378707092119, 12.98686886032369], [98.28109785200007, 12.99412669500009], [98.27616778220754, 13.017469373387824], [98.26775149800005, 13.057318427000041], [98.25467803767621, 13.09280017429456], [98.24512780000003, 13.118719794000071], [98.24048912900008, 13.13930898600006], [98.23902428500003, 13.158758856000077], [98.24203301498241, 13.203889816726706], [98.24203535200007, 13.203924872000073], [98.24732506600003, 13.215033270000049], [98.24795356364403, 13.215002567562607], [98.26148522200003, 13.214341539000088], [98.26880944100003, 13.198919989000046], [98.28891035200007, 13.09870026200008], [98.29049466291262, 13.095407568198796], [98.29566491000003, 13.084662177000041], [98.30085015112547, 13.083554911484088], [98.30347741000003, 13.08299388200004]]], [[[98.3078649052918, 11.717726023235942], [98.30640709700003, 11.717474677000041], [98.3032773508546, 11.715127366856848], [98.30201256600003, 11.714178778000075], [98.30173789272428, 11.712668074662004], [98.30030358200003, 11.704779364000046], [98.30188746459082, 11.675552952386958], [98.30201256600003, 11.673244533000059], [98.30199855833276, 11.673195839682531], [98.29726192587805, 11.656730403751915], [98.29004967500003, 11.631659247000073], [98.28958225351873, 11.62724470955874], [98.28785241000003, 11.610907294000071], [98.29251102546498, 11.599187964061105], [98.29566491000003, 11.59125397300005], [98.28256269600007, 11.566351630000042], [98.28353925900007, 11.509426174000055], [98.27515709700003, 11.48078034100007], [98.27506249742754, 11.480875460349099], [98.26880905525454, 11.487163262006323], [98.26798845104203, 11.487988375021619], [98.26775149800005, 11.488226630000042], [98.26661570795362, 11.485090860034276], [98.26587975400008, 11.48305898600006], [98.26437348340777, 11.480358088635565], [98.26351972700007, 11.47882721600007], [98.2624934631175, 11.47638983921327], [98.26156660200007, 11.474188544000071], [98.26123404666686, 11.470904556445182], [98.260938924317, 11.467990220010602], [98.26091556100005, 11.46775950700004], [98.25171959700003, 11.476507880000042], [98.23816266745466, 11.493160177640556], [98.23764082100007, 11.493801174000055], [98.23365319100003, 11.501898505000042], [98.23350063814519, 11.5017306968553], [98.23348877297849, 11.501717645171587], [98.22673587300005, 11.494289455000057], [98.22380754567541, 11.48938450619152], [98.2235, 11.48886936712853], [98.22348066500007, 11.488836981000077], [98.2235, 11.488140919220408], [98.22364342500003, 11.482977606000077], [98.22496619409037, 11.47921280275614], [98.22681725400008, 11.473944403000075], [98.21702145235845, 11.473227637112227], [98.21013431100005, 11.472723700000074], [98.20204979298539, 11.466296507875391], [98.20199629000007, 11.46625397300005], [98.20338184880666, 11.462118946942496], [98.20456361423749, 11.45859211659281], [98.20460045700003, 11.458482164000088], [98.2197616202019, 11.453588878115399], [98.21998131600003, 11.453517971000053], [98.21549314781748, 11.451387033945442], [98.21029707100007, 11.448919989000046], [98.19890384200005, 11.446478583000044], [98.18702233200003, 11.446437893000052], [98.18293983185762, 11.447498077141033], [98.17652428500003, 11.449164130000042], [98.16529381600003, 11.453517971000053], [98.16488691500007, 11.458482164000088], [98.16529381600003, 11.473944403000075], [98.17505944100003, 11.470892645000049], [98.17576021930863, 11.47102838138139], [98.18409264400003, 11.47264232000009], [98.19223066500007, 11.478664455000057], [98.19634643483735, 11.484098196029457], [98.19945250573026, 11.488198907565423], [98.19947350400008, 11.488226630000042], [98.19936204086186, 11.488553488067582], [98.19646243600005, 11.49705638200004], [98.19462672195046, 11.507113751149198], [98.19263756600003, 11.518011786000045], [98.19090122389532, 11.521715982869383], [98.18897545700003, 11.525824286000045], [98.18751061300003, 11.534979559000078], [98.18751610144152, 11.534984099438024], [98.18815628941823, 11.535513709489535], [98.19646243600005, 11.542385158000059], [98.20226532734038, 11.545542613983258], [98.20753014400003, 11.548407294000071], [98.21239260740295, 11.552741228452149], [98.21297831346621, 11.55326327077433], [98.21314537900008, 11.553412177000041], [98.2114466672771, 11.559640785104635], [98.21094811300003, 11.561468817000048], [98.20630944100003, 11.56476471600007], [98.20398300665187, 11.56692789171831], [98.20167076900003, 11.56907786700009], [98.19989061724017, 11.578308286023388], [98.19947350400008, 11.580471096000053], [98.19950702161962, 11.580563054597812], [98.20264733200003, 11.589178778000075], [98.20968499088839, 11.594032335939806], [98.21680748800003, 11.598944403000075], [98.22291100400008, 11.617580471000053], [98.22974694100003, 11.62099844000005], [98.23326484983498, 11.62164757777441], [98.23658287900008, 11.622259833000044], [98.23988405653326, 11.624426230280847], [98.24048912900008, 11.624823309000078], [98.24089603000004, 11.63617584800005], [98.2398681195079, 11.639359700700778], [98.23462975400008, 11.655585028000075], [98.23365319100003, 11.666408596000053], [98.23642105410264, 11.678324481993249], [98.23845462300005, 11.687079169000071], [98.26775149800005, 11.741441148000092], [98.27247155000003, 11.786078192000048], [98.27248584457189, 11.786111645268644], [98.27443131579416, 11.790664588302858], [98.27833092500003, 11.79979075700004], [98.27842416412041, 11.799784578506316], [98.29184004000007, 11.798895575000074], [98.3010907182894, 11.785477008765737], [98.30665123800003, 11.777411200000074], [98.31820722700007, 11.74998607000009], [98.32229057294161, 11.734067944030688], [98.32298197699133, 11.731372640493698], [98.32300866000003, 11.731268622000073], [98.32007897200003, 11.721909898000092], [98.31348717500003, 11.718695380000042], [98.3078649052918, 11.717726023235942]]], [[[98.11719811300003, 9.882025458000044], [98.11817467500003, 9.90851471600007], [98.11964089801162, 9.917882250350473], [98.12037194100003, 9.922552802000041], [98.12427819100003, 9.931382554000038], [98.12745201900003, 9.960109768000052], [98.12748954953523, 9.960118803128367], [98.13483813150418, 9.961887906091748], [98.14060233703685, 9.963275585120495], [98.14063561300003, 9.963283596000053], [98.14820397200003, 9.970363674000055], [98.1494164839087, 9.972707863248681], [98.15186608200003, 9.977443752000056], [98.15447024800005, 9.980617580000057], [98.15671063777117, 9.981993819346611], [98.16016686300003, 9.984116929000038], [98.16431725400008, 9.992254950000074], [98.16604284017012, 9.99676956600047], [98.16781660200007, 10.00141022300005], [98.17107624429123, 10.00711459657423], [98.17156009200005, 10.007961330000057], [98.17326956945108, 10.009379632774959], [98.17896569100003, 10.014105536000045], [98.19066764383577, 10.02061452479733], [98.20573978000004, 10.028998114000046], [98.23462975400008, 10.054185289000088], [98.24638630062456, 10.059241087558632], [98.25440514400003, 10.062689520000049], [98.26147495930739, 10.060291327741378], [98.27515709700003, 10.05565013200004], [98.275935910794, 10.056174061266969], [98.27963300900007, 10.058661200000074], [98.28248131600003, 10.059393622000073], [98.29300459114586, 10.056405531250615], [98.2955, 10.055696958300667], [98.29566491000003, 10.05565013200004], [98.29566491000003, 10.048895575000074], [98.2955, 10.048917906558179], [98.28003991000003, 10.05101146000004], [98.27393639400003, 10.048041083000044], [98.27386040558488, 10.046217356367222], [98.27369225400008, 10.042181708000044], [98.27515367495972, 10.0358488808484], [98.27515709700003, 10.035834052000041], [98.27540252615493, 10.03552215240976], [98.28101647200003, 10.02838776200008], [98.28939863400007, 10.024318752000056], [98.28945757665346, 10.024253711833808], [98.29397819404228, 10.019265444601457], [98.29411868600005, 10.019110419000071], [98.2912756532445, 10.01370075922891], [98.28825931100005, 10.007961330000057], [98.27831575268726, 10.005156736536065], [98.26921634200005, 10.00259023600006], [98.25814863400007, 9.985988674000055], [98.25123131600003, 9.968329169000071], [98.24390709700003, 9.960109768000052], [98.24048301571457, 9.958812767413324], [98.22779381600003, 9.954006252000056], [98.20720296258737, 9.940458350763603], [98.19353274800005, 9.931463934000078], [98.18570908139974, 9.932185110288144], [98.17896569100003, 9.932806708000044], [98.17851418653385, 9.931341943536431], [98.17546634200005, 9.921454169000071], [98.17281531277408, 9.91610477086517], [98.17090905000003, 9.912258205000057], [98.16846764400003, 9.90460846600007], [98.16940966605793, 9.902625261619564], [98.17156009200005, 9.898098049000055], [98.16455160858203, 9.886888897167344], [98.14576256600003, 9.856838283000059], [98.13347957424544, 9.84561276768775], [98.13347415500004, 9.84560781500005], [98.13339659478792, 9.846250456699245], [98.13119550900007, 9.864488023000092], [98.13102989176734, 9.86443833783184], [98.12259768103287, 9.861908674691213], [98.12061608200003, 9.86131419500009], [98.11719811300003, 9.882025458000044]]], [[[98.29566491000003, 10.781927802000041], [98.29096555797996, 10.774987555249368], [98.28687584700003, 10.768947658000059], [98.28296959700003, 10.756537177000041], [98.28532962300005, 10.745062567000048], [98.2954404987849, 10.734911885699903], [98.29566491000003, 10.73468659100007], [98.29053795700003, 10.735256252000056], [98.28923587300005, 10.733587958000044], [98.28931725400008, 10.730617580000057], [98.28860335400282, 10.728366050225805], [98.28825931100005, 10.72728099200009], [98.27691289142277, 10.705698991187193], [98.27662194100003, 10.705145575000074], [98.2766017303731, 10.705125738643083], [98.26787621422314, 10.696561805721029], [98.26783287900008, 10.696519273000092], [98.25074303500003, 10.693101304000038], [98.25055648910964, 10.693158031406009], [98.24929399983375, 10.693541946278309], [98.23682701900003, 10.697333075000074], [98.23387764574888, 10.704318432432471], [98.23218834700003, 10.708319403000075], [98.2336410415072, 10.74068220334109], [98.23365319100003, 10.74095286700009], [98.23780358200003, 10.73818594000005], [98.23999313091588, 10.735332891511637], [98.24048912900008, 10.73468659100007], [98.24889152138455, 10.741226831794116], [98.25544862996333, 10.746330743520156], [98.25554446700005, 10.74640534100007], [98.25163821700005, 10.756008205000057], [98.23365319100003, 10.768255927000041], [98.23380363906102, 10.777257721912244], [98.23389733200003, 10.782863674000055], [98.24195397200003, 10.814398505000042], [98.24048912900008, 10.830959377000056], [98.2374620339479, 10.833040504945295], [98.23658287900008, 10.833644924000055], [98.22291100400008, 10.83779531500005], [98.22143150184506, 10.83935701098978], [98.21998131600003, 10.84088776200008], [98.21994688968802, 10.841518911382709], [98.21949303500003, 10.84983958500004], [98.21851647200003, 10.855617580000057], [98.21851012326592, 10.855629807195644], [98.21631920700003, 10.859849351000037], [98.21402581040249, 10.86269486161502], [98.19874108200003, 10.881659247000073], [98.17896569100003, 10.898586330000057], [98.17831559398917, 10.897237981071576], [98.17676842500003, 10.894029039000088], [98.17554188630986, 10.892335246774936], [98.17335045700003, 10.88930898600006], [98.17207494049009, 10.886207162585718], [98.17156009200005, 10.884955145000049], [98.17151269699494, 10.885213355456257], [98.17103768600226, 10.88780124008324], [98.16529381600003, 10.919094143000052], [98.15577233200003, 10.923976955000057], [98.15395661755414, 10.924083280752047], [98.14673912900008, 10.924505927000041], [98.14667284288419, 10.924459690386911], [98.14014733200003, 10.91990794500009], [98.13759624905143, 10.90966496053447], [98.13749031376689, 10.909239614320418], [98.13746178500003, 10.909125067000048], [98.13109167640668, 10.902956544579478], [98.13103274800005, 10.902899481000077], [98.12662151939018, 10.89990614729028], [98.10027103000004, 10.882025458000044], [98.08961022200003, 10.878119208000044], [98.07740319100003, 10.888088283000059], [98.08044329667676, 10.893577362511559], [98.08619225400008, 10.903957424000055], [98.11011803500003, 10.929348049000055], [98.112463364331, 10.933201090455485], [98.11296634200005, 10.934027411000045], [98.11561415508433, 10.935650003806915], [98.12631269600007, 10.942206122000073], [98.13119550900007, 10.94635651200008], [98.13331139400003, 10.952948309000078], [98.13672936300003, 10.970648505000042], [98.13958967113832, 10.975331557824605], [98.14087975400008, 10.977443752000056], [98.14099494556133, 10.977477566302605], [98.14133389442755, 10.977577064211886], [98.15349368600005, 10.981146552000041], [98.17188561300003, 10.978664455000057], [98.19117272200003, 10.971177476000037], [98.20573978000004, 10.96002838700008], [98.21558678500003, 10.944525458000044], [98.22201582100007, 10.926662502000056], [98.22559655000003, 10.907416083000044], [98.22604095723278, 10.90037964000261], [98.22681725400008, 10.888088283000059], [98.23178144600007, 10.870266018000052], [98.23890568416674, 10.863678537901817], [98.24366295700003, 10.85927969000005], [98.25591702010777, 10.850891492002058], [98.25733483200003, 10.84992096600007], [98.26775149800005, 10.837144273000092], [98.26954912513015, 10.825809237376522], [98.27068118600005, 10.81867096600007], [98.27071605908775, 10.810196783832199], [98.27076256600003, 10.798895575000074], [98.27637780000003, 10.784491278000075], [98.29543349010565, 10.781958560332686], [98.29566491000003, 10.781927802000041]]], [[[98.23023522200003, 12.516994533000059], [98.22974694100003, 12.527411200000074], [98.23365319100003, 12.553656317000048], [98.23633964766805, 12.556377215333402], [98.23682701900003, 12.55687083500004], [98.23684823358093, 12.55687363922811], [98.24390709700003, 12.557806708000044], [98.25082441500007, 12.560207424000055], [98.25262206214111, 12.564197323226525], [98.25416100400008, 12.567613023000092], [98.25684655000003, 12.57420482000009], [98.26246178500003, 12.568793036000045], [98.26249623805931, 12.568732743139227], [98.26252189610233, 12.56868784155872], [98.26734459700003, 12.560248114000046], [98.26766743094205, 12.557730009093733], [98.26775149800005, 12.557074286000045], [98.28988691500007, 12.526312567000048], [98.28288821700005, 12.503851630000042], [98.26050866000003, 12.495266018000052], [98.24907199840042, 12.500493082842373], [98.23682701900003, 12.50608958500004], [98.23319675728267, 12.512095203081781], [98.23023522200003, 12.516994533000059]]], [[[98.186, 10.042652206809155], [98.18580162900008, 10.04205963700008], [98.18580162900008, 10.121161200000074], [98.18408047638265, 10.125750939529794], [98.18360436300003, 10.127020575000074], [98.17643485827915, 10.136639660837089], [98.17383873800003, 10.140122789000088], [98.17187081300985, 10.147045667027273], [98.17156009200005, 10.148138739000046], [98.1733182176937, 10.153432225622268], [98.17530358200003, 10.159409898000092], [98.18189537900008, 10.16860586100006], [98.18322387124458, 10.171878488751238], [98.18523196700005, 10.17682526200008], [98.18186388612963, 10.181461841384147], [98.17896569100003, 10.18545156500005], [98.17896569100003, 10.192857164000088], [98.179, 10.192857817503167], [98.19023092149797, 10.193071739266637], [98.19605553500003, 10.193182684000078], [98.22217858200003, 10.177923895000049], [98.23572361097769, 10.173800186406462], [98.24048912900008, 10.172349351000037], [98.24088327453094, 10.167934920279112], [98.24089603000004, 10.167792059000078], [98.23951256600003, 10.166489976000037], [98.23682701900003, 10.166408596000053], [98.23365319100003, 10.165513414000088], [98.23072350400008, 10.159572658000059], [98.2289483724924, 10.156959270418373], [98.22779381600003, 10.15525950700004], [98.22775199027772, 10.152979999480646], [98.22771243600005, 10.150824286000045], [98.23365319100003, 10.144476630000042], [98.2334728306047, 10.144378251593968], [98.21843509200005, 10.13617584800005], [98.20777428500003, 10.128648179000038], [98.20243483232674, 10.11974909093079], [98.20148864339056, 10.118172109320774], [98.20142662900008, 10.118068752000056], [98.19532311300003, 10.070502020000049], [98.186, 10.042652206809155]]], [[[98.11947675900007, 12.275580145000049], [98.12378991000003, 12.259466864000046], [98.12368235521335, 12.25730680428425], [98.12330162900008, 12.249660549000055], [98.12029512241325, 12.232480512617915], [98.11988366000003, 12.230129299000055], [98.11695397200003, 12.221258856000077], [98.11545161613934, 12.219240765984486], [98.11150149800005, 12.21393463700008], [98.10853285940036, 12.211232842476036], [98.10425866000003, 12.20734284100007], [98.09815514400003, 12.199286200000074], [98.09814423813954, 12.199208820306573], [98.09681751622908, 12.189795410432405], [98.09644616000003, 12.187160549000055], [98.10148386410151, 12.189876528635354], [98.10580488400007, 12.192206122000073], [98.11947675900007, 12.19757721600007], [98.13184655000003, 12.198553778000075], [98.1318549659395, 12.198541824928594], [98.13746178500003, 12.190578518000052], [98.13808263342568, 12.180823672740637], [98.14014733200003, 12.148382880000042], [98.13746178500003, 12.138739325000074], [98.13441903441232, 12.14457126349668], [98.12964928500003, 12.153713283000059], [98.11670983200003, 12.16547272300005], [98.10937095855583, 12.16706098661572], [98.10035241000003, 12.16901276200008], [98.09511312511296, 12.166157115753682], [98.08228600400008, 12.15916575700004], [98.07667076900003, 12.161932684000078], [98.07471764400003, 12.163397528000075], [98.07309004000007, 12.164943752000056], [98.06321071342651, 12.181487239974697], [98.05935615934241, 12.187941907574066], [98.05933678500003, 12.187974351000037], [98.0570842948966, 12.19016248429502], [98.03939863400007, 12.20734284100007], [98.03435306100005, 12.221258856000077], [98.03586954323708, 12.23120519597477], [98.03711998800003, 12.239406643000052], [98.04615319100003, 12.26203034100007], [98.05909264400003, 12.281398830000057], [98.06929036857696, 12.287579268976458], [98.07252037900008, 12.289536851000037], [98.09180748800003, 12.288641669000071], [98.10824629000007, 12.284654039000088], [98.11495158253527, 12.279236356648292], [98.11947675900007, 12.275580145000049]]], [[[98.09058678500003, 12.422308661000045], [98.10124759200005, 12.404771226000037], [98.10420194020641, 12.385050949362785], [98.1044821247844, 12.383180717080952], [98.10450280000003, 12.38304271000004], [98.10124848478996, 12.375876641776117], [98.09644616000003, 12.365301825000074], [98.0934497662162, 12.363495587923168], [98.08773847700007, 12.360052802000041], [98.08155358200003, 12.360581773000092], [98.0766876119107, 12.362667188244181], [98.07471764400003, 12.36351146000004], [98.06527754000007, 12.365301825000074], [98.06446373800003, 12.359808661000045], [98.04878313340589, 12.331863028908394], [98.04802493600005, 12.330511786000045], [98.04801941445037, 12.330506556455292], [98.04741760808982, 12.32993657638103], [98.03956139400003, 12.32249583500004], [98.0343277100197, 12.319119265091684], [98.02947024800005, 12.315985419000071], [98.02768622078989, 12.315258084831067], [98.01889082100007, 12.311672268000052], [98.01126331910837, 12.310191199742283], [98.01050866000003, 12.310044664000088], [98.00831139400003, 12.304388739000046], [98.00030974246668, 12.269270377285343], [98.00025475400008, 12.269029039000088], [97.99098115477425, 12.286518720487798], [97.99097741000003, 12.286525783000059], [97.98658287900008, 12.289536851000037], [97.9844816548637, 12.298065348131367], [97.98243248800003, 12.306382554000038], [97.97248051641922, 12.307665669636885], [97.96949303500003, 12.30805084800005], [97.9642010559988, 12.307109055341787], [97.95508873800003, 12.305487372000073], [97.9531511916945, 12.306414744695113], [97.94556725400008, 12.310044664000088], [97.94637544663313, 12.313947080197346], [97.94841556100005, 12.323797919000071], [97.9511385553702, 12.326096550608419], [97.96094811300003, 12.334377346000053], [97.96915260027268, 12.342912659333036], [97.97094773049051, 12.344780173825225], [97.97103925900007, 12.344875393000052], [97.96607506600003, 12.35846588700008], [97.95836537379746, 12.352863191840928], [97.95297285200007, 12.348944403000075], [97.95282923053645, 12.348777333121008], [97.94898522200003, 12.344305731000077], [97.94556725400008, 12.337958075000074], [97.93816165500004, 12.337958075000074], [97.93944995039142, 12.358336572016384], [97.93995201900003, 12.36627838700008], [97.94752191022978, 12.372208135250634], [97.95460045700003, 12.377752997000073], [97.96236915829739, 12.379993968316336], [97.97575931100005, 12.38385651200008], [97.99471240632636, 12.394616342513086], [98.00700931100005, 12.401597398000092], [98.01783287900008, 12.40265534100007], [98.02344172899083, 12.398753532050241], [98.02344811300003, 12.39874909100007], [98.01758873800003, 12.389146226000037], [98.00797071672741, 12.38024955644603], [98.00782311300003, 12.380113023000092], [98.0070968146089, 12.37901659187898], [98.00359134200005, 12.373724677000041], [98.00422708510298, 12.371456230317674], [98.00538170700003, 12.367336330000057], [98.0054541870539, 12.367261088799895], [98.01392662900008, 12.35846588700008], [98.01939104345291, 12.359528412274349], [98.02711022200003, 12.361029364000046], [98.02895532007282, 12.360861627905297], [98.03248131600003, 12.360541083000044], [98.04175866000003, 12.35846588700008], [98.04135175900007, 12.36912669500009], [98.042, 12.377200244237855], [98.04224694100003, 12.380275783000059], [98.04558353000004, 12.389064846000053], [98.06364993600005, 12.397772528000075], [98.06934655000003, 12.409369208000044], [98.07093735363166, 12.41530412744818], [98.07252037900008, 12.421210028000075], [98.07593834700003, 12.427394924000055], [98.09058678500003, 12.422308661000045]]], [[[98.05543053500003, 11.659572658000059], [98.05446365373858, 11.660384838189973], [98.04932701900003, 11.66469961100006], [98.03435306100005, 11.686835028000075], [98.01661217500003, 11.69749583500004], [98.0165170821209, 11.697636889460796], [98.01183043077855, 11.704588756770413], [98.01172936300003, 11.704738674000055], [98.02442467500003, 11.707953192000048], [98.02833092500003, 11.717189846000053], [98.02850000000001, 11.730913079273488], [98.02857506600003, 11.737005927000041], [98.02434512722229, 11.750034137548417], [98.02247155000003, 11.755804755000042], [98.01704420065818, 11.75797282291894], [98.00709069100003, 11.76194896000004], [98.00870757633984, 11.770471864667224], [98.01189212300005, 11.787258205000057], [97.99976647200003, 11.84178294500009], [98.01392662900008, 11.864976304000038], [98.01392351875775, 11.864916431835582], [98.01197350400008, 11.827378648000092], [98.01392662900008, 11.816595770000049], [98.01929772200003, 11.810492255000042], [98.04489124947995, 11.789286189060057], [98.04493248800003, 11.789252020000049], [98.04493497448068, 11.789247530521196], [98.05225670700003, 11.77602773600006], [98.05241946700005, 11.749416408000059], [98.05795332100007, 11.729071356000077], [98.05797445373669, 11.72907623278585], [98.0692502588583, 11.731678341873945], [98.08228600400008, 11.73468659100007], [98.08160290685981, 11.729365623872122], [98.08073978000004, 11.72264232000009], [98.07471764400003, 11.713364976000037], [98.06568444100003, 11.706366278000075], [98.05844123668808, 11.702658447439958], [98.05543053500003, 11.701117255000042], [98.05550935437157, 11.701079437620855], [98.06348717500003, 11.69725169500009], [98.06771894600007, 11.691066799000055], [98.06755618600005, 11.682928778000075], [98.06169681100005, 11.673244533000059], [98.07911217500003, 11.653794664000088], [98.0849800502132, 11.645378895552332], [98.08529707100007, 11.644924221000053], [98.0872444559148, 11.639210666818421], [98.08961022200003, 11.63226959800005], [98.08938404445962, 11.632399969451116], [98.06511478000004, 11.64638906500005], [98.05865120021133, 11.652036192208918], [98.05738366000003, 11.653143622000073], [98.05545385705322, 11.659495889580441], [98.05543053500003, 11.659572658000059]]]]}}, {"type": "Feature", "properties": {"name": "Minbu", "division": "Magwe Division"}, "geometry": {"type": "Polygon", "coordinates": [[[94.2905, 19.838557461841024], [94.3105, 19.876179106229678], [94.3905, 19.921313292381328], [94.3955, 19.97348363550172], [94.338, 20.028455312606578], [94.30799999999999, 20.105946798291768], [94.288, 20.15852523807808], [94.213, 20.218593199585985], [94.18299999999999, 20.30114877945873], [94.1805, 20.37616114535348], [94.1605, 20.43614479313901], [94.118, 20.473622698759232], [94.0405, 20.500788459137286], [94.01, 20.48533266832507], [94.02250000000001, 20.52560813345435], [94.015, 20.585533383418703], [93.9795, 20.631865683903133], [94.258, 20.761427511804303], [94.201, 20.826867843243583], [94.141, 20.924040978657313], [94.2135, 20.956729325885636], [94.2635, 20.886674134994855], [94.286, 20.899286485309425], [94.2985, 20.938985108603692], [94.336, 20.951593058290264], [94.401, 20.941786966969747], [94.4285, 20.95906393468194], [94.4385, 21.01928423502137], [94.441, 21.04681875423155], [94.5005, 21.034218843000016], [94.578, 20.961865417139737], [94.628, 20.93151322999036], [94.69800000000001, 20.906759970501408], [94.7205, 20.894148248298375], [94.753, 20.87172479229178], [94.7365, 20.816118880668665], [94.749, 20.755817020508363], [94.7865, 20.678651670656045], [94.8765, 20.578512109290525], [94.854, 20.51483782546279], [94.919, 20.442704086575826], [94.9615, 20.3550675976954], [94.97149999999999, 20.26269084734231], [94.9855, 20.1824613413031], [95.016, 20.126604723185263], [95.0535, 20.096086372682947], [95.0625, 20.074485175870283], [95.094, 20.058047488524473], [95.099, 20.01060336891823], [95.0805, 19.996978154097224], [95.044, 19.97301370939804], [95.01050000000001, 19.96502475134019], [94.9825, 19.98053235894572], [94.9375, 19.98429154921052], [94.89, 19.955625459052303], [94.852, 19.931184679311464], [94.7815, 19.87335779243936], [94.7555, 19.848904303318843], [94.7245, 19.837146476671766], [94.6855, 19.8545477507765], [94.6575, 19.8545477507765], [94.6015, 19.822565562707858], [94.5825, 19.820684056999376], [94.5235, 19.82868030243892], [94.49, 19.839498111656056], [94.449, 19.8108057867085], [94.3995, 19.816450587734376], [94.383, 19.80139733981351], [94.3655, 19.760934682007598], [94.3305, 19.728463031521457], [94.2905, 19.838557461841024]]]}}, {"type": "Feature", "properties": {"name": "Mong Hsu", "division": "Federated Shan States"}, "geometry": {"type": "Polygon", "coordinates": [[[98.4085, 21.50342312657139], [98.359, 21.54342463471452], [98.3115, 21.625718614210495], [98.2515, 21.673121001987607], [98.22149999999999, 21.728404094381304], [98.229, 21.78088013526127], [98.2265, 21.830552142552293], [98.22149999999999, 21.857934006358743], [98.2105, 21.906187559979067], [98.2185, 21.914537478992298], [98.2185, 21.939584298401606], [98.223, 21.943758339703745], [98.23949999999999, 21.943758339703745], [98.2435, 21.947932258499417], [98.2435, 21.960453279662055], [98.248, 21.964626708246318], [98.248, 21.968800014231377], [98.256, 21.968800014231377], [98.2645, 21.960453279662055], [98.273, 21.968800014231377], [98.277, 21.968800014231377], [98.281, 21.964626708246318], [98.2855, 21.964626708246318], [98.314, 21.979928230676613], [98.3275, 22.015161826323492], [98.3765, 22.027676916883117], [98.44, 22.074946163209088], [98.4725, 22.072629411577456], [98.4885, 22.036019696225278], [98.516, 22.015161826323492], [98.5585, 21.991055574821967], [98.566, 21.954888517538535], [98.5185, 21.836121760110046], [98.521, 21.73629994536751], [98.5425, 21.654068972113073], [98.5025, 21.601546703822237], [98.4085, 21.50342312657139]]]}}, {"type": "Feature", "properties": {"name": "Mong Nai", "division": "Federated Shan States"}, "geometry": {"type": "Polygon", "coordinates": [[[97.6335, 20.9931450719031], [97.6985, 20.970736432035345], [97.8055, 20.94552269655843], [97.913, 20.988010055488004], [97.993, 20.99827991172735], [98.07300000000001, 21.093009303412373], [98.1165, 21.146180631612403], [98.219, 21.115865981639608], [98.2115, 21.078547139076754], [98.264, 21.0659499139217], [98.2815, 21.04868531708707], [98.2765, 20.993611882821163], [98.299, 20.94365484341709], [98.3315, 20.910963642294], [98.359, 20.89601671847586], [98.369, 20.86097903344056], [98.426, 20.86611840526024], [98.488, 20.893681127119404], [98.473, 20.857708432626843], [98.497, 20.78854194965522], [98.56700000000001, 20.75862229218621], [98.627, 20.753479254346423], [98.697, 20.72869671147417], [98.807, 20.678651670656045], [98.9315, 20.573831080390416], [98.82300000000001, 20.51858410549257], [98.688, 20.46893846069744], [98.538, 20.448794608439922], [98.37049999999999, 20.476433172968477], [98.313, 20.476433172968477], [98.2655, 20.52139375535626], [98.238, 20.50874992493184], [98.208, 20.448794608439922], [98.158, 20.393971228673863], [98.118, 20.39115924703552], [98.0835, 20.39865775071928], [98.0235, 20.413653663218824], [97.931, 20.403812760326954], [97.90350000000001, 20.411310648145534], [97.84100000000001, 20.448794608439922], [97.791, 20.483927519173903], [97.6885, 20.488611299610582], [97.681, 20.55136014387527], [97.721, 20.578512109290525], [97.751, 20.59863889712388], [97.806, 20.586001456871916], [97.816, 20.621102870706956], [97.7685, 20.66134253424702], [97.726, 20.713731702086932], [97.696, 20.768440333050318], [97.6185, 20.810977801426702], [97.5435, 20.833410314501123], [97.5485, 20.86611840526024], [97.5385, 20.920771751523944], [97.6335, 20.9931450719031]]]}}, {"type": "Feature", "properties": {"name": "Mong Pan", "division": "Federated Shan States"}, "geometry": {"type": "Polygon", "coordinates": [[[98.53450564185191, 19.676449574921666], [98.53262089000003, 19.675854390000055], [98.51546431500009, 19.683373312000086], [98.50512902900005, 19.691512349999996], [98.49758426900013, 19.7007107540001], [98.4954755981897, 19.702149611774733], [98.489, 19.70681159683225], [98.4605, 19.75669962399584], [98.418, 19.834324468727807], [98.393, 19.906740118496153], [98.4005, 19.95891527505315], [98.378, 20.019059805396083], [98.333, 20.051471931355607], [98.2805, 20.031273855267358], [98.1955, 20.064153116334662], [98.138, 20.083877366466012], [98.101, 20.11392859265519], [98.041, 20.183869232960628], [98.076, 20.23642141514594], [98.1035, 20.33115809376594], [98.158, 20.393971228673863], [98.208, 20.448794608439922], [98.238, 20.50874992493184], [98.2655, 20.52139375535626], [98.313, 20.476433172968477], [98.37049999999999, 20.476433172968477], [98.538, 20.448794608439922], [98.688, 20.46893846069744], [98.82300000000001, 20.51858410549257], [98.9315, 20.573831080390416], [99.0465, 20.513901241133286], [99.0815, 20.403812760326954], [99.0615, 20.2490875889339], [99.11746010357056, 20.1177782065476], [99.07716301461691, 20.102619500617287], [99.07347051467482, 20.101230479171246], [99.0734664310001, 20.101228943000123], [99.03646610500004, 20.075158183000028], [99.01682906100012, 20.041000061000048], [99.00587365800004, 19.972347921000008], [99.00701053900013, 19.962451884000117], [99.0127983000001, 19.944235942000077], [99.0134508183433, 19.935869712140526], [99.01352176900008, 19.934960022000055], [99.0109379480001, 19.930205790000045], [99.00720243414818, 19.92606424309277], [99.00618371600012, 19.924934795000027], [99.00200486952357, 19.918734658078538], [99.00148993678633, 19.917970654544508], [99.00142948400003, 19.917880961000023], [98.99936242700005, 19.90772654200005], [99.00087637952315, 19.896679421199412], [99.00266971900004, 19.883593649000076], [99.00763065600012, 19.864886780000106], [99.0080246905402, 19.858313564719616], [99.0087675370001, 19.84592153000004], [99.0009133878656, 19.821015606837], [99.00091272000009, 19.821013489000094], [98.98768355400006, 19.799361063999996], [98.97383426900012, 19.788069764000042], [98.9350769450001, 19.77347117200007], [98.90519786339804, 19.75270261947361], [98.89941343607035, 19.74868194091359], [98.89931685400006, 19.748614808000113], [98.88719965830161, 19.746167294385746], [98.88371057200004, 19.745462545000052], [98.86448693900013, 19.773212789000084], [98.8598776422131, 19.777170361076237], [98.8518778890001, 19.78403900100004], [98.83797448650336, 19.79341092496913], [98.8379252530001, 19.793444112000103], [98.8346297115924, 19.79487954114438], [98.80792004029803, 19.80651339302692], [98.80784956900004, 19.806544088000052], [98.74924849500007, 19.763497620000052], [98.7301282150001, 19.757296448000076], [98.64134810500008, 19.744945781000112], [98.62377811700003, 19.737504375000086], [98.61577015704368, 19.730114312804726], [98.61546621858456, 19.729833826372634], [98.61540653500003, 19.7297787480001], [98.59835331300008, 19.709082336000066], [98.59582413078897, 19.70743324108347], [98.5907052010001, 19.704095561000102], [98.59065233512635, 19.704085877044996], [98.5846117092685, 19.702979356988486], [98.56827762900014, 19.69998728500009], [98.55102952314421, 19.69364212639897], [98.54833052600003, 19.69264923100009], [98.5379952400001, 19.683890076000026], [98.5374458888669, 19.681310087398224], [98.5365483000001, 19.677094625000066], [98.53450564185191, 19.676449574921666]]]}}, {"type": "Feature", "properties": {"name": "Mong Pawn", "division": "Federated Shan States"}, "geometry": {"type": "Polygon", "coordinates": [[[97.4685, 21.120530177373393], [97.506, 21.063150385644686], [97.516, 20.985675898749886], [97.5385, 20.920771751523944], [97.5485, 20.86611840526024], [97.5435, 20.833410314501123], [97.5295, 20.806771333445646], [97.5195, 20.762830102089136], [97.5135, 20.702039259934416], [97.5185, 20.648242417343198], [97.5085, 20.58834180259391], [97.502, 20.539655222167436], [97.4645, 20.51202805528934], [97.4235, 20.505471724416072], [97.4085, 20.52701290036483], [97.40350000000001, 20.54901923123268], [97.3835, 20.613615247557263], [97.3535, 20.653856891414158], [97.3735, 20.688942654130077], [97.406, 20.75394681047053], [97.411, 20.80630394086982], [97.3935, 20.84883072900609], [97.321, 20.89601671847586], [97.29599999999999, 20.968402005459406], [97.311, 21.051018487748472], [97.34100000000001, 21.083679035917488], [97.3385, 21.108402963473242], [97.361, 21.18581350612849], [97.4685, 21.120530177373393]]]}}, {"type": "Feature", "properties": {"name": "Mong-Kung", "division": "Federated Shan States"}, "geometry": {"type": "Polygon", "coordinates": [[[97.3785, 22.01701598357751], [97.4235, 22.026749911057458], [97.4435, 22.05687449322726], [97.5085, 22.096721771150076], [97.536, 22.09162565329167], [97.616, 22.029530910329953], [97.714, 21.955352256037795], [97.7165, 21.90386805117878], [97.729, 21.83287284289574], [97.7315, 21.807807286979564], [97.7805, 21.813841988698556], [97.8965, 21.75580548191801], [97.9065, 21.710752977217204], [97.89150000000001, 21.635943975062307], [97.854, 21.583415120553173], [97.806, 21.52993698498006], [97.7375, 21.475043291044], [97.695, 21.442469451427634], [97.6115, 21.429903311468195], [97.5115, 21.41593966495391], [97.475, 21.393595054270158], [97.4625, 21.332595520899773], [97.4625, 21.276229897313545], [97.4265, 21.25386399379451], [97.3265, 21.261319672486646], [97.319, 21.307443286431862], [97.3015, 21.32980104101582], [97.274, 21.364728212424833], [97.269, 21.393595054270158], [97.26650000000001, 21.443400233560304], [97.24, 21.483418244279974], [97.1905, 21.50854021272168], [97.13550000000001, 21.51458744598437], [97.1665, 21.58992415530681], [97.2425, 21.66615103907516], [97.265, 21.693564282447195], [97.274, 21.734906591416745], [97.2625, 21.766021610388112], [97.2315, 21.809664145369375], [97.2115, 21.86443062752732], [97.223, 21.904795859229775], [97.253, 21.935410134611548], [97.318, 21.99059195290286], [97.371, 22.0392639776424], [97.3785, 22.01701598357751]]]}}, {"type": "Feature", "properties": {"name": "Mong-Nawng", "division": "Federated Shan States"}, "geometry": {"type": "Polygon", "coordinates": [[[97.8615, 21.86628675071674], [97.9265, 21.8764949968787], [97.983, 21.85886211319124], [98.0365, 21.856541834802247], [98.0925, 21.836585885114843], [98.1515, 21.837514130604802], [98.2105, 21.906187559979067], [98.22149999999999, 21.857934006358743], [98.2265, 21.830552142552293], [98.229, 21.78088013526127], [98.22149999999999, 21.728404094381304], [98.2515, 21.673121001987607], [98.3115, 21.625718614210495], [98.359, 21.54342463471452], [98.4085, 21.50342312657139], [98.5025, 21.601546703822237], [98.5175, 21.57504593174574], [98.566, 21.552725731905458], [98.606, 21.55412084505575], [98.5915, 21.51970413916181], [98.588, 21.470855633806913], [98.5385, 21.45317308735025], [98.531, 21.421059823707484], [98.551, 21.340978641164337], [98.5485, 21.310704004345716], [98.4635, 21.31862258931811], [98.4635, 21.238485464780897], [98.411, 21.188610719596507], [98.431, 21.115865981639608], [98.2815, 21.04868531708707], [98.264, 21.0659499139217], [98.2115, 21.078547139076754], [98.219, 21.115865981639608], [98.1165, 21.146180631612403], [98.07900000000001, 21.176022842197103], [98.01650000000001, 21.231028630712387], [97.9965, 21.26364949466938], [97.9865, 21.340978641164337], [98.0015, 21.388473933323912], [98.0015, 21.43595381022616], [97.9465, 21.48574453468478], [97.9165, 21.563421256449953], [97.854, 21.583415120553173], [97.89150000000001, 21.635943975062307], [97.9065, 21.710752977217204], [97.8965, 21.75580548191801], [97.7805, 21.813841988698556], [97.8615, 21.86628675071674]]]}}, {"type": "Feature", "properties": {"name": "Mong-Pai", "division": "Federated Shan States"}, "geometry": {"type": "Polygon", "coordinates": [[[97.012, 19.831032062761043], [97.0985, 19.841379394570385], [97.2165, 19.848904303318843], [97.194, 19.781637790873166], [97.1515, 19.7039872805116], [97.089, 19.711518679883607], [97.0565, 19.64419423079824], [97.0365, 19.594271158505382], [96.984, 19.57684153183324], [96.924, 19.57684153183324], [96.9015, 19.544332596987694], [96.854, 19.517001179298575], [96.8565, 19.47929508895605], [96.904, 19.484480197274095], [96.914, 19.44205170948303], [96.989, 19.43922274897984], [97.0065, 19.379331529558286], [96.9315, 19.37414306363272], [96.9015, 19.321777486166457], [96.8515, 19.314227909729354], [96.833, 19.356218001205672], [96.8095, 19.394895935607494], [96.773, 19.425077207128115], [96.71600000000001, 19.433564680088207], [96.6805, 19.438279751190237], [96.6705, 19.48070922586886], [96.613, 19.510403247859113], [96.5605, 19.538206991740726], [96.533, 19.553284986461197], [96.5755, 19.582965669681446], [96.6255, 19.615466809571185], [96.6405, 19.665383296242076], [96.6455, 19.718108363394563], [96.69800000000001, 19.740699501418018], [96.7255, 19.78069679881414], [96.7705, 19.745876187192117], [96.893, 19.750582119485685], [96.983, 19.700692181787016], [96.9855, 19.728463031521457], [96.9755, 19.80563120977037], [97.012, 19.831032062761043]]]}}, {"type": "Feature", "properties": {"name": "Mong-Sit", "division": "Federated Shan States"}, "geometry": {"type": "Polygon", "coordinates": [[[97.5085, 20.58834180259391], [97.5185, 20.648242417343198], [97.5135, 20.702039259934416], [97.5195, 20.762830102089136], [97.5295, 20.806771333445646], [97.5435, 20.833410314501123], [97.6185, 20.810977801426702], [97.696, 20.768440333050318], [97.726, 20.713731702086932], [97.7685, 20.66134253424702], [97.816, 20.621102870706956], [97.806, 20.586001456871916], [97.751, 20.59863889712388], [97.721, 20.578512109290525], [97.681, 20.55136014387527], [97.6885, 20.488611299610582], [97.5735, 20.44364110564904], [97.4985, 20.418808170858323], [97.4885, 20.456758772792153], [97.492, 20.499383451641208], [97.502, 20.539655222167436], [97.5085, 20.58834180259391]]]}}, {"type": "Feature", "properties": {"name": "Mongmit", "division": "Federated Shan States"}, "geometry": {"type": "Polygon", "coordinates": [[[96.1935, 23.228498553087995], [96.188, 23.25973883121705], [96.1725, 23.296482727487135], [96.1675, 23.32632967466884], [96.1925, 23.350202406546114], [96.22200000000001, 23.379119387402866], [96.242, 23.424088817641426], [96.2505, 23.46124589089782], [96.263, 23.486470043257683], [96.298, 23.492889966423984], [96.358, 23.491514294921153], [96.3905, 23.49518272035777], [96.42699999999999, 23.507562902348262], [96.4395, 23.54744668315254], [96.447, 23.636339349474852], [96.44, 23.688547121521854], [96.4635, 23.717847606251237], [96.4755, 23.726544920945354], [96.492, 23.732953097341557], [96.497, 23.73615706738419], [96.501, 23.74027634167793], [96.51050000000001, 23.756752136209855], [96.516, 23.765904454515876], [96.5185, 23.77093795520927], [96.5215, 23.775056129098857], [96.525, 23.78512222741539], [96.5465, 23.82171964943489], [96.5565, 23.838642468295742], [96.56, 23.848703638127244], [96.5595, 23.856934923483294], [96.5595, 23.857849478467976], [96.5585, 23.864708435051696], [96.556, 23.870195338793177], [96.553, 23.875224796302764], [96.5495, 23.880254058407406], [96.5355, 23.89351208525522], [96.5325, 23.897626369027247], [96.5305, 23.90265476031325], [96.527, 23.914996346051485], [96.524, 23.925965654925292], [96.522, 23.93144995999967], [96.5145, 23.94561666975108], [96.5125, 23.9511001398577], [96.51050000000001, 24.00318147398214], [96.508, 24.010489449392296], [96.5385, 24.08308987597677], [96.6135, 24.09815274248915], [96.66499999999999, 24.118690160717602], [96.6805, 24.097239891894784], [96.6995, 24.070764395759777], [96.73, 24.02830089985611], [96.7875, 24.017340299266838], [96.836, 23.997700220015265], [96.844, 23.96572158706659], [96.852, 23.93464903037909], [96.856, 23.919109946040763], [96.856, 23.918195824029354], [96.8575, 23.91408219493347], [96.861, 23.90585454385083], [96.8685, 23.888940505336564], [96.855, 23.84641707718734], [96.832, 23.792442536675537], [96.83, 23.787867391701973], [96.8335, 23.736614770959363], [96.861, 23.68671562283795], [96.895, 23.64137784996228], [96.9855, 23.668857164915945], [97.003, 23.67389441299246], [97.0035, 23.667483336294197], [97.0065, 23.65740815194381], [97.0095, 23.65282826608371], [97.013, 23.649622250573113], [97.0195, 23.646874174748707], [97.033, 23.645042092135316], [97.0415, 23.644584067474224], [97.0615, 23.64595813664826], [97.0975, 23.645500115193336], [97.1735, 23.675726091430334], [97.184, 23.67847356094679], [97.214, 23.6775577441936], [97.22149999999999, 23.67847356094679], [97.227, 23.67984727404048], [97.2305, 23.681220972690276], [97.233, 23.683052548420658], [97.24549999999999, 23.69449931484832], [97.2535, 23.70045123682314], [97.26, 23.703198186199252], [97.267, 23.705487266512396], [97.2835, 23.70777630667058], [97.289, 23.70777630667058], [97.3055, 23.704113823142915], [97.3095, 23.705029453662068], [97.312, 23.70777630667058], [97.3135, 23.71098089542615], [97.3155, 23.715100965301275], [97.319, 23.718763140380137], [97.325, 23.723798463191983], [97.3305, 23.72471395553858], [97.3345, 23.72471395553858], [97.3435, 23.72059418935516], [97.3685, 23.744395485724528], [97.3775, 23.749887475150338], [97.381, 23.75034513048124], [97.385, 23.74897215966311], [97.397, 23.747599174369046], [97.4205, 23.75034513048124], [97.47149999999999, 23.78512222741539], [97.485, 23.789239952104694], [97.587, 23.806167005099336], [97.617, 23.817145535696998], [97.6345, 23.82583621395874], [97.641, 23.83315422840194], [97.65, 23.851447458007446], [97.64750000000001, 23.868366396711902], [97.65500405541277, 23.872226373400395], [97.65558296904511, 23.872506181611893], [97.65567183400009, 23.87254913300002], [97.65752826377516, 23.873085334830023], [97.67696252500014, 23.878698629000084], [97.68990654569566, 23.88419309609278], [97.697, 23.887111828130454], [97.6855, 23.868823634654124], [97.667, 23.839099811136002], [97.649, 23.804337159753885], [97.6065, 23.756752136209855], [97.569, 23.72562944145644], [97.531, 23.68442621336561], [97.50450000000001, 23.660613976626095], [97.48985145886618, 23.660905653625463], [97.4855, 23.656034203023733], [97.481, 23.656034203023733], [97.4755, 23.604729788060414], [97.429, 23.52636021304179], [97.406, 23.490597172610265], [97.362, 23.46124589089782], [97.2905, 23.45069617935753], [97.265, 23.406194649793807], [97.2285, 23.277652747045686], [97.241, 23.23447152478179], [97.246, 23.222065823151244], [97.27850000000001, 23.152204822664192], [97.281, 23.137032813873198], [97.256, 23.12967607032282], [97.196, 23.179785891680385], [97.1685, 23.194493471441227], [97.1485, 23.159560329857197], [97.1435, 23.114501512503498], [97.1185, 23.097025654095972], [97.061, 23.11726065064907], [96.996, 23.12461807506025], [96.9385, 23.11955988910975], [96.9285, 23.084607215122453], [96.961, 23.022037643570886], [96.991, 22.967265437646866], [96.9885, 22.912471032617884], [96.9785, 22.882071303161577], [97.031, 22.774696645269156], [96.9745, 22.7673201723467], [96.9395, 22.797284613021997], [96.912, 22.822173140883113], [96.902, 22.841988530416856], [96.8985, 22.85811520521227], [96.917, 22.888980930723452], [96.9285, 22.912471032617884], [96.932, 22.930891794322818], [96.9315, 22.947468338030415], [96.8995, 22.958518239305587], [96.881, 22.95207257324129], [96.877, 22.95207257324129], [96.873, 22.95621625096881], [96.8685, 22.95621625096881], [96.856, 22.95621625096881], [96.852, 22.960359801766263], [96.8435, 22.95207257324129], [96.8395, 22.95207257324129], [96.827, 22.93964077865616], [96.82300000000001, 22.93964077865616], [96.8185, 22.93549659338624], [96.8105, 22.92720784234082], [96.806, 22.92720784234082], [96.798, 22.91891858407338], [96.7895, 22.91891858407338], [96.781, 22.92720784234082], [96.781, 22.931352281275192], [96.777, 22.93549659338624], [96.773, 22.93964077865616], [96.7645, 22.93964077865616], [96.76050000000001, 22.93549659338624], [96.756, 22.93964077865616], [96.7375, 22.961740957155648], [96.7045, 22.980155014184547], [96.682, 22.985218440023832], [96.648, 22.97739306555929], [96.614, 22.97923437091576], [96.6105, 22.988900812333537], [96.5845, 23.004549774398214], [96.55199999999999, 23.021577465536193], [96.478, 23.037222637507874], [96.4605, 23.038142885183188], [96.4565, 23.037222637507874], [96.39, 23.03538212330158], [96.3315, 23.02479867879727], [96.3025, 23.01329399238021], [96.261, 23.02295799492869], [96.2405, 23.040443476872014], [96.2085, 23.070347592572578], [96.1885, 23.14255010667474], [96.1845, 23.180705162788712], [96.189, 23.206442189008392], [96.1935, 23.228498553087995]]]}}, {"type": "Feature", "properties": {"name": "Myaungmya", "division": "Irrawaddy Division"}, "geometry": {"type": "MultiPolygon", "coordinates": [[[[94.71070397200003, 16.497219143000052], [94.71729576900003, 16.50291575700004], [94.72522568712202, 16.505056835214578], [94.72543379000007, 16.505113023000092], [94.72544558365081, 16.50512272172573], [94.72600333732045, 16.50558140071612], [94.73161868600005, 16.510199286000045], [94.73162662453643, 16.510374430141287], [94.81, 16.48692107749319], [94.87950000000001, 16.53677664659047], [94.9295, 16.62159736407171], [94.9945, 16.6589641014003], [95.027, 16.716437148105122], [95.072, 16.773892885908985], [95.0945, 16.834202724403625], [95.1835, 16.878226354263997], [95.277, 16.911237344394124], [95.3145, 16.95906909509474], [95.372, 16.983936796268623], [95.31700000000001, 16.851430582636706], [95.3495, 16.801656938824916], [95.447, 16.761445614222755], [95.5245, 16.738942710360508], [95.542, 16.696802467819207], [95.507, 16.641718820019456], [95.487, 16.539173224796848], [95.542, 16.504180229593636], [95.587, 16.444246016329263], [95.577, 16.389090190484755], [95.5645, 16.324322119073155], [95.512, 16.234570926964075], [95.4295, 16.187038996281697], [95.36042564231892, 16.14389621656756], [95.36158287900008, 16.148382880000042], [95.35547936300003, 16.148382880000042], [95.34791100400008, 16.138820705000057], [95.33876799336684, 16.130369182669114], [95.33822675900007, 16.12986888200004], [95.33497158608702, 16.125816524350288], [95.33025149800005, 16.119940497000073], [95.32748457100007, 16.10740794500009], [95.32750454003119, 16.107332213390215], [95.32772182060599, 16.1065081870451], [95.33179772200003, 16.091050523000092], [95.339977228753, 16.07309432760365], [95.34555097700007, 16.06085846600007], [95.34864342500003, 16.041571356000077], [95.34571373800003, 15.996486721000053], [95.34397715153605, 15.990878994006454], [95.34180748800003, 15.983872789000088], [95.3142738099305, 15.950054249242289], [95.31198618692783, 15.947244451391402], [95.31185957100007, 15.947088934000078], [95.30707172853398, 15.932751858053576], [95.29712975400008, 15.90298086100006], [95.27475019600007, 15.876450914000088], [95.25163821700005, 15.86823151200008], [95.25153500770047, 15.868437930599232], [95.24939010116306, 15.87272774367405], [95.23878014400003, 15.893947658000059], [95.24474777594583, 15.911286943986202], [95.24610436300003, 15.915228583000044], [95.26270592500003, 15.940904039000088], [95.27482401300716, 15.968244539375966], [95.27588951900003, 15.970648505000042], [95.27298056806372, 16.0034954142458], [95.27295983200003, 16.003729559000078], [95.23902428500003, 15.950344143000052], [95.22396894600007, 15.91860586100006], [95.22186813654875, 15.907239943055066], [95.21762129000007, 15.884263414000088], [95.22079609723556, 15.84941703418604], [95.22437584700003, 15.810126044000071], [95.22191759709479, 15.805149377177697], [95.21273847700007, 15.78656647300005], [95.17359459700003, 15.777818101000037], [95.15642223408157, 15.784504259222096], [95.14454186300003, 15.789129950000074], [95.12574303500003, 15.817613023000092], [95.11622155000003, 15.855292059000078], [95.11524498800003, 15.893947658000059], [95.13754316500007, 16.006659247000073], [95.13749178793277, 16.006849002865003], [95.13575003264995, 16.013281995202448], [95.13162001777606, 16.028535776430733], [95.12893721137301, 16.03844444339667], [95.12891686300003, 16.03851959800005], [95.10789594472885, 15.984229034542748], [95.10775800900007, 15.983872789000088], [95.10184989073849, 16.008029368546488], [95.09766686300003, 16.025132554000038], [95.11019941500007, 16.06745026200008], [95.12247226732303, 16.08199053317781], [95.13795006600003, 16.10032786700009], [95.17343889653124, 16.113534897674338], [95.17350095882153, 16.113557993915027], [95.17359459700003, 16.11359284100007], [95.18625603257641, 16.112826409975913], [95.20720462300005, 16.11155833500004], [95.21659871269762, 16.113393118799358], [95.21752058561732, 16.11357317216829], [95.21762129000007, 16.11359284100007], [95.21942848708446, 16.11497481522827], [95.22590124222438, 16.119924569112925], [95.22592207100007, 16.119940497000073], [95.22250410200007, 16.124172268000052], [95.21225019600007, 16.12653229400007], [95.20771155483207, 16.126819954419403], [95.20069420700003, 16.12726471600007], [95.19375405327901, 16.129362901570566], [95.19369550900007, 16.129380601000037], [95.19176484323424, 16.133113221032513], [95.18881269600007, 16.138820705000057], [95.18424623938742, 16.140675828629117], [95.18360436300003, 16.14093659100007], [95.18353664558308, 16.140923692437543], [95.18321846144693, 16.14086308590291], [95.17847741000003, 16.139960028000075], [95.17434129965282, 16.13854849845341], [95.16309655000003, 16.134711005000042], [95.15774868282962, 16.134222221255342], [95.15552819100003, 16.134019273000092], [95.14869225400008, 16.132025458000044], [95.14243669395701, 16.134828273247695], [95.14242597700007, 16.134833075000074], [95.13575280000003, 16.148382880000042], [95.12891686300003, 16.148382880000042], [95.12159264400003, 16.131659247000073], [95.09400475400008, 16.09365469000005], [95.08049497175716, 16.082818718321676], [95.07056725400008, 16.07485586100006], [95.07055008973481, 16.07468629887809], [95.06984396884535, 16.067710680960204], [95.06788170700003, 16.04832591400009], [95.06956168776442, 16.033754413918683], [95.07374108200003, 15.99750397300005], [95.07311106937973, 15.976713554981732], [95.07292728000004, 15.970648505000042], [95.06421050178544, 15.91002727513192], [95.05502363400007, 15.846136786000045], [95.05045316354712, 15.832631045842575], [95.04689535173256, 15.822117711954657], [95.04688561300003, 15.822088934000078], [95.03394616000003, 15.80573151200008], [95.02377363400007, 15.80219147300005], [95.01470663532879, 15.800298070675595], [95.00993899800005, 15.799302476000037], [94.9979912408025, 15.795450896370815], [94.99756920700003, 15.795314846000053], [94.99244225400008, 15.788397528000075], [94.99048912900008, 15.78123607000009], [94.98617597700007, 15.77334219000005], [94.98072350400008, 15.766831773000092], [94.97666429795046, 15.764705522476087], [94.97559655000003, 15.764146226000037], [94.94996178500003, 15.762640692000048], [94.93775475400008, 15.764146226000037], [94.93466436336504, 15.765382382235966], [94.90357506600003, 15.777818101000037], [94.85865319100003, 15.782619533000059], [94.84685306100005, 15.790594794000071], [94.85422516023891, 15.80198341605709], [94.85865319100003, 15.80882396000004], [94.85943789543485, 15.809315149042881], [94.86931399800005, 15.81549713700008], [94.87327126904265, 15.81721768976518], [94.88054446700005, 15.820379950000074], [94.88987238031876, 15.82670134585763], [94.89039147200003, 15.827053127000056], [94.89298657692125, 15.83204371269509], [94.89673912900008, 15.839260158000059], [94.8965, 15.844042726835559], [94.89633222700007, 15.847398179000038], [94.89283287900008, 15.856634833000044], [94.89282672307915, 15.85664392030989], [94.88770592500003, 15.864203192000048], [94.88257897200003, 15.86717357000009], [94.87576976301894, 15.858758695683996], [94.86394290500004, 15.844142971000053], [94.8576733763341, 15.841886890653113], [94.85320071700005, 15.840277411000045], [94.84951518579301, 15.858299034950864], [94.84839928500003, 15.863755601000037], [94.84926838043059, 15.879875255424992], [94.85010826900003, 15.895453192000048], [94.84926585443161, 15.90171113041364], [94.84839928500003, 15.908148505000042], [94.83594811300003, 15.936672268000052], [94.83570160818347, 15.93919483421871], [94.83472741000003, 15.949164130000042], [94.83961022200003, 15.962062893000052], [94.8452579354309, 15.97049167702433], [94.85035241000003, 15.978094794000071], [94.86251511426232, 15.991449920114794], [94.86280358200003, 15.991766669000071], [94.86650635498785, 15.993942047869734], [94.87256920700003, 15.99750397300005], [94.88090185089357, 15.998465431929775], [94.88949629000007, 15.99945709800005], [94.90481307740508, 16.005148198149012], [94.90705733158516, 16.005982072443985], [94.90723717500003, 16.00604889500005], [94.91649697777062, 16.014719437061473], [94.92050891749743, 16.01847607130208], [94.92066491000003, 16.01862213700008], [94.92408287900008, 16.03851959800005], [94.92397305139117, 16.03845285265018], [94.89707767130514, 16.022107768099165], [94.88949101694207, 16.017497143277094], [94.88933353000004, 16.017401434000078], [94.88453209700003, 16.036037502000056], [94.88452468430988, 16.036113027523893], [94.88021894600007, 16.07998281500005], [94.86754825435447, 16.104582499616374], [94.86353600400008, 16.11237213700008], [94.86353170712418, 16.11253455853318], [94.86312910200007, 16.127752997000073], [94.86636635551639, 16.13649358039259], [94.86841881600003, 16.14203522300005], [94.88705488400007, 16.170803127000056], [94.90007571700005, 16.18378327000005], [94.91732832100007, 16.19236888200004], [94.92581946248012, 16.19351079405692], [94.94092858200003, 16.19554271000004], [94.95923912900008, 16.200873114000046], [94.97510826900003, 16.21434153900009], [94.97986606604378, 16.22161039525637], [94.98682701900003, 16.232245184000078], [94.99244225400008, 16.250799872000073], [94.99223658163665, 16.250498980975866], [94.98804772200003, 16.24437083500004], [94.97478274800005, 16.23151276200008], [94.97433619700253, 16.230734487435747], [94.97193444100003, 16.22654857000009], [94.96834619116132, 16.22210737559271], [94.96697024800005, 16.220404364000046], [94.94288170700003, 16.21637604400007], [94.92465254000007, 16.208807684000078], [94.90251712300005, 16.20962148600006], [94.90087638354845, 16.20894963162708], [94.89307701900003, 16.20575592700004], [94.89092721817717, 16.202978214003423], [94.86841881600003, 16.173895575000074], [94.86614609164647, 16.169660043288694], [94.86573326900003, 16.168890692000048], [94.85466556100005, 16.160223700000074], [94.84949972627412, 16.139963944816753], [94.84945722700007, 16.139797268000052], [94.84839928500003, 16.096502997000073], [94.84914160103335, 16.092873895191524], [94.85059655000003, 16.085760809000078], [94.85452270309301, 16.07715082441434], [94.85987389400003, 16.06541575700004], [94.86207116000003, 16.055609442000048], [94.863953362113, 16.049845198330274], [94.86402428500003, 16.049627997000073], [94.86768639400003, 16.045314846000053], [94.86917542349025, 16.041521367622824], [94.86939537900008, 16.040961005000042], [94.85645592500003, 16.018500067000048], [94.85637268524233, 16.01819207990337], [94.85523522200003, 16.01398346600007], [94.84620201900003, 15.99998607000009], [94.79314076685664, 15.966140415300242], [94.78687584700003, 15.962144273000092], [94.7833670379351, 15.956948536330012], [94.77418053500003, 15.94334544500009], [94.75362625932978, 15.89875311850924], [94.74537194100003, 15.88084544500009], [94.74331138782564, 15.878323327878986], [94.73519941500007, 15.868394273000092], [94.72120201900003, 15.856675523000092], [94.71237516850017, 15.852490021050535], [94.70386803500003, 15.848456122000073], [94.68564053440903, 15.846900115263578], [94.68384850400008, 15.84674713700008], [94.66962137536943, 15.8511211733196], [94.65870201900003, 15.85447825700004], [94.64897051138594, 15.868548394946764], [94.64893639400003, 15.86859772300005], [94.64687061704504, 15.877300765580282], [94.64454186300003, 15.887111721000053], [94.64324763572932, 15.890125754841733], [94.63550866000003, 15.908148505000042], [94.635106592067, 15.905388856921135], [94.63282311300003, 15.88971588700008], [94.6224767888532, 15.89153457704368], [94.62240644600007, 15.891546942000048], [94.61963042003048, 15.894600570771267], [94.61019941500007, 15.904974677000041], [94.60607237171051, 15.912528301593323], [94.60132897200003, 15.921210028000075], [94.60150013133753, 15.921322351315698], [94.62867272200003, 15.939154364000046], [94.65036257293914, 15.95019081113284], [94.66553795700003, 15.957912502000056], [94.67339811776345, 15.963025009280027], [94.70313561300003, 15.982367255000042], [94.7161673491766, 15.99803809976609], [94.73226972700007, 16.017401434000078], [94.73680439434953, 16.041364803449188], [94.74170983200003, 16.067287502000056], [94.74607287611249, 16.07228076442943], [94.74903405000003, 16.07566966400009], [94.75030945271284, 16.0767669697049], [94.75806725400008, 16.08344147300005], [94.76587975400008, 16.09316640800006], [94.76594904117852, 16.093328078094885], [94.76610324146367, 16.093687878786554], [94.76978600400008, 16.10228099200009], [94.77198326900003, 16.110988674000055], [94.77198811137046, 16.111121032100968], [94.77202403572159, 16.112102964184928], [94.77271535742604, 16.13099908731248], [94.77271569100003, 16.131008205000057], [94.77662194100003, 16.134914455000057], [94.7850871188354, 16.139590457843855], [94.78516686300003, 16.13963450700004], [94.78809244718693, 16.142862189568927], [94.79250484244815, 16.147730212624104], [94.79265384200005, 16.14789459800005], [94.79371178500003, 16.16201406500005], [94.79348747207554, 16.161887643023512], [94.77515709700003, 16.151556708000044], [94.76736375292428, 16.141315011810626], [94.76596113400007, 16.139471747000073], [94.76395429273151, 16.134793075581527], [94.75220787900008, 16.10740794500009], [94.72543886378531, 16.063918465973323], [94.72543379000007, 16.06391022300005], [94.72530244597581, 16.063568872877823], [94.71802819100003, 16.044663804000038], [94.71015369447957, 16.02977292886746], [94.70536507382198, 16.020717524234996], [94.70533287900008, 16.020656643000052], [94.68921959700003, 16.00731028900009], [94.67139733200003, 15.996568101000037], [94.65880120206394, 15.984804473997228], [94.61475670700003, 15.94367096600007], [94.58985436300003, 15.931586005000042], [94.56657962300005, 15.935492255000042], [94.56459677027155, 15.94784695204917], [94.56234785200007, 15.961859442000048], [94.57542947127871, 15.978918034707048], [94.58871504000007, 15.996242580000057], [94.64234459700003, 16.044663804000038], [94.6424105515113, 16.044774750736565], [94.66334069100003, 16.07998281500005], [94.67888431100005, 16.12128327000005], [94.68175932871077, 16.137500166843584], [94.68669681100005, 16.165350653000075], [94.68509087979487, 16.190059054110066], [94.68384850400008, 16.20917389500005], [94.67859733849674, 16.220170287044958], [94.66871178500003, 16.24087148600006], [94.66521243600005, 16.257635809000078], [94.67359459700003, 16.274725653000075], [94.68293601837473, 16.288478301002165], [94.68531334700003, 16.29197825700004], [94.70492597700007, 16.353216864000046], [94.70759702706748, 16.356508650830342], [94.71070397200003, 16.36033763200004], [94.72055097700007, 16.362127997000073], [94.73226972700007, 16.360663153000075], [94.73226972700007, 16.360814406555818], [94.73226972700007, 16.36749909100007], [94.72562892616942, 16.374395307223118], [94.72169030000003, 16.37848541900007], [94.71341388628713, 16.427825579518597], [94.70582116000003, 16.473089911000045], [94.706, 16.4780795474826], [94.70622806100005, 16.484442450000074], [94.71067327091252, 16.497131505339286], [94.71070397200003, 16.497219143000052]]], [[[94.82798224891373, 15.931955356487977], [94.82984459700003, 15.916449286000045], [94.83936608200003, 15.89008209800005], [94.84103497389617, 15.880470514461171], [94.84156334700003, 15.877427476000037], [94.83843354064265, 15.867608474435913], [94.83743323342453, 15.864470255320194], [94.83741295700003, 15.864406643000052], [94.81910241000003, 15.83470286700009], [94.80372155000003, 15.796576239000046], [94.78806153331847, 15.793547650725534], [94.77784264400003, 15.791571356000077], [94.77021532584607, 15.793581817503265], [94.74789472700007, 15.79946523600006], [94.72486412900008, 15.81195709800005], [94.72486412900008, 15.818793036000045], [94.74480228000004, 15.832709052000041], [94.75928795700003, 15.852240302000041], [94.77850923203401, 15.890871295459633], [94.78003991000003, 15.893947658000059], [94.78133739698825, 15.895747970524212], [94.80681399800005, 15.93109772300005], [94.82325280000003, 15.945786851000037], [94.82329691093514, 15.945659461658362], [94.82715924146764, 15.9345053171661], [94.82797285200007, 15.932155666000085], [94.82797285200007, 15.932033596000053], [94.82798224891373, 15.931955356487977]]], [[[94.41013246319726, 15.839260158000059], [94.40267988400007, 15.839260158000059], [94.40267988400007, 15.84674713700008], [94.41724694100003, 15.871771552000041], [94.40919030000003, 15.907456773000092], [94.38844005147644, 15.955496743522074], [94.38233483200003, 15.969631252000056], [94.38611113681817, 15.985764466960314], [94.38965905000003, 16.000921942000048], [94.41724694100003, 16.018459377000056], [94.4330006728364, 16.02525967841716], [94.45297285200007, 16.03388092700004], [94.48536217500003, 16.058986721000053], [94.49594160200007, 16.07558828300006], [94.50260973264902, 16.08978959861562], [94.51099694100003, 16.10765208500004], [94.51283940832217, 16.11066528683524], [94.51880944100003, 16.120428778000075], [94.54932701900003, 16.148993231000077], [94.61158287900008, 16.22174713700008], [94.64283287900008, 16.24551015800006], [94.64284568188585, 16.24549446501143], [94.66200924704941, 16.222004947434943], [94.66211998800003, 16.221869208000044], [94.6661430299476, 16.184473206042043], [94.66747767090096, 16.172067112256418], [94.66749108200003, 16.171942450000074], [94.65463300900007, 16.121975002000056], [94.62964928500003, 16.07518138200004], [94.57960045700003, 16.01325104400007], [94.57957373050772, 16.013229532432895], [94.56959069100003, 16.005194403000075], [94.55347741000003, 15.99750397300005], [94.49903405000003, 15.980169989000046], [94.48414147200003, 15.971258856000077], [94.47803795700003, 15.966131903000075], [94.47803795700003, 15.966059045665553], [94.47803795700003, 15.96424559651349], [94.47803795700003, 15.958156643000052], [94.47819154034629, 15.957009887146615], [94.47925866000003, 15.949042059000078], [94.47848398610866, 15.943232009574103], [94.47836347700007, 15.942328192000048], [94.46827233200003, 15.930161851000037], [94.45452678260537, 15.91928850614465], [94.44646243600005, 15.912909247000073], [94.44304332096071, 15.908599438307954], [94.43677819100003, 15.90070221600007], [94.44092858200003, 15.88540273600006], [94.43318862156043, 15.86976156635782], [94.43311608200003, 15.869614976000037], [94.43311202026335, 15.869609603561114], [94.41883511878525, 15.850725616878547], [94.41016686300003, 15.839260158000059], [94.41013246319726, 15.839260158000059]]]]}}, {"type": "Feature", "properties": {"name": "Myingyan", "division": "Mandalay Division"}, "geometry": {"type": "Polygon", "coordinates": [[[94.833, 20.956729325885636], [94.828, 21.01181636998951], [94.8305, 21.096741246333984], [94.8555, 21.169029113970684], [94.898, 21.213783257985465], [94.96549999999999, 21.241281680327024], [95.068, 21.284150339810957], [95.1155, 21.326540747218466], [95.223, 21.348895592522442], [95.268, 21.42385256191742], [95.3005, 21.448984801631344], [95.35249999999999, 21.46899441416863], [95.355, 21.529006756056294], [95.35, 21.60387110152303], [95.34, 21.70610758642604], [95.3875, 21.70610758642604], [95.41499999999999, 21.70610758642604], [95.465, 21.70610758642604], [95.5425, 21.6986746493102], [95.64, 21.68613069785937], [95.66499999999999, 21.661039518846504], [95.6575, 21.62897221661203], [95.645, 21.598757377294877], [95.6925, 21.578765630907238], [95.7425, 21.571326137092132], [95.76, 21.613633164058246], [95.7825, 21.661039518846504], [95.815, 21.64895702384477], [95.8425, 21.596432897453862], [95.8775, 21.55365580882986], [95.9325, 21.531332317193968], [95.9925, 21.47364741867586], [96.0005, 21.37776555569076], [95.9385, 21.34330720064569], [95.866, 21.320485723721113], [95.781, 21.355415113781703], [95.691, 21.325609221400725], [95.661, 21.28042312587524], [95.6635, 21.18581350612849], [95.596, 21.150843873570178], [95.566, 21.063150385644686], [95.531, 21.02581831013738], [95.5335, 20.983341705536603], [95.571, 20.88573984466864], [95.561, 20.82593318129093], [95.5335, 20.82079243688648], [95.446, 20.846027134800448], [95.3535, 20.83574684249031], [95.294, 20.785737233578235], [95.229, 20.71326402172056], [95.154, 20.63841658885625], [95.104, 20.621102870706956], [95.0215, 20.595830667577744], [94.9065, 20.54621008873612], [94.8765, 20.578512109290525], [94.7865, 20.678651670656045], [94.749, 20.755817020508363], [94.7365, 20.816118880668665], [94.753, 20.87172479229178], [94.833, 20.956729325885636]]]}}, {"type": "Feature", "properties": {"name": "Myinkyado", "division": "Federated Shan States"}, "geometry": {"type": "MultiPolygon", "coordinates": [[[[96.438, 20.94832443256799], [96.479, 20.926843116578414], [96.483, 20.931046225200443], [96.523, 21.008082297260227], [96.59649999999999, 21.009949345307902], [96.59700000000001, 21.009482585486484], [96.619, 20.763765155047352], [96.5605, 20.80583654684517], [96.518, 20.905825805213627], [96.438, 20.94832443256799]]], [[[96.619, 20.763765155047352], [96.59976270198565, 20.978626038532774], [96.609, 20.889944105353386], [96.619, 20.763765155047352]]]]}}, {"type": "Feature", "properties": {"name": "Myitkyina", "division": "Sagaing Division"}, "geometry": {"type": "Polygon", "coordinates": [[[97.092, 25.907896867693044], [97.107, 26.03286068886389], [97.11449999999999, 26.217814155081637], [97.157, 26.350064174108567], [97.197, 26.42755074431406], [97.22200000000001, 26.509907087247598], [97.187, 26.610087331308243], [97.1545, 26.654782360588545], [97.1345, 26.73742203049399], [97.1495, 26.84721749371885], [97.107, 26.9698303622757], [97.11898042405305, 27.087221425010657], [97.11898292437209, 27.087222320794364], [97.1191671140001, 27.08728831000009], [97.1228878170001, 27.093696188000123], [97.13301639900004, 27.119586080000047], [97.13454558918129, 27.126332510085803], [97.13477339700012, 27.12733754500006], [97.12933294251008, 27.13780785502782], [97.12929569600004, 27.137879537000018], [97.12082076100006, 27.143925680000066], [97.11172570800005, 27.14883494100009], [97.10460778995902, 27.15580248077104], [97.1043876550001, 27.15601796500006], [97.10353979810024, 27.158936549728917], [97.10170048100014, 27.165268046000065], [97.1015, 27.174014018234814], [97.10128706900014, 27.183303121000066], [97.09742686955413, 27.18861089590517], [97.09549930900005, 27.19126129200002], [97.06790409400008, 27.21709950800006], [97.06776964036108, 27.217257523038114], [96.90512333200013, 27.408405660000128], [96.8813521730001, 27.44411407500003], [96.87701135200007, 27.463079325000095], [96.89024051900009, 27.492483215000064], [96.88848352100013, 27.507185160000077], [96.88465946500008, 27.515840963000116], [96.88104211500007, 27.534392802000056], [96.88031864400011, 27.543849589000033], [96.87732141200007, 27.553073832000038], [96.86615930200003, 27.56844757100002], [96.86202518800013, 27.57836944600011], [96.86212854000007, 27.599298401000098], [96.87019006400004, 27.61909047500008], [96.88352258400005, 27.636324565000066], [96.89974898300005, 27.649476217000128], [96.93953983600011, 27.6740225220001], [96.95700647000012, 27.68807851200002], [96.99090621000005, 27.72662913000009], [97.00403202400008, 27.73427724200006], [97.03617476400007, 27.742920068000032], [97.05054081200007, 27.746782939000056], [97.05674198400004, 27.746782939000056], [97.06035933400011, 27.750451965000067], [97.06201298100007, 27.763345235000074], [97.06532027200006, 27.773990581000064], [97.07234826700005, 27.779184062000084], [97.09219201700006, 27.785488587000074], [97.09818648300006, 27.791017964999995], [97.10604130000013, 27.805539043000024], [97.11244917900007, 27.809208069000036], [97.12319787600006, 27.812153625000022], [97.13177616400003, 27.816856181000006], [97.1821090090001, 27.857267151000073], [97.18647377374064, 27.861653172532776], [97.19802535100013, 27.87326100700004], [97.20403726635296, 27.88082399716267], [97.21094445800003, 27.88951324500006], [97.2229333900001, 27.899719341000022], [97.23414201633693, 27.90470622979221], [97.24122684700006, 27.907858379000047], [97.24929620404382, 27.909596724485926], [97.26065718600006, 27.912044170000073], [97.26749188320329, 27.91130224534064], [97.27636682200011, 27.910338847000006], [97.28628957390607, 27.899647739995668], [97.28804569500005, 27.8977556360001], [97.28866581300014, 27.88434560200004], [97.29244561236666, 27.878284093701417], [97.29290328000008, 27.877550150999994], [97.29291108020678, 27.87755265036166], [97.3149174400001, 27.884603983000105], [97.32892177034192, 27.89180065338638], [97.33352095600003, 27.894164124000028], [97.33817183500008, 27.90155385300004], [97.33735475597142, 27.906660596050788], [97.33631148300009, 27.91318105100008], [97.33569136600005, 27.93560862200006], [97.34003218600003, 27.951809184000084], [97.35677535000013, 27.98056711800008], [97.36225305200003, 27.994881490000083], [97.3551217050001, 28.02304514600003], [97.3065458580001, 28.0696572880001], [97.29290328000008, 28.095082092], [97.29889774600014, 28.12924021400009], [97.32866337100012, 28.190011699000095], [97.32349572800013, 28.217477723000073], [97.33383101400011, 28.235254415], [97.36959110600003, 28.25347035700004], [97.3778593350001, 28.26359893900009], [97.38437056500004, 28.284837952000075], [97.3982198490001, 28.28889455200006], [97.41672001200004, 28.286052348000098], [97.43666711400004, 28.286414083000082], [97.44782922400009, 28.29760203100004], [97.45237674900005, 28.317678324000084], [97.45237674900005, 28.355479635000066], [97.45020634000014, 28.364858907], [97.4467956950001, 28.374005636000092], [97.44534875500011, 28.382971497000128], [97.45010298700004, 28.39191152000005], [97.46570927000005, 28.40669097900006], [97.47149703000014, 28.414959209000116], [97.47459761600004, 28.426198832000082], [97.48813684100003, 28.44193430600005], [97.50301965300008, 28.47772023600008], [97.51397505800009, 28.49469594300008], [97.52772098800011, 28.52952585900006], [97.54622115100011, 28.53846588100008], [97.56751184100011, 28.525495097000046], [97.58993941300008, 28.49469594300008], [97.61360721800003, 28.481983541000133], [97.6410990810001, 28.498364970000083], [97.67045129400009, 28.511284079000077], [97.69959680200009, 28.48802968300008], [97.74000777200007, 28.38260976200003], [97.76532922400008, 28.352430725000133], [97.79726525900003, 28.34392995200001], [97.85907027200005, 28.370129903000034], [97.89734919328492, 28.35538943129167], [97.8975175380001, 28.35532460500012], [97.9447497970001, 28.29884226500006], [97.97875288900013, 28.280600484000004], [97.9929122320001, 28.26892161100004], [97.99384240800003, 28.25254018200009], [97.98485070800012, 28.2242214970001], [97.9910518800001, 28.214015401000026], [98.03135949800003, 28.208330994000065], [98.04861942600013, 28.199623515000027], [98.1150022760001, 28.14388835700008], [98.11869266800005, 28.140789897000033], [98.12696089700012, 28.124279277000042], [98.1279944260001, 28.105469056000018], [98.12251672400004, 28.015448710000058], [98.11848596200014, 27.99472646100004], [98.10711714700011, 27.973074036000057], [98.11352502500006, 27.96170522100006], [98.14897505700009, 27.944548645000012], [98.16582157400006, 27.92969167100007], [98.17729374200007, 27.91292266900011], [98.17667362500003, 27.898117371000083], [98.1567265220001, 27.889203187000064], [98.1400867110001, 27.878557841000074], [98.14577111900013, 27.860729472000045], [98.16241092900003, 27.842849427000075], [98.19662072800003, 27.823186544000023], [98.20065148900005, 27.813600565000016], [98.19848107900003, 27.800448914000057], [98.1978609620001, 27.780631002000078], [98.20209842900005, 27.7712517290001], [98.20840295400006, 27.766161601000036], [98.21150354000008, 27.760322164000044], [98.20178837100013, 27.736551005000095], [98.20437219300004, 27.727300924000062], [98.23806522600012, 27.680223694000077], [98.25439497900004, 27.648132629000074], [98.27568566900004, 27.570101217000072], [98.29470259600009, 27.536614889000063], [98.32860233600007, 27.52286895700003], [98.36394901500012, 27.532170716000067], [98.38327600100007, 27.55578684500007], [98.39288781700009, 27.587154440000106], [98.39815881400011, 27.619813945000075], [98.3974353430001, 27.656814270000027], [98.40001916500012, 27.675727844000065], [98.4102510990001, 27.68425445600009], [98.42224003100006, 27.680895487000058], [98.47453658000006, 27.65717600500004], [98.4923132730001, 27.643430073999994], [98.5221822520001, 27.656297506000087], [98.54336958800008, 27.642525737000042], [98.56435022000005, 27.603535869000055], [98.5784062090001, 27.59172780400003], [98.60455448400006, 27.59273549400011], [98.61654341700006, 27.59841990200006], [98.62584517500005, 27.6055512490001], [98.63504357900007, 27.611054788999994], [98.6472392170001, 27.611726583000078], [98.64743688507544, 27.611613629807668], [98.65592085800006, 27.60676564500004], [98.6657393800001, 27.597076314999995], [98.67421431500003, 27.586120911000123], [98.67723455396097, 27.580881720880647], [98.67927860500009, 27.57733591800003], [98.68175907400007, 27.55648447700007], [98.6771437066965, 27.538997612135976], [98.67111372900007, 27.516151022000102], [98.67004142362748, 27.50043380341356], [98.66832320200012, 27.475249126000094], [98.67442102100006, 27.3865982060001], [98.67731490100005, 27.376107890000057], [98.67747159098622, 27.376047235833948], [98.68031927936038, 27.374944905251816], [98.6837227790001, 27.37362742200007], [98.69106083200006, 27.373162334000043], [98.69736535700008, 27.368924866], [98.69891141574212, 27.364186196203274], [98.70770064400011, 27.337247213000083], [98.70418664600004, 27.304174296000028], [98.68020878100003, 27.237046611000082], [98.67359419800005, 27.207901103000054], [98.67256066900006, 27.17560333200008], [98.68268925000012, 27.110077617000073], [98.68992369562547, 27.095350352363887], [98.69137089100008, 27.092404276000067], [98.69147841386855, 27.092351492047825], [98.69735816741729, 27.089465067653663], [98.70273970500006, 27.086823222000064], [98.71648563700012, 27.082482402000082], [98.73136844900006, 27.068788147000063], [98.73777632600007, 27.048686015], [98.73499551182289, 27.040649933526336], [98.73167850700003, 27.031064352], [98.72061975100013, 27.013959452000066], [98.71266158100008, 26.995149231000042], [98.73570927000003, 26.907299296000062], [98.73615008414971, 26.90087074447001], [98.73632938600008, 26.89825592100003], [98.73449947014664, 26.89235296484695], [98.73312544800012, 26.88792063400011], [98.71865604700008, 26.872676087000073], [98.7168880989616, 26.868123620854455], [98.71452193200008, 26.862030741000083], [98.71452938499898, 26.861990494803972], [98.71813928200004, 26.842497050000063], [98.74242720500013, 26.81040598600005], [98.74281331485138, 26.80951342041273], [98.75038537600011, 26.792009176000064], [98.75003281972468, 26.78563110962462], [98.74924849500007, 26.77144195600006], [98.74258379835098, 26.754803355044462], [98.73436568300014, 26.73428660100008], [98.73198856700003, 26.71351267500002], [98.73201698089737, 26.713448946688157], [98.7338273038088, 26.709388651063705], [98.74645796800013, 26.681059876000106], [98.74650071268617, 26.68067517345808], [98.74738814300008, 26.672688293000036], [98.74694500391527, 26.66677977020216], [98.74676802600004, 26.664420064000083], [98.747, 26.657924780032292], [98.74707808400012, 26.655738424000035], [98.75069543500007, 26.646126607000028], [98.7555530190001, 26.625042623000084], [98.75549051495865, 26.624873034829516], [98.75357791651231, 26.61968370524344], [98.74852502400012, 26.6059740190001], [98.74430347554419, 26.599121958179847], [98.72795780400003, 26.57259104500004], [98.72742345020207, 26.569951660666387], [98.72113651600006, 26.538898011000086], [98.7172091060001, 26.408725077000028], [98.7135, 26.389509846903564], [98.7134884030001, 26.389449768000063], [98.70739058400011, 26.371052959000068], [98.70204743763618, 26.361702452175717], [98.6976754150001, 26.35405141200006], [98.68731837978892, 26.343037000253457], [98.65778120900006, 26.31162506100013], [98.64951298000011, 26.290592753000013], [98.64552391268634, 26.275301327627414], [98.64455204300003, 26.271575827000035], [98.6421749270001, 26.25452260400003], [98.64816939300005, 26.244807434000066], [98.66204273015884, 26.247167331850484], [98.66811222599766, 26.24819977199226], [98.66821984900008, 26.248218079000097], [98.676926524156, 26.239408972231818], [98.67700484200009, 26.239329733000076], [98.70149947100003, 26.191167297999996], [98.70437127345535, 26.179606452839728], [98.7055302330001, 26.174940898000088], [98.7054769391428, 26.174843715086205], [98.70025923700007, 26.16532908200007], [98.69240441900007, 26.159954732000116], [98.68651330600005, 26.15411529600003], [98.68651331798826, 26.154114085192518], [98.68672001200008, 26.133238017000068], [98.68269858470579, 26.127593909319174], [98.68082889800013, 26.12496978800003], [98.6674391456753, 26.115003551626977], [98.64444869000005, 26.097891337000064], [98.63080611200013, 26.096909485000097], [98.62429488100014, 26.108485006000038], [98.62504549838235, 26.127089582449518], [98.62574182200012, 26.144348450000066], [98.61933394400012, 26.145743714000062], [98.60217736800013, 26.13995595300007], [98.5630066330001, 26.131222636000118], [98.56049070771819, 26.12917337430864], [98.55019087800008, 26.12078399700006], [98.54553999900003, 26.105642803000066], [98.54561624240999, 26.10488933881031], [98.54729699800004, 26.088279521000047], [98.5538082280001, 26.071071269000058], [98.56984672395104, 26.04080081200872], [98.5726184500001, 26.035569560000013], [98.57716597500013, 26.01732778000006], [98.57582346061221, 26.000348913969372], [98.57540897700005, 25.99510691300013], [98.5778612758388, 25.990635074495415], [98.5824369720001, 25.98229115900004], [98.59246219900007, 25.98074086500013], [98.59266992649513, 25.980771841911462], [98.60417044915343, 25.98248683236348], [98.6042444260001, 25.982497863999996], [98.61623335800004, 25.979397278000064], [98.62452920888478, 25.970818614556084], [98.62532841000012, 25.969992168000104], [98.65328336136317, 25.931631271737935], [98.65809126800013, 25.925033671000094], [98.66132369650408, 25.91826009903463], [98.66728967300003, 25.905758362000043], [98.67235396300009, 25.90183095400009], [98.68360694264615, 25.89795387651012], [98.68465295400006, 25.897593486000048], [98.68533989270344, 25.89679663724237], [98.68982059800004, 25.8915990200001], [98.69240441900007, 25.87898997100008], [98.69148261976706, 25.873283593703675], [98.69023400900005, 25.86555409700013], [98.68741207622463, 25.85901481114395], [98.68485966000003, 25.853100078000054], [98.6778316650001, 25.843281555000075], [98.66407106860169, 25.83350356652261], [98.62605188000003, 25.806487936000067], [98.61003218700006, 25.800596822000088], [98.60067278758632, 25.801692071144377], [98.600495091358, 25.801712865389113], [98.60031701600013, 25.801733704000085], [98.59753290019613, 25.803110464689357], [98.59091190600009, 25.806384583000053], [98.57102654278204, 25.81333725583274], [98.56238651600012, 25.816358135000073], [98.55524442225658, 25.821787418320575], [98.53954553200003, 25.833721415000085], [98.52683313100005, 25.838785706000053], [98.51194145945041, 25.83816521975696], [98.50946984900003, 25.838062236000056], [98.50033620239, 25.83216688253467], [98.49810103400006, 25.830724183000072], [98.48665002231829, 25.818595150755495], [98.47453658000006, 25.80576446500008], [98.47406962778258, 25.805372298112196], [98.46130741400009, 25.79465403300007], [98.45286682444653, 25.77842599509267], [98.45262577300008, 25.777962545000022], [98.44356694664589, 25.754613243225705], [98.43929325400006, 25.7435977170001], [98.43832942888322, 25.74257010946279], [98.43226525900008, 25.736104635000046], [98.42933601631074, 25.734058177784092], [98.42472050000003, 25.730833639000124], [98.41991802366144, 25.72553435490243], [98.41872603400009, 25.724219056000024], [98.4185, 25.722947615214224], [98.41665897600012, 25.712591859000057], [98.41634891800004, 25.700189514], [98.41464247015486, 25.695724308823443], [98.41324833200008, 25.69207631400009], [98.37521447800009, 25.649288229000078], [98.37083771555358, 25.63910383922607], [98.36984012900012, 25.636782532000055], [98.36616907069688, 25.623963919201017], [98.35723107900009, 25.592754212000003], [98.34710249800003, 25.577819723000047], [98.3326330970001, 25.566967672000104], [98.31206587700012, 25.55745920800011], [98.31057403142704, 25.55699258057709], [98.28943160000006, 25.550379538000087], [98.28666960788789, 25.550825020327682], [98.2766158450001, 25.552446594000045], [98.27654861552391, 25.552507572316404], [98.24716027900007, 25.579163310000112], [98.23238081900007, 25.586553040000027], [98.15021529100005, 25.613063050000036], [98.14814187289797, 25.612735111276454], [98.1400867110001, 25.611461080000097], [98.13870985181138, 25.601048583946422], [98.13843306500013, 25.598955384000092], [98.13936324100007, 25.550224508000056], [98.1367060419889, 25.542199766400145], [98.13419559800008, 25.534618225000102], [98.12303348900014, 25.522215882000054], [98.10463667800013, 25.506764628000056], [98.10146400670209, 25.502376891557194], [98.09977909300005, 25.50004669200011], [98.09946903500003, 25.493328755999997], [98.09960404155701, 25.492653723189445], [98.10474003100006, 25.466973775000028], [98.10887414600012, 25.458240459000066], [98.11197473100003, 25.448473613000104], [98.11196865852821, 25.4483421617939], [98.11193009064911, 25.447507280318234], [98.11021773300007, 25.410439759000056], [98.11207808500006, 25.396228739000023], [98.10859002771042, 25.389349516880145], [98.10846291356609, 25.389098819612077], [98.10835738100008, 25.388890686000096], [98.09916756335473, 25.38741928244183], [98.08996057100006, 25.385945129000007], [98.08016769821766, 25.379168178111115], [98.0756978760001, 25.376074932000037], [98.06257206300012, 25.35431915300002], [98.0494576800028, 25.322875311359365], [98.04489872300013, 25.311944479000104], [98.03879795869041, 25.30623194562454], [98.03352990700012, 25.301299134000104], [97.99954588651946, 25.285758701951114], [97.99239546700005, 25.28248891200009], [97.97627242100009, 25.27225697900012], [97.9309034795581, 25.21863913938618], [97.93079716000011, 25.218513489000102], [97.92703669893243, 25.216540177716446], [97.90991988100006, 25.20755808500006], [97.88893925000013, 25.205646057000124], [97.88320817930301, 25.21011980076342], [97.87881066900007, 25.213552551000063], [97.87178267400009, 25.227660217000007], [97.86031050700007, 25.244093323000058], [97.8239914282613, 25.261434403208668], [97.82362023900009, 25.26161163300013], [97.82361403359265, 25.261605059234938], [97.80098596300013, 25.237633769000112], [97.8009403800901, 25.237483561525444], [97.77700809800012, 25.15862050400004], [97.76736293743441, 25.139677756256464], [97.7540637620001, 25.11355865500009], [97.73752730300009, 25.090510967000043], [97.72161096200006, 25.079271342000098], [97.71003823393148, 25.075829452798985], [97.7036275640001, 25.073922831000047], [97.70361244339902, 25.073889391213672], [97.69959680200009, 25.065008647000113], [97.70517785700014, 25.02883514400007], [97.70370970553984, 24.974839808829646], [97.70331750500003, 24.960415548000086], [97.70827844300004, 24.927290955000004], [97.71580334138089, 24.912978893401668], [97.72409143100003, 24.897215272000025], [97.75850924174041, 24.872100873916654], [97.76098840300006, 24.870291850000015], [97.76212459917753, 24.86881283615008], [97.77297733600005, 24.85468556800008], [97.77292837621542, 24.854559088555906], [97.76818342979202, 24.84230131024446], [97.76522587100004, 24.834660950000043], [97.76502507379806, 24.834562720498482], [97.74848270700011, 24.826470235000002], [97.73189308574557, 24.826333292758363], [97.72657190000012, 24.826289368000047], [97.68595422400011, 24.833524068000102], [97.66394006400003, 24.829777527000104], [97.6425460210001, 24.816780904000055], [97.62303845430978, 24.801431116854562], [97.6425, 24.81680328784703], [97.664, 24.82996357795578], [97.62950000000001, 24.81589563009672], [97.5825, 24.82361050902552], [97.5215, 24.846752262452235], [97.488, 24.844029927770993], [97.4445, 24.824064310470913], [97.383, 24.83132490746762], [97.3155, 24.83903882531317], [97.2795, 24.821341476860223], [97.248, 24.771412259047196], [97.1905, 24.71646692118213], [97.048, 24.64922806743391], [97.0745, 24.58649973887941], [96.988, 24.606503492284535], [96.9195, 24.63650312564566], [96.907, 24.691483743936118], [96.8435, 24.684214969752308], [96.7835, 24.70147761619077], [96.7345, 24.74280738617821], [96.7035, 24.755067423811226], [96.6855, 24.756429575559014], [96.6815, 24.75188901166213], [96.67699999999999, 24.747802362306196], [96.6815, 24.743715578584236], [96.6815, 24.735541608107745], [96.6815, 24.731454421386005], [96.6815, 24.72691294529405], [96.6855, 24.72282547506822], [96.6815, 24.718737870576525], [96.6815, 24.70647425166993], [96.6815, 24.69784357357941], [96.67699999999999, 24.693755148930215], [96.673, 24.689666590131765], [96.673, 24.685577897200517], [96.67699999999999, 24.685577897200517], [96.6815, 24.681034747758364], [96.6815, 24.67694577171172], [96.6895, 24.668767417389716], [96.6855, 24.6646780391472], [96.6895, 24.66058852687227], [96.6855, 24.656044467166055], [96.6855, 24.64786474282826], [96.6895, 24.64377467970393], [96.6895, 24.639684482631278], [96.673, 24.622867821066894], [96.6645, 24.622867821066894], [96.648, 24.60604889703239], [96.644, 24.60604889703239], [96.644, 24.60195746543446], [96.648, 24.597865900056544], [96.644, 24.593774200915167], [96.644, 24.58968236802683], [96.644, 24.581043615007232], [96.63550000000001, 24.572858983559083], [96.63550000000001, 24.564673817460495], [96.623, 24.564673817460495], [96.61449999999999, 24.556033340028254], [96.61449999999999, 24.5519402744737], [96.6105, 24.547847075340965], [96.61449999999999, 24.54375374264661], [96.623, 24.54375374264661], [96.627, 24.53966027640714], [96.627, 24.526924194257607], [96.627, 24.522830179173173], [96.631, 24.5187360306282], [96.627, 24.514641748639235], [96.631, 24.51054733322285], [96.631, 24.506452784395588], [96.631, 24.49780829883124], [96.631, 24.485523007487558], [96.631, 24.481427643731724], [96.631, 24.46868565970454], [96.631, 24.439556282841313], [96.535, 24.470050933973532], [96.484, 24.50508790514251], [96.455, 24.558761976179696], [96.434, 24.58877305366791], [96.40899999999999, 24.58649973887941], [96.3515, 24.560126271988125], [96.2965, 24.533747256107738], [96.234, 24.552849856141293], [96.1905, 24.5787701599093], [96.1555, 24.58877305366791], [96.1365, 24.603775895995014], [96.1455, 24.651500242030565], [96.124, 24.67649143276292], [96.099, 24.67512840598477], [96.068, 24.662406104429536], [96.0415, 24.670130513682732], [96.02799999999999, 24.700114862634983], [95.977, 24.789570663831086], [95.977, 24.810449543975974], [95.977, 24.814534131004752], [95.973, 24.818618583400532], [95.9685, 24.822702901146997], [95.9605, 24.822702901146997], [95.956, 24.82724087403448], [95.952, 24.822702901146997], [95.94800000000001, 24.822702901146997], [95.9435, 24.82724087403448], [95.9395, 24.82724087403448], [95.9355, 24.83132490746762], [95.92699999999999, 24.83949257021741], [95.923, 24.83949257021741], [95.919, 24.843576199501413], [95.923, 24.8481134073329], [95.9105, 24.860363037350897], [95.9145, 24.86444597774673], [95.9145, 24.881229982625808], [95.906, 24.889394349874955], [95.906, 24.893929876250922], [95.894, 24.90617496521294], [95.8895, 24.910256391558338], [95.8895, 24.91479115136854], [95.88550000000001, 24.91887229266377], [95.88550000000001, 24.922953298910006], [95.881, 24.927034170090977], [95.873, 24.927034170090977], [95.8685, 24.93111490619049], [95.86449999999999, 24.93111490619049], [95.8605, 24.9351955071923], [95.856, 24.9351955071923], [95.85396614523518, 24.934815789997696], [95.8515, 24.940182724927045], [95.84049999999999, 24.965115785011605], [95.862, 24.978260274335554], [95.897, 24.991403359033885], [95.931, 25.00001358369618], [95.9695, 25.011341907460807], [95.9875, 25.02085689195564], [95.9985, 25.029012005992147], [96.0065, 25.037619593973847], [96.0125, 25.047132541144407], [96.017, 25.053474095916563], [96.0455, 25.07702556938105], [96.0605, 25.10600578028031], [96.039, 25.14131612769001], [95.988, 25.199691599173306], [95.977, 25.24130663224494], [95.9635, 25.42839775425658], [95.9685, 25.515517544674623], [95.979, 25.55567067944044], [95.98949999999999, 25.566947230694893], [95.998, 25.568751380381297], [96.00450000000001, 25.566496189026548], [96.014, 25.558828220788648], [96.0215, 25.551159761746295], [96.0275, 25.54349081200548], [96.035, 25.537174837963143], [96.043, 25.533565560577177], [96.053, 25.534467890106566], [96.061, 25.53897943592283], [96.06700000000001, 25.545746436389976], [96.0745, 25.556121761870493], [96.0885, 25.57145755394769], [96.147, 25.612493685632273], [96.1665, 25.63187948606922], [96.178, 25.651712861869516], [96.182, 25.671542941210703], [96.17099999999999, 25.701281875365396], [96.1175, 25.760287146362835], [96.1095, 25.776947451263524], [96.09700000000001, 25.822413670018342], [96.0785, 25.86066379638351], [96.0775, 25.872811247662966], [96.08, 25.88900590653643], [96.0955, 25.922737643701925], [96.1305, 25.918690344582647], [96.178, 25.914642906519685], [96.223, 25.923187335026626], [96.27799999999999, 25.950165674263474], [96.3205, 25.965001126654386], [96.3575, 25.96185436878052], [96.395, 25.942072821247834], [96.422, 25.92993249901753], [96.45, 25.92723447974601], [96.539, 25.94836731054923], [96.5755, 25.96590018487517], [96.65299999999999, 25.970844882278534], [96.7015, 25.94881690405296], [96.757, 25.915092628720952], [96.801, 25.87596038303048], [96.858, 25.816562560578628], [96.9195, 25.75578395985908], [96.9565, 25.731013382218183], [96.98949999999999, 25.743174129241492], [97.092, 25.907896867693044]]]}}, {"type": "Feature", "properties": {"name": "Nam Hkok", "division": "Federated Shan States"}, "geometry": {"type": "Polygon", "coordinates": [[[97.2085, 20.68800713901616], [97.336, 20.793216360622587], [97.39784899999961, 20.737643768059566], [97.3735, 20.688942654130077], [97.3535, 20.653856891414158], [97.325, 20.62812218301959], [97.2775, 20.60191509954564], [97.261, 20.584597232203674], [97.1985, 20.570554274744275], [97.2175, 20.62952600664152], [97.2085, 20.68800713901616]]]}}, {"type": "Feature", "properties": {"name": "Namhkai", "division": "Federated Shan States"}, "geometry": {"type": "Polygon", "coordinates": [[[96.885, 20.347098174107654], [96.88550000000001, 20.280514001914128], [96.803, 20.26269084734231], [96.77799999999999, 20.195601168805243], [96.7005, 20.18058413264507], [96.661, 20.275354878298497], [96.676, 20.30443133159626], [96.7235, 20.339597164602857], [96.8075, 20.333033482650333], [96.8125, 20.358817772390932], [96.8675, 20.409436210415244], [96.885, 20.347098174107654]]]}}, {"type": "Feature", "properties": {"name": "Namtok", "division": "Federated Shan States"}, "geometry": {"type": "Polygon", "coordinates": [[[97.021, 19.913791821925287], [96.9635, 19.892165602192964], [96.978, 19.920843210959774], [96.96018823880914, 19.958013149335404], [96.971, 19.961265101627315], [97.011, 19.967374486901758], [97.03450000000001, 19.97630316270604], [97.0695, 19.96972418745232], [97.096, 19.978652730183427], [97.076, 19.92883440501354], [97.021, 19.913791821925287]]]}}, {"type": "Feature", "properties": {"name": "Nawn Wawn", "division": "Federated Shan States"}, "geometry": {"type": "Polygon", "coordinates": [[[97.261, 20.584597232203674], [97.2775, 20.60191509954564], [97.325, 20.62812218301959], [97.3535, 20.653856891414158], [97.3835, 20.613615247557263], [97.40350000000001, 20.54901923123268], [97.34100000000001, 20.54199627820127], [97.266, 20.51811582550186], [97.186, 20.505471724416072], [97.1985, 20.570554274744275], [97.261, 20.584597232203674]]]}}, {"type": "Feature", "properties": {"name": "North Hseweni", "division": "Federated Shan States"}, "geometry": {"type": "Polygon", "coordinates": [[[97.446, 23.185301423593515], [97.43299999999999, 23.208280358445943], [97.401, 23.227120137049443], [97.3485, 23.23447152478179], [97.3, 23.22757961064365], [97.246, 23.222065823151244], [97.241, 23.23447152478179], [97.2285, 23.277652747045686], [97.265, 23.406194649793807], [97.2905, 23.45069617935753], [97.362, 23.46124589089782], [97.406, 23.490597172610265], [97.429, 23.52636021304179], [97.4755, 23.604729788060414], [97.4815, 23.66107194516536], [97.50450000000001, 23.660613976626095], [97.531, 23.68442621336561], [97.569, 23.72562944145644], [97.6065, 23.756752136209855], [97.649, 23.804337159753885], [97.667, 23.839099811136002], [97.6855, 23.868823634654124], [97.697, 23.887111828130454], [97.68990654569566, 23.88419309609278], [97.69680627400004, 23.887121887000077], [97.71743426297783, 23.905975536513377], [97.74817264900008, 23.93406992600002], [97.7637771458567, 23.94392539803356], [97.76780969300012, 23.946472270000086], [97.78951379400013, 23.953138530000004], [97.8040865480001, 23.954507955000068], [97.81783247900012, 23.95815114400007], [97.83633264200006, 23.971767883000084], [97.85448508836342, 23.990967586135515], [97.87664025900011, 24.014400940000044], [97.88997277800013, 24.022617493], [98.00716385357325, 24.06561383405835], [98.10505009000008, 24.101527405000027], [98.16712014927461, 24.115430259389612], [98.18153120900013, 24.118658142000086], [98.19577728035816, 24.118168922447442], [98.21915165200005, 24.117366231000048], [98.2932556560001, 24.10013214100006], [98.32382687456638, 24.099604323330084], [98.33066939300005, 24.099486186000078], [98.34719893057756, 24.104901918721428], [98.3473092050001, 24.10493804900007], [98.36042137193041, 24.112227379205105], [98.37872847500012, 24.122404684000102], [98.39557499200009, 24.128063253000036], [98.41788194432263, 24.129307406966877], [98.43495243300009, 24.130259501000026], [98.47453658000006, 24.127830709000065], [98.47723633110682, 24.127214039237437], [98.50326867700005, 24.121267802000077], [98.54305953000005, 24.093956807000083], [98.56215095309919, 24.08562699440642], [98.57024133400006, 24.08209706600006], [98.58502501602621, 24.07580125681504], [98.58522749900004, 24.075715027000015], [98.59711307800006, 24.083078919000016], [98.61251265500005, 24.087548930000125], [98.64041792900014, 24.100752258000014], [98.66510389449877, 24.104408867175042], [98.68175907400007, 24.106875915999993], [98.69877880724097, 24.114031359364535], [98.7161755780001, 24.12134531700012], [98.8180815020001, 24.12896759100009], [98.83615630666438, 24.13382519434069], [98.85528853400012, 24.13896698000009], [98.86370527534814, 24.144383695543294], [98.86553386045654, 24.145560507918677], [98.86572717300004, 24.145684917000025], [98.86668360311121, 24.143811908450154], [98.86696740800011, 24.143256124000075], [98.87347094475875, 24.114532168484228], [98.87347863800005, 24.11449819000005], [98.85621871000006, 24.083802388000024], [98.78316286314589, 24.038069594881403], [98.76557824800005, 24.02706166600008], [98.71698711938562, 23.988559374487675], [98.71679569500009, 23.988407694999992], [98.69922570900007, 23.981560568000035], [98.68426797404763, 23.97746118851497], [98.67989872200008, 23.976263733000096], [98.66325891200012, 23.969545797000066], [98.65881473800005, 23.961122539000073], [98.66353693997114, 23.955730771230616], [98.6657393800001, 23.953216045000133], [98.67442139668641, 23.937077708647287], [98.67449968184314, 23.93693219036089], [98.6745243740001, 23.936886292000096], [98.67378523261935, 23.932796376328266], [98.67297408100006, 23.928308004000073], [98.66480920400005, 23.9033741250001], [98.66450607320864, 23.897021006772743], [98.66418908700007, 23.89037750200005], [98.66949679935138, 23.83635256956545], [98.67142378700004, 23.816738587000046], [98.66832320200012, 23.808702902000064], [98.66356897000003, 23.803070171000044], [98.66356935682974, 23.80304725136721], [98.66367232300013, 23.796946513000066], [98.67566125500008, 23.787386373000075], [98.68496301300013, 23.784802551000084], [98.70832076000005, 23.78469919800004], [98.70843421252953, 23.784664694398128], [98.73049614989496, 23.77795513659607], [98.73839644400005, 23.77555247000005], [98.77787723800009, 23.76929962100006], [98.79317346200003, 23.758473409000104], [98.79906457500005, 23.743228862000066], [98.79939618916453, 23.72972250011625], [98.80030481000006, 23.69271514900005], [98.80795292200003, 23.67579111800005], [98.80999193101871, 23.67280217359553], [98.84960383271617, 23.614735842919373], [98.84960412600009, 23.614735413000076], [98.85601200400009, 23.610007020000083], [98.85735559100004, 23.604348450000046], [98.853609135161, 23.597140593962123], [98.85022424400012, 23.590628357000114], [98.84647725806892, 23.58704914729333], [98.84329960100007, 23.5840137740001], [98.7962740480001, 23.557917175000043], [98.78438846900013, 23.54703928700006], [98.78087447100006, 23.532854106000016], [98.7999947510001, 23.48073842400005], [98.80981327300003, 23.474098002000048], [98.80993401735135, 23.474133270441452], [98.81, 23.474087880165822], [98.7835, 23.43693441965088], [98.72, 23.38783914385883], [98.6855, 23.380037283523997], [98.731, 23.276734143290234], [98.6835, 23.25147005788363], [98.5265, 23.223444291370242], [98.446, 23.194953057249336], [98.535, 23.117720501492386], [98.5115, 23.055626396549396], [98.5175, 22.970027593243476], [98.4735, 22.92951032407162], [98.396, 22.90924714187914], [98.3185, 22.92951032407162], [98.251, 22.95161215677049], [98.186, 22.92674734129807], [98.1015, 22.92674734129807], [98.0115, 22.92444481260265], [97.9165, 22.919379111725902], [97.824, 22.921681726511746], [97.7515, 22.899575009719584], [97.7365, 22.869172390787906], [97.729, 22.79451894041998], [97.76650000000001, 22.687075313612194], [97.7115, 22.669544315535852], [97.6565, 22.65201107670306], [97.609, 22.6746193086347], [97.574, 22.70691031784822], [97.53399999999999, 22.736888009421854], [97.569, 22.769625362957065], [97.5765, 22.81940797345613], [97.6165, 22.834615699284292], [97.6165, 22.871936546577356], [97.622, 22.9032597128367], [97.5985, 22.897732620623433], [97.56700000000001, 22.885756481633408], [97.529, 22.864104625758255], [97.484, 22.85673299375423], [97.484, 22.87608267478669], [97.4795, 22.932733732737894], [97.4635, 23.007771394323502], [97.461, 23.070347592572578], [97.4555, 23.16967349271844], [97.446, 23.185301423593515]]]}}, {"type": "Feature", "properties": {"name": "Pakokku", "division": "Magwe Division"}, "geometry": {"type": "Polygon", "coordinates": [[[94.529, 21.793415818149803], [94.571, 21.773451065215315], [94.602, 21.819876436025304], [94.65350000000001, 21.850508934605894], [94.73349999999999, 21.848188520544973], [94.8105, 21.865822722181562], [94.8955, 21.86814284977548], [95.0305, 21.85561371289305], [95.111, 21.833801112489002], [95.131, 21.850508934605894], [95.1755, 21.870462939662616], [95.248, 21.805950404510597], [95.248, 21.711217508049007], [95.283, 21.651280659138546], [95.35, 21.60387110152303], [95.355, 21.529006756056294], [95.35249999999999, 21.46899441416863], [95.3005, 21.448984801631344], [95.268, 21.42385256191742], [95.223, 21.348895592522442], [95.1155, 21.326540747218466], [95.068, 21.284150339810957], [94.96549999999999, 21.241281680327024], [94.898, 21.213783257985465], [94.8555, 21.169029113970684], [94.8305, 21.096741246333984], [94.828, 21.01181636998951], [94.833, 20.956729325885636], [94.753, 20.87172479229178], [94.7205, 20.894148248298375], [94.69800000000001, 20.906759970501408], [94.628, 20.93151322999036], [94.578, 20.961865417139737], [94.5005, 21.034218843000016], [94.441, 21.04681875423155], [94.4385, 21.01928423502137], [94.4285, 20.95906393468194], [94.401, 20.941786966969747], [94.336, 20.951593058290264], [94.2985, 20.938985108603692], [94.286, 20.899286485309425], [94.2635, 20.886674134994855], [94.2135, 20.956729325885636], [94.141, 20.924040978657313], [94.201, 20.826867843243583], [94.1485, 20.819390385241206], [94.1035, 20.839017920753562], [94.0835, 20.894148248298375], [94.0785, 20.95906393468194], [94.0835, 21.01181636998951], [94.1135, 21.08414556320718], [94.1435, 21.14664696241493], [94.141, 21.191407880127986], [94.1185, 21.221707057915598], [94.0585, 21.224037506334966], [94.04599999999999, 21.1942049877173], [94.0035, 21.203994447278372], [93.9685, 21.258989813440305], [93.9585, 21.339115766956915], [93.991, 21.37404071893238], [94.0035, 21.418732501069726], [94.0135, 21.518773844711234], [94.022, 21.756269867167802], [94.045, 21.85839806052886], [94.064, 22.02489588120263], [94.0675, 22.195364823446216], [94.0675, 22.298102197051584], [94.047, 22.36007832809433], [94.054, 22.45391501253482], [94.0465, 22.533834121871177], [94.0365, 22.60632186197888], [94.0355, 22.68153945111487], [94.0305, 22.777462719832815], [94.051, 22.816642749877392], [94.106, 22.813416584739652], [94.12, 22.77930673839153], [94.14750000000001, 22.731815323376928], [94.245, 22.654318209785473], [94.2685, 22.56015573371647], [94.263, 22.477017762771272], [94.2635, 22.355454194714117], [94.306, 22.29070022270952], [94.3735, 22.257849233395003], [94.4185, 22.235635744847926], [94.401, 22.170363267920223], [94.416, 22.12081001848159], [94.4055, 22.055484269074782], [94.451, 21.98827382058295], [94.4485, 21.927989096603202], [94.441, 21.85561371289305], [94.529, 21.793415818149803]]]}}, {"type": "Feature", "properties": {"name": "Pakokku Hill Tracks", "division": "Magwe Division"}, "geometry": {"type": "Polygon", "coordinates": [[[93.6325, 21.740944360967806], [93.73, 21.740944360967806], [93.8575, 21.740944360967806], [93.9525, 21.746053044732033], [94.022, 21.756269867167802], [94.0135, 21.518773844711234], [94.0035, 21.418732501069726], [93.991, 21.37404071893238], [93.9585, 21.339115766956915], [93.9685, 21.258989813440305], [94.0035, 21.203994447278372], [94.04599999999999, 21.1942049877173], [94.0585, 21.224037506334966], [94.1185, 21.221707057915598], [94.141, 21.191407880127986], [94.1435, 21.14664696241493], [94.1135, 21.08414556320718], [94.0835, 21.01181636998951], [94.0785, 20.95906393468194], [94.0835, 20.894148248298375], [94.1035, 20.839017920753562], [94.1485, 20.819390385241206], [94.201, 20.826867843243583], [94.258, 20.761427511804303], [93.9795, 20.631865683903133], [93.9495, 20.670231256119582], [93.9245, 20.742725064501897], [93.9055, 20.779192693404244], [93.8685, 20.811445179512848], [93.8205, 20.846027134800448], [93.7405, 20.936183197808674], [93.733, 21.008549061462634], [93.7505, 21.08601165771992], [93.7305, 21.170894140493896], [93.7055, 21.245941921694193], [93.673, 21.270638740003214], [93.6055, 21.273434345212422], [93.6305, 21.39080173779929], [93.568, 21.460618631560266], [93.5805, 21.555515944787913], [93.578, 21.648027559253926], [93.5505, 21.718185290558196], [93.5805, 21.78738025582812], [93.6325, 21.740944360967806]]]}}, {"type": "Feature", "properties": {"name": "Pangni", "division": "Federated Shan States"}, "geometry": {"type": "Polygon", "coordinates": [[[96.8375, 20.62297471896881], [96.825, 20.584597232203674], [96.8355, 20.50734499044393], [96.7505, 20.499383451641208], [96.7405, 20.585533383418703], [96.708, 20.60799928863566], [96.7745, 20.660406849058347], [96.8375, 20.62297471896881]]]}}, {"type": "Feature", "properties": {"name": "Pangtara", "division": "Federated Shan States"}, "geometry": {"type": "Polygon", "coordinates": [[[96.59649999999999, 21.009949345307902], [96.613, 21.01088286056957], [96.714, 21.080879841424853], [96.78399999999999, 21.028151838986197], [96.865, 21.007615531597565], [96.768, 20.82453117748749], [96.7245, 20.91143070966413], [96.609, 20.889944105353386], [96.59649999999999, 21.009949345307902]]]}}, {"type": "Feature", "properties": {"name": "Pegu", "division": "Pegu Division"}, "geometry": {"type": "Polygon", "coordinates": [[[96.80799999999999, 16.901191132890656], [96.7475, 16.87631249658946], [96.695, 16.88923065942313], [96.643, 16.904061533664347], [96.6155, 16.926544827290112], [96.563, 16.93132816052281], [96.5305, 16.969112217066712], [96.483, 16.97915480189239], [96.453, 17.024100733652975], [96.4205, 17.07620537293832], [96.3555, 17.20377627955645], [96.383, 17.29402619058507], [96.3555, 17.366098835132295], [96.328, 17.44386729484773], [96.27799999999999, 17.511112658911276], [96.2205, 17.565939742340966], [96.168, 17.656010774205132], [96.128, 17.753655932604307], [96.1105, 17.813645574079494], [96.09049999999999, 17.870759809238344], [96.078, 17.951164557882816], [96.1305, 17.965909396169454], [96.1455, 18.00585696543091], [96.208, 17.96115313110602], [96.213, 17.985884311064314], [96.168, 18.04104137353852], [96.13550000000001, 18.093329514233087], [96.068, 18.178383245052864], [96.0355, 18.29093250241887], [96.018, 18.38300709012716], [96.032, 18.44705062594105], [96.107, 18.45701081018886], [96.172, 18.45701081018886], [96.2445, 18.452267937361263], [96.3395, 18.424756692450508], [96.37950000000001, 18.41953854585316], [96.4445, 18.3920220654589], [96.4995, 18.34741706003944], [96.5445, 18.3023258297848], [96.6045, 18.277164566013575], [96.6695, 18.257222858882752], [96.7465, 18.234904424031257], [96.7965, 18.199758956146717], [96.824, 18.124694919903437], [96.8615, 18.082397826800083], [96.889, 18.022499115711106], [96.90899999999999, 17.979701840768563], [96.9465, 17.94973757278843], [96.949, 17.902640610483783], [96.97149999999999, 17.872663301314674], [96.979, 17.817453759656114], [96.9565, 17.78270105252987], [96.974, 17.727463667407186], [96.9865, 17.680307946453176], [96.969, 17.6550578770589], [96.924, 17.640287326435313], [96.936, 17.59835142657689], [96.951, 17.541150419220624], [96.941, 17.478685372993823], [96.88312903840843, 17.4572707104887], [96.88306725400008, 17.457424221000053], [96.8829018985635, 17.457197883431974], [96.87159264400003, 17.44171784100007], [96.8715600865528, 17.441564495423286], [96.86818797469584, 17.42568184853962], [96.86345462300005, 17.40338776200008], [96.86146144197875, 17.3995482655665], [96.85572350400008, 17.388495184000078], [96.85559126798181, 17.38869500731256], [96.85206139400003, 17.39402903900009], [96.84569396191975, 17.401286542520836], [96.84449303500003, 17.40265534100007], [96.84279513435679, 17.407069882950783], [96.84205162900008, 17.409002997000073], [96.84202134808658, 17.408989603521572], [96.84145408987978, 17.408738700899583], [96.83570397200003, 17.406195380000042], [96.82984459700003, 17.402411200000074], [96.82488040500004, 17.398382880000042], [96.82178293682679, 17.3949832196967], [96.82154381600003, 17.39472077000005], [96.82278344252171, 17.39359182448906], [96.82837975400008, 17.388495184000078], [96.83490911402637, 17.380234730123497], [96.85124759200005, 17.35956452000005], [96.88461347700007, 17.33885325700004], [96.91065514400003, 17.31708405200004], [96.91080314437528, 17.297548032171303], [96.91089928500003, 17.284857489000046], [96.90805761326192, 17.281528997154215], [96.89047285200007, 17.260931708000044], [96.88172720507454, 17.25371013926776], [96.86548912900008, 17.240301825000074], [96.84937584700003, 17.212958075000074], [96.85158821679202, 17.197556579465402], [96.85572350400008, 17.168768622000073], [96.8713226124225, 17.142256556933397], [96.89527428500003, 17.10154857000009], [96.90228721119654, 17.08520423633623], [96.91016686300003, 17.066839911000045], [96.91063765753853, 17.039821539897], [96.91089928500003, 17.02480703300006], [96.90495853000004, 17.01040273600006], [96.8901724024797, 16.98502654553497], [96.88698693699627, 16.979559598309162], [96.88689212300005, 16.979396877000056], [96.88316047461149, 16.95805651295709], [96.87907962300005, 16.934719143000052], [96.87820929845236, 16.934208156984706], [96.86843937208211, 16.9284720258375], [96.86833743600005, 16.92841217700004], [96.83521569100003, 16.936021226000037], [96.83572887210924, 16.934298403614754], [96.83806399800005, 16.92645905200004], [96.84194207722096, 16.918843915109107], [96.84253991000003, 16.917669989000046], [96.84406936998937, 16.915492632857667], [96.84839928500003, 16.909328518000052], [96.85333932627178, 16.903894472533715], [96.85572350400008, 16.901271877000056], [96.85541197445, 16.901301266575256], [96.85397569136518, 16.901436764956447], [96.84278405000003, 16.902492580000057], [96.83186738862346, 16.904999368978686], [96.82081139400003, 16.907538153000075], [96.81045218585432, 16.908450284610414], [96.80799999999999, 16.908666200363886], [96.80787194100003, 16.908677476000037], [96.80787194100003, 16.901271877000056], [96.80799999999999, 16.901207085241392], [96.80962428308477, 16.900385275312654], [96.80799999999999, 16.901191132890656]]]}}, {"type": "Feature", "properties": {"name": "Prome", "division": "Pegu Division"}, "geometry": {"type": "Polygon", "coordinates": [[[95.8455, 18.745603700890296], [95.746, 18.680724848809547], [95.721, 18.595444801658196], [95.6335, 18.49068143769224], [95.4085, 18.445627695320393], [95.316, 18.36829743423608], [95.286, 18.450845049965668], [95.236, 18.493052359409717], [95.206, 18.508225481227704], [95.196, 18.43329513628794], [95.1135, 18.400562133383374], [95.0735, 18.410525010774094], [94.9935, 18.43803853296294], [94.9315, 18.42048731155359], [94.9015, 18.400562133383374], [94.8655, 18.36212849560195], [94.848, 18.41953854585316], [94.8155, 18.4745583000838], [94.768, 18.542360086296767], [94.7005, 18.60207922876575], [94.68299999999999, 18.649460469931345], [94.723, 18.70724767839398], [94.733, 18.759333986883497], [94.718, 18.832227800946036], [94.703, 18.926847885677557], [94.803, 18.94954874623348], [94.928, 18.93961749948327], [94.9905, 18.926847885677557], [95.033, 18.914550298111745], [95.12049999999999, 18.844531432231836], [95.1705, 18.84689741181619], [95.253, 18.899413564083016], [95.3105, 18.989267820606802], [95.41499999999999, 19.041739208122298], [95.4975, 19.099391335415717], [95.57, 19.109313037969233], [95.6425, 19.109313037969233], [95.7775, 19.171664385469686], [95.8375, 19.171664385469686], [95.8675, 19.15938492244228], [95.845, 19.114037449043042], [95.867, 19.05166436346421], [95.857, 19.004396405753262], [95.8895, 18.934415182076787], [95.897, 18.819449999264734], [95.8455, 18.745603700890296]]]}}, {"type": "Feature", "properties": {"name": "Pyapon", "division": "Irrawaddy Division"}, "geometry": {"type": "Polygon", "coordinates": [[[95.4295, 16.187038996281697], [95.512, 16.234570926964075], [95.5645, 16.324322119073155], [95.577, 16.389090190484755], [95.587, 16.444246016329263], [95.542, 16.504180229593636], [95.487, 16.539173224796848], [95.507, 16.641718820019456], [95.542, 16.696802467819207], [95.577, 16.648904542577426], [95.5945, 16.578952071614147], [95.6395, 16.644114090808568], [95.7015, 16.623992886165833], [95.7565, 16.62159736407171], [95.789, 16.60434872259831], [95.8065, 16.549238528152877], [95.8755, 16.524793309172786], [95.8425, 16.506577212264755], [95.8345, 16.496989103322857], [95.8395, 16.480208769347172], [95.851, 16.470619354166555], [95.8635, 16.464865477265047], [95.8685, 16.45959094007843], [95.8685, 16.448082361032654], [95.87049999999999, 16.433216103032148], [95.8775, 16.4207467512357], [95.8935, 16.415471015442293], [95.9065, 16.413552530576297], [95.9515, 16.401561571516122], [95.98349999999999, 16.402041224064813], [95.997, 16.39724464539503], [96.0775, 16.360786788088685], [96.07740829313843, 16.360820867724374], [96.07740319100003, 16.36082591400009], [96.00660241000003, 16.38735586100006], [96.00705582048508, 16.386964894427944], [96.01725835095003, 16.378167461430106], [96.0470696684546, 16.352461773098703], [96.06650531619276, 16.335702812237628], [96.06657962300005, 16.335638739000046], [96.06755618600005, 16.310248114000046], [96.04688513848797, 16.28755827479071], [96.01880944100003, 16.256740627000056], [95.97999108200003, 16.223130601000037], [95.97071228136221, 16.21982868583023], [95.96192467500003, 16.21670156500005], [95.94239342500003, 16.21906159100007], [95.94218074864841, 16.2215073714939], [95.94174238400007, 16.22654857000009], [95.94857832100007, 16.23932526200008], [95.95007872609284, 16.24897072097786], [95.95141171472726, 16.25753993155509], [95.95142662900008, 16.257635809000078], [95.93384850400008, 16.243109442000048], [95.92981758696102, 16.237021077829805], [95.92212975400008, 16.225409247000073], [95.91722146755386, 16.220697292190927], [95.90788821700005, 16.211737372000073], [95.88306725400008, 16.20917389500005], [95.88624108200003, 16.217678127000056], [95.88915591966085, 16.238600185898044], [95.88990319100003, 16.243963934000078], [95.81812584700003, 16.17601146000004], [95.79769941500007, 16.144924221000053], [95.79757973472579, 16.1449001925271], [95.77662194100003, 16.140692450000074], [95.75554446700005, 16.14524974200009], [95.7512701185824, 16.151032683613398], [95.74586022200003, 16.158351955000057], [95.74574959337784, 16.16005393497752], [95.74480228000004, 16.174627997000073], [95.74122155000003, 16.19481028900009], [95.73462975400008, 16.212836005000042], [95.73444273235556, 16.2130277021737], [95.72502923959037, 16.22267653165557], [95.72486412900008, 16.22284577000005], [95.73226972700007, 16.12726471600007], [95.72527103000004, 16.10643138200004], [95.7005344496385, 16.07100175673593], [95.69703209700003, 16.06598541900007], [95.69068444100003, 16.048488674000055], [95.69068444100003, 16.00067780200004], [95.68899581565809, 15.994376347257985], [95.68734785200007, 15.988226630000042], [95.67672662236998, 15.969906918390105], [95.66472415500004, 15.94920482000009], [95.59216803628821, 15.874454463800287], [95.52344811300003, 15.803656317000048], [95.46309085817613, 15.761763616778373], [95.46159915500004, 15.76072825700004], [95.43197675900007, 15.733628648000092], [95.41578209700003, 15.72296784100007], [95.39649498800003, 15.716376044000071], [95.39320089245568, 15.716177676848778], [95.37419681100005, 15.715033270000049], [95.31055748800003, 15.723211981000077], [95.30268961761496, 15.725476974085895], [95.29444420700003, 15.727850653000075], [95.28915175450386, 15.737840157015501], [95.28799736723933, 15.740019062961801], [95.28793379000007, 15.74013906500005], [95.2855991117633, 15.782817688505922], [95.28256955584848, 15.838198885898551], [95.28256269600007, 15.838324286000045], [95.29029381600003, 15.84674713700008], [95.30225670700003, 15.852484442000048], [95.30798637527667, 15.860206065792056], [95.31267337300005, 15.866522528000075], [95.31771894600007, 15.884182033000059], [95.3142027076206, 15.899699348931748], [95.31397545700003, 15.90070221600007], [95.33855228000004, 15.922023830000057], [95.3443658922394, 15.932555524794836], [95.35474694100003, 15.951361395000049], [95.35966213916481, 15.968501573890737], [95.36426842500003, 15.984564520000049], [95.36699356561, 16.00289108869056], [95.36915123800003, 16.017401434000078], [95.36850019600007, 16.038804429000038], [95.36361738400007, 16.054510809000078], [95.34864342500003, 16.086330471000053], [95.34583052216257, 16.102847260364936], [95.34546959700003, 16.10496653900009], [95.34669025710447, 16.108484911740554], [95.34961998800003, 16.116929429000038], [95.35647978263289, 16.128894186693067], [95.35650029339739, 16.128929961281166], [95.35661868600005, 16.12913646000004], [95.35813244770189, 16.13500538844287], [95.36042564231892, 16.14389621656756], [95.4295, 16.187038996281697]]]}}, {"type": "Feature", "properties": {"name": "Sagaing", "division": "Sagaing Division"}, "geometry": {"type": "Polygon", "coordinates": [[[95.203, 21.94932353753776], [95.238, 21.94422211450886], [95.2695, 21.99800972179193], [95.313, 22.01145343903279], [95.37049999999999, 22.017943053105963], [95.4345, 22.037873580426222], [95.4705, 22.08930917526045], [95.513, 22.096721771150076], [95.5255, 22.137947226976426], [95.5845, 22.12544190199201], [95.5955, 22.18888336584967], [95.6185, 22.206475197636983], [95.61449999999999, 22.210641361250275], [95.6905, 22.268491947931743], [95.763, 22.238875431314444], [95.813, 22.213881625215777], [95.906, 22.239801042262645], [95.9185, 22.239801042262645], [95.923, 22.24396621586137], [95.92699999999999, 22.239801042262645], [95.9355, 22.239801042262645], [95.9355, 22.235635744847926], [95.931, 22.231470323635538], [95.931, 22.227304778643784], [95.9355, 22.223139109891036], [95.9355, 22.21480740117594], [95.9395, 22.210641361250275], [95.9395, 22.206475197636983], [95.94800000000001, 22.198142499421024], [95.952, 22.198142499421024], [95.9605, 22.206475197636983], [95.973, 22.218973317395633], [95.977, 22.218973317395633], [95.981, 22.21480740117594], [95.9855, 22.21480740117594], [95.98949999999999, 22.210641361250275], [95.9935, 22.210641361250275], [95.99549999999999, 22.162954545540835], [96.008, 22.1124722446071], [96.018, 22.080506212118763], [96.033, 21.99800972179193], [96.03999999999999, 21.974827906398286], [96.0135, 21.91546521755785], [95.97, 21.868606870769547], [95.9795, 21.807343068619673], [96.015, 21.75348353313842], [96.025, 21.708894838894338], [96.0325, 21.638732584234287], [96.0125, 21.61642220376229], [96.0275, 21.58620474270099], [96.0275, 21.541099267264546], [96.0175, 21.50388832366233], [95.9925, 21.47364741867586], [95.9325, 21.531332317193968], [95.8775, 21.55365580882986], [95.8425, 21.596432897453862], [95.815, 21.64895702384477], [95.7825, 21.661039518846504], [95.76, 21.613633164058246], [95.7425, 21.571326137092132], [95.6925, 21.578765630907238], [95.645, 21.598757377294877], [95.6575, 21.62897221661203], [95.66499999999999, 21.661039518846504], [95.64, 21.68613069785937], [95.5425, 21.6986746493102], [95.465, 21.70610758642604], [95.41499999999999, 21.70610758642604], [95.3875, 21.70610758642604], [95.34, 21.70610758642604], [95.35, 21.60387110152303], [95.283, 21.651280659138546], [95.248, 21.711217508049007], [95.248, 21.805950404510597], [95.1755, 21.870462939662616], [95.178, 21.930308212553612], [95.203, 21.94932353753776]]]}}, {"type": "Feature", "properties": {"name": "Salween", "division": "Tenasserim Division"}, "geometry": {"type": "Polygon", "coordinates": [[[97.69649621600007, 17.80656280600006], [97.70652144400009, 17.79472890200013], [97.70685296559475, 17.793771172996397], [97.7065, 17.794603426491665], [97.6965, 17.806505006915273], [97.6735, 17.712699067070012], [97.6635, 17.66029874893706], [97.6585, 17.597874826264295], [97.691, 17.530661607740768], [97.7085, 17.460561724489327], [97.656, 17.400454627070832], [97.616, 17.36323556145901], [97.561, 17.36323556145901], [97.5035, 17.400454627070832], [97.471, 17.485362051732917], [97.441, 17.575473193684253], [97.4285, 17.632663342588007], [97.396, 17.702696550518706], [97.3685, 17.71793825795228], [97.336, 17.690311710156376], [97.3235, 17.62551556486908], [97.29599999999999, 17.593108753983643], [97.2265, 17.587865929275072], [97.174, 17.605500280351844], [97.15899999999999, 17.640287326435313], [97.174, 17.72508236249046], [97.1715, 17.75270355372498], [97.1715, 17.81031334498033], [97.114, 17.865049210677103], [97.134, 17.947834908086556], [97.134, 17.984933175882695], [97.1715, 18.07764470677536], [97.1565, 18.139900367088696], [97.184, 18.18503374705547], [97.1715, 18.254848693555044], [97.109, 18.329856609923006], [97.0215, 18.36734838110658], [97.0015, 18.414794638872102], [97.0015, 18.509647892456286], [96.9865, 18.59497090411606], [96.9515, 18.677409203083435], [96.989, 18.764541734127356], [97.0265, 18.81708363309309], [97.069, 18.862038891300937], [97.0815, 18.799571488570702], [97.1065, 18.767382255757035], [97.1665, 18.739921876548006], [97.2015, 18.74702412710127], [97.2415, 18.74702412710127], [97.3235, 18.734713369637298], [97.3435, 18.689724131600485], [97.361, 18.64235412584832], [97.365, 18.572222271802236], [97.3685, 18.55895083442669], [97.37977120196246, 18.547800832880032], [97.37289883000005, 18.548616618000025], [97.36612434470577, 18.54942078365774], [97.3516181056193, 18.551142747584034], [97.35140100100011, 18.551168519000058], [97.35625654389247, 18.542347615661317], [97.35760217300009, 18.539903056000085], [97.37909956900012, 18.520782776000104], [97.39046838400003, 18.50181752500005], [97.39460249900003, 18.487089742000038], [97.4176501880001, 18.441149394000078], [97.4430749920001, 18.403348084000086], [97.44631656465977, 18.382277864088525], [97.44648563700014, 18.381178894000058], [97.4467956950001, 18.35831207300005], [97.45107033745343, 18.34006851124178], [97.45258345600007, 18.333610738000047], [97.46653609200007, 18.311441549000037], [97.47372237084676, 18.304487986290283], [97.48648319500012, 18.292140401000083], [97.50808394400008, 18.27655995700006], [97.5283411050001, 18.265320333000076], [97.52838807239061, 18.26535699365827], [97.5375579709559, 18.272514609042283], [97.53764286300009, 18.272580872000063], [97.53868673615013, 18.274420076547194], [97.54198368400006, 18.280228983000043], [97.54930088131985, 18.299121580676214], [97.56058719900005, 18.328262226999996], [97.56156477261642, 18.32944346213683], [97.56244755100005, 18.330510153000105], [97.57187381598895, 18.332652485462173], [97.57381636600013, 18.333093974000107], [97.59464417423358, 18.32502954807007], [97.62466597500003, 18.313405253000056], [97.63758508300003, 18.306325582000042], [97.64010272867299, 18.300230781386144], [97.64378625500012, 18.291313578000043], [97.64326949100007, 18.273020121000073], [97.63937123910277, 18.265050065310867], [97.63572473200003, 18.25759470700008], [97.62073856600006, 18.25108347600012], [97.6187017973516, 18.244218810214566], [97.61794803900011, 18.241678365000055], [97.61800488292869, 18.241571317794598], [97.62900679600011, 18.220852763000025], [97.68037317000005, 18.15263987200008], [97.68354477968022, 18.147360810555803], [97.68430057800003, 18.146102804000108], [97.68487855978393, 18.142779409721648], [97.68533410700013, 18.140160014000074], [97.68533410700013, 18.138810947237012], [97.68533410700013, 18.13160756400005], [97.6875045160001, 18.11982533800007], [97.69680627400004, 18.101583558000087], [97.69814859529099, 18.095131266054786], [97.69908003800003, 18.090653992000043], [97.69804650900005, 18.084659525000106], [97.69592220712995, 18.079993647713227], [97.69370568900007, 18.075125224000104], [97.69277551300013, 18.070112610000066], [97.69348344449148, 18.06590294563877], [97.69422245300012, 18.061508484000015], [97.69426577208871, 18.061498928323605], [97.6977364500001, 18.060733338000105], [97.7021806240001, 18.061844381000114], [97.70641809100005, 18.059286398000026], [97.71645657937528, 18.054704435739314], [97.72006066900008, 18.05305938700012], [97.72212772600011, 18.04892527300008], [97.72522831300006, 18.0367554730001], [97.73243229852966, 18.020035583526976], [97.73980106600004, 18.002933248000105], [97.74108208619964, 18.001386650519485], [97.7440385330001, 17.9978172820001], [97.74724247300003, 17.992494609000076], [97.7498651332107, 17.985729337211282], [97.7517899990001, 17.980764058000076], [97.75377419119265, 17.97052743011747], [97.7540637620001, 17.969033508000095], [97.75085982300004, 17.963659160000034], [97.74755253100005, 17.960920309000088], [97.72622424445119, 17.94716917710761], [97.72006066900008, 17.943195293000073], [97.69184533700007, 17.89560129800013], [97.68693208705774, 17.88400280536192], [97.6855408130001, 17.880718486000077], [97.69908003800003, 17.83333119800001], [97.69895648756696, 17.833315058524075], [97.67613570200012, 17.830333964000104], [97.6761417255387, 17.83032338317978], [97.68399052000007, 17.81653635700006], [97.69649621600007, 17.80656280600006]]]}}, {"type": "Feature", "properties": {"name": "Samka", "division": "Federated Shan States"}, "geometry": {"type": "Polygon", "coordinates": [[[96.9815, 20.413185063056726], [97.081, 20.37100521103981], [97.09100000000001, 20.214839630626656], [97.10849999999999, 20.151015115587718], [97.13, 20.08105976838111], [97.166, 20.02469717710233], [97.1975, 19.990869916345492], [97.2065, 19.95891527505315], [97.162, 19.95844530553836], [97.126, 19.971133990975925], [97.096, 19.978652730183427], [97.0695, 19.96972418745232], [97.03450000000001, 19.97630316270604], [97.011, 19.967374486901758], [96.971, 19.961265101627315], [96.9585, 19.957505362309057], [96.923, 20.06039583503085], [96.918, 20.12284893977214], [96.908, 20.19043922586514], [96.88550000000001, 20.280514001914128], [96.885, 20.347098174107654], [96.8675, 20.409436210415244], [96.9815, 20.413185063056726]]]}}, {"type": "Feature", "properties": {"name": "Sandoway", "division": "Arakan Division"}, "geometry": {"type": "Polygon", "coordinates": [[[94.15886233690655, 18.721863005607215], [94.149, 18.730965773750896], [94.14893639400003, 18.731024481000077], [94.14893639400003, 18.73851146000004], [94.15642337300005, 18.73851146000004], [94.15643694084422, 18.738501390591686], [94.17457116000003, 18.725043036000045], [94.21159915500004, 18.725531317000048], [94.26678105533087, 18.73611005857541], [94.27930748800003, 18.73851146000004], [94.26368248800003, 18.74551015800006], [94.25245201900003, 18.75214264500005], [94.22803795700003, 18.735541083000044], [94.21241295700003, 18.741848049000055], [94.18295332100007, 18.785630601000037], [94.16785506258331, 18.80352635735331], [94.15308678500003, 18.82103099200009], [94.15064345900981, 18.82898040438938], [94.14730879000007, 18.83982982000009], [94.14893111280193, 18.86813935508602], [94.14893639400003, 18.86823151200008], [94.14558596107192, 18.86569330537813], [94.13819420700003, 18.86009349200009], [94.13355553500003, 18.846502997000073], [94.1335, 18.843170902002598], [94.13331139400003, 18.831854559000078], [94.13441049367488, 18.824860290072163], [94.13510175900007, 18.820461330000057], [94.13499493289926, 18.820434904595448], [94.12221353032605, 18.817273189135054], [94.11963951900003, 18.81663646000004], [94.11962303031113, 18.81664040844092], [94.11244861724927, 18.818358419254896], [94.09839928500003, 18.82172272300005], [94.07846113400007, 18.83307526200008], [94.0669418760474, 18.8482855501757], [94.06690514400003, 18.84833405200004], [94.05713951900003, 18.84373607000009], [94.05323326900003, 18.84088776200008], [94.03809655000003, 18.859116929000038], [94.03207441500007, 18.88857656500005], [94.0366265285162, 18.918002724803937], [94.03663170700003, 18.918036200000074], [94.04198200616908, 18.923989719258774], [94.05323326900003, 18.93650950700004], [94.04495133965806, 18.958839265875145], [94.04037519600007, 18.971177476000037], [94.03948570572906, 18.9805727192501], [94.03907311300003, 18.984930731000077], [94.04118899800005, 18.99762604400007], [94.05103600400008, 19.014593817000048], [94.05323326900003, 19.02216217700004], [94.05612446455144, 19.027244715294255], [94.06348717500003, 19.040187893000052], [94.06597892905016, 19.042757514154925], [94.06609134200005, 19.04287344000005], [94.06446373800003, 19.049383856000077], [94.06246047773317, 19.054951741547512], [94.06169681100005, 19.057074286000045], [94.06083640134176, 19.06058045572754], [94.06010829610874, 19.063547484865236], [94.06006920700003, 19.063706773000035], [94.08692467500003, 19.080511786000045], [94.08814734304846, 19.081652942722826], [94.09424889400003, 19.08734772300005], [94.09377157903043, 19.08734772300005], [94.08008873800003, 19.08734772300005], [94.05665123800003, 19.080959377000056], [94.05638084822165, 19.080963738114278], [94.04656009200005, 19.08112213700008], [94.03540785580955, 19.085877405583606], [94.03052819100003, 19.087958075000074], [94.03051074509314, 19.08804675834424], [94.02906334700003, 19.095404364000046], [94.03443444100003, 19.105861721000053], [94.03444708647885, 19.105905869248225], [94.03558248171328, 19.1098697927424], [94.03907311300003, 19.12205638200004], [94.03785241000003, 19.13226959800005], [94.03255253804254, 19.1516540622014], [94.03191165500004, 19.153998114000046], [94.03212765403629, 19.1580480963278], [94.03272545700003, 19.169256903000075], [94.0337166029994, 19.17195212444235], [94.03736412900008, 19.18187083500004], [94.04890256307003, 19.20501892961385], [94.05054772200003, 19.208319403000075], [94.05323326900003, 19.22138092700004], [94.04804541153804, 19.280378392738942], [94.04590905000003, 19.30467357000009], [94.04940856435286, 19.318461654537632], [94.04997806100005, 19.320705471000053], [94.05362990674067, 19.32408791822711], [94.05990644600007, 19.329901434000078], [94.06358691738365, 19.337814447568995], [94.06, 19.329798528977918], [94.148, 19.30903737367368], [94.213, 19.2590110428097], [94.258, 19.256650932932864], [94.263, 19.30903737367368], [94.243, 19.351500551986582], [94.208, 19.41423145755255], [94.238, 19.418947089778595], [94.2955, 19.409044104114603], [94.32300000000001, 19.41423145755255], [94.37049999999999, 19.38640644402555], [94.418, 19.43922274897984], [94.4455, 19.453838514150835], [94.4705, 19.431678613313007], [94.4805, 19.389236323745223], [94.518, 19.393952680629816], [94.543, 19.279306585252826], [94.563, 19.194331759285323], [94.633, 19.089469037899665], [94.6755, 19.031813459340647], [94.703, 18.926847885677557], [94.718, 18.832227800946036], [94.733, 18.759333986883497], [94.723, 18.70724767839398], [94.68299999999999, 18.649460469931345], [94.7005, 18.60207922876575], [94.768, 18.542360086296767], [94.8155, 18.4745583000838], [94.848, 18.41953854585316], [94.8655, 18.36212849560195], [94.8805, 18.277164566013575], [94.893, 18.182183562956162], [94.883, 18.112339521347266], [94.84049999999999, 18.062433857890657], [94.813, 18.022499115711106], [94.8355, 17.947359238713165], [94.873, 17.922622669381184], [94.8955, 17.827449859713255], [94.873, 17.760322442828517], [94.873, 17.680307946453176], [94.8805, 17.59501519798337], [94.878, 17.525416974514073], [94.8605, 17.4600847620103], [94.848, 17.42049252556956], [94.8655, 17.345577718735584], [94.8505, 17.27540680893319], [94.803, 17.297845318150017], [94.758, 17.362758344830144], [94.633, 17.42049252556956], [94.5665934789871, 17.476698585468483], [94.57007897200003, 17.493963934000078], [94.57015641102085, 17.497526123565027], [94.57032311300003, 17.505194403000075], [94.56782101182276, 17.514332510630442], [94.56657962300005, 17.518866278000075], [94.56032951012246, 17.530980261784457], [94.55933678500003, 17.532904364000046], [94.55543053500003, 17.538397528000075], [94.55388431100005, 17.54360586100006], [94.55347741000003, 17.556382554000038], [94.56031334700003, 17.582098700000074], [94.56047184025812, 17.582042761204786], [94.57691491000003, 17.576239325000074], [94.59701582100007, 17.557766018000052], [94.60299581334577, 17.553707199407086], [94.61493052885675, 17.545606713249683], [94.61500084700003, 17.54555898600006], [94.60922285200007, 17.55955638200004], [94.59066816500007, 17.59324778900009], [94.59107506600003, 17.60419342700004], [94.59522545700003, 17.61546458500004], [94.58954171539203, 17.626385487698737], [94.58952884200005, 17.62641022300005], [94.5843311222631, 17.631553516492374], [94.57398522200003, 17.641791083000044], [94.56812810812123, 17.652398967179025], [94.56299889400003, 17.66168854400007], [94.55689537900008, 17.682440497000073], [94.55347741000003, 17.727362372000073], [94.54399657881973, 17.74794468799524], [94.54395592500003, 17.74803294500009], [94.50171959700003, 17.78660716400009], [94.49219811300003, 17.816799221000053], [94.48951256600003, 17.876206773000092], [94.48649005225748, 17.889122981046498], [94.48340905000003, 17.902289130000042], [94.44743899800005, 17.97333405200004], [94.44434655000003, 17.988104559000078], [94.45085696700005, 18.002427476000037], [94.45097655225541, 18.002476883593776], [94.48178144600007, 18.01520416900007], [94.48189856652337, 18.015324949530235], [94.48623223722986, 18.0197940470953], [94.49219811300003, 18.025946356000077], [94.49372624716031, 18.038958649565544], [94.49488366000003, 18.04881419500009], [94.49273653165496, 18.060603144773022], [94.49057050900007, 18.07249583500004], [94.48432663834097, 18.086623914850936], [94.48096764400003, 18.094224351000037], [94.46192467500003, 18.12177155200004], [94.46062259200005, 18.13279857000009], [94.46062259200005, 18.142351436941286], [94.46062259200005, 18.144191799000055], [94.45918472031437, 18.150175882564348], [94.45785566500007, 18.15570709800005], [94.45232181100005, 18.16510651200008], [94.44109134200005, 18.17641836100006], [94.43677819100003, 18.18235911700009], [94.43355024327798, 18.20184635664343], [94.43018639400003, 18.22215403900009], [94.42576988308346, 18.234422124410447], [94.42286217500003, 18.24249909100007], [94.40650475400008, 18.251288153000075], [94.36060631600003, 18.24607982000009], [94.34156334700003, 18.24750397300005], [94.33515172327203, 18.252678266180745], [94.32764733200003, 18.258734442000048], [94.32666586832451, 18.263664065211675], [94.32585696700005, 18.267726955000057], [94.326, 18.273841612782107], [94.32618248800003, 18.281642971000053], [94.32782700149026, 18.294014201073782], [94.32797285200007, 18.29511139500005], [94.32799456566686, 18.29516767911183], [94.33106530000003, 18.303127346000053], [94.33914540089866, 18.30595538096707], [94.33920332100007, 18.305975653000075], [94.34278940148316, 18.301743551061918], [94.35027103000004, 18.292914130000042], [94.35039091481642, 18.292957525802294], [94.36589603000004, 18.298570054000038], [94.3659590552552, 18.29851308886518], [94.3728136245148, 18.292317612762126], [94.37855340912881, 18.287129730480093], [94.37859134200005, 18.28709544500009], [94.38917076900003, 18.286037502000056], [94.39565694680711, 18.290530531539567], [94.39698326900003, 18.291449286000045], [94.40013236907829, 18.2959920754518], [94.40902754000007, 18.30882396000004], [94.41233976192166, 18.310953245995737], [94.41688947950159, 18.31387806509199], [94.41700280000003, 18.31395091400009], [94.41215155131336, 18.320722448262995], [94.40528405000003, 18.33030833500004], [94.40037980546927, 18.345721676675737], [94.39958743600005, 18.348211981000077], [94.39951724265373, 18.34831439423646], [94.39874518778034, 18.349440834880706], [94.38965905000003, 18.36269765800006], [94.37917985977933, 18.365255709532356], [94.36548912900008, 18.36859772300005], [94.35059655000003, 18.37523021000004], [94.35052506655349, 18.375404064824775], [94.34400475400008, 18.39126211100006], [94.33920332100007, 18.410223700000074], [94.33201874257772, 18.424125858686633], [94.33106530000003, 18.42597077000005], [94.30118678857397, 18.457480308255032], [94.27963300900007, 18.480210679000038], [94.27098128148938, 18.4922685985001], [94.25896243600005, 18.509019273000092], [94.25009400265817, 18.52817405732651], [94.245070087058, 18.539025130575364], [94.24496504000007, 18.53925202000005], [94.25768653944331, 18.536034664131336], [94.25896243600005, 18.535711981000077], [94.25896891969956, 18.5357307026842], [94.25935593967188, 18.53684822296128], [94.26221764400003, 18.54511139500005], [94.25540911718693, 18.60594020514568], [94.25294030000003, 18.62799713700008], [94.24878991000003, 18.63886139500005], [94.15886233690655, 18.721863005607215]]]}}, {"type": "Feature", "properties": {"name": "Shwebo", "division": "Sagaing Division"}, "geometry": {"type": "Polygon", "coordinates": [[[94.882, 22.741960507266867], [94.882, 22.786682563389135], [94.8945, 22.851664764824413], [94.912, 22.904180872974173], [94.94200000000001, 22.946547472188552], [94.952, 23.00685093933617], [94.9195, 23.051485770044955], [94.8895, 23.094266100166163], [94.92699999999999, 23.129216260452193], [94.9245, 23.1917359234217], [94.917, 23.279030640799032], [94.937, 23.30153422023057], [94.967, 23.369022110544257], [94.937, 23.398852752745757], [94.9495, 23.479132605447088], [94.9395, 23.561196907269206], [94.9595, 23.64137784996228], [94.9795, 23.72608718200452], [95.0195, 23.74119171827815], [95.0855, 23.80479462350723], [95.178, 23.752633383007662], [95.2555, 23.698619905119987], [95.3185, 23.660613976626095], [95.331, 23.647790206436454], [95.3395, 23.647790206436454], [95.3435, 23.64366801334286], [95.348, 23.64366801334286], [95.352, 23.639545690405637], [95.3605, 23.639545690405637], [95.36449999999999, 23.635423237642026], [95.3605, 23.631300655069275], [95.352, 23.631300655069275], [95.348, 23.627177942704655], [95.356, 23.618932128668828], [95.356, 23.610227650848074], [95.36449999999999, 23.601980770210307], [95.36449999999999, 23.59785713537917], [95.348, 23.58136129970963], [95.348, 23.57311260430994], [95.348, 23.564405085883052], [95.352, 23.560280270419078], [95.352, 23.55615532546094], [95.3605, 23.547905047131405], [95.3605, 23.543779713794628], [95.348, 23.53140293730431], [95.356, 23.522692655845674], [95.356, 23.51444027853477], [95.352, 23.510313895918262], [95.352, 23.506187384017487], [95.352, 23.50206074284982], [95.356, 23.49793397243263], [95.356, 23.49380707278326], [95.3605, 23.48968004391907], [95.36449999999999, 23.48968004391907], [95.3685, 23.485552885857437], [95.3685, 23.481425598615747], [95.36449999999999, 23.477298182211335], [95.36449999999999, 23.464456505361348], [95.36449999999999, 23.456200481839485], [95.373, 23.44794394209181], [95.377, 23.44794394209181], [95.381, 23.44381547867679], [95.38550000000001, 23.44381547867679], [95.3895, 23.4396868862575], [95.3895, 23.43555816485138], [95.3935, 23.4314293144758], [95.398, 23.4314293144758], [95.402, 23.427300335148203], [95.3935, 23.418583177618473], [95.3935, 23.414453797218172], [95.3895, 23.410324287937474], [95.4565, 23.400229389456122], [95.5075, 23.403900350705552], [95.524, 23.47133613052334], [95.545, 23.55890530315376], [95.554, 23.60381345518078], [95.565, 23.62397129892168], [95.62, 23.642751952799486], [95.65899999999999, 23.663819722718117], [95.685, 23.6775577441936], [95.7425, 23.624887490869984], [95.72749999999999, 23.596482561623098], [95.7715, 23.55386363342518], [95.8265, 23.49518272035777], [95.869, 23.54515483928829], [95.9135, 23.582736031886743], [95.951, 23.593733370896246], [95.9985, 23.592816961183637], [96.003, 23.58136129970963], [95.9905, 23.519483459469576], [95.98949999999999, 23.49609981076425], [95.978, 23.440145625118575], [95.9665, 23.39747610172264], [95.962, 23.378660436958384], [95.9735, 23.366268174299165], [95.998, 23.3479071380667], [96.0145, 23.331380033516098], [96.0305, 23.31806503703426], [96.0545, 23.308422310301957], [96.0395, 23.219768344498796], [96.035, 23.16875414583872], [96.02799999999999, 23.131055490477408], [96.0295, 23.100704971163935], [96.0395, 23.05194584594519], [96.037, 23.016975598815883], [96.053, 22.98936110181304], [96.0365, 22.878846689935315], [96.0305, 22.834154884072532], [96.02799999999999, 22.76639808520341], [96.0185, 22.7355045682545], [95.9815, 22.724436535055204], [95.9355, 22.635398574184507], [95.9395, 22.631245134646637], [95.9395, 22.614630121403216], [95.9435, 22.610476054409553], [95.9435, 22.60632186197888], [95.952, 22.59801310087867], [95.956, 22.59385853224524], [95.956, 22.585549018902025], [95.9685, 22.57308380896736], [95.9685, 22.564773042608543], [95.973, 22.560617471562658], [95.973, 22.552305953828366], [95.973, 22.547688227599263], [95.977, 22.543532141874906], [95.981, 22.539375931004734], [95.98949999999999, 22.531063133899348], [95.98949999999999, 22.52690654770035], [95.9935, 22.52274983642796], [95.9935, 22.51859300010031], [95.98949999999999, 22.5144360387355], [95.981, 22.506121740966883], [95.981, 22.50196440459935], [95.977, 22.497806943267168], [95.977, 22.49364935698846], [95.973, 22.489491645781374], [95.973, 22.477017762771272], [95.973, 22.43958937348908], [95.973, 22.431270581566793], [95.9645, 22.42295129102075], [95.9645, 22.418791458809284], [95.9605, 22.41463150199647], [95.9605, 22.406311214639512], [95.9685, 22.3979904290955], [95.9685, 22.377186286623203], [95.9685, 22.36886375857199], [95.981, 22.356379033669864], [95.981, 22.352217210022022], [95.9855, 22.34805526206436], [95.9855, 22.32724365826748], [95.9935, 22.318918147218877], [95.9935, 22.31475520543981], [95.98949999999999, 22.310592139515286], [95.98949999999999, 22.293938634727944], [95.98949999999999, 22.239801042262645], [95.9935, 22.235635744847926], [95.9935, 22.210641361250275], [95.98949999999999, 22.210641361250275], [95.9855, 22.21480740117594], [95.981, 22.21480740117594], [95.977, 22.218973317395633], [95.973, 22.218973317395633], [95.9605, 22.206475197636983], [95.952, 22.198142499421024], [95.94800000000001, 22.198142499421024], [95.9395, 22.206475197636983], [95.9395, 22.210641361250275], [95.9355, 22.21480740117594], [95.9355, 22.223139109891036], [95.931, 22.227304778643784], [95.931, 22.231470323635538], [95.9355, 22.235635744847926], [95.9355, 22.239801042262645], [95.92699999999999, 22.239801042262645], [95.923, 22.24396621586137], [95.9185, 22.239801042262645], [95.906, 22.239801042262645], [95.813, 22.213881625215777], [95.763, 22.238875431314444], [95.6905, 22.268491947931743], [95.61449999999999, 22.210641361250275], [95.61449999999999, 22.21480740117594], [95.61449999999999, 22.223139109891036], [95.6105, 22.227304778643784], [95.602, 22.227304778643784], [95.598, 22.231470323635538], [95.602, 22.235635744847926], [95.602, 22.24396621586137], [95.598, 22.24813126562573], [95.598, 22.25229619153744], [95.602, 22.25646099357816], [95.602, 22.260625671729553], [95.598, 22.264790225973318], [95.5935, 22.264790225973318], [95.5895, 22.268954656291136], [95.5935, 22.273118962664693], [95.598, 22.273118962664693], [95.602, 22.277283145075693], [95.602, 22.285611137936762], [95.598, 22.28977494835024], [95.598, 22.293938634727944], [95.5935, 22.298102197051584], [95.577, 22.298102197051584], [95.57300000000001, 22.293938634727944], [95.5685, 22.298102197051584], [95.5685, 22.302265635302884], [95.577, 22.310592139515286], [95.581, 22.310592139515286], [95.5855, 22.31475520543981], [95.5855, 22.32308096483419], [95.581, 22.32724365826748], [95.5685, 22.32724365826748], [95.556, 22.33973099329256], [95.556, 22.352217210022022], [95.55199999999999, 22.356379033669864], [95.548, 22.360540732989634], [95.5395, 22.360540732989634], [95.5355, 22.364702307963086], [95.5435, 22.373025084798115], [95.5435, 22.377186286623203], [95.548, 22.381347364029068], [95.5435, 22.38550831699743], [95.5395, 22.38550831699743], [95.531, 22.393829849548887], [95.523, 22.402150884131782], [95.523, 22.406311214639512], [95.527, 22.41047142060048], [95.523, 22.41463150199647], [95.523, 22.43958937348908], [95.46600000000001, 22.383659019930867], [95.406, 22.396141298000902], [95.3535, 22.446059200163532], [95.2835, 22.44374858242085], [95.241, 22.49364935698846], [95.2385, 22.56338786617439], [95.1985, 22.598474711876356], [95.09100000000001, 22.605860277299904], [95.041, 22.63586005971711], [94.941, 22.665853293527533], [94.9435, 22.72351415852822], [94.8695, 22.721669386818547], [94.882, 22.741960507266867]]]}}, {"type": "Feature", "properties": {"name": "South Hseweni", "division": "Federated Shan States"}, "geometry": {"type": "Polygon", "coordinates": [[[98.3605, 22.17314143818022], [98.356, 22.168974162204865], [98.348, 22.168974162204865], [98.3435, 22.16480676272559], [98.3395, 22.1606392397608], [98.3355, 22.15323000520029], [98.33050919340882, 22.144909353825078], [98.3215, 22.12914729919115], [98.2465, 22.12127321368257], [98.224, 22.10922964383596], [98.174, 22.10413397771506], [98.134, 22.116641193180754], [98.09649999999999, 22.12914729919115], [98.0565, 22.11895722245683], [98.039, 22.088845875092918], [97.999, 22.12127321368257], [97.9965, 22.181475619545694], [97.95400000000001, 22.241652245815768], [97.904, 22.221287661835532], [97.889, 22.238875431314444], [97.854, 22.32631862601501], [97.82900000000001, 22.426186629918295], [97.809, 22.546302879597352], [97.8365, 22.623860932202625], [97.82900000000001, 22.69353353726313], [97.809, 22.711061466846125], [97.76650000000001, 22.687075313612194], [97.729, 22.79451894041998], [97.7365, 22.869172390787906], [97.7515, 22.899575009719584], [97.824, 22.921681726511746], [97.9165, 22.919379111725902], [98.0115, 22.92444481260265], [98.1015, 22.92674734129807], [98.186, 22.92674734129807], [98.251, 22.95161215677049], [98.283, 22.941482598057043], [98.3185, 22.92951032407162], [98.396, 22.90924714187914], [98.397, 22.90970770239279], [98.4, 22.910628818726366], [98.4735, 22.92951032407162], [98.511, 22.964042851457705], [98.5175, 22.970027593243476], [98.542, 22.967265437646866], [98.5665, 22.964042851457705], [98.59, 22.938719859558667], [98.60440315000038, 22.932340219077833], [98.598, 22.935036120526217], [98.633, 22.920300162335668], [98.6195, 22.888980930723452], [98.584, 22.882071303161577], [98.556, 22.875161323901267], [98.522, 22.862261755244905], [98.474, 22.842910106212965], [98.451, 22.818486238502032], [98.443, 22.781150732028095], [98.4455, 22.755793635483084], [98.4665, 22.73642686392141], [98.496, 22.71521248997073], [98.51650000000001, 22.68107811914882], [98.526, 22.654318209785473], [98.539, 22.614630121403216], [98.5445, 22.597089874239497], [98.536, 22.583702392296463], [98.5135, 22.550920652186065], [98.5095, 22.51674547715155], [98.5005, 22.480251840360385], [98.4665, 22.44883189064238], [98.398, 22.418791458809284], [98.402, 22.41463150199647], [98.402, 22.3979904290955], [98.406, 22.393829849548887], [98.406, 22.389669145510105], [98.406, 22.36886375857199], [98.4105, 22.364702307963086], [98.4105, 22.360540732989634], [98.406, 22.356379033669864], [98.402, 22.352217210022022], [98.402, 22.33973099329256], [98.3935, 22.33140622750048], [98.3935, 22.32308096483419], [98.3935, 22.318918147218877], [98.3895, 22.31475520543981], [98.3895, 22.306428949463545], [98.398, 22.298102197051584], [98.398, 22.293938634727944], [98.402, 22.28977494835024], [98.402, 22.285611137936762], [98.398, 22.28144720350582], [98.3935, 22.28144720350582], [98.3895, 22.277283145075693], [98.3895, 22.273118962664693], [98.398, 22.264790225973318], [98.398, 22.260625671729553], [98.406, 22.25229619153744], [98.406, 22.231470323635538], [98.4105, 22.227304778643784], [98.4105, 22.223139109891036], [98.4105, 22.18564252489904], [98.402, 22.17730859063329], [98.39383358040546, 22.17730859063329], [98.38550000000001, 22.17314143818022], [98.3605, 22.17314143818022]]]}}, {"type": "Feature", "properties": {"name": "Tavoy", "division": "Tenasserim Division"}, "geometry": {"type": "Polygon", "coordinates": [[[97.99645434186391, 14.3262158717309], [97.99350019600007, 14.330511786000045], [97.99170794600161, 14.335800871576408], [97.98601321700005, 14.35260651200008], [97.98129316500007, 14.376450914000088], [97.98059355145041, 14.385932518138315], [97.97974694100003, 14.397406317000048], [97.98259524800005, 14.419256903000075], [97.98596798237914, 14.42694838273777], [97.99594160200007, 14.449693101000037], [98.00012321444676, 14.468155310584223], [98.00025475400008, 14.46873607000009], [97.99421446090325, 14.462751705396709], [97.99146569100003, 14.46002838700008], [97.98422285200007, 14.449652411000045], [97.97715696975082, 14.44431619793728], [97.97648905504018, 14.443811783190752], [97.97641035200007, 14.443752346000053], [97.9728575588886, 14.445318931779276], [97.96607506600003, 14.44830963700008], [97.96208743600005, 14.45774974200009], [97.95906342274044, 14.471069800545893], [97.95183353000004, 14.50291575700004], [97.92139733200003, 14.55768463700008], [97.91857570778281, 14.56817755228358], [97.91358483200003, 14.586737372000073], [97.92505944100003, 14.612779039000088], [97.90007571700005, 14.63031647300005], [97.88550866000003, 14.655951239000046], [97.88550866000003, 14.683850112241148], [97.88550866000003, 14.684068101000037], [97.89809437809558, 14.70095946012148], [97.90406334700003, 14.70897044500009], [97.91943307197772, 14.713389241029542], [97.94312584700003, 14.720200914000088], [97.96851647200003, 14.696519273000092], [97.99244225400008, 14.663723049000055], [98.02748371548647, 14.64758126411807], [98.02759850400008, 14.64752838700008], [97.99301092045856, 14.692364143770698], [97.99244225400008, 14.693101304000038], [97.99132959373318, 14.695507652441966], [97.98218834700003, 14.715277411000045], [97.98869372603326, 14.717724253770685], [98.00025475400008, 14.722072658000059], [97.98536217500003, 14.728176174000055], [97.97103925900007, 14.735907294000071], [97.96698689366367, 14.742934812700497], [97.96461022200003, 14.74705638200004], [97.97028818319687, 14.758384470640266], [97.97291100400008, 14.763617255000042], [97.9709408372522, 14.765222165985005], [97.96566816500007, 14.76951732000009], [97.96235439796725, 14.773876501303588], [97.95883222700007, 14.778509833000044], [97.95386803500003, 14.78774648600006], [97.95183353000004, 14.794338283000059], [97.9499012025786, 14.798847047313208], [97.94988040500004, 14.798895575000074], [97.94797807695637, 14.797400888858945], [97.94536781586412, 14.795349969674772], [97.94532311300003, 14.795314846000053], [97.94484561967965, 14.794609458113133], [97.93816165500004, 14.784735419000071], [97.93995201900003, 14.782416083000044], [97.94336998800003, 14.776678778000075], [97.94587749950054, 14.770144051285701], [97.94599408636448, 14.769840218862926], [97.94605553500003, 14.769680080000057], [97.94556725400008, 14.763617255000042], [97.93544215310578, 14.755580098197674], [97.93116295700003, 14.75218333500004], [97.92137233341833, 14.756680191505364], [97.91716556100005, 14.758612372000073], [97.91707929620993, 14.758755921994666], [97.90674889400003, 14.775946356000077], [97.90406334700003, 14.797756252000056], [97.90402228802239, 14.797756252000056], [97.89722741000003, 14.797756252000056], [97.89454186300003, 14.779689846000053], [97.90219160200007, 14.737697658000059], [97.9018021488666, 14.737315767044404], [97.89380944100003, 14.72947825700004], [97.88835696700005, 14.726955471000053], [97.88760971730392, 14.726185228920823], [97.88306725400008, 14.721502997000073], [97.8756153538416, 14.716815511988216], [97.87549889400003, 14.716742255000042], [97.86304772200003, 14.71580638200004], [97.85990924750851, 14.717039354269282], [97.85621178500003, 14.718491929000038], [97.85603792034928, 14.71864406056573], [97.85189075062551, 14.722272833985553], [97.85035241000003, 14.72361888200004], [97.84595787900008, 14.72992584800005], [97.84253991000003, 14.73631419500009], [97.83980519768387, 14.747731821866143], [97.81511478000004, 14.850816148000092], [97.81509922648269, 14.850838745630977], [97.852, 14.92457249239667], [97.8695, 14.974812431248615], [97.90950000000001, 14.992200436427577], [97.982, 15.00234278698965], [98.0545, 14.994615325423197], [98.117, 14.977227516412299], [98.195, 14.97771053017717], [98.191, 14.988336557339787], [98.19124965155731, 14.994847625849292], [98.19122365500004, 14.99320983800007], [98.19114302600008, 14.988130188000056], [98.19507043400012, 14.977588196000085], [98.21491418500011, 14.943171692000135], [98.21497441554318, 14.942975247764158], [98.2154686946316, 14.941363137480526], [98.22163212100003, 14.92126088500008], [98.2209411040236, 14.901207006652498], [98.22039188600007, 14.88526825000011], [98.22115765094965, 14.876112855807914], [98.22214888500008, 14.864261780000092], [98.22514611800011, 14.858964946000057], [98.23589481600004, 14.850386658000033], [98.2390987550001, 14.844004618000099], [98.23878869700007, 14.839095358000066], [98.23591932311257, 14.826857045037377], [98.2353780520001, 14.824548442000022], [98.24333622200004, 14.80511810300004], [98.28034291683758, 14.74780716279856], [98.29749312300004, 14.721247254000048], [98.41820926900004, 14.607559103000057], [98.42485423489215, 14.597578573123835], [98.43133508300014, 14.587844543000088], [98.43952964308292, 14.567480086985709], [98.44001672400009, 14.566269633000033], [98.44274812419101, 14.554184475814832], [98.44549442600004, 14.542033386000057], [98.45283247900005, 14.528054911000055], [98.45361433744523, 14.527755965148263], [98.46513147000007, 14.523352356000075], [98.47815393100012, 14.516505229000103], [98.54771040900005, 14.377676493000095], [98.59318567000008, 14.321607564000061], [98.60145389800005, 14.313649394000095], [98.60664694191696, 14.31025949039304], [98.6144763590001, 14.305148621000086], [98.62150435400008, 14.30240977000004], [98.62694985089271, 14.3011945835376], [98.63690393100006, 14.29897328700011], [98.64424198400008, 14.29566599600011], [98.65075321400013, 14.289413147000104], [98.66356897000003, 14.272876688000025], [98.66653628579593, 14.270718640346214], [98.67039025900004, 14.267915751000075], [98.68558313000011, 14.26739898700012], [98.69363134921421, 14.270117026331713], [98.69736535700008, 14.271378073000108], [98.69748235290693, 14.271361089718594], [98.69855106597102, 14.27120595390818], [98.7069771730001, 14.269982809000041], [98.73105839100003, 14.223499858000096], [98.7536926680001, 14.200116272000045], [98.85990544038803, 14.121659450375683], [98.87234175600014, 14.112473043000122], [98.8723931879652, 14.112450867625348], [98.89373580000006, 14.103248800000117], [98.91771366400008, 14.096375834000057], [98.93528365100013, 14.085394592000071], [98.93532856935435, 14.085321773333158], [98.9453088790001, 14.069142355000068], [98.94691615046825, 14.053069632542956], [98.94758264100011, 14.046404724000084], [98.95157223763631, 14.032767210980742], [98.95295699100006, 14.028033752000084], [98.95299956724915, 14.02798367652645], [98.95310701202487, 14.027857306821506], [98.98478967300008, 13.990594178000023], [98.99698531100012, 13.971628926000065], [99.0055584808238, 13.953017275456787], [99.00702210418346, 13.949839868843192], [99.00711389200006, 13.949640605000084], [99.00835160044386, 13.94804775859584], [99.01620894400003, 13.937935893000102], [99.04762821400004, 13.914991557000079], [99.05207238800006, 13.909048767000058], [99.05713667800006, 13.89408844000009], [99.05967991364084, 13.890156464858991], [99.06106408800014, 13.888016459000141], [99.06633508300007, 13.885329285000111], [99.07972263145867, 13.881709688213174], [99.08028772000006, 13.881556905000096], [99.08042728207577, 13.881464127946423], [99.08483524600007, 13.878533834000066], [99.09000289000011, 13.870110575000083], [99.09040173513856, 13.868909290914223], [99.09217329900008, 13.863573507000098], [99.09186324100011, 13.855925395000028], [99.08950198562974, 13.843990789138559], [99.08948612500006, 13.84391062400006], [99.08979618300003, 13.826650696000073], [99.0966264373952, 13.797917059939998], [99.1011649990001, 13.778824158000077], [99.10495052465168, 13.770843859596969], [99.10881311000009, 13.762701111000098], [99.10896533885642, 13.762557608640622], [99.14113914319648, 13.732228162915305], [99.14126591000013, 13.73210866300009], [99.14677934200012, 13.723674124000055], [99.15029569985572, 13.71829474136736], [99.15253137200006, 13.714874573000102], [99.15258259382878, 13.71055487106143], [99.15284143100007, 13.688726298000091], [99.149695974041, 13.667101283783719], [99.14953413900014, 13.66598866800011], [99.15201460800012, 13.581962790000091], [99.16399282843375, 13.53025277756839], [99.18787805200009, 13.427140198000117], [99.18880822800003, 13.407916565000093], [99.18578386740965, 13.378686124142849], [99.18364058400005, 13.357971293000034], [99.18629075395692, 13.342567181528004], [99.18694787600003, 13.33874766000011], [99.18694787600003, 13.329135844000092], [99.18622212038319, 13.327352432582495], [99.18271040800005, 13.318723043000062], [99.1795549187395, 13.314144764640153], [99.17692264900012, 13.310325622000079], [99.17278853400006, 13.300920512000033], [99.17340435478965, 13.287526405605634], [99.095, 13.280722008335514], [98.9925, 13.280722008335514], [98.8825, 13.310404506833354], [98.7905, 13.38289234966819], [98.7255, 13.318189478334585], [98.6805, 13.263202764453217], [98.5785, 13.186784653646873], [98.566, 13.201388690582908], [98.553, 13.208203609071717], [98.52827827915932, 13.227456184928103], [98.50049889400003, 13.249172268000052], [98.49512780000003, 13.28546784100007], [98.49184433869723, 13.293266061673034], [98.48997173172037, 13.297713503288023], [98.48991946700005, 13.29783763200004], [98.47999108200003, 13.283880927000041], [98.47842252724622, 13.286882816281734], [98.47527103000004, 13.292914130000042], [98.47282962300005, 13.302923895000049], [98.47242272200003, 13.313625393000052], [98.473, 13.322509058598333], [98.47315514400003, 13.324896552000041], [98.46049873130464, 13.355685710957438], [98.46045983200003, 13.35578034100007], [98.46039273450938, 13.358573272476338], [98.46013431100005, 13.369330145000049], [98.47315514400003, 13.379461981000077], [98.4727205478041, 13.381526312634085], [98.47169030000003, 13.386419989000046], [98.47138599610965, 13.391263495133538], [98.47120201900003, 13.394191799000055], [98.47315514400003, 13.413031317000048], [98.47298765659481, 13.412931585876315], [98.46420332100007, 13.407700914000088], [98.45984254049873, 13.401227879854742], [98.45899498800003, 13.399969794000071], [98.45304408227744, 13.380237843496822], [98.45281009200005, 13.379461981000077], [98.45378665500004, 13.39638906500005], [98.45093834700003, 13.411363023000092], [98.44532311300003, 13.424302476000037], [98.44033168611159, 13.432741927999224], [98.43913821700005, 13.434759833000044], [98.43907621831542, 13.434808469893763], [98.43814862645655, 13.435536149632755], [98.43441816500007, 13.43846263200004], [98.43270426729963, 13.439387234808944], [98.42823326900003, 13.441799221000053], [98.42237389400003, 13.446600653000075], [98.4210252301056, 13.449473894128706], [98.41863040500004, 13.454575914000088], [98.41913945823347, 13.459361014519512], [98.41944420700003, 13.462225653000075], [98.42148165964396, 13.464093317941055], [98.42920983200003, 13.471177476000037], [98.43165123800003, 13.47874583500004], [98.42644290500004, 13.490057684000078], [98.42001423757556, 13.499066872553845], [98.40333092500003, 13.52244700700004], [98.39485734311288, 13.541029424845407], [98.39405358200003, 13.542792059000078], [98.39402530820317, 13.54281759662449], [98.38396243600005, 13.551906643000052], [98.37659611892248, 13.556106341853582], [98.37061608200003, 13.559515692000048], [98.35718834700003, 13.563869533000059], [98.36109459700003, 13.57615794500009], [98.35661868600005, 13.584865627000056], [98.34206083669397, 13.594599744181133], [98.33611087300005, 13.598578192000048], [98.33611257466683, 13.598689225703797], [98.33631644299406, 13.611991627637275], [98.33643537186511, 13.619751732728341], [98.33643639400003, 13.619818427000041], [98.3301813192345, 13.628341304878562], [98.29883873800003, 13.671047268000052], [98.28825931100005, 13.69476959800005], [98.28881338881878, 13.694261185968083], [98.29566491000003, 13.687974351000037], [98.30044285271583, 13.697775259270163], [98.30192675402205, 13.70081915942742], [98.30201256600003, 13.700995184000078], [98.27670332100007, 13.707180080000057], [98.25733483200003, 13.706366278000075], [98.2449971034311, 13.713937157252607], [98.24480228000004, 13.714056708000044], [98.24048912900008, 13.746039130000042], [98.25196373800003, 13.782538153000075], [98.25247675036763, 13.786100738263553], [98.25416100400008, 13.797796942000048], [98.25196373800003, 13.811672268000052], [98.24891923903573, 13.822604787588082], [98.24838300900007, 13.82453034100007], [98.24781334700003, 13.837591864000046], [98.25038390345678, 13.843342659352768], [98.25416100400008, 13.85179271000004], [98.24981409688812, 13.859617142943996], [98.24805748800003, 13.862779039000088], [98.2480019155613, 13.86298939794488], [98.23365319100003, 13.917303778000075], [98.23365319100003, 13.96165599200009], [98.23121178500003, 13.972479559000078], [98.22864132060552, 13.97908932447851], [98.22779381600003, 13.981268622000073], [98.22749036551751, 13.98536520697659], [98.22722415500004, 13.988959052000041], [98.23365319100003, 13.996486721000053], [98.23365319100003, 14.002630927000041], [98.22242272200003, 14.013088283000059], [98.20866946700005, 14.02960846600007], [98.19978102265536, 14.043780250753201], [98.19703209700003, 14.048163153000075], [98.19602164299417, 14.051581856009625], [98.19214928500003, 14.06468333500004], [98.1920493206449, 14.06468333500004], [98.18597475789213, 14.06468333500004], [98.18580162900008, 14.06468333500004], [98.18548184978182, 14.061506863719973], [98.18458092500003, 14.052557684000078], [98.18288647599498, 14.044781372451343], [98.18002363400007, 14.031642971000053], [98.17896569100003, 14.019720770000049], [98.18213951900003, 14.01430898600006], [98.18984335190339, 14.005365455735335], [98.19629967500003, 13.997870184000078], [98.19947350400008, 13.992743231000077], [98.19946769678825, 13.992610826666434], [98.19825280000003, 13.964911200000074], [98.19336998800003, 13.95180898600006], [98.18238366000003, 13.93781159100007], [98.18152304782744, 13.932807291328931], [98.18018639400003, 13.925034898000092], [98.19516035200007, 13.88694896000004], [98.19861098253539, 13.87275580392663], [98.19947350400008, 13.869208075000074], [98.19727623800003, 13.85032786700009], [98.18799889400003, 13.815130927000041], [98.17945397200003, 13.73240794500009], [98.18574575812926, 13.711786888721692], [98.19353274800005, 13.68626536700009], [98.19605553500003, 13.668361721000053], [98.19532079445364, 13.663764026588524], [98.19336998800003, 13.651556708000044], [98.18580162900008, 13.632757880000042], [98.18362338680494, 13.629153407727959], [98.18238366000003, 13.627101955000057], [98.1817463820647, 13.626286832152697], [98.17888431100005, 13.622626044000071], [98.17530358200003, 13.616603908000059], [98.17281486956023, 13.609570591073604], [98.17156009200005, 13.606024481000077], [98.17138378386987, 13.605209055991073], [98.16895592500003, 13.59398021000004], [98.16846764400003, 13.58429596600007], [98.16902425007817, 13.580619436350275], [98.17156009200005, 13.563869533000059], [98.18344160200007, 13.551703192000048], [98.18345909193611, 13.55166300679333], [98.18685957100007, 13.543850002000056], [98.17896569100003, 13.53709544500009], [98.17713818731167, 13.537265007231394], [98.17107181100005, 13.53782786700009], [98.16540797836312, 13.542282566088812], [98.16389295636753, 13.543474156224994], [98.16382897200003, 13.543524481000077], [98.16274464774794, 13.544719309697244], [98.15105228000004, 13.55760325700004], [98.15102064858007, 13.557432075258372], [98.14966881600003, 13.550116278000075], [98.1471590019712, 13.545390352128514], [98.14584394600007, 13.542914130000042], [98.14440068284591, 13.537482902916567], [98.14429772200003, 13.53709544500009], [98.1426915288441, 13.545126412972763], [98.14210045700003, 13.548081773000092], [98.14275149800005, 13.561712958000044], [98.14152128919011, 13.571952640795116], [98.14138373305963, 13.573097593693557], [98.14136803500003, 13.57322825700004], [98.13988364170368, 13.574251976637674], [98.13428795700003, 13.57811107000009], [98.13147703627293, 13.580721210587146], [98.12973066500007, 13.58234284100007], [98.13294634203437, 13.588333335981682], [98.13477623800003, 13.591742255000042], [98.13577107766703, 13.59280040259432], [98.14372806100005, 13.601263739000046], [98.15105228000004, 13.606024481000077], [98.15086459916404, 13.606260958813776], [98.14698326900003, 13.611151434000078], [98.14337339719785, 13.617586423535663], [98.14136803500003, 13.621161200000074], [98.13750834688221, 13.626468271409081], [98.13746178500003, 13.626532294000071], [98.15186608200003, 13.630357164000088], [98.15656567813059, 13.638886060074057], [98.15845787900008, 13.642320054000038], [98.15845537636763, 13.64241765643841], [98.15826926037865, 13.649676163084452], [98.15805097700007, 13.65818919500009], [98.15111533766408, 13.673592768307374], [98.15105228000004, 13.67373281500005], [98.16751113736836, 13.673168049732437], [98.16765384200005, 13.673163153000075], [98.16813968893184, 13.676425268052588], [98.16879316500007, 13.680812893000052], [98.1614676723766, 13.689062962667892], [98.16041100400008, 13.690252997000073], [98.15516029305905, 13.692109139766183], [98.14763431100005, 13.69476959800005], [98.12454914899064, 13.693548369512811], [98.1239797541232, 13.693518247946745], [98.12378991000003, 13.693508205000057], [98.12054796585879, 13.694185094450564], [98.11638431100005, 13.695054429000038], [98.10353753978335, 13.700879362125072], [98.10328209700003, 13.700995184000078], [98.10527876310643, 13.704513119604318], [98.10670006600003, 13.70701732000009], [98.1085444057395, 13.711328186451434], [98.11345462300005, 13.722805080000057], [98.11695397200003, 13.728949286000045], [98.10568621204357, 13.733809888254369], [98.09205162900008, 13.73969147300005], [98.08957225508134, 13.74778206149258], [98.08277428500003, 13.769964911000045], [98.08887780000003, 13.795111395000049], [98.10997079211788, 13.79038365571277], [98.11011803500003, 13.790350653000075], [98.10415487001988, 13.833682982974675], [98.10401451900003, 13.83470286700009], [98.10401401288753, 13.834731659172101], [98.10397396143043, 13.837010141640631], [98.10328209700003, 13.876369533000059], [98.10586537180313, 13.883473539039224], [98.10914147200003, 13.89248281500005], [98.11013343049879, 13.898103910644501], [98.11085045700003, 13.902167059000078], [98.10670006600003, 13.906439520000049], [98.10124759200005, 13.908026434000078], [98.09459168187729, 13.911387339432267], [98.09302819100003, 13.912176825000074], [98.08547148186123, 13.917905298652729], [98.08545983200003, 13.917914130000042], [98.08228600400008, 13.92446523600006], [98.07927493600005, 13.948065497000073], [98.07195825581121, 13.970146192235484], [98.06560306100005, 13.98932526200008], [98.06169681100005, 14.01007721600007], [98.06380769221035, 14.0205562350084], [98.06625410200007, 14.032700914000088], [98.08838951900003, 14.06346263200004], [98.09644616000003, 14.07835521000004], [98.09742272200003, 14.092189846000053], [98.10318328117799, 14.102202245392538], [98.10767662900008, 14.11001211100006], [98.11011803500003, 14.12303294500009], [98.10857181100005, 14.132635809000078], [98.09744724263166, 14.16488959122593], [98.09644616000003, 14.167792059000078], [98.1099621055518, 14.167792059000078], [98.11011803500003, 14.167792059000078], [98.10725951021428, 14.178273315246889], [98.10645592500003, 14.181219794000071], [98.10424698745923, 14.185587466488505], [98.10108483200003, 14.191839911000045], [98.10100946997918, 14.191865031673661], [98.09950553765819, 14.192366342447325], [98.09522545700003, 14.193793036000045], [98.09520826660874, 14.193755042747458], [98.08961022200003, 14.181382554000038], [98.08958536842312, 14.181414487465576], [98.06190147280053, 14.21698452754539], [98.04175866000003, 14.242865302000041], [98.01482181100005, 14.299505927000041], [97.99645434186391, 14.3262158717309]]]}}, {"type": "Feature", "properties": {"name": "Tawng Peng", "division": "Federated Shan States"}, "geometry": {"type": "Polygon", "coordinates": [[[97.3485, 23.23447152478179], [97.401, 23.227120137049443], [97.43299999999999, 23.208280358445943], [97.446, 23.185301423593515], [97.4555, 23.16967349271844], [97.461, 23.070347592572578], [97.4635, 23.007771394323502], [97.4795, 22.932733732737894], [97.484, 22.87608267478669], [97.484, 22.85673299375423], [97.461, 22.850743248355066], [97.438, 22.827703307260556], [97.4205, 22.808346742283543], [97.4075, 22.78391667575045], [97.399, 22.757637946759225], [97.381, 22.744266125881808], [97.3425, 22.72674244916491], [97.311, 22.717979768781998], [97.2895, 22.72720362732245], [97.267, 22.741499378876856], [97.211, 22.749799451863776], [97.17099999999999, 22.7673201723467], [97.1285, 22.797284613021997], [97.0835, 22.80235486706007], [97.031, 22.774696645269156], [97.001, 22.832311607620156], [96.9785, 22.882071303161577], [96.9885, 22.912471032617884], [96.991, 22.967265437646866], [96.961, 23.022037643570886], [96.9285, 23.084607215122453], [96.9385, 23.11955988910975], [96.996, 23.12461807506025], [97.061, 23.11726065064907], [97.1185, 23.097025654095972], [97.1435, 23.114501512503498], [97.1485, 23.159560329857197], [97.1685, 23.194493471441227], [97.196, 23.179785891680385], [97.256, 23.12967607032282], [97.281, 23.137032813873198], [97.27850000000001, 23.152204822664192], [97.246, 23.222065823151244], [97.3485, 23.23447152478179]]]}}, {"type": "Feature", "properties": {"name": "Tharawaddy", "division": "Pegu Division"}, "geometry": {"type": "Polygon", "coordinates": [[[95.4505, 18.032959091065408], [95.4125, 18.135623968640154], [95.4065, 18.14512693429667], [95.40299999999999, 18.15462938344387], [95.40350000000001, 18.176483055060757], [95.4, 18.18598379807245], [95.395, 18.19548402357219], [95.388, 18.219707254608846], [95.383, 18.230630354306562], [95.377, 18.236329090598545], [95.361, 18.246776288736783], [95.3555, 18.25152480758111], [95.3115, 18.299952281696456], [95.2875, 18.319889074596258], [95.2595, 18.333653615152592], [95.242, 18.339348966654253], [95.224, 18.34836622272976], [95.21000000000001, 18.363077577435842], [95.20400000000001, 18.385379497768728], [95.201, 18.41005060111417], [95.1925, 18.429974680734396], [95.1915, 18.431397740967224], [95.196, 18.43329513628794], [95.206, 18.508225481227704], [95.236, 18.493052359409717], [95.286, 18.450845049965668], [95.316, 18.36829743423608], [95.4085, 18.445627695320393], [95.6335, 18.49068143769224], [95.721, 18.595444801658196], [95.746, 18.680724848809547], [95.8455, 18.745603700890296], [95.897, 18.819449999264734], [95.9295, 18.789631352565902], [95.97200000000001, 18.72950470213689], [96.007, 18.67219877161204], [95.962, 18.62956195721772], [95.977, 18.609661114572177], [95.997, 18.57459206267081], [95.97200000000001, 18.531930791127152], [95.952, 18.46981591222647], [95.9845, 18.439461526437643], [96.032, 18.44705062594105], [96.018, 18.38300709012716], [96.0355, 18.29093250241887], [96.068, 18.178383245052864], [96.13550000000001, 18.093329514233087], [96.168, 18.04104137353852], [96.213, 17.985884311064314], [96.208, 17.96115313110602], [96.1455, 18.00585696543091], [96.1305, 17.965909396169454], [96.078, 17.951164557882816], [96.09049999999999, 17.870759809238344], [96.1105, 17.813645574079494], [96.0265, 17.698409587060052], [95.959, 17.648387455816174], [95.9865, 17.613601972469823], [95.904, 17.521125798199037], [95.84700000000001, 17.41810717670997], [95.7445, 17.582622952490684], [95.6995, 17.527800917504425], [95.6795, 17.55783591384774], [95.687, 17.592632139840745], [95.642, 17.637904866129684], [95.5995, 17.69507521137965], [95.582, 17.720319657759312], [95.547, 17.745084340252816], [95.522, 17.755084491419797], [95.497, 17.77032174231959], [95.522, 17.78270105252987], [95.458, 17.829353815195397], [95.459, 17.839825206558267], [95.4545, 17.850295982050447], [95.44, 17.866476877518668], [95.4335, 17.875994363379217], [95.424, 17.921195454172405], [95.424, 17.929282854977767], [95.4285, 17.938321277622926], [95.44, 17.949261908531764], [95.445, 17.956872383112035], [95.4545, 17.996346459700142], [95.4505, 18.032959091065408]]]}}, {"type": "Feature", "properties": {"name": "Thaton", "division": "Tenasserim Division"}, "geometry": {"type": "Polygon", "coordinates": [[[97.08665479941169, 17.198355829808754], [97.08179772200003, 17.209784247000073], [97.07959266604401, 17.224767319967086], [97.07862389400003, 17.231350002000056], [97.06861412900008, 17.25136953300006], [97.0685714573782, 17.25138973670542], [97.0629843553198, 17.254035058322486], [97.04867597700007, 17.26080963700008], [97.02361087300005, 17.26748281500005], [97.01148137592077, 17.275288926959888], [97.00717207100007, 17.27806224200009], [97.00719531674775, 17.27814146105932], [97.01151539192894, 17.292863822164442], [97.01335696700005, 17.29913971600007], [96.95176970533758, 17.342255405755537], [96.90455162900008, 17.37531159100007], [96.89630579704743, 17.383854569260567], [96.89551842500003, 17.38467031500005], [96.88990319100003, 17.39472077000005], [96.88795611636765, 17.406431034445184], [96.88705488400007, 17.411851304000038], [96.88743314469565, 17.421272361855376], [96.88835696700005, 17.444281317000048], [96.88557520958375, 17.451192915166907], [96.88312903840843, 17.4572707104887], [96.941, 17.478685372993823], [96.951, 17.541150419220624], [96.936, 17.59835142657689], [97.0035, 17.623609442958198], [97.04599999999999, 17.64362271793874], [97.096, 17.618367503837447], [97.15899999999999, 17.640287326435313], [97.174, 17.605500280351844], [97.2265, 17.587865929275072], [97.29599999999999, 17.593108753983643], [97.3235, 17.62551556486908], [97.336, 17.690311710156376], [97.3685, 17.71793825795228], [97.396, 17.702696550518706], [97.4285, 17.632663342588007], [97.441, 17.575473193684253], [97.471, 17.485362051732917], [97.5035, 17.400454627070832], [97.561, 17.36323556145901], [97.616, 17.36323556145901], [97.656, 17.400454627070832], [97.7085, 17.460561724489327], [97.691, 17.530661607740768], [97.6585, 17.597874826264295], [97.6635, 17.66029874893706], [97.6735, 17.712699067070012], [97.6965, 17.806505006915273], [97.7065, 17.794603426491665], [97.70685296559475, 17.793771172996397], [97.71117232300003, 17.78129303000007], [97.71685673100006, 17.76976918600006], [97.74104130100005, 17.750183818000025], [97.74421012001856, 17.746365963591746], [97.74961958800009, 17.73984853200001], [97.75158329300012, 17.729564922000023], [97.7517899990001, 17.718092753000107], [97.75313358600005, 17.705380351000045], [97.75590148490328, 17.699175644545004], [97.75933475800014, 17.691479391000072], [97.75949615651282, 17.691272870295098], [97.75963601757459, 17.691093908267543], [97.76894657400004, 17.679180399000032], [97.90799443000009, 17.55486551400007], [97.93379439300003, 17.531799215000078], [97.93379456830667, 17.5317991034413], [97.93858424509872, 17.528751127271438], [97.94857385300003, 17.522394104000043], [97.95132351151013, 17.52115135446824], [97.97224165900008, 17.511697083000044], [97.98221840836109, 17.50577950051035], [97.98278365100003, 17.505444234000024], [97.98930696600402, 17.49831409971258], [97.99167199800007, 17.495729065000077], [97.99611617000005, 17.480794576000036], [98.01823368400005, 17.44741160100007], [98.0285689700001, 17.418782858000085], [98.03287339940076, 17.410238244497105], [98.03549361200004, 17.40503692700004], [98.0398579805936, 17.400587316887798], [98.04872277900006, 17.391549377999993], [98.06226200400005, 17.38483144100006], [98.07683475700009, 17.38002553300005], [98.0769556177036, 17.37995196562414], [98.07790481449248, 17.379374193735135], [98.08872033700004, 17.37279083300008], [98.09471480300004, 17.358631490000036], [98.09409468600006, 17.346332500000088], [98.0906292978974, 17.326134235862835], [98.0904773360001, 17.32524851500007], [98.0905040568215, 17.32508819005941], [98.09264774600007, 17.31222605400002], [98.10060591700005, 17.302614238000032], [98.18618208800012, 17.224221090000114], [98.18681242317719, 17.223876701598694], [98.20178837100013, 17.215694479000106], [98.22101200400004, 17.200759990000037], [98.25625533100003, 17.151615702000086], [98.27046485177996, 17.142218041452992], [98.27899296100003, 17.136577860000003], [98.27890478576599, 17.136482987926136], [98.27082808400013, 17.127792867000025], [98.26854589031105, 17.122188813984174], [98.26617720500013, 17.116372376000115], [98.26735839055188, 17.11167575864489], [98.26834761600003, 17.107742411000075], [98.29439253800012, 17.107587382000034], [98.29532271400006, 17.09983591700002], [98.29254110892529, 17.09499592500958], [98.29015507000014, 17.090844218000072], [98.28643231550853, 17.0876113002494], [98.28622766100011, 17.08743357400006], [98.28623442742767, 17.087422149147777], [98.29966353400005, 17.06474762000009], [98.31330611100003, 17.05203521700004], [98.32260469556573, 17.049267781359706], [98.3135, 17.051827947110844], [98.21549999999999, 16.986327747747787], [98.243, 16.93132816052281], [98.0505, 16.7791587939945], [98.0205, 16.808836636514524], [98.018, 16.754264125411538], [97.96549999999999, 16.731760372782894], [97.9805, 16.6642331832249], [97.9255, 16.648904542577426], [97.8655, 16.67908163334347], [97.8155, 16.646509331662486], [97.813, 16.60674445988252], [97.713, 16.579910496686853], [97.71450813396501, 16.579253470869794], [97.71290123800003, 16.579779364000046], [97.70351702728891, 16.573536841052373], [97.70182382918294, 16.572411666091803], [97.65284264400003, 16.539862372000073], [97.63040097557966, 16.53197526392841], [97.63038170700003, 16.53196849200009], [97.62848249370586, 16.5318176198696], [97.61296634200005, 16.530585028000075], [97.59288357289698, 16.53293729178608], [97.54835045700003, 16.53815338700008], [97.54200903752623, 16.537726560783], [97.52295983200003, 16.536444403000075], [97.49984785200007, 16.53196849200009], [97.49774644116953, 16.530903193312074], [97.49398847700007, 16.528998114000046], [97.48943118600005, 16.52448151200008], [97.48492189118873, 16.52083939038261], [97.48414147200003, 16.52020905200004], [97.47632897200003, 16.51829661700009], [97.47476765165148, 16.518556836965487], [97.47071373800003, 16.519232489000046], [97.46475942015037, 16.521298272865696], [97.45875084700003, 16.523382880000042], [97.45412783953167, 16.52421045538075], [97.45215905000003, 16.524562893000052], [97.42918400019451, 16.52366191057724], [97.42310631600003, 16.52342357000009], [97.42043545713562, 16.522575678233014], [97.40259850400008, 16.516913153000075], [97.3930960921052, 16.509234436871363], [97.38648522200003, 16.50389232000009], [97.37045727167178, 16.48375670352237], [97.37029056100005, 16.483547268000052], [97.33741295700003, 16.63157786700009], [97.33741295700003, 16.655503648000092], [97.32984073144074, 16.679806676047075], [97.32982822700006, 16.679846809000082], [97.32515731738926, 16.67295859523454], [97.31119371300008, 16.652366398000083], [97.31109222222821, 16.65239263475359], [97.29470571341395, 16.65662877154375], [97.28583595300006, 16.658921726000074], [97.25947448066094, 16.692704738153196], [97.2554615795501, 16.697847390477488], [97.25544480700006, 16.697868885000048], [97.24027599700003, 16.731900687000063], [97.23520514915475, 16.7505924918134], [97.23017297700005, 16.769141733000083], [97.23020911700007, 16.796646165000084], [97.23976224502529, 16.81026515918868], [97.24480228000004, 16.81745026200008], [97.24102802734775, 16.82245451629267], [97.23568769600007, 16.82953522300005], [97.23308353000004, 16.83982982000009], [97.23325007401039, 16.844493064057115], [97.23340905000003, 16.848944403000075], [97.24043926294792, 16.874398619520505], [97.24048912900008, 16.87457916900007], [97.23308353000004, 16.87457916900007], [97.23300910502095, 16.874398619520505], [97.23256695746338, 16.873326002337553], [97.22429446700005, 16.853257554000038], [97.22087649800005, 16.840643622000073], [97.21949303500003, 16.82615794500009], [97.21292415977103, 16.830562655843945], [97.20899498800003, 16.833197333000044], [97.20484459700003, 16.84520091400009], [97.20469146241659, 16.854363489784063], [97.20460045700003, 16.859808661000045], [97.20507338946419, 16.865531144475117], [97.20582116000003, 16.87457916900007], [97.21946618032432, 16.90121944644338], [97.21949303500003, 16.901271877000056], [97.21555230197623, 16.904496113021498], [97.21143639400003, 16.907863674000055], [97.20240319100003, 16.906805731000077], [97.19527367754417, 16.90316056643364], [97.19157962300005, 16.901271877000056], [97.18938539022727, 16.906628386610326], [97.18327884200005, 16.921535549000055], [97.18492528320746, 16.933805455095634], [97.18669681100005, 16.947007554000038], [97.19676984320064, 16.988367025368788], [97.19898522200003, 16.99746328300006], [97.19825280000003, 17.013495184000078], [97.19617835746821, 17.018973840487234], [97.19507897200003, 17.021877346000053], [97.17847741000003, 17.03847890800006], [97.17846832323808, 17.03849049944724], [97.17212975400008, 17.046576239000046], [97.16456139400003, 17.05931224200009], [97.15853925900007, 17.07371653900009], [97.15853858329301, 17.0737233594144], [97.15723717500003, 17.086859442000048], [97.17448978000004, 17.112494208000044], [97.17935694016413, 17.111366105184995], [97.20240319100003, 17.106024481000077], [97.22065890364733, 17.09967776829049], [97.23365319100003, 17.09516022300005], [97.25548132233558, 17.10487244283271], [97.26093682790037, 17.107299818246986], [97.26099694100003, 17.10732656500005], [97.24392567315469, 17.115323106088894], [97.22234134200005, 17.125433661000045], [97.20264733200003, 17.13157786700009], [97.18192961440651, 17.134015245305605], [97.18189537900008, 17.134019273000092], [97.15805097700007, 17.129299221000053], [97.15801414348333, 17.12925392171077], [97.15683728951231, 17.127806580995337], [97.14795983200003, 17.116888739000046], [97.14193769600007, 17.099351304000038], [97.13662922324755, 17.08999464344716], [97.13062584700003, 17.079413153000075], [97.13050822386809, 17.0795650582585], [97.11443118600005, 17.10032786700009], [97.11216132962913, 17.10568942428449], [97.10027103000004, 17.13377513200004], [97.09595787900008, 17.165757554000038], [97.1095, 17.18228216622339], [97.10962975400008, 17.182440497000073], [97.10962975400008, 17.189276434000078], [97.1095, 17.18930268772818], [97.08871504000007, 17.193508205000057], [97.08862493630363, 17.19372021369294], [97.08665479941169, 17.198355829808754]]]}}, {"type": "Feature", "properties": {"name": "Thayetmo", "division": "Magwe Division"}, "geometry": {"type": "Polygon", "coordinates": [[[94.453, 19.52878252986597], [94.3955, 19.55140031416488], [94.3305, 19.728463031521457], [94.3655, 19.760934682007598], [94.383, 19.80139733981351], [94.3995, 19.816450587734376], [94.449, 19.8108057867085], [94.49, 19.839498111656056], [94.5235, 19.82868030243892], [94.5825, 19.820684056999376], [94.6015, 19.822565562707858], [94.6575, 19.8545477507765], [94.6855, 19.8545477507765], [94.7245, 19.837146476671766], [94.7555, 19.848904303318843], [94.7815, 19.87335779243936], [94.852, 19.931184679311464], [94.89, 19.955625459052303], [94.9375, 19.98429154921052], [94.9825, 19.98053235894572], [95.01050000000001, 19.96502475134019], [95.044, 19.97301370939804], [95.0805, 19.996978154097224], [95.099, 20.01060336891823], [95.151, 19.95280556217509], [95.15350000000001, 19.902979081480193], [95.146, 19.872887568591846], [95.226, 19.84279034212899], [95.2435, 19.787754103764225], [95.3085, 19.770345519382854], [95.40350000000001, 19.815509801478182], [95.461, 19.792929261973633], [95.4985, 19.74305256121586], [95.541, 19.712930777784102], [95.626, 19.71528424657399], [95.65350000000001, 19.69316027277003], [95.6785, 19.65314106646867], [95.7585, 19.663029093863884], [95.831, 19.660674856920934], [95.8135, 19.567890450079155], [95.811, 19.510403247859113], [95.831, 19.42790641405643], [95.86, 19.351500551986582], [95.88, 19.244377814172054], [95.8675, 19.15938492244228], [95.8375, 19.171664385469686], [95.7775, 19.171664385469686], [95.6425, 19.109313037969233], [95.57, 19.109313037969233], [95.4975, 19.099391335415717], [95.41499999999999, 19.041739208122298], [95.3105, 18.989267820606802], [95.253, 18.899413564083016], [95.1705, 18.84689741181619], [95.12049999999999, 18.844531432231836], [95.033, 18.914550298111745], [94.9905, 18.926847885677557], [94.928, 18.93961749948327], [94.803, 18.94954874623348], [94.703, 18.926847885677557], [94.6755, 19.031813459340647], [94.633, 19.089469037899665], [94.563, 19.194331759285323], [94.543, 19.279306585252826], [94.518, 19.393952680629816], [94.453, 19.52878252986597]]]}}, {"type": "Feature", "properties": {"name": "The Triangle", "division": "Sagaing Division"}, "geometry": {"type": "Polygon", "coordinates": [[[98.3605, 27.001910625992696], [98.36449999999999, 26.9979010932775], [98.36449999999999, 26.993891417604786], [98.3685, 26.98943605476438], [98.3685, 26.976960100145888], [98.3685, 26.972949678153707], [98.3685, 26.968939113294567], [98.36449999999999, 26.96448276257543], [98.36449999999999, 26.952004042491485], [98.36449999999999, 26.943535552437883], [98.36449999999999, 26.931054512692945], [98.3685, 26.92704245653864], [98.3685, 26.9145595915483], [98.373, 26.910546948831367], [98.373, 26.90207534580155], [98.3685, 26.8980622593635], [98.3685, 26.89360310719238], [98.373, 26.889589719738442], [98.373, 26.88557618972077], [98.373, 26.881116544736802], [98.373, 26.877102713799314], [98.373, 26.873088740343672], [98.373, 26.868628602704202], [98.373, 26.84810970414963], [98.373, 26.84364858167178], [98.377, 26.839633421134202], [98.377, 26.83115650355468], [98.377, 26.827140900100844], [98.38550000000001, 26.818663047625925], [98.38550000000001, 26.814647001397958], [98.3895, 26.810630812879914], [98.3895, 26.798135094363413], [98.3895, 26.785637999204447], [98.3895, 26.781174417392613], [98.38550000000001, 26.777157043695677], [98.38550000000001, 26.764657638739887], [98.38550000000001, 26.76063968073109], [98.38550000000001, 26.752156858328725], [98.38550000000001, 26.748138458303533], [98.377, 26.739654702906016], [98.377, 26.731170314576286], [98.373, 26.727151172915843], [98.36449999999999, 26.718665852096965], [98.36449999999999, 26.702139991010945], [98.3605, 26.69811982434816], [98.352, 26.69811982434816], [98.3435, 26.689632339985945], [98.3435, 26.685611732021293], [98.3435, 26.677123316172903], [98.348, 26.673102267049597], [98.348, 26.660591429878828], [98.352, 26.656122941283076], [98.352, 26.65210115196564], [98.352, 26.63556564072454], [98.348, 26.631096172680994], [98.348, 26.623050689634045], [98.3435, 26.618580732105986], [98.3435, 26.60606392127764], [98.3435, 26.5935457406434], [98.3395, 26.58952174888978], [98.331, 26.581473341010877], [98.327, 26.581473341010877], [98.3185, 26.572977185616423], [98.3185, 26.556430232491685], [98.3185, 26.547932220083844], [98.3105, 26.53943357789465], [98.3105, 26.535407685506232], [98.306, 26.531381651855924], [98.306, 26.52288178365315], [98.30199999999999, 26.518855310616868], [98.30199999999999, 26.514381286082802], [98.298, 26.51035451497407], [98.298, 26.50230054926466], [98.2935, 26.497825879918803], [98.2935, 26.485295878937386], [98.2895, 26.481268088610847], [98.2895, 26.472764512480225], [98.2895, 26.45217430443822], [98.2855, 26.44769768494185], [98.2855, 26.4436685786286], [98.2895, 26.439639331394186], [98.2895, 26.43560994325364], [98.2855, 26.43113268007761], [98.2855, 26.427102994517774], [98.2855, 26.418595418000812], [98.2895, 26.414565294260818], [98.2895, 26.41053502970805], [98.2935, 26.40605679285026], [98.2935, 26.393964685242864], [98.2935, 26.385454665030807], [98.2935, 26.3769440177297], [98.298, 26.372912439649372], [98.298, 26.368880720911662], [98.30199999999999, 26.36440086847512], [98.30199999999999, 26.35633669660145], [98.30199999999999, 26.347823905066814], [98.298, 26.34379131146614], [98.298, 26.339758577316907], [98.2935, 26.33527759677296], [98.2935, 26.33124456595963], [98.2895, 26.327211394644706], [98.2895, 26.322729928416116], [98.2855, 26.318696460536177], [98.2855, 26.314662852201565], [98.273, 26.302112950442154], [98.273, 26.29807876484147], [98.273, 26.277009070794467], [98.277, 26.272974011979773], [98.277, 26.256383963176706], [98.2685, 26.24786382790199], [98.2685, 26.24382775627017], [98.26050000000001, 26.235306700297187], [98.26050000000001, 26.231270192618492], [98.256, 26.22723354481306], [98.256, 26.218711272678355], [98.252, 26.21467418902009], [98.252, 26.20615099690674], [98.248, 26.20211347754261], [98.248, 26.185513315945226], [98.2435, 26.181026379698547], [98.2435, 26.172949459106842], [98.23949999999999, 26.16891078894248], [98.23949999999999, 26.164423213578505], [98.23949999999999, 26.160384248104354], [98.2355, 26.156345142770295], [98.231, 26.152305897591543], [98.231, 26.147817683396138], [98.231, 26.143778143039803], [98.227, 26.13973846288621], [98.227, 26.13524976544099], [98.223, 26.131209790209876], [98.223, 26.127169675228963], [98.2185, 26.12312942051346], [98.2185, 26.118640084739667], [98.2145, 26.114599535079062], [98.2145, 26.110558845731372], [98.2105, 26.106069027088612], [98.2105, 26.102028042896073], [98.2105, 26.097986919063977], [98.206, 26.09394565560754], [98.206, 26.08945519913986], [98.202, 26.08541364097122], [98.202, 26.08137194322581], [98.1895, 26.06879688002702], [98.1895, 26.060263032351056], [98.1855, 26.056220466471824], [98.1855, 26.052177761126345], [98.181, 26.048134916329946], [98.181, 26.039599563878784], [98.17699999999999, 26.035556285333076], [98.17699999999999, 26.03106359013659], [98.173, 26.02702001734548], [98.173, 26.01893245371194], [98.173, 26.014439121988122], [98.1685, 26.010394976388984], [98.1645, 26.006350691497374], [98.1645, 25.985228274591456], [98.1605, 25.981183123336294], [98.1605, 25.973092403296828], [98.156, 25.96859731831512], [98.156, 25.964551594967684], [98.152, 25.960505732501996], [98.152, 25.95196401050837], [98.148, 25.947917715328728], [98.148, 25.94387128109412], [98.1435, 25.93937507998524], [98.1395, 25.93532835224072], [98.1395, 25.922737643701925], [98.13550000000001, 25.918690344582647], [98.13550000000001, 25.914642906519685], [98.1395, 25.910595329528547], [98.131, 25.902049988605505], [98.131, 25.89800197949194], [98.127, 25.893953831513603], [98.123, 25.889455726468206], [98.1185, 25.88540728538168], [98.1185, 25.881358705478473], [98.106, 25.868762235984473], [98.102, 25.868762235984473], [98.0855, 25.85211484148809], [98.081, 25.848065120789453], [98.081, 25.8435652684826], [98.081, 25.835465102967714], [98.07300000000001, 25.826914326692386], [98.0685, 25.822863743384755], [98.0685, 25.81881302149952], [98.0605, 25.81026104250726], [98.0605, 25.80620988959081], [98.05199999999999, 25.79810716823187], [98.0435, 25.789553694741777], [98.0395, 25.789553694741777], [98.0355, 25.785501834028707], [98.031, 25.785501834028707], [98.027, 25.781449834881155], [98.023, 25.776947451263524], [98.0145, 25.776947451263524], [98.01050000000001, 25.772895159916377], [98.006, 25.772895159916377], [98.002, 25.768842730183096], [97.998, 25.768842730183096], [97.9935, 25.768842730183096], [97.98949999999999, 25.764790162079194], [97.9685, 25.74362450338309], [97.9605, 25.735517507670863], [97.9605, 25.731463802442992], [97.952, 25.72290552638334], [97.9435, 25.72290552638334], [97.9395, 25.726959523405654], [97.931, 25.71885139116687], [97.931, 25.714797117771834], [97.92699999999999, 25.710292207512758], [97.923, 25.706237642458543], [97.9185, 25.706237642458543], [97.9105, 25.698128097975566], [97.902, 25.689567423965137], [97.902, 25.676950572314357], [97.902, 25.66883903365889], [97.898, 25.664783057344245], [97.88550000000001, 25.664783057344245], [97.881, 25.660276255178122], [97.877, 25.656219987610896], [97.873, 25.652163582106247], [97.873, 25.648107038679797], [97.8685, 25.6435996064649], [97.8685, 25.635485799505283], [97.86449999999999, 25.631428689231498], [97.8605, 25.631428689231498], [97.856, 25.626920627261683], [97.852, 25.626920627261683], [97.848, 25.62286322600694], [97.8435, 25.62286322600694], [97.8395, 25.618805686943496], [97.8355, 25.618805686943496], [97.831, 25.614748010086995], [97.831, 25.606181350954895], [97.827, 25.602123245509187], [97.827, 25.59806500233485], [97.8185, 25.58949714785463], [97.8145, 25.58949714785463], [97.806, 25.58949714785463], [97.80199999999999, 25.58543847629169], [97.798, 25.58949714785463], [97.7855, 25.602123245509187], [97.781, 25.606181350954895], [97.777, 25.610239318656355], [97.7685, 25.610239318656355], [97.7645, 25.614748010086995], [97.756, 25.614748010086995], [97.752, 25.618805686943496], [97.7435, 25.618805686943496], [97.7355, 25.626920627261683], [97.727, 25.635485799505283], [97.727, 25.639542771921644], [97.727, 25.6435996064649], [97.731, 25.648107038679797], [97.731, 25.656219987610896], [97.727, 25.660276255178122], [97.723, 25.660276255178122], [97.7185, 25.660276255178122], [97.7145, 25.664783057344245], [97.7105, 25.664783057344245], [97.702, 25.672894871987488], [97.69800000000001, 25.676950572314357], [97.69800000000001, 25.68145674413808], [97.6935, 25.685512153076758], [97.6935, 25.689567423965137], [97.6895, 25.6936225567876], [97.6895, 25.706237642458543], [97.6855, 25.710292207512758], [97.67699999999999, 25.710292207512758], [97.673, 25.714797117771834], [97.6645, 25.714797117771834], [97.656, 25.714797117771834], [97.652, 25.710292207512758], [97.6435, 25.710292207512758], [97.6395, 25.706237642458543], [97.631, 25.706237642458543], [97.627, 25.706237642458543], [97.623, 25.70218293927429], [97.61449999999999, 25.70218293927429], [97.606, 25.70218293927429], [97.5935, 25.70218293927429], [97.5895, 25.70218293927429], [97.5855, 25.698128097975566], [97.581, 25.698128097975566], [97.577, 25.698128097975566], [97.5685, 25.706237642458543], [97.5685, 25.710292207512758], [97.5605, 25.71885139116687], [97.55199999999999, 25.71885139116687], [97.548, 25.714797117771834], [97.5355, 25.714797117771834], [97.531, 25.710292207512758], [97.5185, 25.710292207512758], [97.5145, 25.706237642458543], [97.506, 25.706237642458543], [97.502, 25.710292207512758], [97.51050000000001, 25.71885139116687], [97.51050000000001, 25.731463802442992], [97.502, 25.739571074656098], [97.502, 25.756234286194296], [97.502, 25.760287146362835], [97.498, 25.764790162079194], [97.498, 25.768842730183096], [97.4935, 25.772895159916377], [97.4935, 25.776947451263524], [97.4935, 25.785501834028707], [97.4935, 25.789553694741777], [97.48949999999999, 25.79360541700482], [97.48949999999999, 25.79810716823187], [97.48949999999999, 25.802158598160513], [97.4935, 25.80620988959081], [97.4935, 25.81026104250726], [97.4935, 25.822863743384755], [97.4935, 25.826914326692386], [97.48949999999999, 25.831414812263784], [97.48949999999999, 25.835465102967714], [97.4935, 25.83951525504584], [97.4935, 25.848065120789453], [97.498, 25.85211484148809], [97.502, 25.85211484148809], [97.5185, 25.868762235984473], [97.5185, 25.872811247662966], [97.5185, 25.881358705478473], [97.5145, 25.88540728538168], [97.51050000000001, 25.889455726468206], [97.51050000000001, 25.902049988605505], [97.506, 25.906097858838873], [97.506, 25.910595329528547], [97.502, 25.914642906519685], [97.502, 25.918690344582647], [97.5185, 25.93532835224072], [97.523, 25.93532835224072], [97.527, 25.93937507998524], [97.527, 25.947917715328728], [97.5355, 25.956459730933407], [97.5355, 25.977137832899633], [97.5355, 25.981183123336294], [97.5395, 25.985228274591456], [97.556, 25.96859731831512], [97.5685, 25.96859731831512], [97.57300000000001, 25.973092403296828], [97.577, 25.973092403296828], [97.577, 25.977137832899633], [97.581, 25.981183123336294], [97.581, 25.985228274591456], [97.5685, 25.997812299365723], [97.5645, 25.997812299365723], [97.556, 26.006350691497374], [97.5605, 26.010394976388984], [97.5645, 26.014439121988122], [97.577, 26.014439121988122], [97.581, 26.010394976388984], [97.5895, 26.010394976388984], [97.598, 26.01893245371194], [97.598, 26.035556285333076], [97.598, 26.043642703021266], [97.602, 26.048134916329946], [97.602, 26.052177761126345], [97.602, 26.060263032351056], [97.602, 26.06475460862677], [97.606, 26.06879688002702], [97.606, 26.072839011913377], [97.6185, 26.08541364097122], [97.623, 26.08541364097122], [97.627, 26.08945519913986], [97.631, 26.09394565560754], [97.63550000000001, 26.097986919063977], [97.63550000000001, 26.102028042896073], [97.6395, 26.106069027088612], [97.6395, 26.110558845731372], [97.6435, 26.114599535079062], [97.648, 26.118640084739667], [97.648, 26.127169675228963], [97.652, 26.131209790209876], [97.652, 26.13524976544099], [97.6605, 26.143778143039803], [97.6645, 26.143778143039803], [97.6685, 26.143778143039803], [97.67699999999999, 26.143778143039803], [97.681, 26.147817683396138], [97.6855, 26.147817683396138], [97.6895, 26.147817683396138], [97.7145, 26.172949459106842], [97.723, 26.172949459106842], [97.7355, 26.172949459106842], [97.73949999999999, 26.172949459106842], [97.7435, 26.176987989363944], [97.748, 26.176987989363944], [97.752, 26.181026379698547], [97.752, 26.18955141083798], [97.748, 26.193589365760932], [97.748, 26.198075818161378], [97.7435, 26.20211347754261], [97.7435, 26.20615099690674], [97.73949999999999, 26.2106369652975], [97.7435, 26.21467418902009], [97.7435, 26.22723354481306], [97.73949999999999, 26.231270192618492], [97.7355, 26.231270192618492], [97.731, 26.235306700297187], [97.727, 26.235306700297187], [97.7145, 26.24786382790199], [97.7145, 26.260419598614945], [97.723, 26.26893881288173], [97.727, 26.272974011979773], [97.727, 26.277009070794467], [97.723, 26.281043989310668], [97.723, 26.285527067540496], [97.7105, 26.29807876484147], [97.7105, 26.302112950442154], [97.706, 26.306146995650273], [97.6935, 26.318696460536177], [97.6935, 26.322729928416116], [97.69800000000001, 26.327211394644706], [97.7185, 26.327211394644706], [97.723, 26.33124456595963], [97.727, 26.33124456595963], [97.7435, 26.314662852201565], [97.748, 26.318696460536177], [97.756, 26.327211394644706], [97.756, 26.33527759677296], [97.756, 26.34379131146614], [97.76050000000001, 26.347823905066814], [97.76050000000001, 26.35633669660145], [97.756, 26.360368852843543], [97.7435, 26.372912439649372], [97.7435, 26.3769440177297], [97.7435, 26.385454665030807], [97.748, 26.389485805414164], [97.752, 26.389485805414164], [97.756, 26.393964685242864], [97.777, 26.393964685242864], [97.7855, 26.402026231075446], [97.7895, 26.40605679285026], [97.7855, 26.41053502970805], [97.7855, 26.414565294260818], [97.7855, 26.418595418000812], [97.7855, 26.427102994517774], [97.781, 26.43113268007761], [97.781, 26.439639331394186], [97.76050000000001, 26.460231780998033], [97.76050000000001, 26.464707913198335], [97.76050000000001, 26.468736283346477], [97.7645, 26.472764512480225], [97.773, 26.472764512480225], [97.777, 26.477240157223353], [97.7855, 26.477240157223353], [97.80199999999999, 26.460231780998033], [97.80199999999999, 26.45620311320203], [97.806, 26.45217430443822], [97.8145, 26.45217430443822], [97.827, 26.464707913198335], [97.827, 26.472764512480225], [97.8145, 26.485295878937386], [97.806, 26.485295878937386], [97.798, 26.485295878937386], [97.7935, 26.48977103606232], [97.781, 26.48977103606232], [97.7685, 26.50230054926466], [97.7685, 26.5063276026964], [97.7645, 26.51035451497407], [97.7645, 26.514381286082802], [97.756, 26.52288178365315], [97.756, 26.526908115473972], [97.752, 26.531381651855924], [97.748, 26.535407685506232], [97.7435, 26.535407685506232], [97.73949999999999, 26.53943357789465], [97.7355, 26.543906625963928], [97.727, 26.543906625963928], [97.723, 26.543906625963928], [97.7185, 26.547932220083844], [97.7145, 26.547932220083844], [97.7105, 26.551957672895483], [97.69800000000001, 26.564480400027374], [97.69800000000001, 26.568952470990208], [97.702, 26.572977185616423], [97.702, 26.57700175884162], [97.69800000000001, 26.581473341010877], [97.69800000000001, 26.58952174888978], [97.702, 26.5935457406434], [97.7145, 26.581473341010877], [97.727, 26.581473341010877], [97.7355, 26.58952174888978], [97.7355, 26.598016676661324], [97.731, 26.602040369723706], [97.731, 26.60606392127764], [97.727, 26.61053436813055], [97.727, 26.6145576208956], [97.731, 26.618580732105986], [97.7355, 26.618580732105986], [97.748, 26.631096172680994], [97.756, 26.639588012463623], [97.76050000000001, 26.643610242555635], [97.76050000000001, 26.656122941283076], [97.756, 26.660591429878828], [97.756, 26.673102267049597], [97.752, 26.677123316172903], [97.752, 26.69365280611917], [97.756, 26.69811982434816], [97.756, 26.71062654358478], [97.756, 26.718665852096965], [97.76050000000001, 26.723131889286044], [97.7645, 26.727151172915843], [97.7645, 26.743673402789657], [97.7645, 26.756175116292788], [97.7685, 26.76063968073109], [97.7685, 26.768675454641656], [97.7685, 26.77313952784591], [97.7645, 26.777157043695677], [97.7645, 26.781174417392613], [97.76050000000001, 26.785637999204447], [97.76050000000001, 26.789655072752666], [97.756, 26.79367200410231], [97.7435, 26.79367200410231], [97.7355, 26.802151725467724], [97.7355, 26.80616821432763], [97.727, 26.814647001397958], [97.727, 26.818663047625925], [97.7145, 26.83115650355468], [97.7145, 26.852124564056066], [97.7185, 26.856139281535484], [97.7185, 26.860599911672907], [97.723, 26.864614328424874], [97.723, 26.868628602704202], [97.723, 26.881116544736802], [97.7185, 26.88557618972077], [97.7185, 26.89360310719238], [97.7185, 26.8980622593635], [97.7145, 26.90207534580155], [97.7105, 26.9060882896304], [97.7105, 26.910546948831367], [97.7105, 26.92704245653864], [97.7105, 26.931054512692945], [97.7105, 26.93551218548228], [97.7105, 26.93952394033285], [97.7145, 26.943535552437883], [97.7145, 26.947992731785966], [97.7185, 26.952004042491485], [97.7185, 26.956460886915053], [97.723, 26.960471896156072], [97.731, 26.968939113294567], [97.731, 26.972949678153707], [97.727, 26.976960100145888], [97.727, 26.985426077340286], [97.731, 26.98943605476438], [97.731, 26.993891417604786], [97.7185, 27.00636549465905], [97.7145, 27.0103747255274], [97.723, 27.018838187729017], [97.727, 27.018838187729017], [97.731, 27.02284697365232], [97.7355, 27.02284697365232], [97.73949999999999, 27.027301012460917], [97.73949999999999, 27.031309496377194], [97.73949999999999, 27.03531783721492], [97.731, 27.04377942016642], [97.7185, 27.056247958659934], [97.723, 27.0602554089053], [97.727, 27.064707963468543], [97.7355, 27.056247958659934], [97.7435, 27.056247958659934], [97.748, 27.0602554089053], [97.752, 27.0602554089053], [97.8225, 27.051795068251696], [97.91499999999999, 27.041998087286082], [97.9825, 27.03175487464726], [98.0325, 27.03175487464726], [98.0525, 27.082071236859743], [98.075, 27.1319200364071], [98.117, 27.134589881164935], [98.1395, 27.07940013909895], [98.127, 27.03932603495959], [98.137, 26.98186153298713], [98.17699999999999, 26.959580573111268], [98.242, 26.954678170301126], [98.3185, 26.976960100145888], [98.3605, 27.001910625992696]]]}}, {"type": "Feature", "properties": {"name": "To Nai", "division": "Federated Shan States"}, "geometry": {"type": "Polygon", "coordinates": [[[98.621, 21.231028630712387], [98.561, 21.078547139076754], [98.521, 21.10093957002598], [98.4885, 21.118664516677907], [98.431, 21.115865981639608], [98.411, 21.188610719596507], [98.4635, 21.238485464780897], [98.4635, 21.31862258931811], [98.5485, 21.310704004345716], [98.601, 21.315827843381385], [98.621, 21.231028630712387]]]}}, {"type": "Feature", "properties": {"name": "Toungoo", "division": "Tenasserim Division"}, "geometry": {"type": "Polygon", "coordinates": [[[95.88, 19.244377814172054], [95.86, 19.351500551986582], [95.831, 19.42790641405643], [95.90299999999999, 19.435450724958926], [95.973, 19.42083330436205], [96.033, 19.458081554208796], [96.173, 19.458081554208796], [96.298, 19.46798154927376], [96.398, 19.473167019682812], [96.5405, 19.46562446242467], [96.618, 19.455724323435657], [96.6805, 19.438279751190237], [96.71600000000001, 19.433564680088207], [96.773, 19.425077207128115], [96.8095, 19.394895935607494], [96.833, 19.356218001205672], [96.8515, 19.314227909729354], [96.879, 19.236824669457892], [96.924, 19.19197072009989], [96.9515, 19.15466180853243], [96.969, 19.116872030889233], [96.999, 19.09702893758122], [97.0065, 19.042211848025914], [97.0115, 18.972246519117903], [97.019, 18.91975323403686], [97.0665, 18.897048325683688], [97.069, 18.862038891300937], [97.0265, 18.81708363309309], [96.989, 18.764541734127356], [96.9515, 18.677409203083435], [96.9865, 18.59497090411606], [97.0015, 18.509647892456286], [97.0015, 18.414794638872102], [97.0215, 18.36734838110658], [97.109, 18.329856609923006], [97.1715, 18.254848693555044], [97.184, 18.18503374705547], [97.1565, 18.139900367088696], [97.1715, 18.07764470677536], [97.134, 17.984933175882695], [97.134, 17.947834908086556], [97.114, 17.865049210677103], [97.1715, 17.81031334498033], [97.1715, 17.75270355372498], [97.174, 17.72508236249046], [97.15899999999999, 17.640287326435313], [97.096, 17.618367503837447], [97.04599999999999, 17.64362271793874], [97.0035, 17.623609442958198], [96.936, 17.59835142657689], [96.924, 17.640287326435313], [96.969, 17.6550578770589], [96.9865, 17.680307946453176], [96.974, 17.727463667407186], [96.9565, 17.78270105252987], [96.979, 17.817453759656114], [96.97149999999999, 17.872663301314674], [96.949, 17.902640610483783], [96.9465, 17.94973757278843], [96.90899999999999, 17.979701840768563], [96.889, 18.022499115711106], [96.8615, 18.082397826800083], [96.824, 18.124694919903437], [96.7965, 18.199758956146717], [96.7465, 18.234904424031257], [96.6695, 18.257222858882752], [96.6045, 18.277164566013575], [96.5445, 18.3023258297848], [96.4995, 18.34741706003944], [96.4445, 18.3920220654589], [96.37950000000001, 18.41953854585316], [96.3395, 18.424756692450508], [96.2445, 18.452267937361263], [96.172, 18.45701081018886], [96.107, 18.45701081018886], [96.032, 18.44705062594105], [95.9845, 18.439461526437643], [95.952, 18.46981591222647], [95.97200000000001, 18.531930791127152], [95.997, 18.57459206267081], [95.977, 18.609661114572177], [95.962, 18.62956195721772], [96.007, 18.67219877161204], [95.97200000000001, 18.72950470213689], [95.9295, 18.789631352565902], [95.897, 18.819449999264734], [95.8895, 18.934415182076787], [95.857, 19.004396405753262], [95.867, 19.05166436346421], [95.845, 19.114037449043042], [95.8675, 19.15938492244228], [95.88, 19.244377814172054]]]}}, {"type": "Feature", "properties": {"name": "Upper Chindwin", "division": "Sagaing Division"}, "geometry": {"type": "Polygon", "coordinates": [[[94.39733862233564, 24.49610283469886], [94.41080529800013, 24.54594472300009], [94.4184534100001, 24.56031077100009], [94.43023563600008, 24.570904439000074], [94.47477651338748, 24.597263792031537], [94.47498742700003, 24.597388611000056], [94.4749989357826, 24.597410571134567], [94.47500193338254, 24.59741629091402], [94.48707971200014, 24.620462138000036], [94.49913712424527, 24.66005163545148], [94.50795699100013, 24.689010925000062], [94.51632857300007, 24.704953105000087], [94.51644680598854, 24.704973504351944], [94.53100468000008, 24.70748525000006], [94.54340702300004, 24.70733022000003], [94.55570601400007, 24.70885467600006], [94.56945194600013, 24.716399433999996], [94.58154423100012, 24.73011952800003], [94.58950240100006, 24.747250264000073], [94.59322310400006, 24.765931295000044], [94.59322310400006, 24.7837855020001], [94.59901086400004, 24.813473612000067], [94.63289691372302, 24.855154326267183], [94.63907222887715, 24.862750123019918], [94.63911177600005, 24.862798767000058], [94.63960393329157, 24.86362442565266], [94.65482141100011, 24.889153748000027], [94.67352828000008, 24.974807434000112], [94.68975467900003, 24.99509043400012], [94.70646335680102, 25.022448597238068], [94.7085649010001, 25.025889587000094], [94.71008990922536, 25.03814945741494], [94.71383589700014, 25.068264262000085], [94.70680790300014, 25.10994130500002], [94.69316996044277, 25.131993299597696], [94.68913456300004, 25.138518372000092], [94.68902034439975, 25.138568075191902], [94.67499999232612, 25.14466915020574], [94.65327111800008, 25.15412465400003], [94.61296350100014, 25.1613593550001], [94.57689335200013, 25.173606670000126], [94.5755031389478, 25.17540845913057], [94.55332889800013, 25.20414744000003], [94.55139963032552, 25.228916754304148], [94.55012496000006, 25.245281880999997], [94.55054102227857, 25.246355470272988], [94.60800256400012, 25.394626770000073], [94.616713584953, 25.407293713940135], [94.63053348800008, 25.427389629000075], [94.63642360312181, 25.4331114550674], [94.6503600370001, 25.446649705000098], [94.65947229000005, 25.45550160800012], [94.69202844200004, 25.476327210000065], [94.71114872200013, 25.482786764000124], [94.74577193200014, 25.486610820000053], [94.76437544800007, 25.49167511000003], [94.78235884600008, 25.504594219000055], [94.80799035600012, 25.542628072000085], [94.82203806006761, 25.558747558934467], [94.82235640500005, 25.559112854000077], [94.82968105752683, 25.561946797579758], [94.83103804600012, 25.56247182300008], [94.83603761106114, 25.562550350050145], [94.85077844300014, 25.56278188100005], [94.86028690600006, 25.567174378000047], [94.8603097061246, 25.56730792161365], [94.8609529138523, 25.571075281923193], [94.86101037600014, 25.571411846000004], [94.86099637140113, 25.571428094926226], [94.85294885300004, 25.58076528000005], [94.8534656170001, 25.58603627500007], [94.85565004039852, 25.58782862245951], [94.85749637900005, 25.589343567000085], [94.86803837100007, 25.59471791600005], [94.87165572100014, 25.59802520800004], [94.94474584983902, 25.69563291068279], [94.96146936100013, 25.717966207000032], [94.9678819690307, 25.724466659092695], [94.96901292723385, 25.725613109894518], [94.96901412000005, 25.725614319], [94.96905373975218, 25.7256285906319], [94.97862593600007, 25.72907664000006], [94.99123620954875, 25.730545798169643], [94.99991662700006, 25.731557109000036], [95.00642147211245, 25.73564154628834], [95.00880497300011, 25.73713816300004], [95.00883058002378, 25.737208887167984], [95.01531620300005, 25.755121562000014], [95.01345585200005, 25.777704163000053], [95.0081994215783, 25.804495866134594], [94.99319869000004, 25.88095367400011], [94.99402056929502, 25.90031920395577], [94.99402551300005, 25.90043569000001], [94.99582826614338, 25.906322805840095], [95.00060608369914, 25.921925366577735], [95.0006400960001, 25.922036438000063], [95.01200891200006, 25.93144154900004], [95.0344521928643, 25.938819312663686], [95.04942264900012, 25.943740540000064], [95.05555852486476, 25.947503105385227], [95.066, 25.953762319282607], [95.15299999999999, 25.893953831513603], [95.2255, 25.87416088738578], [95.288, 25.84401526141678], [95.3955, 25.779198664431952], [95.46000000000001, 25.7476777938363], [95.503, 25.726509086116945], [95.6525, 25.78640225948453], [95.74, 25.881358705478473], [95.8225, 25.938925450434215], [95.9025, 25.96410206156348], [95.9875, 25.971294389917876], [96.0425, 25.938925450434215], [96.0955, 25.922737643701925], [96.08, 25.88900590653643], [96.0775, 25.872811247662966], [96.0785, 25.86066379638351], [96.09700000000001, 25.822413670018342], [96.1095, 25.776947451263524], [96.1175, 25.760287146362835], [96.17099999999999, 25.701281875365396], [96.182, 25.671542941210703], [96.178, 25.651712861869516], [96.1665, 25.63187948606922], [96.147, 25.612493685632273], [96.0885, 25.57145755394769], [96.0745, 25.556121761870493], [96.06700000000001, 25.545746436389976], [96.061, 25.53897943592283], [96.053, 25.534467890106566], [96.043, 25.533565560577177], [96.035, 25.537174837963143], [96.0275, 25.54349081200548], [96.0215, 25.551159761746295], [96.014, 25.558828220788648], [96.00450000000001, 25.566496189026548], [95.998, 25.568751380381297], [95.98949999999999, 25.566947230694893], [95.979, 25.55567067944044], [95.9685, 25.515517544674623], [95.9635, 25.42839775425658], [95.977, 25.24130663224494], [95.988, 25.199691599173306], [96.039, 25.14131612769001], [96.0605, 25.10600578028031], [96.0455, 25.07702556938105], [96.017, 25.053474095916563], [96.0125, 25.047132541144407], [96.0065, 25.037619593973847], [95.9985, 25.029012005992147], [95.9875, 25.02085689195564], [95.9695, 25.011341907460807], [95.931, 25.00001358369618], [95.897, 24.991403359033885], [95.862, 24.978260274335554], [95.84049999999999, 24.965115785011605], [95.8515, 24.940182724927045], [95.854, 24.934742113752996], [95.805, 24.92567389470557], [95.7525, 24.91569808332645], [95.684, 24.844483654376962], [95.63, 24.78684707249063], [95.5665, 24.733270965399175], [95.5275, 24.67694577171172], [95.5075, 24.643320219976975], [95.4665, 24.56194530997259], [95.4465, 24.49962823992656], [95.4155, 24.467320370630958], [95.2855, 24.4172495533428], [95.239, 24.365792475441886], [95.229, 24.293352817104346], [95.209, 24.17344049308792], [95.214, 24.125991559840255], [95.20400000000001, 24.089936852977363], [95.144, 24.064829482784997], [95.088, 24.0397171982086], [95.078, 24.015056723192462], [95.09049999999999, 23.90996843486829], [95.1005, 23.86242215654601], [95.0955, 23.82858051775167], [95.0855, 23.80479462350723], [95.0195, 23.74119171827815], [94.9795, 23.72608718200452], [94.9595, 23.64137784996228], [94.9395, 23.561196907269206], [94.9495, 23.479132605447088], [94.937, 23.398852752745757], [94.967, 23.369022110544257], [94.937, 23.30153422023057], [94.917, 23.279030640799032], [94.9245, 23.1917359234217], [94.92699999999999, 23.129216260452193], [94.8895, 23.094266100166163], [94.9195, 23.051485770044955], [94.952, 23.00685093933617], [94.94200000000001, 22.946547472188552], [94.912, 22.904180872974173], [94.8945, 22.851664764824413], [94.882, 22.786682563389135], [94.882, 22.741960507266867], [94.8695, 22.721669386818547], [94.8145, 22.72674244916491], [94.7795, 22.781611726542966], [94.7105, 22.756254715636754], [94.6695, 22.7544103856839], [94.6645, 22.69676253494334], [94.5795, 22.65201107670306], [94.53450000000001, 22.586933972609984], [94.457, 22.599397929227845], [94.4045, 22.58185574093618], [94.3745, 22.67692606159992], [94.245, 22.654318209785473], [94.14750000000001, 22.731815323376928], [94.12, 22.77930673839153], [94.106, 22.813416584739652], [94.051, 22.816642749877392], [94.051, 22.874239966764893], [94.0185, 22.95161215677049], [94.02, 23.05194584594519], [94.0195, 23.071727622125746], [94.0015, 23.166915433140428], [93.998, 23.220227843391246], [93.9995, 23.23079588152407], [94.0115, 23.278112046547474], [94.01050000000001, 23.29510501436261], [94.0005, 23.33046180073305], [94.01050000000001, 23.337348391886152], [94.0355, 23.335512002491367], [94.0445, 23.339643842919877], [94.049, 23.3479071380667], [94.054, 23.423171226886], [94.0515, 23.43693441965088], [94.0445, 23.46124589089782], [94.0445, 23.490597172610265], [94.0505, 23.49930957693168], [94.0535, 23.500685167070962], [94.06, 23.501602219185855], [94.066, 23.500226638620106], [94.06700000000001, 23.500226638620106], [94.0995, 23.480967003171124], [94.114, 23.476380961027054], [94.1235, 23.475922348043387], [94.128, 23.47867400202982], [94.13550000000001, 23.485552885857437], [94.1395, 23.491514294921153], [94.142, 23.497475434408663], [94.1425, 23.49930957693168], [94.151, 23.57311260430994], [94.157, 23.600606239673407], [94.17, 23.69495716463468], [94.164, 23.721051947581532], [94.1455, 23.76041314076699], [94.14, 23.778259063088484], [94.1345, 23.843673150816166], [94.12221579051094, 23.84711249155215], [94.12885926694156, 23.853904873511112], [94.13185591700011, 23.856968689000084], [94.13385249262446, 23.869640506754063], [94.13505985500007, 23.877303365000003], [94.13361291500007, 23.899162496000045], [94.13505985500007, 23.919006246000052], [94.13884464185523, 23.9266654586413], [94.14487837800004, 23.93887583400003], [94.1902502850001, 23.995280660000063], [94.19386763500006, 24.00967254700008], [94.19677237644538, 24.030845830042345], [94.19913863200003, 24.048093974000025], [94.20368615700005, 24.05775746700003], [94.21412479700007, 24.069177959000044], [94.21811498879309, 24.085257482733933], [94.21846561700005, 24.086670431000087], [94.21891131197427, 24.09097881475261], [94.22218632100004, 24.122637228000073], [94.23125277703967, 24.151645914383455], [94.23396854600009, 24.160335185000108], [94.28275109900011, 24.26642690100003], [94.28688521300006, 24.283066712000064], [94.28998580000007, 24.316759746000017], [94.29536014800004, 24.33259857200001], [94.30280155400004, 24.341021831000106], [94.30291318573732, 24.34109477846474], [94.32367883300003, 24.35466440800009], [94.33070682800013, 24.36285512300013], [94.33174035600013, 24.371097514000084], [94.32991063057112, 24.380426343115985], [94.32832971200003, 24.388486634000103], [94.32874312400003, 24.39448110000002], [94.34000858600007, 24.40600494400006], [94.34905434175776, 24.411888519159444], [94.35220422300011, 24.413937277000016], [94.36119592300014, 24.425409444000124], [94.36129927861897, 24.42709327916002], [94.36367639200012, 24.46582041500001], [94.37039432800003, 24.47773183300005], [94.38186649600004, 24.486310120000084], [94.39643013525775, 24.494706503647514], [94.39705936700005, 24.495069275000063], [94.39733862233564, 24.49610283469886]]]}}, {"type": "Feature", "properties": {"name": "Wa States", "division": "Federated Shan States"}, "geometry": {"type": "MultiPolygon", "coordinates": [[[[98.6555, 22.90970770239279], [98.59, 22.938719859558667], [98.5665, 22.964042851457705], [98.5175, 22.970027593243476], [98.5115, 23.055626396549396], [98.535, 23.117720501492386], [98.446, 23.194953057249336], [98.5265, 23.223444291370242], [98.6835, 23.25147005788363], [98.731, 23.276734143290234], [98.6855, 23.380037283523997], [98.72, 23.38783914385883], [98.7835, 23.43693441965088], [98.81, 23.474087880165822], [98.80993401735135, 23.474133270441452], [98.82076911167812, 23.47729811322876], [98.83007043500004, 23.480014954000055], [98.84888065700005, 23.480402527000066], [98.86397017400009, 23.46660491900012], [98.87554569500003, 23.44642527300003], [98.87593877404387, 23.44531684784403], [98.88960168400013, 23.406789449000073], [98.89057545081194, 23.399579833572567], [98.89228886000006, 23.386894023000067], [98.89101185588082, 23.375720241222453], [98.89011844900006, 23.3679029340001], [98.88497501145098, 23.356571298159494], [98.88185022000005, 23.34968699200006], [98.87396064099731, 23.3446801439373], [98.87378869600013, 23.344571025000064], [98.86210982300008, 23.340591940000067], [98.85322147600004, 23.334985047000046], [98.8533751444744, 23.327474509795664], [98.85342818200007, 23.3248823040001], [98.85608792238723, 23.32393379365673], [98.86045617700012, 23.322375997000037], [98.89652632700012, 23.323280335000064], [98.91068566900009, 23.297597148000094], [98.86014611800005, 23.212279358000032], [98.85900923700012, 23.179387309000063], [98.93342330000013, 23.172152608000104], [98.96152544406381, 23.16466000047741], [98.9707336840001, 23.162204895000016], [98.99037072800013, 23.160034485000025], [98.99037252736619, 23.16003468547281], [98.99351768303814, 23.160385096720244], [99.00938765500007, 23.162153218000086], [99.02644087800013, 23.160447897000026], [99.02799219325709, 23.15720803402795], [99.03315881300006, 23.146417745000022], [99.03663807212004, 23.135419749875847], [99.0392566330001, 23.127142436000085], [99.04200158289134, 23.1240969767934], [99.05506962100009, 23.109598287000026], [99.0749133710001, 23.10166595500006], [99.07949700811935, 23.10162478468468], [99.09217329900008, 23.101510926000017], [99.12609870778199, 23.10575160153722], [99.13000044800003, 23.10623931900001], [99.13144072018028, 23.106067857974825], [99.1386820890001, 23.105205790000028], [99.14306445288759, 23.103904496346647], [99.16400354000007, 23.09768687000009], [99.17283043500728, 23.0969253946686], [99.17867964700008, 23.09642079700005], [99.18057988228712, 23.095848290187625], [99.18271040800005, 23.095206401], [99.18488081900006, 23.0948446660001], [99.1941825770001, 23.09577484200007], [99.19667464426531, 23.094080235893234], [99.1993502200001, 23.09226084400011], [99.1995, 23.083361427385835], [99.19966027900006, 23.073838196000096], [99.20214074800003, 23.067275289000023], [99.20936936466065, 23.06170323109324], [99.20958215400009, 23.061539206000063], [99.21661014900008, 23.057379252000132], [99.22487837700004, 23.056888327000095], [99.23614384000007, 23.062314352000058], [99.24994983997074, 23.073272027069297], [99.25743452900008, 23.07921254500006], [99.26673628800012, 23.08386342400003], [99.27695894234064, 23.08628765356616], [99.28482303900012, 23.088152568000098], [99.28495399929817, 23.088275435242586], [99.29402144400012, 23.096782532000034], [99.2963266268315, 23.101246999554206], [99.30218632100014, 23.112595520000028], [99.31407020712632, 23.126468666921166], [99.31407189900006, 23.126470642000086], [99.31543493098457, 23.126688298904952], [99.33381229700012, 23.129622904000044], [99.34314785148257, 23.123985016624395], [99.35096887200007, 23.11926178000003], [99.36448776069814, 23.102351555508687], [99.38104455600006, 23.08164133800001], [99.40326542100007, 23.068334656000005], [99.47402141603344, 23.065894793776774], [99.47819624900006, 23.0657508340001], [99.48889355580681, 23.059733598741655], [99.49300676957745, 23.0574199159266], [99.49307906100012, 23.057379252000132], [99.49504276500005, 23.043478292000046], [99.49163212100012, 23.028207906000105], [99.49099482041947, 23.019883164917726], [99.49039188700004, 23.0120073450001], [99.49876346900004, 22.99516082800004], [99.52506535146335, 22.96154444372648], [99.53462691200008, 22.949323832000076], [99.53803755700011, 22.92643117300004], [99.53798432929614, 22.926389921530046], [99.51529992700006, 22.90880951000007], [99.48450077400008, 22.910256450000063], [99.46591369733096, 22.919277166565514], [99.42993046000004, 22.936740622000045], [99.41347472868402, 22.93077541806699], [99.41339400300006, 22.930746155000023], [99.41289947171977, 22.928126317730534], [99.41122359200006, 22.919248149000097], [99.41534017331021, 22.886727159691606], [99.41690800000009, 22.874341330000092], [99.41442753200005, 22.856900533000058], [99.40676584330869, 22.845718116510408], [99.40357548100008, 22.841061707000065], [99.37894952790884, 22.813318870923922], [99.37887414600004, 22.813233948000075], [99.3590303960001, 22.77489003500007], [99.35534527603703, 22.7719214663121], [99.3506588140001, 22.76814626100004], [99.33846317600006, 22.764916484000068], [99.32886269203405, 22.761151156793915], [99.32719771300003, 22.76049814900007], [99.32713257011171, 22.760457516939738], [99.3256430896669, 22.759528472175848], [99.31696578000003, 22.754116109000037], [99.30797408000012, 22.745176087000104], [99.30787072800007, 22.719596252000045], [99.35499963400008, 22.60854360000006], [99.35737675000013, 22.587097881000048], [99.34721236690484, 22.553911168020853], [99.34704146400003, 22.55335317000008], [99.34414758300005, 22.533251038000017], [99.34662805200003, 22.523070781000044], [99.34919414551898, 22.51860741591547], [99.35634322100003, 22.50617258700005], [99.35779016200013, 22.495475566000053], [99.35344934100004, 22.484106751000056], [99.34798488277545, 22.47675334372948], [99.3450777590001, 22.472841287999998], [99.32999172813847, 22.458093004415918], [99.28275598100004, 22.411914775000056], [99.26645026203104, 22.40420777479232], [99.24306848200007, 22.39315623000006], [99.24049114018422, 22.387251774640678], [99.23738407400003, 22.38013376900001], [99.23746767089078, 22.379946350178205], [99.19800000000001, 22.36285273443856], [99.093, 22.415093725572703], [99.021, 22.477479778479914], [98.981, 22.585087364571482], [98.961, 22.67738740753657], [98.9385, 22.74011598437322], [98.8685, 22.809729445301322], [98.816, 22.847517891528287], [98.781, 22.882531955941683], [98.7235, 22.919839637813332], [98.6555, 22.90970770239279]]], [[[98.6555, 22.90970770239279], [98.63275338041798, 22.919728018942383], [98.63277326105863, 22.91977414089714], [98.6555, 22.90970770239279]]]]}}, {"type": "Feature", "properties": {"name": "Wanyin", "division": "Federated Shan States"}, "geometry": {"type": "Polygon", "coordinates": [[[97.2025, 20.356005149907528], [97.1825, 20.398189104928882], [97.175, 20.445515126658595], [97.186, 20.505471724416072], [97.266, 20.51811582550186], [97.34100000000001, 20.54199627820127], [97.40350000000001, 20.54901923123268], [97.4085, 20.52701290036483], [97.4235, 20.505471724416072], [97.4235, 20.446920627420134], [97.391, 20.368192810612673], [97.35, 20.367255332413677], [97.3085, 20.358349005534794], [97.27850000000001, 20.353192476195964], [97.251, 20.353192476195964], [97.2025, 20.356005149907528]]]}}, {"type": "Feature", "properties": {"name": "Yamethin", "division": "Mandalay Division"}, "geometry": {"type": "Polygon", "coordinates": [[[95.9005, 19.84279034212899], [95.871, 19.922723528259368], [95.846, 20.007784455737692], [95.8535, 20.06791030764908], [95.896, 20.117684590289304], [95.913, 20.14256579598421], [95.876, 20.18293063993526], [95.871, 20.232668276487708], [95.8285, 20.330220390794217], [95.851, 20.39022190842218], [95.791, 20.42255679526548], [95.736, 20.47268586258427], [95.7235, 20.512496353898378], [95.6635, 20.557446348930544], [95.6185, 20.574767297655605], [95.646, 20.67490932184768], [95.6235, 20.724955597755336], [95.621, 20.75862229218621], [95.806, 20.705780939558704], [95.881, 20.73337297362539], [95.9185, 20.75862229218621], [96.0085, 20.75114145203921], [96.0585, 20.785737233578235], [96.1185, 20.800695116959496], [96.166, 20.863315133321517], [96.203, 20.753479254346423], [96.3655, 20.753479254346423], [96.453, 20.740854692566085], [96.493, 20.669763441620518], [96.543, 20.629993944971407], [96.5655, 20.562596025382028], [96.583, 20.327407247763553], [96.6055, 20.170259080996985], [96.5755, 20.125196314977476], [96.5455, 20.06791030764908], [96.4755, 20.045365810201922], [96.413, 20.06039583503085], [96.363, 20.09796459686718], [96.338, 20.06509242260032], [96.38550000000001, 20.017650430889905], [96.4305, 19.96784442981286], [96.4805, 19.835265143613384], [96.52799999999999, 19.820213677092553], [96.6155, 19.75811132249367], [96.6455, 19.718108363394563], [96.6405, 19.665383296242076], [96.6255, 19.615466809571185], [96.5755, 19.582965669681446], [96.533, 19.553284986461197], [96.5605, 19.538206991740726], [96.613, 19.510403247859113], [96.6705, 19.48070922586886], [96.6805, 19.438279751190237], [96.618, 19.455724323435657], [96.5405, 19.46562446242467], [96.398, 19.473167019682812], [96.298, 19.46798154927376], [96.173, 19.458081554208796], [96.033, 19.458081554208796], [95.973, 19.42083330436205], [95.90299999999999, 19.435450724958926], [95.831, 19.42790641405643], [95.811, 19.510403247859113], [95.8135, 19.567890450079155], [95.831, 19.660674856920934], [95.9005, 19.84279034212899]]]}}, {"type": "Feature", "properties": {"name": "Yanghwe", "division": "Federated Shan States"}, "geometry": {"type": "Polygon", "coordinates": [[[96.83401774195622, 20.507206154503564], [96.83406437165559, 20.507210522081927], [96.8325, 20.51952066117688], [96.825, 20.584597232203674], [96.8375, 20.62297471896881], [96.85, 20.65058180673858], [96.85249999999999, 20.68707161813394], [96.82900000000001, 20.71419938100974], [96.765, 20.755349470167747], [96.768, 20.82453117748749], [96.86472141290557, 21.007089707491932], [96.8785, 21.003414574925582], [96.916, 21.00061387144263], [96.9585, 21.018350772342878], [97.0185, 21.03328547384494], [97.026, 21.048218678566982], [97.136, 21.050551856541496], [97.18, 20.956729325885636], [97.1735, 20.899286485309425], [97.1675, 20.85911012740088], [97.181, 20.8165862428131], [97.191, 20.77685528887836], [97.201, 20.74319265387292], [97.2085, 20.68800713901616], [97.2175, 20.62952600664152], [97.1985, 20.570554274744275], [97.186, 20.505471724416072], [97.175, 20.445515126658595], [97.1825, 20.398189104928882], [97.2025, 20.356005149907528], [97.251, 20.353192476195964], [97.235, 20.322249685981674], [97.2325, 20.2509639712946], [97.1885, 20.188562113300485], [97.09100000000001, 20.214839630626656], [97.081, 20.37100521103981], [96.9815, 20.413185063056726], [96.8675, 20.409436210415244], [96.8425, 20.440830031293554], [96.83401774195622, 20.507206154503564]]]}}]}