classification_path,name,is_group,table_column,printed_page,scan_leaf,unit_code,unit,persons,males,females
A. Vernaculars of India,A. Vernaculars of India,1,5,472,477,INDIA,India,349887527,180214643,169672884
A. Vernaculars of India,A. Vernaculars of India,1,5,472,477,PROV,Provinces,270847508,139521746,131325762
A. Vernaculars of India,A. Vernaculars of India,1,5,472,477,STATES,States and Agencies,79040019,40692897,38347122
A. Vernaculars of India,A. Vernaculars of India,1,5,472,477,1,Ajmer-Merwara,557076,293970,263106
A. Vernaculars of India,A. Vernaculars of India,1,5,472,477,2,Andaman and Nicobar Islands,28833,19158,9675
A. Vernaculars of India,A. Vernaculars of India,1,5,472,477,3,Assam,8617689,4533967,4083722
A. Vernaculars of India,A. Vernaculars of India,1,5,472,477,4,Baluchistan (Districts and Administered Territories),453046,262532,190514
A. Vernaculars of India,A. Vernaculars of India,1,5,472,477,5,Bengal,50054389,26006318,24048071
A. Vernaculars of India,A. Vernaculars of India,1,5,472,477,6,Bihar and Orissa,37663896,18786523,18877373
A. Vernaculars of India,A. Vernaculars of India,1,5,472,477,7,Bombay (including Aden),21719578,11420307,10299271
A. Vernaculars of India,A. Vernaculars of India,1,5,472,477,7a,Aden,8602,5454,3148
A. Vernaculars of India,A. Vernaculars of India,1,5,472,477,8,Burma,14438457,7344350,7094107
A. Vernaculars of India,A. Vernaculars of India,1,5,472,477,9,Central Provinces and Berar,15494952,7753857,7741095
A. Vernaculars of India,A. Vernaculars of India,1,5,472,477,10,Coorg,162998,90393,72605
A. Vernaculars of India,A. Vernaculars of India,1,5,472,477,11,Delhi,630883,366055,264828
A. Vernaculars of India,A. Vernaculars of India,1,5,472,477,12,Madras,46691908,23058028,23633880
A. Vernaculars of India,A. Vernaculars of India,1,5,472,477,13,North-West Frontier Province (Districts and Administered Territories),2411053,1305726,1105327
A. Vernaculars of India,A. Vernaculars of India,1,5,472,477,14,Punjab,23550110,12859650,10690460
A. Vernaculars of India,A. Vernaculars of India,1,5,472,477,15,United Provinces of Agra and Oudh,48372640,25420912,22951728
A. Vernaculars of India,A. Vernaculars of India,1,5,472,477,16,Assam States,625258,306713,318545
A. Vernaculars of India,A. Vernaculars of India,1,5,472,477,17,Baluchistan States,404989,218339,186650
A. Vernaculars of India,A. Vernaculars of India,1,5,472,477,18,Baroda State,2442610,1257543,1185067
A. Vernaculars of India,A. Vernaculars of India,1,5,472,477,19,Bengal States,973226,516082,457144
A. Vernaculars of India,A. Vernaculars of India,1,5,472,477,20,Bihar and Orissa States,4651757,2288261,2363496
A. Vernaculars of India,A. Vernaculars of India,1,5,472,477,21,Bombay States,4467547,2288105,2179442
A. Vernaculars of India,A. Vernaculars of India,1,5,472,477,22,Central India Agency,6628790,3402777,3226013
A. Vernaculars of India,A. Vernaculars of India,1,5,472,477,23,Central Provinces States,2482798,1235162,1247636
A. Vernaculars of India,A. Vernaculars of India,1,5,472,477,24,Gwalior State,3522381,1866526,1655855
A. Vernaculars of India,A. Vernaculars of India,1,5,472,477,25,Hyderabad State,14418592,7357573,7061019
A. Vernaculars of India,A. Vernaculars of India,1,5,472,477,26,Jammu and Kashmir State,3645508,1937905,1707603
A. Vernaculars of India,A. Vernaculars of India,1,5,472,477,27,Madras States Agency,6748157,3369574,3378583
A. Vernaculars of India,A. Vernaculars of India,1,5,472,477,27a,Cochin State,1203731,589200,614531
A. Vernaculars of India,A. Vernaculars of India,1,5,472,477,27b,Travancore State,5091006,2562273,2528733
A. Vernaculars of India,A. Vernaculars of India,1,5,472,477,27c,Other Madras States,453420,218101,235319
A. Vernaculars of India,A. Vernaculars of India,1,5,472,477,28,Mysore State,6541837,3345943,3195894
A. Vernaculars of India,A. Vernaculars of India,1,5,472,477,29,North-West Frontier Province (Agencies and Tribal Areas),42287,40624,1663
A. Vernaculars of India,A. Vernaculars of India,1,5,472,477,30,Punjab States,437696,229260,208436
A. Vernaculars of India,A. Vernaculars of India,1,5,472,477,31,Punjab States Agency,4471571,2450956,2020615
A. Vernaculars of India,A. Vernaculars of India,1,5,472,477,32,Rajputana Agency,11223676,5883892,5339784
A. Vernaculars of India,A. Vernaculars of India,1,5,472,477,33,Sikkim State,109769,55804,53965
A. Vernaculars of India,A. Vernaculars of India,1,5,472,477,34,United Provinces States,1206007,618130,587877
A. Vernaculars of India,A. Vernaculars of India,1,5,472,477,35,Western India States Agency,3995563,2023728,1971835
A. Vernaculars of India > Austric Family,Austric Family,1,8,472,477,INDIA,India,5342708,2675837,2666871
A. Vernaculars of India > Austric Family,Austric Family,1,8,472,477,PROV,Provinces,4420341,2222025,2198316
A. Vernaculars of India > Austric Family,Austric Family,1,8,472,477,STATES,States and Agencies,922367,453812,468555
A. Vernaculars of India > Austric Family,Austric Family,1,8,472,477,1,Ajmer-Merwara,7,3,4
A. Vernaculars of India > Austric Family,Austric Family,1,8,472,477,2,Andaman and Nicobar Islands,9958,5178,4780
A. Vernaculars of India > Austric Family,Austric Family,1,8,472,477,3,Assam,401622,208503,193119
A. Vernaculars of India > Austric Family,Austric Family,1,8,472,477,5,Bengal,893484,452325,441159
A. Vernaculars of India > Austric Family,Austric Family,1,8,472,477,6,Bihar and Orissa,2240860,1117138,1123722
A. Vernaculars of India > Austric Family,Austric Family,1,8,472,477,8,Burma,487686,245674,242012
A. Vernaculars of India > Austric Family,Austric Family,1,8,472,477,9,Central Provinces and Berar,155557,77870,77687
A. Vernaculars of India > Austric Family,Austric Family,1,8,472,477,12,Madras,231143,115323,115820
A. Vernaculars of India > Austric Family,Austric Family,1,8,472,477,13,North-West Frontier Province (Districts and Administered Territories),2,2,
A. Vernaculars of India > Austric Family,Austric Family,1,8,472,477,14,Punjab,1,,1
A. Vernaculars of India > Austric Family,Austric Family,1,8,472,477,15,United Provinces of Agra and Oudh,21,9,12
A. Vernaculars of India > Austric Family,Austric Family,1,8,472,477,16,Assam States,153629,74446,79183
A. Vernaculars of India > Austric Family,Austric Family,1,8,472,477,19,Bengal States,2832,1618,1214
A. Vernaculars of India > Austric Family,Austric Family,1,8,472,477,20,Bihar and Orissa States,733657,361586,372071
A. Vernaculars of India > Austric Family,Austric Family,1,8,472,477,22,Central India Agency,4157,2067,2090
A. Vernaculars of India > Austric Family,Austric Family,1,8,472,477,23,Central Provinces States,28091,14094,13997
A. Vernaculars of India > Austric Family,Austric Family,1,8,472,477,27,Madras States Agency,1,1,
A. Vernaculars of India > Austric Family,Austric Family,1,8,472,477,27c,Other Madras States,1,1,
A. Vernaculars of India > Austric Family > Austronesian Sub-Family,Austronesian Sub-Family,1,,,,INDIA,India,6542,3307,3235
A. Vernaculars of India > Austric Family > Austronesian Sub-Family,Austronesian Sub-Family,1,,,,PROV,Provinces,6541,3306,3235
A. Vernaculars of India > Austric Family > Austronesian Sub-Family,Austronesian Sub-Family,1,,,,STATES,States and Agencies,1,1,0
A. Vernaculars of India > Austric Family > Austronesian Sub-Family,Austronesian Sub-Family,1,,,,3,Assam,11,4,7
A. Vernaculars of India > Austric Family > Austronesian Sub-Family,Austronesian Sub-Family,1,,,,8,Burma,6368,3232,3136
A. Vernaculars of India > Austric Family > Austronesian Sub-Family,Austronesian Sub-Family,1,,,,12,Madras,141,61,80
A. Vernaculars of India > Austric Family > Austronesian Sub-Family,Austronesian Sub-Family,1,,,,15,United Provinces of Agra and Oudh,21,9,12
A. Vernaculars of India > Austric Family > Austronesian Sub-Family,Austronesian Sub-Family,1,,,,27,Madras States Agency,1,1,0
A. Vernaculars of India > Austric Family > Austronesian Sub-Family,Austronesian Sub-Family,1,,,,27c,Other Madras States,1,1,0
A. Vernaculars of India > Austric Family > Austronesian Sub-Family > Indonesian Branch,Indonesian Branch,1,,,,INDIA,India,6542,3307,3235
A. Vernaculars of India > Austric Family > Austronesian Sub-Family > Indonesian Branch,Indonesian Branch,1,,,,PROV,Provinces,6541,3306,3235
A. Vernaculars of India > Austric Family > Austronesian Sub-Family > Indonesian Branch,Indonesian Branch,1,,,,STATES,States and Agencies,1,1,0
A. Vernaculars of India > Austric Family > Austronesian Sub-Family > Indonesian Branch,Indonesian Branch,1,,,,3,Assam,11,4,7
A. Vernaculars of India > Austric Family > Austronesian Sub-Family > Indonesian Branch,Indonesian Branch,1,,,,8,Burma,6368,3232,3136
A. Vernaculars of India > Austric Family > Austronesian Sub-Family > Indonesian Branch,Indonesian Branch,1,,,,12,Madras,141,61,80
A. Vernaculars of India > Austric Family > Austronesian Sub-Family > Indonesian Branch,Indonesian Branch,1,,,,15,United Provinces of Agra and Oudh,21,9,12
A. Vernaculars of India > Austric Family > Austronesian Sub-Family > Indonesian Branch,Indonesian Branch,1,,,,27,Madras States Agency,1,1,0
A. Vernaculars of India > Austric Family > Austronesian Sub-Family > Indonesian Branch,Indonesian Branch,1,,,,27c,Other Madras States,1,1,0
A. Vernaculars of India > Austric Family > Austronesian Sub-Family > Indonesian Branch > Malay Group,Malay Group,1,11,472,477,INDIA,India,6542,3307,3235
A. Vernaculars of India > Austric Family > Austronesian Sub-Family > Indonesian Branch > Malay Group,Malay Group,1,11,472,477,PROV,Provinces,6541,3306,3235
A. Vernaculars of India > Austric Family > Austronesian Sub-Family > Indonesian Branch > Malay Group,Malay Group,1,11,472,477,STATES,States and Agencies,1,1,
A. Vernaculars of India > Austric Family > Austronesian Sub-Family > Indonesian Branch > Malay Group,Malay Group,1,11,472,477,3,Assam,11,4,7
A. Vernaculars of India > Austric Family > Austronesian Sub-Family > Indonesian Branch > Malay Group,Malay Group,1,11,472,477,8,Burma,6368,3232,3136
A. Vernaculars of India > Austric Family > Austronesian Sub-Family > Indonesian Branch > Malay Group,Malay Group,1,11,472,477,12,Madras,141,61,80
A. Vernaculars of India > Austric Family > Austronesian Sub-Family > Indonesian Branch > Malay Group,Malay Group,1,11,472,477,15,United Provinces of Agra and Oudh,21,9,12
A. Vernaculars of India > Austric Family > Austronesian Sub-Family > Indonesian Branch > Malay Group,Malay Group,1,11,472,477,27,Madras States Agency,1,1,
A. Vernaculars of India > Austric Family > Austronesian Sub-Family > Indonesian Branch > Malay Group,Malay Group,1,11,472,477,27c,Other Madras States,1,1,
A. Vernaculars of India > Austric Family > Austronesian Sub-Family > Indonesian Branch > Malay Group > Malay,Malay,0,14,473,478,INDIA,India,4634,2397,2237
A. Vernaculars of India > Austric Family > Austronesian Sub-Family > Indonesian Branch > Malay Group > Malay,Malay,0,14,473,478,PROV,Provinces,4633,2396,2237
A. Vernaculars of India > Austric Family > Austronesian Sub-Family > Indonesian Branch > Malay Group > Malay,Malay,0,14,473,478,STATES,States and Agencies,1,1,
A. Vernaculars of India > Austric Family > Austronesian Sub-Family > Indonesian Branch > Malay Group > Malay,Malay,0,14,473,478,3,Assam,11,4,7
A. Vernaculars of India > Austric Family > Austronesian Sub-Family > Indonesian Branch > Malay Group > Malay,Malay,0,14,473,478,8,Burma,4460,2322,2138
A. Vernaculars of India > Austric Family > Austronesian Sub-Family > Indonesian Branch > Malay Group > Malay,Malay,0,14,473,478,12,Madras,141,61,80
A. Vernaculars of India > Austric Family > Austronesian Sub-Family > Indonesian Branch > Malay Group > Malay,Malay,0,14,473,478,15,United Provinces of Agra and Oudh,21,9,12
A. Vernaculars of India > Austric Family > Austronesian Sub-Family > Indonesian Branch > Malay Group > Malay,Malay,0,14,473,478,27,Madras States Agency,1,1,
A. Vernaculars of India > Austric Family > Austronesian Sub-Family > Indonesian Branch > Malay Group > Malay,Malay,0,14,473,478,27c,Other Madras States,1,1,
A. Vernaculars of India > Austric Family > Austronesian Sub-Family > Indonesian Branch > Malay Group > Salon,Salon,0,17,473,478,INDIA,India,1908,910,998
A. Vernaculars of India > Austric Family > Austronesian Sub-Family > Indonesian Branch > Malay Group > Salon,Salon,0,17,473,478,PROV,Provinces,1908,910,998
A. Vernaculars of India > Austric Family > Austronesian Sub-Family > Indonesian Branch > Malay Group > Salon,Salon,0,17,473,478,8,Burma,1908,910,998
A. Vernaculars of India > Austric Family > Austroasiatic Sub-Family,Austroasiatic Sub-Family,1,20,473,478,INDIA,India,5336166,2672530,2663636
A. Vernaculars of India > Austric Family > Austroasiatic Sub-Family,Austroasiatic Sub-Family,1,20,473,478,PROV,Provinces,4413800,2218719,2195081
A. Vernaculars of India > Austric Family > Austroasiatic Sub-Family,Austroasiatic Sub-Family,1,20,473,478,STATES,States and Agencies,922366,453811,468555
A. Vernaculars of India > Austric Family > Austroasiatic Sub-Family,Austroasiatic Sub-Family,1,20,473,478,1,Ajmer-Merwara,7,3,4
A. Vernaculars of India > Austric Family > Austroasiatic Sub-Family,Austroasiatic Sub-Family,1,20,473,478,2,Andaman and Nicobar Islands,9958,5178,4780
A. Vernaculars of India > Austric Family > Austroasiatic Sub-Family,Austroasiatic Sub-Family,1,20,473,478,3,Assam,401611,208499,193112
A. Vernaculars of India > Austric Family > Austroasiatic Sub-Family,Austroasiatic Sub-Family,1,20,473,478,5,Bengal,893484,452325,441159
A. Vernaculars of India > Austric Family > Austroasiatic Sub-Family,Austroasiatic Sub-Family,1,20,473,478,6,Bihar and Orissa,2240860,1117138,1123722
A. Vernaculars of India > Austric Family > Austroasiatic Sub-Family,Austroasiatic Sub-Family,1,20,473,478,8,Burma,481318,242442,238876
A. Vernaculars of India > Austric Family > Austroasiatic Sub-Family,Austroasiatic Sub-Family,1,20,473,478,9,Central Provinces and Berar,155557,77870,77687
A. Vernaculars of India > Austric Family > Austroasiatic Sub-Family,Austroasiatic Sub-Family,1,20,473,478,12,Madras,231002,115262,115740
A. Vernaculars of India > Austric Family > Austroasiatic Sub-Family,Austroasiatic Sub-Family,1,20,473,478,13,North-West Frontier Province (Districts and Administered Territories),2,2,
A. Vernaculars of India > Austric Family > Austroasiatic Sub-Family,Austroasiatic Sub-Family,1,20,473,478,14,Punjab,1,,1
A. Vernaculars of India > Austric Family > Austroasiatic Sub-Family,Austroasiatic Sub-Family,1,20,473,478,16,Assam States,153629,74446,79183
A. Vernaculars of India > Austric Family > Austroasiatic Sub-Family,Austroasiatic Sub-Family,1,20,473,478,19,Bengal States,2832,1618,1214
A. Vernaculars of India > Austric Family > Austroasiatic Sub-Family,Austroasiatic Sub-Family,1,20,473,478,20,Bihar and Orissa States,733657,361586,372071
A. Vernaculars of India > Austric Family > Austroasiatic Sub-Family,Austroasiatic Sub-Family,1,20,473,478,22,Central India Agency,4157,2067,2090
A. Vernaculars of India > Austric Family > Austroasiatic Sub-Family,Austroasiatic Sub-Family,1,20,473,478,23,Central Provinces States,28091,14094,13997
A. Vernaculars of India > Austric Family > Austroasiatic Sub-Family > Mon-Khmer Branch,Mon-Khmer Branch,1,23,473,478,INDIA,India,726578,362253,364325
A. Vernaculars of India > Austric Family > Austroasiatic Sub-Family > Mon-Khmer Branch,Mon-Khmer Branch,1,23,473,478,PROV,Provinces,572829,287746,285083
A. Vernaculars of India > Austric Family > Austroasiatic Sub-Family > Mon-Khmer Branch,Mon-Khmer Branch,1,23,473,478,STATES,States and Agencies,153749,74507,79242
A. Vernaculars of India > Austric Family > Austroasiatic Sub-Family > Mon-Khmer Branch,Mon-Khmer Branch,1,23,473,478,2,Andaman and Nicobar Islands,9885,5108,4777
A. Vernaculars of India > Austric Family > Austroasiatic Sub-Family > Mon-Khmer Branch,Mon-Khmer Branch,1,23,473,478,3,Assam,80278,39278,41000
A. Vernaculars of India > Austric Family > Austroasiatic Sub-Family > Mon-Khmer Branch,Mon-Khmer Branch,1,23,473,478,5,Bengal,1336,914,422
A. Vernaculars of India > Austric Family > Austroasiatic Sub-Family > Mon-Khmer Branch,Mon-Khmer Branch,1,23,473,478,6,Bihar and Orissa,10,3,7
A. Vernaculars of India > Austric Family > Austroasiatic Sub-Family > Mon-Khmer Branch,Mon-Khmer Branch,1,23,473,478,8,Burma,481318,242442,238876
A. Vernaculars of India > Austric Family > Austroasiatic Sub-Family > Mon-Khmer Branch,Mon-Khmer Branch,1,23,473,478,13,North-West Frontier Province (Districts and Administered Territories),1,1,
A. Vernaculars of India > Austric Family > Austroasiatic Sub-Family > Mon-Khmer Branch,Mon-Khmer Branch,1,23,473,478,14,Punjab,1,,1
A. Vernaculars of India > Austric Family > Austroasiatic Sub-Family > Mon-Khmer Branch,Mon-Khmer Branch,1,23,473,478,16,Assam States,153626,74444,79182
A. Vernaculars of India > Austric Family > Austroasiatic Sub-Family > Mon-Khmer Branch,Mon-Khmer Branch,1,23,473,478,19,Bengal States,121,61,60
A. Vernaculars of India > Austric Family > Austroasiatic Sub-Family > Mon-Khmer Branch,Mon-Khmer Branch,1,23,473,478,20,Bihar and Orissa States,2,2,
A. Vernaculars of India > Austric Family > Austroasiatic Sub-Family > Mon-Khmer Branch > Mon Group,Mon Group,1,,,,INDIA,India,305294,154058,151236
A. Vernaculars of India > Austric Family > Austroasiatic Sub-Family > Mon-Khmer Branch > Mon Group,Mon Group,1,,,,PROV,Provinces,305294,154058,151236
A. Vernaculars of India > Austric Family > Austroasiatic Sub-Family > Mon-Khmer Branch > Mon Group,Mon Group,1,,,,8,Burma,305294,154058,151236
A. Vernaculars of India > Austric Family > Austroasiatic Sub-Family > Mon-Khmer Branch > Mon Group > Talaing,Talaing,0,26,473,478,INDIA,India,305294,154058,151236
A. Vernaculars of India > Austric Family > Austroasiatic Sub-Family > Mon-Khmer Branch > Mon Group > Talaing,Talaing,0,26,473,478,PROV,Provinces,305294,154058,151236
A. Vernaculars of India > Austric Family > Austroasiatic Sub-Family > Mon-Khmer Branch > Mon Group > Talaing,Talaing,0,26,473,478,8,Burma,305294,154058,151236
A. Vernaculars of India > Austric Family > Austroasiatic Sub-Family > Mon-Khmer Branch > Palaung-Wa Group,Palaung-Wa Group,1,29,474,479,INDIA,India,177012,88963,88049
A. Vernaculars of India > Austric Family > Austroasiatic Sub-Family > Mon-Khmer Branch > Palaung-Wa Group,Palaung-Wa Group,1,29,474,479,PROV,Provinces,176914,88917,87997
A. Vernaculars of India > Austric Family > Austroasiatic Sub-Family > Mon-Khmer Branch > Palaung-Wa Group,Palaung-Wa Group,1,29,474,479,STATES,States and Agencies,98,46,52
A. Vernaculars of India > Austric Family > Austroasiatic Sub-Family > Mon-Khmer Branch > Palaung-Wa Group,Palaung-Wa Group,1,29,474,479,3,Assam,32,32,
A. Vernaculars of India > Austric Family > Austroasiatic Sub-Family > Mon-Khmer Branch > Palaung-Wa Group,Palaung-Wa Group,1,29,474,479,5,Bengal,858,501,357
A. Vernaculars of India > Austric Family > Austroasiatic Sub-Family > Mon-Khmer Branch > Palaung-Wa Group,Palaung-Wa Group,1,29,474,479,8,Burma,176024,88384,87640
A. Vernaculars of India > Austric Family > Austroasiatic Sub-Family > Mon-Khmer Branch > Palaung-Wa Group,Palaung-Wa Group,1,29,474,479,19,Bengal States,98,46,52
A. Vernaculars of India > Austric Family > Austroasiatic Sub-Family > Mon-Khmer Branch > Palaung-Wa Group > Wa,Wa,0,32,474,479,INDIA,India,22142,11401,10741
A. Vernaculars of India > Austric Family > Austroasiatic Sub-Family > Mon-Khmer Branch > Palaung-Wa Group > Wa,Wa,0,32,474,479,PROV,Provinces,22142,11401,10741
A. Vernaculars of India > Austric Family > Austroasiatic Sub-Family > Mon-Khmer Branch > Palaung-Wa Group > Wa,Wa,0,32,474,479,8,Burma,22142,11401,10741
A. Vernaculars of India > Austric Family > Austroasiatic Sub-Family > Mon-Khmer Branch > Palaung-Wa Group > Danaw,Danaw,0,35,474,479,INDIA,India,1159,582,577
A. Vernaculars of India > Austric Family > Austroasiatic Sub-Family > Mon-Khmer Branch > Palaung-Wa Group > Danaw,Danaw,0,35,474,479,PROV,Provinces,1159,582,577
A. Vernaculars of India > Austric Family > Austroasiatic Sub-Family > Mon-Khmer Branch > Palaung-Wa Group > Danaw,Danaw,0,35,474,479,8,Burma,1159,582,577
A. Vernaculars of India > Austric Family > Austroasiatic Sub-Family > Mon-Khmer Branch > Palaung-Wa Group > Khamuk,Khamuk,0,38,474,479,INDIA,India,191,190,1
A. Vernaculars of India > Austric Family > Austroasiatic Sub-Family > Mon-Khmer Branch > Palaung-Wa Group > Khamuk,Khamuk,0,38,474,479,PROV,Provinces,191,190,1
A. Vernaculars of India > Austric Family > Austroasiatic Sub-Family > Mon-Khmer Branch > Palaung-Wa Group > Khamuk,Khamuk,0,38,474,479,8,Burma,191,190,1
A. Vernaculars of India > Austric Family > Austroasiatic Sub-Family > Mon-Khmer Branch > Palaung-Wa Group > Yang (unspecified),Yang (unspecified),0,41,474,479,INDIA,India,3151,1410,1741
A. Vernaculars of India > Austric Family > Austroasiatic Sub-Family > Mon-Khmer Branch > Palaung-Wa Group > Yang (unspecified),Yang (unspecified),0,41,474,479,PROV,Provinces,3151,1410,1741
A. Vernaculars of India > Austric Family > Austroasiatic Sub-Family > Mon-Khmer Branch > Palaung-Wa Group > Yang (unspecified),Yang (unspecified),0,41,474,479,8,Burma,3151,1410,1741
A. Vernaculars of India > Austric Family > Austroasiatic Sub-Family > Mon-Khmer Branch > Palaung-Wa Group > Yanglam,Yanglam,0,44,474,479,INDIA,India,10725,5485,5240
A. Vernaculars of India > Austric Family > Austroasiatic Sub-Family > Mon-Khmer Branch > Palaung-Wa Group > Yanglam,Yanglam,0,44,474,479,PROV,Provinces,10725,5485,5240
A. Vernaculars of India > Austric Family > Austroasiatic Sub-Family > Mon-Khmer Branch > Palaung-Wa Group > Yanglam,Yanglam,0,44,474,479,8,Burma,10725,5485,5240
A. Vernaculars of India > Austric Family > Austroasiatic Sub-Family > Mon-Khmer Branch > Palaung-Wa Group > Palaung and Pale,Palaung and Pale,0,47,474,479,INDIA,India,139644,69895,69749
A. Vernaculars of India > Austric Family > Austroasiatic Sub-Family > Mon-Khmer Branch > Palaung-Wa Group > Palaung and Pale,Palaung and Pale,0,47,474,479,PROV,Provinces,139546,69849,69697
A. Vernaculars of India > Austric Family > Austroasiatic Sub-Family > Mon-Khmer Branch > Palaung-Wa Group > Palaung and Pale,Palaung and Pale,0,47,474,479,STATES,States and Agencies,98,46,52
A. Vernaculars of India > Austric Family > Austroasiatic Sub-Family > Mon-Khmer Branch > Palaung-Wa Group > Palaung and Pale,Palaung and Pale,0,47,474,479,3,Assam,32,32,
A. Vernaculars of India > Austric Family > Austroasiatic Sub-Family > Mon-Khmer Branch > Palaung-Wa Group > Palaung and Pale,Palaung and Pale,0,47,474,479,5,Bengal,858,501,357
A. Vernaculars of India > Austric Family > Austroasiatic Sub-Family > Mon-Khmer Branch > Palaung-Wa Group > Palaung and Pale,Palaung and Pale,0,47,474,479,8,Burma,138656,69316,69340
A. Vernaculars of India > Austric Family > Austroasiatic Sub-Family > Mon-Khmer Branch > Palaung-Wa Group > Palaung and Pale,Palaung and Pale,0,47,474,479,19,Bengal States,98,46,52
A. Vernaculars of India > Austric Family > Austroasiatic Sub-Family > Mon-Khmer Branch > Khasi Group,Khasi Group,1,,,,INDIA,India,234387,114124,120263
A. Vernaculars of India > Austric Family > Austroasiatic Sub-Family > Mon-Khmer Branch > Khasi Group,Khasi Group,1,,,,PROV,Provinces,80736,39663,41073
A. Vernaculars of India > Austric Family > Austroasiatic Sub-Family > Mon-Khmer Branch > Khasi Group,Khasi Group,1,,,,STATES,States and Agencies,153651,74461,79190
A. Vernaculars of India > Austric Family > Austroasiatic Sub-Family > Mon-Khmer Branch > Khasi Group,Khasi Group,1,,,,3,Assam,80246,39246,41000
A. Vernaculars of India > Austric Family > Austroasiatic Sub-Family > Mon-Khmer Branch > Khasi Group,Khasi Group,1,,,,5,Bengal,478,413,65
A. Vernaculars of India > Austric Family > Austroasiatic Sub-Family > Mon-Khmer Branch > Khasi Group,Khasi Group,1,,,,6,Bihar and Orissa,10,3,7
A. Vernaculars of India > Austric Family > Austroasiatic Sub-Family > Mon-Khmer Branch > Khasi Group,Khasi Group,1,,,,13,North-West Frontier Province (Districts and Administered Territories),1,1,0
A. Vernaculars of India > Austric Family > Austroasiatic Sub-Family > Mon-Khmer Branch > Khasi Group,Khasi Group,1,,,,14,Punjab,1,0,1
A. Vernaculars of India > Austric Family > Austroasiatic Sub-Family > Mon-Khmer Branch > Khasi Group,Khasi Group,1,,,,16,Assam States,153626,74444,79182
A. Vernaculars of India > Austric Family > Austroasiatic Sub-Family > Mon-Khmer Branch > Khasi Group,Khasi Group,1,,,,19,Bengal States,23,15,8
A. Vernaculars of India > Austric Family > Austroasiatic Sub-Family > Mon-Khmer Branch > Khasi Group,Khasi Group,1,,,,20,Bihar and Orissa States,2,2,0
A. Vernaculars of India > Austric Family > Austroasiatic Sub-Family > Mon-Khmer Branch > Khasi Group > Khasi,Khasi,0,50,474,479,INDIA,India,234387,114124,120263
A. Vernaculars of India > Austric Family > Austroasiatic Sub-Family > Mon-Khmer Branch > Khasi Group > Khasi,Khasi,0,50,474,479,PROV,Provinces,80736,39663,41073
A. Vernaculars of India > Austric Family > Austroasiatic Sub-Family > Mon-Khmer Branch > Khasi Group > Khasi,Khasi,0,50,474,479,STATES,States and Agencies,153651,74461,79190
A. Vernaculars of India > Austric Family > Austroasiatic Sub-Family > Mon-Khmer Branch > Khasi Group > Khasi,Khasi,0,50,474,479,3,Assam,80246,39246,41000
A. Vernaculars of India > Austric Family > Austroasiatic Sub-Family > Mon-Khmer Branch > Khasi Group > Khasi,Khasi,0,50,474,479,5,Bengal,478,413,65
A. Vernaculars of India > Austric Family > Austroasiatic Sub-Family > Mon-Khmer Branch > Khasi Group > Khasi,Khasi,0,50,474,479,6,Bihar and Orissa,10,3,7
A. Vernaculars of India > Austric Family > Austroasiatic Sub-Family > Mon-Khmer Branch > Khasi Group > Khasi,Khasi,0,50,474,479,13,North-West Frontier Province (Districts and Administered Territories),1,1,
A. Vernaculars of India > Austric Family > Austroasiatic Sub-Family > Mon-Khmer Branch > Khasi Group > Khasi,Khasi,0,50,474,479,14,Punjab,1,,1
A. Vernaculars of India > Austric Family > Austroasiatic Sub-Family > Mon-Khmer Branch > Khasi Group > Khasi,Khasi,0,50,474,479,16,Assam States,153626,74444,79182
A. Vernaculars of India > Austric Family > Austroasiatic Sub-Family > Mon-Khmer Branch > Khasi Group > Khasi,Khasi,0,50,474,479,19,Bengal States,23,15,8
A. Vernaculars of India > Austric Family > Austroasiatic Sub-Family > Mon-Khmer Branch > Khasi Group > Khasi,Khasi,0,50,474,479,20,Bihar and Orissa States,2,2,
A. Vernaculars of India > Austric Family > Austroasiatic Sub-Family > Mon-Khmer Branch > Nicobar Group,Nicobar Group,1,,,,INDIA,India,9885,5108,4777
A. Vernaculars of India > Austric Family > Austroasiatic Sub-Family > Mon-Khmer Branch > Nicobar Group,Nicobar Group,1,,,,PROV,Provinces,9885,5108,4777
A. Vernaculars of India > Austric Family > Austroasiatic Sub-Family > Mon-Khmer Branch > Nicobar Group,Nicobar Group,1,,,,2,Andaman and Nicobar Islands,9885,5108,4777
A. Vernaculars of India > Austric Family > Austroasiatic Sub-Family > Mon-Khmer Branch > Nicobar Group > Nicobarese,Nicobarese,0,53,474,479,INDIA,India,9885,5108,4777
A. Vernaculars of India > Austric Family > Austroasiatic Sub-Family > Mon-Khmer Branch > Nicobar Group > Nicobarese,Nicobarese,0,53,474,479,PROV,Provinces,9885,5108,4777
A. Vernaculars of India > Austric Family > Austroasiatic Sub-Family > Mon-Khmer Branch > Nicobar Group > Nicobarese,Nicobarese,0,53,474,479,2,Andaman and Nicobar Islands,9885,5108,4777
A. Vernaculars of India > Austric Family > Austroasiatic Sub-Family > Munda Branch,Munda Branch,1,56,474,479,INDIA,India,4609588,2310277,2299311
A. Vernaculars of India > Austric Family > Austroasiatic Sub-Family > Munda Branch,Munda Branch,1,56,474,479,PROV,Provinces,3840971,1930973,1909998
A. Vernaculars of India > Austric Family > Austroasiatic Sub-Family > Munda Branch,Munda Branch,1,56,474,479,STATES,States and Agencies,768617,379304,389313
A. Vernaculars of India > Austric Family > Austroasiatic Sub-Family > Munda Branch,Munda Branch,1,56,474,479,1,Ajmer-Merwara,7,3,4
A. Vernaculars of India > Austric Family > Austroasiatic Sub-Family > Munda Branch,Munda Branch,1,56,474,479,2,Andaman and Nicobar Islands,73,70,3
A. Vernaculars of India > Austric Family > Austroasiatic Sub-Family > Munda Branch,Munda Branch,1,56,474,479,3,Assam,321333,169221,152112
A. Vernaculars of India > Austric Family > Austroasiatic Sub-Family > Munda Branch,Munda Branch,1,56,474,479,5,Bengal,892148,451411,440737
A. Vernaculars of India > Austric Family > Austroasiatic Sub-Family > Munda Branch,Munda Branch,1,56,474,479,6,Bihar and Orissa,2240850,1117135,1123715
A. Vernaculars of India > Austric Family > Austroasiatic Sub-Family > Munda Branch,Munda Branch,1,56,474,479,9,Central Provinces and Berar,155557,77870,77687
A. Vernaculars of India > Austric Family > Austroasiatic Sub-Family > Munda Branch,Munda Branch,1,56,474,479,12,Madras,231002,115262,115740
A. Vernaculars of India > Austric Family > Austroasiatic Sub-Family > Munda Branch,Munda Branch,1,56,474,479,13,North-West Frontier Province (Districts and Administered Territories),1,1,
A. Vernaculars of India > Austric Family > Austroasiatic Sub-Family > Munda Branch,Munda Branch,1,56,474,479,16,Assam States,3,2,1
A. Vernaculars of India > Austric Family > Austroasiatic Sub-Family > Munda Branch,Munda Branch,1,56,474,479,19,Bengal States,2711,1557,1154
A. Vernaculars of India > Austric Family > Austroasiatic Sub-Family > Munda Branch,Munda Branch,1,56,474,479,20,Bihar and Orissa States,733655,361584,372071
A. Vernaculars of India > Austric Family > Austroasiatic Sub-Family > Munda Branch,Munda Branch,1,56,474,479,22,Central India Agency,4157,2067,2090
A. Vernaculars of India > Austric Family > Austroasiatic Sub-Family > Munda Branch,Munda Branch,1,56,474,479,23,Central Provinces States,28091,14094,13997
"A. Vernaculars of India > Austric Family > Austroasiatic Sub-Family > Munda Branch > Kherwari (Santali, Mundari, Ho, etc.)","Kherwari (Santali, Mundari, Ho, etc.)",0,59,475,480,INDIA,India,4031970,2018143,2013827
"A. Vernaculars of India > Austric Family > Austroasiatic Sub-Family > Munda Branch > Kherwari (Santali, Mundari, Ho, etc.)","Kherwari (Santali, Mundari, Ho, etc.)",0,59,475,480,PROV,Provinces,3337749,1675420,1662329
"A. Vernaculars of India > Austric Family > Austroasiatic Sub-Family > Munda Branch > Kherwari (Santali, Mundari, Ho, etc.)","Kherwari (Santali, Mundari, Ho, etc.)",0,59,475,480,STATES,States and Agencies,694221,342723,351498
"A. Vernaculars of India > Austric Family > Austroasiatic Sub-Family > Munda Branch > Kherwari (Santali, Mundari, Ho, etc.)","Kherwari (Santali, Mundari, Ho, etc.)",0,59,475,480,1,Ajmer-Merwara,7,3,4
"A. Vernaculars of India > Austric Family > Austroasiatic Sub-Family > Munda Branch > Kherwari (Santali, Mundari, Ho, etc.)","Kherwari (Santali, Mundari, Ho, etc.)",0,59,475,480,3,Assam,293893,154519,139374
"A. Vernaculars of India > Austric Family > Austroasiatic Sub-Family > Munda Branch > Kherwari (Santali, Mundari, Ho, etc.)","Kherwari (Santali, Mundari, Ho, etc.)",0,59,475,480,5,Bengal,877206,442332,434874
"A. Vernaculars of India > Austric Family > Austroasiatic Sub-Family > Munda Branch > Kherwari (Santali, Mundari, Ho, etc.)","Kherwari (Santali, Mundari, Ho, etc.)",0,59,475,480,6,Bihar and Orissa,2165105,1077824,1087281
"A. Vernaculars of India > Austric Family > Austroasiatic Sub-Family > Munda Branch > Kherwari (Santali, Mundari, Ho, etc.)","Kherwari (Santali, Mundari, Ho, etc.)",0,59,475,480,9,Central Provinces and Berar,1525,737,788
"A. Vernaculars of India > Austric Family > Austroasiatic Sub-Family > Munda Branch > Kherwari (Santali, Mundari, Ho, etc.)","Kherwari (Santali, Mundari, Ho, etc.)",0,59,475,480,12,Madras,13,5,8
"A. Vernaculars of India > Austric Family > Austroasiatic Sub-Family > Munda Branch > Kherwari (Santali, Mundari, Ho, etc.)","Kherwari (Santali, Mundari, Ho, etc.)",0,59,475,480,16,Assam States,3,2,1
"A. Vernaculars of India > Austric Family > Austroasiatic Sub-Family > Munda Branch > Kherwari (Santali, Mundari, Ho, etc.)","Kherwari (Santali, Mundari, Ho, etc.)",0,59,475,480,19,Bengal States,2623,1509,1114
"A. Vernaculars of India > Austric Family > Austroasiatic Sub-Family > Munda Branch > Kherwari (Santali, Mundari, Ho, etc.)","Kherwari (Santali, Mundari, Ho, etc.)",0,59,475,480,20,Bihar and Orissa States,680840,335860,344980
"A. Vernaculars of India > Austric Family > Austroasiatic Sub-Family > Munda Branch > Kherwari (Santali, Mundari, Ho, etc.)","Kherwari (Santali, Mundari, Ho, etc.)",0,59,475,480,22,Central India Agency,146,86,60
"A. Vernaculars of India > Austric Family > Austroasiatic Sub-Family > Munda Branch > Kherwari (Santali, Mundari, Ho, etc.)","Kherwari (Santali, Mundari, Ho, etc.)",0,59,475,480,23,Central Provinces States,10609,5266,5343
A. Vernaculars of India > Austric Family > Austroasiatic Sub-Family > Munda Branch > Korku,Korku,0,62,475,480,INDIA,India,169728,85213,84515
A. Vernaculars of India > Austric Family > Austroasiatic Sub-Family > Munda Branch > Korku,Korku,0,62,475,480,PROV,Provinces,156580,78520,78060
A. Vernaculars of India > Austric Family > Austroasiatic Sub-Family > Munda Branch > Korku,Korku,0,62,475,480,STATES,States and Agencies,13148,6693,6455
A. Vernaculars of India > Austric Family > Austroasiatic Sub-Family > Munda Branch > Korku,Korku,0,62,475,480,3,Assam,3742,2028,1714
A. Vernaculars of India > Austric Family > Austroasiatic Sub-Family > Munda Branch > Korku,Korku,0,62,475,480,9,Central Provinces and Berar,152838,76492,76346
A. Vernaculars of India > Austric Family > Austroasiatic Sub-Family > Munda Branch > Korku,Korku,0,62,475,480,22,Central India Agency,4011,1981,2030
A. Vernaculars of India > Austric Family > Austroasiatic Sub-Family > Munda Branch > Korku,Korku,0,62,475,480,23,Central Provinces States,9137,4712,4425
A. Vernaculars of India > Austric Family > Austroasiatic Sub-Family > Munda Branch > Kharia,Kharia,0,65,475,480,INDIA,India,152018,78792,73226
A. Vernaculars of India > Austric Family > Austroasiatic Sub-Family > Munda Branch > Kharia,Kharia,0,65,475,480,PROV,Provinces,106063,56314,49749
A. Vernaculars of India > Austric Family > Austroasiatic Sub-Family > Munda Branch > Kharia,Kharia,0,65,475,480,STATES,States and Agencies,45955,22478,23477
A. Vernaculars of India > Austric Family > Austroasiatic Sub-Family > Munda Branch > Kharia,Kharia,0,65,475,480,3,Assam,4358,7433,6925
A. Vernaculars of India > Austric Family > Austroasiatic Sub-Family > Munda Branch > Kharia,Kharia,0,65,475,480,5,Bengal,14815,8970,5845
A. Vernaculars of India > Austric Family > Austroasiatic Sub-Family > Munda Branch > Kharia,Kharia,0,65,475,480,6,Bihar and Orissa,75695,39269,36426
A. Vernaculars of India > Austric Family > Austroasiatic Sub-Family > Munda Branch > Kharia,Kharia,0,65,475,480,9,Central Provinces and Berar,1194,641,553
A. Vernaculars of India > Austric Family > Austroasiatic Sub-Family > Munda Branch > Kharia,Kharia,0,65,475,480,13,North-West Frontier Province (Districts and Administered Territories),1,1,
A. Vernaculars of India > Austric Family > Austroasiatic Sub-Family > Munda Branch > Kharia,Kharia,0,65,475,480,19,Bengal States,88,48,40
A. Vernaculars of India > Austric Family > Austroasiatic Sub-Family > Munda Branch > Kharia,Kharia,0,65,475,480,20,Bihar and Orissa States,37985,18543,19442
A. Vernaculars of India > Austric Family > Austroasiatic Sub-Family > Munda Branch > Kharia,Kharia,0,65,475,480,23,Central Provinces States,7882,3887,3995
A. Vernaculars of India > Austric Family > Austroasiatic Sub-Family > Munda Branch > Juang,Juang,0,68,475,480,INDIA,India,14583,7066,7517
A. Vernaculars of India > Austric Family > Austroasiatic Sub-Family > Munda Branch > Juang,Juang,0,68,475,480,PROV,Provinces,5,4,1
A. Vernaculars of India > Austric Family > Austroasiatic Sub-Family > Munda Branch > Juang,Juang,0,68,475,480,STATES,States and Agencies,14578,7062,7516
A. Vernaculars of India > Austric Family > Austroasiatic Sub-Family > Munda Branch > Juang,Juang,0,68,475,480,6,Bihar and Orissa,5,4,1
A. Vernaculars of India > Austric Family > Austroasiatic Sub-Family > Munda Branch > Juang,Juang,0,68,475,480,20,Bihar and Orissa States,14578,7062,7516
A. Vernaculars of India > Austric Family > Austroasiatic Sub-Family > Munda Branch > Sawara,Sawara,0,71,475,480,INDIA,India,194947,97898,97049
A. Vernaculars of India > Austric Family > Austroasiatic Sub-Family > Munda Branch > Sawara,Sawara,0,71,475,480,PROV,Provinces,194947,97898,97049
A. Vernaculars of India > Austric Family > Austroasiatic Sub-Family > Munda Branch > Sawara,Sawara,0,71,475,480,3,Assam,9340,5241,4099
A. Vernaculars of India > Austric Family > Austroasiatic Sub-Family > Munda Branch > Sawara,Sawara,0,71,475,480,6,Bihar and Orissa,45,38,7
A. Vernaculars of India > Austric Family > Austroasiatic Sub-Family > Munda Branch > Sawara,Sawara,0,71,475,480,12,Madras,185562,92619,92943
A. Vernaculars of India > Austric Family > Austroasiatic Sub-Family > Munda Branch > Gadaba,Gadaba,0,74,475,480,INDIA,India,44371,22128,22243
A. Vernaculars of India > Austric Family > Austroasiatic Sub-Family > Munda Branch > Gadaba,Gadaba,0,74,475,480,PROV,Provinces,43667,21788,21879
A. Vernaculars of India > Austric Family > Austroasiatic Sub-Family > Munda Branch > Gadaba,Gadaba,0,74,475,480,STATES,States and Agencies,704,340,364
A. Vernaculars of India > Austric Family > Austroasiatic Sub-Family > Munda Branch > Gadaba,Gadaba,0,74,475,480,12,Madras,43667,21788,21879
A. Vernaculars of India > Austric Family > Austroasiatic Sub-Family > Munda Branch > Gadaba,Gadaba,0,74,475,480,20,Bihar and Orissa States,252,119,133
A. Vernaculars of India > Austric Family > Austroasiatic Sub-Family > Munda Branch > Gadaba,Gadaba,0,74,475,480,23,Central Provinces States,452,221,231
A. Vernaculars of India > Austric Family > Austroasiatic Sub-Family > Munda Branch > Munda (unspecified),Munda (unspecified),0,77,476,481,INDIA,India,1971,1037,934
A. Vernaculars of India > Austric Family > Austroasiatic Sub-Family > Munda Branch > Munda (unspecified),Munda (unspecified),0,77,476,481,PROV,Provinces,1960,1029,931
A. Vernaculars of India > Austric Family > Austroasiatic Sub-Family > Munda Branch > Munda (unspecified),Munda (unspecified),0,77,476,481,STATES,States and Agencies,11,8,3
A. Vernaculars of India > Austric Family > Austroasiatic Sub-Family > Munda Branch > Munda (unspecified),Munda (unspecified),0,77,476,481,2,Andaman and Nicobar Islands,73,70,3
A. Vernaculars of India > Austric Family > Austroasiatic Sub-Family > Munda Branch > Munda (unspecified),Munda (unspecified),0,77,476,481,5,Bengal,127,109,18
A. Vernaculars of India > Austric Family > Austroasiatic Sub-Family > Munda Branch > Munda (unspecified),Munda (unspecified),0,77,476,481,12,Madras,1760,850,910
A. Vernaculars of India > Austric Family > Austroasiatic Sub-Family > Munda Branch > Munda (unspecified),Munda (unspecified),0,77,476,481,23,Central Provinces States,11,8,3
A. Vernaculars of India > Tibeto-Chinese Family,Tibeto-Chinese Family,1,80,476,481,INDIA,India,14010496,6909046,7101450
A. Vernaculars of India > Tibeto-Chinese Family,Tibeto-Chinese Family,1,80,476,481,PROV,Provinces,13085636,6451779,6633857
A. Vernaculars of India > Tibeto-Chinese Family,Tibeto-Chinese Family,1,80,476,481,STATES,States and Agencies,924860,457267,467593
A. Vernaculars of India > Tibeto-Chinese Family,Tibeto-Chinese Family,1,80,476,481,2,Andaman and Nicobar Islands,2745,2315,430
A. Vernaculars of India > Tibeto-Chinese Family,Tibeto-Chinese Family,1,80,476,481,3,Assam,1179609,594971,584638
A. Vernaculars of India > Tibeto-Chinese Family,Tibeto-Chinese Family,1,80,476,481,4,Baluchistan (Districts and Administered Territories),597,595,2
A. Vernaculars of India > Tibeto-Chinese Family,Tibeto-Chinese Family,1,80,476,481,5,Bengal,338269,171951,166318
A. Vernaculars of India > Tibeto-Chinese Family,Tibeto-Chinese Family,1,80,476,481,6,Bihar and Orissa,42,22,20
A. Vernaculars of India > Tibeto-Chinese Family,Tibeto-Chinese Family,1,80,476,481,7,Bombay (including Aden),18,4,14
A. Vernaculars of India > Tibeto-Chinese Family,Tibeto-Chinese Family,1,80,476,481,7a,Aden,1,1,
A. Vernaculars of India > Tibeto-Chinese Family,Tibeto-Chinese Family,1,80,476,481,8,Burma,11528938,5663675,5865263
A. Vernaculars of India > Tibeto-Chinese Family,Tibeto-Chinese Family,1,80,476,481,11,Delhi,140,91,49
A. Vernaculars of India > Tibeto-Chinese Family,Tibeto-Chinese Family,1,80,476,481,12,Madras,134,112,22
A. Vernaculars of India > Tibeto-Chinese Family,Tibeto-Chinese Family,1,80,476,481,13,North-West Frontier Province (Districts and Administered Territories),61,56,5
A. Vernaculars of India > Tibeto-Chinese Family,Tibeto-Chinese Family,1,80,476,481,14,Punjab,30955,15696,15259
A. Vernaculars of India > Tibeto-Chinese Family,Tibeto-Chinese Family,1,80,476,481,15,United Provinces of Agra and Oudh,4128,2291,1837
A. Vernaculars of India > Tibeto-Chinese Family,Tibeto-Chinese Family,1,80,476,481,16,Assam States,448403,216773,231630
A. Vernaculars of India > Tibeto-Chinese Family,Tibeto-Chinese Family,1,80,476,481,18,Baroda State,13,6,7
A. Vernaculars of India > Tibeto-Chinese Family,Tibeto-Chinese Family,1,80,476,481,19,Bengal States,194110,100343,93767
A. Vernaculars of India > Tibeto-Chinese Family,Tibeto-Chinese Family,1,80,476,481,22,Central India Agency,13,8,5
A. Vernaculars of India > Tibeto-Chinese Family,Tibeto-Chinese Family,1,80,476,481,25,Hyderabad State,20,16,4
A. Vernaculars of India > Tibeto-Chinese Family,Tibeto-Chinese Family,1,80,476,481,26,Jammu and Kashmir State,179867,89333,90534
A. Vernaculars of India > Tibeto-Chinese Family,Tibeto-Chinese Family,1,80,476,481,28,Mysore State,39,34,5
A. Vernaculars of India > Tibeto-Chinese Family,Tibeto-Chinese Family,1,80,476,481,30,Punjab States,29615,13770,15845
A. Vernaculars of India > Tibeto-Chinese Family,Tibeto-Chinese Family,1,80,476,481,31,Punjab States Agency,2689,1546,1143
A. Vernaculars of India > Tibeto-Chinese Family,Tibeto-Chinese Family,1,80,476,481,32,Rajputana Agency,5,5,
A. Vernaculars of India > Tibeto-Chinese Family,Tibeto-Chinese Family,1,80,476,481,33,Sikkim State,70067,35421,34646
A. Vernaculars of India > Tibeto-Chinese Family,Tibeto-Chinese Family,1,80,476,481,34,United Provinces States,11,9,2
A. Vernaculars of India > Tibeto-Chinese Family,Tibeto-Chinese Family,1,80,476,481,35,Western India States Agency,8,3,5
A. Vernaculars of India > Tibeto-Chinese Family > Tibeto-Burman Sub-Family,Tibeto-Burman Sub-Family,1,83,476,481,INDIA,India,12982840,6392133,6590707
A. Vernaculars of India > Tibeto-Chinese Family > Tibeto-Burman Sub-Family,Tibeto-Burman Sub-Family,1,83,476,481,PROV,Provinces,12057980,5934866,6123114
A. Vernaculars of India > Tibeto-Chinese Family > Tibeto-Burman Sub-Family,Tibeto-Burman Sub-Family,1,83,476,481,STATES,States and Agencies,924860,457267,467593
A. Vernaculars of India > Tibeto-Chinese Family > Tibeto-Burman Sub-Family,Tibeto-Burman Sub-Family,1,83,476,481,2,Andaman and Nicobar Islands,2745,2315,430
A. Vernaculars of India > Tibeto-Chinese Family > Tibeto-Burman Sub-Family,Tibeto-Burman Sub-Family,1,83,476,481,3,Assam,1173896,591942,581954
A. Vernaculars of India > Tibeto-Chinese Family > Tibeto-Burman Sub-Family,Tibeto-Burman Sub-Family,1,83,476,481,4,Baluchistan (Districts and Administered Territories),597,595,2
A. Vernaculars of India > Tibeto-Chinese Family > Tibeto-Burman Sub-Family,Tibeto-Burman Sub-Family,1,83,476,481,5,Bengal,338269,171951,166318
A. Vernaculars of India > Tibeto-Chinese Family > Tibeto-Burman Sub-Family,Tibeto-Burman Sub-Family,1,83,476,481,6,Bihar and Orissa,42,22,20
A. Vernaculars of India > Tibeto-Chinese Family > Tibeto-Burman Sub-Family,Tibeto-Burman Sub-Family,1,83,476,481,7,Bombay (including Aden),18,4,14
A. Vernaculars of India > Tibeto-Chinese Family > Tibeto-Burman Sub-Family,Tibeto-Burman Sub-Family,1,83,476,481,7a,Aden,1,1,
A. Vernaculars of India > Tibeto-Chinese Family > Tibeto-Burman Sub-Family,Tibeto-Burman Sub-Family,1,83,476,481,8,Burma,10507029,5149825,5357204
A. Vernaculars of India > Tibeto-Chinese Family > Tibeto-Burman Sub-Family,Tibeto-Burman Sub-Family,1,83,476,481,11,Delhi,140,91,49
A. Vernaculars of India > Tibeto-Chinese Family > Tibeto-Burman Sub-Family,Tibeto-Burman Sub-Family,1,83,476,481,12,Madras,134,112,22
A. Vernaculars of India > Tibeto-Chinese Family > Tibeto-Burman Sub-Family,Tibeto-Burman Sub-Family,1,83,476,481,13,North-West Frontier Province (Districts and Administered Territories),27,22,5
A. Vernaculars of India > Tibeto-Chinese Family > Tibeto-Burman Sub-Family,Tibeto-Burman Sub-Family,1,83,476,481,14,Punjab,30955,15696,15259
A. Vernaculars of India > Tibeto-Chinese Family > Tibeto-Burman Sub-Family,Tibeto-Burman Sub-Family,1,83,476,481,15,United Provinces of Agra and Oudh,4128,2291,1837
A. Vernaculars of India > Tibeto-Chinese Family > Tibeto-Burman Sub-Family,Tibeto-Burman Sub-Family,1,83,476,481,16,Assam States,448403,216773,231630
A. Vernaculars of India > Tibeto-Chinese Family > Tibeto-Burman Sub-Family,Tibeto-Burman Sub-Family,1,83,476,481,18,Baroda State,13,6,7
A. Vernaculars of India > Tibeto-Chinese Family > Tibeto-Burman Sub-Family,Tibeto-Burman Sub-Family,1,83,476,481,19,Bengal States,194110,100343,93767
A. Vernaculars of India > Tibeto-Chinese Family > Tibeto-Burman Sub-Family,Tibeto-Burman Sub-Family,1,83,476,481,22,Central India Agency,13,8,5
A. Vernaculars of India > Tibeto-Chinese Family > Tibeto-Burman Sub-Family,Tibeto-Burman Sub-Family,1,83,476,481,25,Hyderabad State,20,16,4
A. Vernaculars of India > Tibeto-Chinese Family > Tibeto-Burman Sub-Family,Tibeto-Burman Sub-Family,1,83,476,481,26,Jammu and Kashmir State,179867,89333,90534
A. Vernaculars of India > Tibeto-Chinese Family > Tibeto-Burman Sub-Family,Tibeto-Burman Sub-Family,1,83,476,481,28,Mysore State,39,34,5
A. Vernaculars of India > Tibeto-Chinese Family > Tibeto-Burman Sub-Family,Tibeto-Burman Sub-Family,1,83,476,481,30,Punjab States,29615,13770,15845
A. Vernaculars of India > Tibeto-Chinese Family > Tibeto-Burman Sub-Family,Tibeto-Burman Sub-Family,1,83,476,481,31,Punjab States Agency,2689,1546,1143
A. Vernaculars of India > Tibeto-Chinese Family > Tibeto-Burman Sub-Family,Tibeto-Burman Sub-Family,1,83,476,481,32,Rajputana Agency,5,5,
A. Vernaculars of India > Tibeto-Chinese Family > Tibeto-Burman Sub-Family,Tibeto-Burman Sub-Family,1,83,476,481,33,Sikkim State,70067,35421,34646
A. Vernaculars of India > Tibeto-Chinese Family > Tibeto-Burman Sub-Family,Tibeto-Burman Sub-Family,1,83,476,481,34,United Provinces States,11,9,2
A. Vernaculars of India > Tibeto-Chinese Family > Tibeto-Burman Sub-Family,Tibeto-Burman Sub-Family,1,83,476,481,35,Western India States Agency,8,3,5
A. Vernaculars of India > Tibeto-Chinese Family > Tibeto-Burman Sub-Family > Tibeto-Himalayan Branch,Tibeto-Himalayan Branch,1,86,476,481,INDIA,India,468499,235342,233157
A. Vernaculars of India > Tibeto-Chinese Family > Tibeto-Burman Sub-Family > Tibeto-Himalayan Branch,Tibeto-Himalayan Branch,1,86,476,481,PROV,Provinces,183591,93677,89914
A. Vernaculars of India > Tibeto-Chinese Family > Tibeto-Burman Sub-Family > Tibeto-Himalayan Branch,Tibeto-Himalayan Branch,1,86,476,481,STATES,States and Agencies,284908,141665,143243
A. Vernaculars of India > Tibeto-Chinese Family > Tibeto-Burman Sub-Family > Tibeto-Himalayan Branch,Tibeto-Himalayan Branch,1,86,476,481,3,Assam,6277,4121,2156
A. Vernaculars of India > Tibeto-Chinese Family > Tibeto-Burman Sub-Family > Tibeto-Himalayan Branch,Tibeto-Himalayan Branch,1,86,476,481,4,Baluchistan (Districts and Administered Territories),597,595,2
A. Vernaculars of India > Tibeto-Chinese Family > Tibeto-Burman Sub-Family > Tibeto-Himalayan Branch,Tibeto-Himalayan Branch,1,86,476,481,5,Bengal,141783,71019,70764
A. Vernaculars of India > Tibeto-Chinese Family > Tibeto-Burman Sub-Family > Tibeto-Himalayan Branch,Tibeto-Himalayan Branch,1,86,476,481,6,Bihar and Orissa,25,16,9
A. Vernaculars of India > Tibeto-Chinese Family > Tibeto-Burman Sub-Family > Tibeto-Himalayan Branch,Tibeto-Himalayan Branch,1,86,476,481,11,Delhi,121,77,44
A. Vernaculars of India > Tibeto-Chinese Family > Tibeto-Burman Sub-Family > Tibeto-Himalayan Branch,Tibeto-Himalayan Branch,1,86,476,481,13,North-West Frontier Province (Districts and Administered Territories),18,18,
A. Vernaculars of India > Tibeto-Chinese Family > Tibeto-Burman Sub-Family > Tibeto-Himalayan Branch,Tibeto-Himalayan Branch,1,86,476,481,14,Punjab,30781,15619,15162
A. Vernaculars of India > Tibeto-Chinese Family > Tibeto-Burman Sub-Family > Tibeto-Himalayan Branch,Tibeto-Himalayan Branch,1,86,476,481,15,United Provinces of Agra and Oudh,3989,2212,1777
A. Vernaculars of India > Tibeto-Chinese Family > Tibeto-Burman Sub-Family > Tibeto-Himalayan Branch,Tibeto-Himalayan Branch,1,86,476,481,16,Assam States,544,372,172
A. Vernaculars of India > Tibeto-Chinese Family > Tibeto-Burman Sub-Family > Tibeto-Himalayan Branch,Tibeto-Himalayan Branch,1,86,476,481,19,Bengal States,2104,1193,911
A. Vernaculars of India > Tibeto-Chinese Family > Tibeto-Burman Sub-Family > Tibeto-Himalayan Branch,Tibeto-Himalayan Branch,1,86,476,481,22,Central India Agency,2,,2
A. Vernaculars of India > Tibeto-Chinese Family > Tibeto-Burman Sub-Family > Tibeto-Himalayan Branch,Tibeto-Himalayan Branch,1,86,476,481,26,Jammu and Kashmir State,179862,89332,90530
A. Vernaculars of India > Tibeto-Chinese Family > Tibeto-Burman Sub-Family > Tibeto-Himalayan Branch,Tibeto-Himalayan Branch,1,86,476,481,28,Mysore State,36,32,4
A. Vernaculars of India > Tibeto-Chinese Family > Tibeto-Burman Sub-Family > Tibeto-Himalayan Branch,Tibeto-Himalayan Branch,1,86,476,481,30,Punjab States,29615,13770,15845
A. Vernaculars of India > Tibeto-Chinese Family > Tibeto-Burman Sub-Family > Tibeto-Himalayan Branch,Tibeto-Himalayan Branch,1,86,476,481,31,Punjab States Agency,2667,1536,1131
A. Vernaculars of India > Tibeto-Chinese Family > Tibeto-Burman Sub-Family > Tibeto-Himalayan Branch,Tibeto-Himalayan Branch,1,86,476,481,33,Sikkim State,70067,35421,34646
A. Vernaculars of India > Tibeto-Chinese Family > Tibeto-Burman Sub-Family > Tibeto-Himalayan Branch,Tibeto-Himalayan Branch,1,86,476,481,34,United Provinces States,11,9,2
A. Vernaculars of India > Tibeto-Chinese Family > Tibeto-Burman Sub-Family > Tibeto-Himalayan Branch > Tibetan Group,Tibetan Group,1,89,476,481,INDIA,India,252063,127012,125051
A. Vernaculars of India > Tibeto-Chinese Family > Tibeto-Burman Sub-Family > Tibeto-Himalayan Branch > Tibetan Group,Tibetan Group,1,89,476,481,PROV,Provinces,50970,26934,24036
A. Vernaculars of India > Tibeto-Chinese Family > Tibeto-Burman Sub-Family > Tibeto-Himalayan Branch > Tibetan Group,Tibetan Group,1,89,476,481,STATES,States and Agencies,201093,100078,101015
A. Vernaculars of India > Tibeto-Chinese Family > Tibeto-Burman Sub-Family > Tibeto-Himalayan Branch > Tibetan Group,Tibetan Group,1,89,476,481,3,Assam,1898,1445,453
A. Vernaculars of India > Tibeto-Chinese Family > Tibeto-Burman Sub-Family > Tibeto-Himalayan Branch > Tibetan Group,Tibetan Group,1,89,476,481,4,Baluchistan (Districts and Administered Territories),29,29,
A. Vernaculars of India > Tibeto-Chinese Family > Tibeto-Burman Sub-Family > Tibeto-Himalayan Branch > Tibetan Group,Tibetan Group,1,89,476,481,5,Bengal,14520,7727,6793
A. Vernaculars of India > Tibeto-Chinese Family > Tibeto-Burman Sub-Family > Tibeto-Himalayan Branch > Tibetan Group,Tibetan Group,1,89,476,481,6,Bihar and Orissa,19,11,8
A. Vernaculars of India > Tibeto-Chinese Family > Tibeto-Burman Sub-Family > Tibeto-Himalayan Branch > Tibetan Group,Tibetan Group,1,89,476,481,11,Delhi,66,45,21
A. Vernaculars of India > Tibeto-Chinese Family > Tibeto-Burman Sub-Family > Tibeto-Himalayan Branch > Tibetan Group,Tibetan Group,1,89,476,481,13,North-West Frontier Province (Districts and Administered Territories),18,18,
A. Vernaculars of India > Tibeto-Chinese Family > Tibeto-Burman Sub-Family > Tibeto-Himalayan Branch > Tibetan Group,Tibetan Group,1,89,476,481,14,Punjab,30431,15447,14984
A. Vernaculars of India > Tibeto-Chinese Family > Tibeto-Burman Sub-Family > Tibeto-Himalayan Branch > Tibetan Group,Tibetan Group,1,89,476,481,15,United Provinces of Agra and Oudh,3989,2212,1777
A. Vernaculars of India > Tibeto-Chinese Family > Tibeto-Burman Sub-Family > Tibeto-Himalayan Branch > Tibetan Group,Tibetan Group,1,89,476,481,16,Assam States,47,23,24
A. Vernaculars of India > Tibeto-Chinese Family > Tibeto-Burman Sub-Family > Tibeto-Himalayan Branch > Tibetan Group,Tibetan Group,1,89,476,481,19,Bengal States,2,2,
A. Vernaculars of India > Tibeto-Chinese Family > Tibeto-Burman Sub-Family > Tibeto-Himalayan Branch > Tibetan Group,Tibetan Group,1,89,476,481,22,Central India Agency,2,,2
A. Vernaculars of India > Tibeto-Chinese Family > Tibeto-Burman Sub-Family > Tibeto-Himalayan Branch > Tibetan Group,Tibetan Group,1,89,476,481,26,Jammu and Kashmir State,179683,89214,90469
A. Vernaculars of India > Tibeto-Chinese Family > Tibeto-Burman Sub-Family > Tibeto-Himalayan Branch > Tibetan Group,Tibetan Group,1,89,476,481,28,Mysore State,1,,1
A. Vernaculars of India > Tibeto-Chinese Family > Tibeto-Burman Sub-Family > Tibeto-Himalayan Branch > Tibetan Group,Tibetan Group,1,89,476,481,30,Punjab States,3595,1758,1837
A. Vernaculars of India > Tibeto-Chinese Family > Tibeto-Burman Sub-Family > Tibeto-Himalayan Branch > Tibetan Group,Tibetan Group,1,89,476,481,31,Punjab States Agency,2622,1511,1111
A. Vernaculars of India > Tibeto-Chinese Family > Tibeto-Burman Sub-Family > Tibeto-Himalayan Branch > Tibetan Group,Tibetan Group,1,89,476,481,33,Sikkim State,15130,7561,7569
A. Vernaculars of India > Tibeto-Chinese Family > Tibeto-Burman Sub-Family > Tibeto-Himalayan Branch > Tibetan Group,Tibetan Group,1,89,476,481,34,United Provinces States,11,9,2
A. Vernaculars of India > Tibeto-Chinese Family > Tibeto-Burman Sub-Family > Tibeto-Himalayan Branch > Tibetan Group > Bhotia of Tibet or Tibetan,Bhotia of Tibet or Tibetan,0,92,476,481,INDIA,India,9799,5444,4355
A. Vernaculars of India > Tibeto-Chinese Family > Tibeto-Burman Sub-Family > Tibeto-Himalayan Branch > Tibetan Group > Bhotia of Tibet or Tibetan,Bhotia of Tibet or Tibetan,0,92,476,481,PROV,Provinces,5281,3170,2111
A. Vernaculars of India > Tibeto-Chinese Family > Tibeto-Burman Sub-Family > Tibeto-Himalayan Branch > Tibetan Group > Bhotia of Tibet or Tibetan,Bhotia of Tibet or Tibetan,0,92,476,481,STATES,States and Agencies,4518,2274,2244
A. Vernaculars of India > Tibeto-Chinese Family > Tibeto-Burman Sub-Family > Tibeto-Himalayan Branch > Tibetan Group > Bhotia of Tibet or Tibetan,Bhotia of Tibet or Tibetan,0,92,476,481,3,Assam,782,539,243
A. Vernaculars of India > Tibeto-Chinese Family > Tibeto-Burman Sub-Family > Tibeto-Himalayan Branch > Tibetan Group > Bhotia of Tibet or Tibetan,Bhotia of Tibet or Tibetan,0,92,476,481,4,Baluchistan (Districts and Administered Territories),21,21,
A. Vernaculars of India > Tibeto-Chinese Family > Tibeto-Burman Sub-Family > Tibeto-Himalayan Branch > Tibetan Group > Bhotia of Tibet or Tibetan,Bhotia of Tibet or Tibetan,0,92,476,481,5,Bengal,2867,1552,1315
A. Vernaculars of India > Tibeto-Chinese Family > Tibeto-Burman Sub-Family > Tibeto-Himalayan Branch > Tibetan Group > Bhotia of Tibet or Tibetan,Bhotia of Tibet or Tibetan,0,92,476,481,11,Delhi,66,45,21
A. Vernaculars of India > Tibeto-Chinese Family > Tibeto-Burman Sub-Family > Tibeto-Himalayan Branch > Tibetan Group > Bhotia of Tibet or Tibetan,Bhotia of Tibet or Tibetan,0,92,476,481,13,North-West Frontier Province (Districts and Administered Territories),4,4,
A. Vernaculars of India > Tibeto-Chinese Family > Tibeto-Burman Sub-Family > Tibeto-Himalayan Branch > Tibetan Group > Bhotia of Tibet or Tibetan,Bhotia of Tibet or Tibetan,0,92,476,481,14,Punjab,1541,1009,532
A. Vernaculars of India > Tibeto-Chinese Family > Tibeto-Burman Sub-Family > Tibeto-Himalayan Branch > Tibetan Group > Bhotia of Tibet or Tibetan,Bhotia of Tibet or Tibetan,0,92,476,481,16,Assam States,8,5,3
A. Vernaculars of India > Tibeto-Chinese Family > Tibeto-Burman Sub-Family > Tibeto-Himalayan Branch > Tibetan Group > Bhotia of Tibet or Tibetan,Bhotia of Tibet or Tibetan,0,92,476,481,26,Jammu and Kashmir State,208,116,92
A. Vernaculars of India > Tibeto-Chinese Family > Tibeto-Burman Sub-Family > Tibeto-Himalayan Branch > Tibetan Group > Bhotia of Tibet or Tibetan,Bhotia of Tibet or Tibetan,0,92,476,481,28,Mysore State,1,,1
A. Vernaculars of India > Tibeto-Chinese Family > Tibeto-Burman Sub-Family > Tibeto-Himalayan Branch > Tibetan Group > Bhotia of Tibet or Tibetan,Bhotia of Tibet or Tibetan,0,92,476,481,30,Punjab States,3595,1758,1837
A. Vernaculars of India > Tibeto-Chinese Family > Tibeto-Burman Sub-Family > Tibeto-Himalayan Branch > Tibetan Group > Bhotia of Tibet or Tibetan,Bhotia of Tibet or Tibetan,0,92,476,481,31,Punjab States Agency,136,94,42
A. Vernaculars of India > Tibeto-Chinese Family > Tibeto-Burman Sub-Family > Tibeto-Himalayan Branch > Tibetan Group > Bhotia of Tibet or Tibetan,Bhotia of Tibet or Tibetan,0,92,476,481,33,Sikkim State,570,301,269
A. Vernaculars of India > Tibeto-Chinese Family > Tibeto-Burman Sub-Family > Tibeto-Himalayan Branch > Tibetan Group > Bhotia of Baltistan or Balti,Bhotia of Baltistan or Balti,0,95,477,482,INDIA,India,137914,68467,69447
A. Vernaculars of India > Tibeto-Chinese Family > Tibeto-Burman Sub-Family > Tibeto-Himalayan Branch > Tibetan Group > Bhotia of Baltistan or Balti,Bhotia of Baltistan or Balti,0,95,477,482,STATES,States and Agencies,137914,68467,69447
A. Vernaculars of India > Tibeto-Chinese Family > Tibeto-Burman Sub-Family > Tibeto-Himalayan Branch > Tibetan Group > Bhotia of Baltistan or Balti,Bhotia of Baltistan or Balti,0,95,477,482,26,Jammu and Kashmir State,137914,68467,69447
A. Vernaculars of India > Tibeto-Chinese Family > Tibeto-Burman Sub-Family > Tibeto-Himalayan Branch > Tibetan Group > Bhotia of Ladakh or Ladakhi,Bhotia of Ladakh or Ladakhi,0,98,477,482,INDIA,India,41444,20571,20873
A. Vernaculars of India > Tibeto-Chinese Family > Tibeto-Burman Sub-Family > Tibeto-Himalayan Branch > Tibetan Group > Bhotia of Ladakh or Ladakhi,Bhotia of Ladakh or Ladakhi,0,98,477,482,PROV,Provinces,14,14,
A. Vernaculars of India > Tibeto-Chinese Family > Tibeto-Burman Sub-Family > Tibeto-Himalayan Branch > Tibetan Group > Bhotia of Ladakh or Ladakhi,Bhotia of Ladakh or Ladakhi,0,98,477,482,STATES,States and Agencies,41430,20557,20873
A. Vernaculars of India > Tibeto-Chinese Family > Tibeto-Burman Sub-Family > Tibeto-Himalayan Branch > Tibetan Group > Bhotia of Ladakh or Ladakhi,Bhotia of Ladakh or Ladakhi,0,98,477,482,13,North-West Frontier Province (Districts and Administered Territories),14,14,
A. Vernaculars of India > Tibeto-Chinese Family > Tibeto-Burman Sub-Family > Tibeto-Himalayan Branch > Tibetan Group > Bhotia of Ladakh or Ladakhi,Bhotia of Ladakh or Ladakhi,0,98,477,482,26,Jammu and Kashmir State,41418,20546,20872
A. Vernaculars of India > Tibeto-Chinese Family > Tibeto-Burman Sub-Family > Tibeto-Himalayan Branch > Tibetan Group > Bhotia of Ladakh or Ladakhi,Bhotia of Ladakh or Ladakhi,0,98,477,482,31,Punjab States Agency,12,11,1
A. Vernaculars of India > Tibeto-Chinese Family > Tibeto-Burman Sub-Family > Tibeto-Himalayan Branch > Tibetan Group > Bhotia of Sharpa,Bhotia of Sharpa,0,101,477,482,INDIA,India,11677,6235,5442
A. Vernaculars of India > Tibeto-Chinese Family > Tibeto-Burman Sub-Family > Tibeto-Himalayan Branch > Tibetan Group > Bhotia of Sharpa,Bhotia of Sharpa,0,101,477,482,PROV,Provinces,8173,4534,3639
A. Vernaculars of India > Tibeto-Chinese Family > Tibeto-Burman Sub-Family > Tibeto-Himalayan Branch > Tibetan Group > Bhotia of Sharpa,Bhotia of Sharpa,0,101,477,482,STATES,States and Agencies,3504,1701,1803
A. Vernaculars of India > Tibeto-Chinese Family > Tibeto-Burman Sub-Family > Tibeto-Himalayan Branch > Tibetan Group > Bhotia of Sharpa,Bhotia of Sharpa,0,101,477,482,4,Baluchistan (Districts and Administered Territories),6,6,
A. Vernaculars of India > Tibeto-Chinese Family > Tibeto-Burman Sub-Family > Tibeto-Himalayan Branch > Tibetan Group > Bhotia of Sharpa,Bhotia of Sharpa,0,101,477,482,5,Bengal,8167,4528,3639
A. Vernaculars of India > Tibeto-Chinese Family > Tibeto-Burman Sub-Family > Tibeto-Himalayan Branch > Tibetan Group > Bhotia of Sharpa,Bhotia of Sharpa,0,101,477,482,33,Sikkim State,3504,1701,1803
A. Vernaculars of India > Tibeto-Chinese Family > Tibeto-Burman Sub-Family > Tibeto-Himalayan Branch > Tibetan Group > Bhotia of Bhutan or Lhoke,Bhotia of Bhutan or Lhoke,0,104,477,482,INDIA,India,2819,1792,1027
A. Vernaculars of India > Tibeto-Chinese Family > Tibeto-Burman Sub-Family > Tibeto-Himalayan Branch > Tibetan Group > Bhotia of Bhutan or Lhoke,Bhotia of Bhutan or Lhoke,0,104,477,482,PROV,Provinces,2637,1684,953
A. Vernaculars of India > Tibeto-Chinese Family > Tibeto-Burman Sub-Family > Tibeto-Himalayan Branch > Tibetan Group > Bhotia of Bhutan or Lhoke,Bhotia of Bhutan or Lhoke,0,104,477,482,STATES,States and Agencies,182,108,74
A. Vernaculars of India > Tibeto-Chinese Family > Tibeto-Burman Sub-Family > Tibeto-Himalayan Branch > Tibetan Group > Bhotia of Bhutan or Lhoke,Bhotia of Bhutan or Lhoke,0,104,477,482,3,Assam,1116,906,210
A. Vernaculars of India > Tibeto-Chinese Family > Tibeto-Burman Sub-Family > Tibeto-Himalayan Branch > Tibetan Group > Bhotia of Bhutan or Lhoke,Bhotia of Bhutan or Lhoke,0,104,477,482,5,Bengal,1521,778,743
A. Vernaculars of India > Tibeto-Chinese Family > Tibeto-Burman Sub-Family > Tibeto-Himalayan Branch > Tibetan Group > Bhotia of Bhutan or Lhoke,Bhotia of Bhutan or Lhoke,0,104,477,482,16,Assam States,39,18,21
A. Vernaculars of India > Tibeto-Chinese Family > Tibeto-Burman Sub-Family > Tibeto-Himalayan Branch > Tibetan Group > Bhotia of Bhutan or Lhoke,Bhotia of Bhutan or Lhoke,0,104,477,482,26,Jammu and Kashmir State,6,5,1
A. Vernaculars of India > Tibeto-Chinese Family > Tibeto-Burman Sub-Family > Tibeto-Himalayan Branch > Tibetan Group > Bhotia of Bhutan or Lhoke,Bhotia of Bhutan or Lhoke,0,104,477,482,33,Sikkim State,137,85,52
A. Vernaculars of India > Tibeto-Chinese Family > Tibeto-Burman Sub-Family > Tibeto-Himalayan Branch > Tibetan Group > Bhotia of Sikkim,Bhotia of Sikkim,0,107,477,482,INDIA,India,11108,5611,5497
A. Vernaculars of India > Tibeto-Chinese Family > Tibeto-Burman Sub-Family > Tibeto-Himalayan Branch > Tibetan Group > Bhotia of Sikkim,Bhotia of Sikkim,0,107,477,482,PROV,Provinces,194,138,56
A. Vernaculars of India > Tibeto-Chinese Family > Tibeto-Burman Sub-Family > Tibeto-Himalayan Branch > Tibetan Group > Bhotia of Sikkim,Bhotia of Sikkim,0,107,477,482,STATES,States and Agencies,10914,5473,5441
A. Vernaculars of India > Tibeto-Chinese Family > Tibeto-Burman Sub-Family > Tibeto-Himalayan Branch > Tibetan Group > Bhotia of Sikkim,Bhotia of Sikkim,0,107,477,482,4,Baluchistan (Districts and Administered Territories),2,2,
A. Vernaculars of India > Tibeto-Chinese Family > Tibeto-Burman Sub-Family > Tibeto-Himalayan Branch > Tibetan Group > Bhotia of Sikkim,Bhotia of Sikkim,0,107,477,482,5,Bengal,192,136,56
A. Vernaculars of India > Tibeto-Chinese Family > Tibeto-Burman Sub-Family > Tibeto-Himalayan Branch > Tibetan Group > Bhotia of Sikkim,Bhotia of Sikkim,0,107,477,482,22,Central India Agency,2,,2
A. Vernaculars of India > Tibeto-Chinese Family > Tibeto-Burman Sub-Family > Tibeto-Himalayan Branch > Tibetan Group > Bhotia of Sikkim,Bhotia of Sikkim,0,107,477,482,33,Sikkim State,10912,5473,5439
A. Vernaculars of India > Tibeto-Chinese Family > Tibeto-Burman Sub-Family > Tibeto-Himalayan Branch > Tibetan Group > Bhotia (Others),Bhotia (Others),0,110,477,482,INDIA,India,37302,18892,18410
A. Vernaculars of India > Tibeto-Chinese Family > Tibeto-Burman Sub-Family > Tibeto-Himalayan Branch > Tibetan Group > Bhotia (Others),Bhotia (Others),0,110,477,482,PROV,Provinces,34671,17394,17277
A. Vernaculars of India > Tibeto-Chinese Family > Tibeto-Burman Sub-Family > Tibeto-Himalayan Branch > Tibetan Group > Bhotia (Others),Bhotia (Others),0,110,477,482,STATES,States and Agencies,2631,1498,1133
A. Vernaculars of India > Tibeto-Chinese Family > Tibeto-Burman Sub-Family > Tibeto-Himalayan Branch > Tibetan Group > Bhotia (Others),Bhotia (Others),0,110,477,482,5,Bengal,1773,733,1040
A. Vernaculars of India > Tibeto-Chinese Family > Tibeto-Burman Sub-Family > Tibeto-Himalayan Branch > Tibetan Group > Bhotia (Others),Bhotia (Others),0,110,477,482,6,Bihar and Orissa,19,11,8
A. Vernaculars of India > Tibeto-Chinese Family > Tibeto-Burman Sub-Family > Tibeto-Himalayan Branch > Tibetan Group > Bhotia (Others),Bhotia (Others),0,110,477,482,14,Punjab,28890,14438,14452
A. Vernaculars of India > Tibeto-Chinese Family > Tibeto-Burman Sub-Family > Tibeto-Himalayan Branch > Tibetan Group > Bhotia (Others),Bhotia (Others),0,110,477,482,15,United Provinces of Agra and Oudh,3989,2212,1777
A. Vernaculars of India > Tibeto-Chinese Family > Tibeto-Burman Sub-Family > Tibeto-Himalayan Branch > Tibetan Group > Bhotia (Others),Bhotia (Others),0,110,477,482,19,Bengal States,2,2,
A. Vernaculars of India > Tibeto-Chinese Family > Tibeto-Burman Sub-Family > Tibeto-Himalayan Branch > Tibetan Group > Bhotia (Others),Bhotia (Others),0,110,477,482,26,Jammu and Kashmir State,137,80,57
A. Vernaculars of India > Tibeto-Chinese Family > Tibeto-Burman Sub-Family > Tibeto-Himalayan Branch > Tibetan Group > Bhotia (Others),Bhotia (Others),0,110,477,482,31,Punjab States Agency,2474,1406,1068
A. Vernaculars of India > Tibeto-Chinese Family > Tibeto-Burman Sub-Family > Tibeto-Himalayan Branch > Tibetan Group > Bhotia (Others),Bhotia (Others),0,110,477,482,33,Sikkim State,7,1,6
A. Vernaculars of India > Tibeto-Chinese Family > Tibeto-Burman Sub-Family > Tibeto-Himalayan Branch > Tibetan Group > Bhotia (Others),Bhotia (Others),0,110,477,482,34,United Provinces States,11,9,2
A. Vernaculars of India > Tibeto-Chinese Family > Tibeto-Burman Sub-Family > Tibeto-Himalayan Branch > Pronominalized Himalayan Group,Pronominalized Himalayan Group,1,113,477,482,INDIA,India,113952,56028,57924
A. Vernaculars of India > Tibeto-Chinese Family > Tibeto-Burman Sub-Family > Tibeto-Himalayan Branch > Pronominalized Himalayan Group,Pronominalized Himalayan Group,1,113,477,482,PROV,Provinces,58896,29404,29492
A. Vernaculars of India > Tibeto-Chinese Family > Tibeto-Burman Sub-Family > Tibeto-Himalayan Branch > Pronominalized Himalayan Group,Pronominalized Himalayan Group,1,113,477,482,STATES,States and Agencies,55056,26624,28432
A. Vernaculars of India > Tibeto-Chinese Family > Tibeto-Burman Sub-Family > Tibeto-Himalayan Branch > Pronominalized Himalayan Group,Pronominalized Himalayan Group,1,113,477,482,3,Assam,1289,700,589
A. Vernaculars of India > Tibeto-Chinese Family > Tibeto-Burman Sub-Family > Tibeto-Himalayan Branch > Pronominalized Himalayan Group,Pronominalized Himalayan Group,1,113,477,482,4,Baluchistan (Districts and Administered Territories),488,488,
A. Vernaculars of India > Tibeto-Chinese Family > Tibeto-Burman Sub-Family > Tibeto-Himalayan Branch > Pronominalized Himalayan Group,Pronominalized Himalayan Group,1,113,477,482,5,Bengal,56714,28012,28702
A. Vernaculars of India > Tibeto-Chinese Family > Tibeto-Burman Sub-Family > Tibeto-Himalayan Branch > Pronominalized Himalayan Group,Pronominalized Himalayan Group,1,113,477,482,11,Delhi,55,32,23
A. Vernaculars of India > Tibeto-Chinese Family > Tibeto-Burman Sub-Family > Tibeto-Himalayan Branch > Pronominalized Himalayan Group,Pronominalized Himalayan Group,1,113,477,482,14,Punjab,350,172,178
A. Vernaculars of India > Tibeto-Chinese Family > Tibeto-Burman Sub-Family > Tibeto-Himalayan Branch > Pronominalized Himalayan Group,Pronominalized Himalayan Group,1,113,477,482,16,Assam States,167,119,48
A. Vernaculars of India > Tibeto-Chinese Family > Tibeto-Burman Sub-Family > Tibeto-Himalayan Branch > Pronominalized Himalayan Group,Pronominalized Himalayan Group,1,113,477,482,26,Jammu and Kashmir State,179,118,61
A. Vernaculars of India > Tibeto-Chinese Family > Tibeto-Burman Sub-Family > Tibeto-Himalayan Branch > Pronominalized Himalayan Group,Pronominalized Himalayan Group,1,113,477,482,30,Punjab States,26020,12012,14008
A. Vernaculars of India > Tibeto-Chinese Family > Tibeto-Burman Sub-Family > Tibeto-Himalayan Branch > Pronominalized Himalayan Group,Pronominalized Himalayan Group,1,113,477,482,31,Punjab States Agency,45,25,20
A. Vernaculars of India > Tibeto-Chinese Family > Tibeto-Burman Sub-Family > Tibeto-Himalayan Branch > Pronominalized Himalayan Group,Pronominalized Himalayan Group,1,113,477,482,33,Sikkim State,28645,14350,14295
A. Vernaculars of India > Tibeto-Chinese Family > Tibeto-Burman Sub-Family > Tibeto-Himalayan Branch > Pronominalized Himalayan Group > Kanauri,Kanauri,0,116,477,482,INDIA,India,26122,12071,14051
A. Vernaculars of India > Tibeto-Chinese Family > Tibeto-Burman Sub-Family > Tibeto-Himalayan Branch > Pronominalized Himalayan Group > Kanauri,Kanauri,0,116,477,482,PROV,Provinces,57,34,23
A. Vernaculars of India > Tibeto-Chinese Family > Tibeto-Burman Sub-Family > Tibeto-Himalayan Branch > Pronominalized Himalayan Group > Kanauri,Kanauri,0,116,477,482,STATES,States and Agencies,26065,12037,14028
A. Vernaculars of India > Tibeto-Chinese Family > Tibeto-Burman Sub-Family > Tibeto-Himalayan Branch > Pronominalized Himalayan Group > Kanauri,Kanauri,0,116,477,482,11,Delhi,55,32,23
A. Vernaculars of India > Tibeto-Chinese Family > Tibeto-Burman Sub-Family > Tibeto-Himalayan Branch > Pronominalized Himalayan Group > Kanauri,Kanauri,0,116,477,482,14,Punjab,2,2,
A. Vernaculars of India > Tibeto-Chinese Family > Tibeto-Burman Sub-Family > Tibeto-Himalayan Branch > Pronominalized Himalayan Group > Kanauri,Kanauri,0,116,477,482,30,Punjab States,26020,12012,14008
A. Vernaculars of India > Tibeto-Chinese Family > Tibeto-Burman Sub-Family > Tibeto-Himalayan Branch > Pronominalized Himalayan Group > Kanauri,Kanauri,0,116,477,482,31,Punjab States Agency,45,25,20
A. Vernaculars of India > Tibeto-Chinese Family > Tibeto-Burman Sub-Family > Tibeto-Himalayan Branch > Pronominalized Himalayan Group > Kanashi,Kanashi,0,119,477,482,INDIA,India,348,170,178
A. Vernaculars of India > Tibeto-Chinese Family > Tibeto-Burman Sub-Family > Tibeto-Himalayan Branch > Pronominalized Himalayan Group > Kanashi,Kanashi,0,119,477,482,PROV,Provinces,348,170,178
A. Vernaculars of India > Tibeto-Chinese Family > Tibeto-Burman Sub-Family > Tibeto-Himalayan Branch > Pronominalized Himalayan Group > Kanashi,Kanashi,0,119,477,482,14,Punjab,348,170,178
A. Vernaculars of India > Tibeto-Chinese Family > Tibeto-Burman Sub-Family > Tibeto-Himalayan Branch > Pronominalized Himalayan Group > Kiranti,Kiranti,0,122,477,482,INDIA,India,87482,43787,43695
A. Vernaculars of India > Tibeto-Chinese Family > Tibeto-Burman Sub-Family > Tibeto-Himalayan Branch > Pronominalized Himalayan Group > Kiranti,Kiranti,0,122,477,482,PROV,Provinces,58491,29200,29291
A. Vernaculars of India > Tibeto-Chinese Family > Tibeto-Burman Sub-Family > Tibeto-Himalayan Branch > Pronominalized Himalayan Group > Kiranti,Kiranti,0,122,477,482,STATES,States and Agencies,28991,14587,14404
A. Vernaculars of India > Tibeto-Chinese Family > Tibeto-Burman Sub-Family > Tibeto-Himalayan Branch > Pronominalized Himalayan Group > Kiranti,Kiranti,0,122,477,482,3,Assam,1289,700,589
A. Vernaculars of India > Tibeto-Chinese Family > Tibeto-Burman Sub-Family > Tibeto-Himalayan Branch > Pronominalized Himalayan Group > Kiranti,Kiranti,0,122,477,482,4,Baluchistan (Districts and Administered Territories),488,488,
A. Vernaculars of India > Tibeto-Chinese Family > Tibeto-Burman Sub-Family > Tibeto-Himalayan Branch > Pronominalized Himalayan Group > Kiranti,Kiranti,0,122,477,482,5,Bengal,56714,28012,28702
A. Vernaculars of India > Tibeto-Chinese Family > Tibeto-Burman Sub-Family > Tibeto-Himalayan Branch > Pronominalized Himalayan Group > Kiranti,Kiranti,0,122,477,482,16,Assam States,167,119,48
A. Vernaculars of India > Tibeto-Chinese Family > Tibeto-Burman Sub-Family > Tibeto-Himalayan Branch > Pronominalized Himalayan Group > Kiranti,Kiranti,0,122,477,482,26,Jammu and Kashmir State,179,118,61
A. Vernaculars of India > Tibeto-Chinese Family > Tibeto-Burman Sub-Family > Tibeto-Himalayan Branch > Pronominalized Himalayan Group > Kiranti,Kiranti,0,122,477,482,33,Sikkim State,28645,14350,14295
A. Vernaculars of India > Tibeto-Chinese Family > Tibeto-Burman Sub-Family > Tibeto-Himalayan Branch > Non-Pronominalized Himalayan Group,Non-Pronominalized Himalayan Group,1,125,477,482,INDIA,India,102484,52302,50182
A. Vernaculars of India > Tibeto-Chinese Family > Tibeto-Burman Sub-Family > Tibeto-Himalayan Branch > Non-Pronominalized Himalayan Group,Non-Pronominalized Himalayan Group,1,125,477,482,PROV,Provinces,73725,37339,36386
A. Vernaculars of India > Tibeto-Chinese Family > Tibeto-Burman Sub-Family > Tibeto-Himalayan Branch > Non-Pronominalized Himalayan Group,Non-Pronominalized Himalayan Group,1,125,477,482,STATES,States and Agencies,28759,14963,13796
A. Vernaculars of India > Tibeto-Chinese Family > Tibeto-Burman Sub-Family > Tibeto-Himalayan Branch > Non-Pronominalized Himalayan Group,Non-Pronominalized Himalayan Group,1,125,477,482,3,Assam,3090,1976,1114
A. Vernaculars of India > Tibeto-Chinese Family > Tibeto-Burman Sub-Family > Tibeto-Himalayan Branch > Non-Pronominalized Himalayan Group,Non-Pronominalized Himalayan Group,1,125,477,482,4,Baluchistan (Districts and Administered Territories),80,78,2
A. Vernaculars of India > Tibeto-Chinese Family > Tibeto-Burman Sub-Family > Tibeto-Himalayan Branch > Non-Pronominalized Himalayan Group,Non-Pronominalized Himalayan Group,1,125,477,482,5,Bengal,70549,35280,35269
A. Vernaculars of India > Tibeto-Chinese Family > Tibeto-Burman Sub-Family > Tibeto-Himalayan Branch > Non-Pronominalized Himalayan Group,Non-Pronominalized Himalayan Group,1,125,477,482,6,Bihar and Orissa,6,5,1
A. Vernaculars of India > Tibeto-Chinese Family > Tibeto-Burman Sub-Family > Tibeto-Himalayan Branch > Non-Pronominalized Himalayan Group,Non-Pronominalized Himalayan Group,1,125,477,482,16,Assam States,330,230,100
A. Vernaculars of India > Tibeto-Chinese Family > Tibeto-Burman Sub-Family > Tibeto-Himalayan Branch > Non-Pronominalized Himalayan Group,Non-Pronominalized Himalayan Group,1,125,477,482,19,Bengal States,2102,1191,911
A. Vernaculars of India > Tibeto-Chinese Family > Tibeto-Burman Sub-Family > Tibeto-Himalayan Branch > Non-Pronominalized Himalayan Group,Non-Pronominalized Himalayan Group,1,125,477,482,28,Mysore State,35,32,3
A. Vernaculars of India > Tibeto-Chinese Family > Tibeto-Burman Sub-Family > Tibeto-Himalayan Branch > Non-Pronominalized Himalayan Group,Non-Pronominalized Himalayan Group,1,125,477,482,33,Sikkim State,26292,13510,12782
A. Vernaculars of India > Tibeto-Chinese Family > Tibeto-Burman Sub-Family > Tibeto-Himalayan Branch > Non-Pronominalized Himalayan Group > Gurung,Gurung,0,128,477,482,INDIA,India,3609,1861,1748
A. Vernaculars of India > Tibeto-Chinese Family > Tibeto-Burman Sub-Family > Tibeto-Himalayan Branch > Non-Pronominalized Himalayan Group > Gurung,Gurung,0,128,477,482,PROV,Provinces,2986,1606,1380
A. Vernaculars of India > Tibeto-Chinese Family > Tibeto-Burman Sub-Family > Tibeto-Himalayan Branch > Non-Pronominalized Himalayan Group > Gurung,Gurung,0,128,477,482,STATES,States and Agencies,623,255,368
A. Vernaculars of India > Tibeto-Chinese Family > Tibeto-Burman Sub-Family > Tibeto-Himalayan Branch > Non-Pronominalized Himalayan Group > Gurung,Gurung,0,128,477,482,3,Assam,711,468,243
A. Vernaculars of India > Tibeto-Chinese Family > Tibeto-Burman Sub-Family > Tibeto-Himalayan Branch > Non-Pronominalized Himalayan Group > Gurung,Gurung,0,128,477,482,4,Baluchistan (Districts and Administered Territories),16,16,
A. Vernaculars of India > Tibeto-Chinese Family > Tibeto-Burman Sub-Family > Tibeto-Himalayan Branch > Non-Pronominalized Himalayan Group > Gurung,Gurung,0,128,477,482,5,Bengal,2259,1122,1137
A. Vernaculars of India > Tibeto-Chinese Family > Tibeto-Burman Sub-Family > Tibeto-Himalayan Branch > Non-Pronominalized Himalayan Group > Gurung,Gurung,0,128,477,482,16,Assam States,51,37,14
A. Vernaculars of India > Tibeto-Chinese Family > Tibeto-Burman Sub-Family > Tibeto-Himalayan Branch > Non-Pronominalized Himalayan Group > Gurung,Gurung,0,128,477,482,19,Bengal States,494,211,283
A. Vernaculars of India > Tibeto-Chinese Family > Tibeto-Burman Sub-Family > Tibeto-Himalayan Branch > Non-Pronominalized Himalayan Group > Gurung,Gurung,0,128,477,482,33,Sikkim State,78,7,71
A. Vernaculars of India > Tibeto-Chinese Family > Tibeto-Burman Sub-Family > Tibeto-Himalayan Branch > Non-Pronominalized Himalayan Group > Murmi,Murmi,0,131,478,483,INDIA,India,42673,21926,20747
A. Vernaculars of India > Tibeto-Chinese Family > Tibeto-Burman Sub-Family > Tibeto-Himalayan Branch > Non-Pronominalized Himalayan Group > Murmi,Murmi,0,131,478,483,PROV,Provinces,34084,17383,16701
A. Vernaculars of India > Tibeto-Chinese Family > Tibeto-Burman Sub-Family > Tibeto-Himalayan Branch > Non-Pronominalized Himalayan Group > Murmi,Murmi,0,131,478,483,STATES,States and Agencies,8589,4543,4046
A. Vernaculars of India > Tibeto-Chinese Family > Tibeto-Burman Sub-Family > Tibeto-Himalayan Branch > Non-Pronominalized Himalayan Group > Murmi,Murmi,0,131,478,483,3,Assam,28,16,12
A. Vernaculars of India > Tibeto-Chinese Family > Tibeto-Burman Sub-Family > Tibeto-Himalayan Branch > Non-Pronominalized Himalayan Group > Murmi,Murmi,0,131,478,483,5,Bengal,34053,17365,16688
A. Vernaculars of India > Tibeto-Chinese Family > Tibeto-Burman Sub-Family > Tibeto-Himalayan Branch > Non-Pronominalized Himalayan Group > Murmi,Murmi,0,131,478,483,6,Bihar and Orissa,3,2,1
A. Vernaculars of India > Tibeto-Chinese Family > Tibeto-Burman Sub-Family > Tibeto-Himalayan Branch > Non-Pronominalized Himalayan Group > Murmi,Murmi,0,131,478,483,19,Bengal States,1607,979,628
A. Vernaculars of India > Tibeto-Chinese Family > Tibeto-Burman Sub-Family > Tibeto-Himalayan Branch > Non-Pronominalized Himalayan Group > Murmi,Murmi,0,131,478,483,33,Sikkim State,6982,3564,3418
A. Vernaculars of India > Tibeto-Chinese Family > Tibeto-Burman Sub-Family > Tibeto-Himalayan Branch > Non-Pronominalized Himalayan Group > Sunwar,Sunwar,0,134,478,483,INDIA,India,3433,1683,1750
A. Vernaculars of India > Tibeto-Chinese Family > Tibeto-Burman Sub-Family > Tibeto-Himalayan Branch > Non-Pronominalized Himalayan Group > Sunwar,Sunwar,0,134,478,483,PROV,Provinces,2754,1335,1419
A. Vernaculars of India > Tibeto-Chinese Family > Tibeto-Burman Sub-Family > Tibeto-Himalayan Branch > Non-Pronominalized Himalayan Group > Sunwar,Sunwar,0,134,478,483,STATES,States and Agencies,679,348,331
A. Vernaculars of India > Tibeto-Chinese Family > Tibeto-Burman Sub-Family > Tibeto-Himalayan Branch > Non-Pronominalized Himalayan Group > Sunwar,Sunwar,0,134,478,483,4,Baluchistan (Districts and Administered Territories),38,38,
A. Vernaculars of India > Tibeto-Chinese Family > Tibeto-Burman Sub-Family > Tibeto-Himalayan Branch > Non-Pronominalized Himalayan Group > Sunwar,Sunwar,0,134,478,483,5,Bengal,2716,1297,1419
A. Vernaculars of India > Tibeto-Chinese Family > Tibeto-Burman Sub-Family > Tibeto-Himalayan Branch > Non-Pronominalized Himalayan Group > Sunwar,Sunwar,0,134,478,483,33,Sikkim State,679,348,331
A. Vernaculars of India > Tibeto-Chinese Family > Tibeto-Burman Sub-Family > Tibeto-Himalayan Branch > Non-Pronominalized Himalayan Group > Magari,Magari,0,137,478,483,INDIA,India,17478,8683,8795
A. Vernaculars of India > Tibeto-Chinese Family > Tibeto-Burman Sub-Family > Tibeto-Himalayan Branch > Non-Pronominalized Himalayan Group > Magari,Magari,0,137,478,483,PROV,Provinces,14450,6991,7459
A. Vernaculars of India > Tibeto-Chinese Family > Tibeto-Burman Sub-Family > Tibeto-Himalayan Branch > Non-Pronominalized Himalayan Group > Magari,Magari,0,137,478,483,STATES,States and Agencies,3028,1692,1336
A. Vernaculars of India > Tibeto-Chinese Family > Tibeto-Burman Sub-Family > Tibeto-Himalayan Branch > Non-Pronominalized Himalayan Group > Magari,Magari,0,137,478,483,3,Assam,2207,1408,799
A. Vernaculars of India > Tibeto-Chinese Family > Tibeto-Burman Sub-Family > Tibeto-Himalayan Branch > Non-Pronominalized Himalayan Group > Magari,Magari,0,137,478,483,4,Baluchistan (Districts and Administered Territories),24,24,
A. Vernaculars of India > Tibeto-Chinese Family > Tibeto-Burman Sub-Family > Tibeto-Himalayan Branch > Non-Pronominalized Himalayan Group > Magari,Magari,0,137,478,483,5,Bengal,12216,5556,6660
A. Vernaculars of India > Tibeto-Chinese Family > Tibeto-Burman Sub-Family > Tibeto-Himalayan Branch > Non-Pronominalized Himalayan Group > Magari,Magari,0,137,478,483,6,Bihar and Orissa,3,3,
A. Vernaculars of India > Tibeto-Chinese Family > Tibeto-Burman Sub-Family > Tibeto-Himalayan Branch > Non-Pronominalized Himalayan Group > Magari,Magari,0,137,478,483,16,Assam States,247,173,74
A. Vernaculars of India > Tibeto-Chinese Family > Tibeto-Burman Sub-Family > Tibeto-Himalayan Branch > Non-Pronominalized Himalayan Group > Magari,Magari,0,137,478,483,19,Bengal States,1,1,
A. Vernaculars of India > Tibeto-Chinese Family > Tibeto-Burman Sub-Family > Tibeto-Himalayan Branch > Non-Pronominalized Himalayan Group > Magari,Magari,0,137,478,483,33,Sikkim State,2780,1518,1262
A. Vernaculars of India > Tibeto-Chinese Family > Tibeto-Burman Sub-Family > Tibeto-Himalayan Branch > Non-Pronominalized Himalayan Group > Newari,Newari,0,140,478,483,INDIA,India,9666,5325,4341
A. Vernaculars of India > Tibeto-Chinese Family > Tibeto-Burman Sub-Family > Tibeto-Himalayan Branch > Non-Pronominalized Himalayan Group > Newari,Newari,0,140,478,483,PROV,Provinces,7341,4011,3330
A. Vernaculars of India > Tibeto-Chinese Family > Tibeto-Burman Sub-Family > Tibeto-Himalayan Branch > Non-Pronominalized Himalayan Group > Newari,Newari,0,140,478,483,STATES,States and Agencies,2325,1314,1011
A. Vernaculars of India > Tibeto-Chinese Family > Tibeto-Burman Sub-Family > Tibeto-Himalayan Branch > Non-Pronominalized Himalayan Group > Newari,Newari,0,140,478,483,3,Assam,144,84,60
A. Vernaculars of India > Tibeto-Chinese Family > Tibeto-Burman Sub-Family > Tibeto-Himalayan Branch > Non-Pronominalized Himalayan Group > Newari,Newari,0,140,478,483,5,Bengal,7197,3927,3270
A. Vernaculars of India > Tibeto-Chinese Family > Tibeto-Burman Sub-Family > Tibeto-Himalayan Branch > Non-Pronominalized Himalayan Group > Newari,Newari,0,140,478,483,16,Assam States,32,20,12
A. Vernaculars of India > Tibeto-Chinese Family > Tibeto-Burman Sub-Family > Tibeto-Himalayan Branch > Non-Pronominalized Himalayan Group > Newari,Newari,0,140,478,483,28,Mysore State,35,32,3
A. Vernaculars of India > Tibeto-Chinese Family > Tibeto-Burman Sub-Family > Tibeto-Himalayan Branch > Non-Pronominalized Himalayan Group > Newari,Newari,0,140,478,483,33,Sikkim State,2258,1262,996
A. Vernaculars of India > Tibeto-Chinese Family > Tibeto-Burman Sub-Family > Tibeto-Himalayan Branch > Non-Pronominalized Himalayan Group > Rong or Lepcha,Rong or Lepcha,0,143,478,483,INDIA,India,25151,12655,12496
A. Vernaculars of India > Tibeto-Chinese Family > Tibeto-Burman Sub-Family > Tibeto-Himalayan Branch > Non-Pronominalized Himalayan Group > Rong or Lepcha,Rong or Lepcha,0,143,478,483,PROV,Provinces,11945,5994,5951
A. Vernaculars of India > Tibeto-Chinese Family > Tibeto-Burman Sub-Family > Tibeto-Himalayan Branch > Non-Pronominalized Himalayan Group > Rong or Lepcha,Rong or Lepcha,0,143,478,483,STATES,States and Agencies,13206,6661,6545
A. Vernaculars of India > Tibeto-Chinese Family > Tibeto-Burman Sub-Family > Tibeto-Himalayan Branch > Non-Pronominalized Himalayan Group > Rong or Lepcha,Rong or Lepcha,0,143,478,483,4,Baluchistan (Districts and Administered Territories),2,,2
A. Vernaculars of India > Tibeto-Chinese Family > Tibeto-Burman Sub-Family > Tibeto-Himalayan Branch > Non-Pronominalized Himalayan Group > Rong or Lepcha,Rong or Lepcha,0,143,478,483,5,Bengal,11943,5994,5949
A. Vernaculars of India > Tibeto-Chinese Family > Tibeto-Burman Sub-Family > Tibeto-Himalayan Branch > Non-Pronominalized Himalayan Group > Rong or Lepcha,Rong or Lepcha,0,143,478,483,33,Sikkim State,13206,6661,6545
A. Vernaculars of India > Tibeto-Chinese Family > Tibeto-Burman Sub-Family > Tibeto-Himalayan Branch > Non-Pronominalized Himalayan Group > Kami,Kami,0,146,478,483,INDIA,India,175,23,152
A. Vernaculars of India > Tibeto-Chinese Family > Tibeto-Burman Sub-Family > Tibeto-Himalayan Branch > Non-Pronominalized Himalayan Group > Kami,Kami,0,146,478,483,PROV,Provinces,148,7,141
A. Vernaculars of India > Tibeto-Chinese Family > Tibeto-Burman Sub-Family > Tibeto-Himalayan Branch > Non-Pronominalized Himalayan Group > Kami,Kami,0,146,478,483,STATES,States and Agencies,27,16,11
A. Vernaculars of India > Tibeto-Chinese Family > Tibeto-Burman Sub-Family > Tibeto-Himalayan Branch > Non-Pronominalized Himalayan Group > Kami,Kami,0,146,478,483,5,Bengal,148,7,141
A. Vernaculars of India > Tibeto-Chinese Family > Tibeto-Burman Sub-Family > Tibeto-Himalayan Branch > Non-Pronominalized Himalayan Group > Kami,Kami,0,146,478,483,33,Sikkim State,27,16,11
A. Vernaculars of India > Tibeto-Chinese Family > Tibeto-Burman Sub-Family > Tibeto-Himalayan Branch > Non-Pronominalized Himalayan Group > Manjhi,Manjhi,0,149,478,483,INDIA,India,299,146,153
A. Vernaculars of India > Tibeto-Chinese Family > Tibeto-Burman Sub-Family > Tibeto-Himalayan Branch > Non-Pronominalized Himalayan Group > Manjhi,Manjhi,0,149,478,483,PROV,Provinces,17,12,5
A. Vernaculars of India > Tibeto-Chinese Family > Tibeto-Burman Sub-Family > Tibeto-Himalayan Branch > Non-Pronominalized Himalayan Group > Manjhi,Manjhi,0,149,478,483,STATES,States and Agencies,282,134,148
A. Vernaculars of India > Tibeto-Chinese Family > Tibeto-Burman Sub-Family > Tibeto-Himalayan Branch > Non-Pronominalized Himalayan Group > Manjhi,Manjhi,0,149,478,483,5,Bengal,17,12,5
A. Vernaculars of India > Tibeto-Chinese Family > Tibeto-Burman Sub-Family > Tibeto-Himalayan Branch > Non-Pronominalized Himalayan Group > Manjhi,Manjhi,0,149,478,483,33,Sikkim State,282,134,148
A. Vernaculars of India > Tibeto-Chinese Family > Tibeto-Burman Sub-Family > North Assam Branch,North Assam Branch,1,152,478,483,INDIA,India,17843,9092,8751
A. Vernaculars of India > Tibeto-Chinese Family > Tibeto-Burman Sub-Family > North Assam Branch,North Assam Branch,1,152,478,483,PROV,Provinces,17837,9091,8746
A. Vernaculars of India > Tibeto-Chinese Family > Tibeto-Burman Sub-Family > North Assam Branch,North Assam Branch,1,152,478,483,STATES,States and Agencies,6,1,5
A. Vernaculars of India > Tibeto-Chinese Family > Tibeto-Burman Sub-Family > North Assam Branch,North Assam Branch,1,152,478,483,3,Assam,17836,9090,8746
A. Vernaculars of India > Tibeto-Chinese Family > Tibeto-Burman Sub-Family > North Assam Branch,North Assam Branch,1,152,478,483,13,North-West Frontier Province (Districts and Administered Territories),1,1,
A. Vernaculars of India > Tibeto-Chinese Family > Tibeto-Burman Sub-Family > North Assam Branch,North Assam Branch,1,152,478,483,16,Assam States,6,1,5
A. Vernaculars of India > Tibeto-Chinese Family > Tibeto-Burman Sub-Family > North Assam Branch > Aka,Aka,0,155,478,483,INDIA,India,33,28,5
A. Vernaculars of India > Tibeto-Chinese Family > Tibeto-Burman Sub-Family > North Assam Branch > Aka,Aka,0,155,478,483,PROV,Provinces,33,28,5
A. Vernaculars of India > Tibeto-Chinese Family > Tibeto-Burman Sub-Family > North Assam Branch > Aka,Aka,0,155,478,483,3,Assam,33,28,5
A. Vernaculars of India > Tibeto-Chinese Family > Tibeto-Burman Sub-Family > North Assam Branch > Abor,Abor,0,158,478,483,INDIA,India,13880,6846,7034
A. Vernaculars of India > Tibeto-Chinese Family > Tibeto-Burman Sub-Family > North Assam Branch > Abor,Abor,0,158,478,483,PROV,Provinces,13874,6845,7029
A. Vernaculars of India > Tibeto-Chinese Family > Tibeto-Burman Sub-Family > North Assam Branch > Abor,Abor,0,158,478,483,STATES,States and Agencies,6,1,5
A. Vernaculars of India > Tibeto-Chinese Family > Tibeto-Burman Sub-Family > North Assam Branch > Abor,Abor,0,158,478,483,3,Assam,13874,6845,7029
A. Vernaculars of India > Tibeto-Chinese Family > Tibeto-Burman Sub-Family > North Assam Branch > Abor,Abor,0,158,478,483,16,Assam States,6,1,5
A. Vernaculars of India > Tibeto-Chinese Family > Tibeto-Burman Sub-Family > North Assam Branch > Dafla,Dafla,0,161,478,483,INDIA,India,1644,931,713
A. Vernaculars of India > Tibeto-Chinese Family > Tibeto-Burman Sub-Family > North Assam Branch > Dafla,Dafla,0,161,478,483,PROV,Provinces,1644,931,713
A. Vernaculars of India > Tibeto-Chinese Family > Tibeto-Burman Sub-Family > North Assam Branch > Dafla,Dafla,0,161,478,483,3,Assam,1644,931,713
A. Vernaculars of India > Tibeto-Chinese Family > Tibeto-Burman Sub-Family > North Assam Branch > Mishmi,Mishmi,0,164,478,483,INDIA,India,2286,1287,999
A. Vernaculars of India > Tibeto-Chinese Family > Tibeto-Burman Sub-Family > North Assam Branch > Mishmi,Mishmi,0,164,478,483,PROV,Provinces,2286,1287,999
A. Vernaculars of India > Tibeto-Chinese Family > Tibeto-Burman Sub-Family > North Assam Branch > Mishmi,Mishmi,0,164,478,483,3,Assam,2285,1286,999
A. Vernaculars of India > Tibeto-Chinese Family > Tibeto-Burman Sub-Family > North Assam Branch > Mishmi,Mishmi,0,164,478,483,13,North-West Frontier Province (Districts and Administered Territories),1,1,
A. Vernaculars of India > Tibeto-Chinese Family > Tibeto-Burman Sub-Family > Assam-Burmese Branch,Assam-Burmese Branch,1,167,479,484,INDIA,India,12478611,6136706,6341905
A. Vernaculars of India > Tibeto-Chinese Family > Tibeto-Burman Sub-Family > Assam-Burmese Branch,Assam-Burmese Branch,1,167,479,484,PROV,Provinces,11838665,5821105,6017560
A. Vernaculars of India > Tibeto-Chinese Family > Tibeto-Burman Sub-Family > Assam-Burmese Branch,Assam-Burmese Branch,1,167,479,484,STATES,States and Agencies,639946,315601,324345
A. Vernaculars of India > Tibeto-Chinese Family > Tibeto-Burman Sub-Family > Assam-Burmese Branch,Assam-Burmese Branch,1,167,479,484,2,Andaman and Nicobar Islands,2745,2315,430
A. Vernaculars of India > Tibeto-Chinese Family > Tibeto-Burman Sub-Family > Assam-Burmese Branch,Assam-Burmese Branch,1,167,479,484,3,Assam,1149783,578731,571052
A. Vernaculars of India > Tibeto-Chinese Family > Tibeto-Burman Sub-Family > Assam-Burmese Branch,Assam-Burmese Branch,1,167,479,484,5,Bengal,192693,97192,95501
A. Vernaculars of India > Tibeto-Chinese Family > Tibeto-Burman Sub-Family > Assam-Burmese Branch,Assam-Burmese Branch,1,167,479,484,6,Bihar and Orissa,17,6,11
A. Vernaculars of India > Tibeto-Chinese Family > Tibeto-Burman Sub-Family > Assam-Burmese Branch,Assam-Burmese Branch,1,167,479,484,7,Bombay (including Aden),18,4,14
A. Vernaculars of India > Tibeto-Chinese Family > Tibeto-Burman Sub-Family > Assam-Burmese Branch,Assam-Burmese Branch,1,167,479,484,7a,Aden,1,1,
A. Vernaculars of India > Tibeto-Chinese Family > Tibeto-Burman Sub-Family > Assam-Burmese Branch,Assam-Burmese Branch,1,167,479,484,8,Burma,10492935,5142572,5350363
A. Vernaculars of India > Tibeto-Chinese Family > Tibeto-Burman Sub-Family > Assam-Burmese Branch,Assam-Burmese Branch,1,167,479,484,11,Delhi,19,14,5
A. Vernaculars of India > Tibeto-Chinese Family > Tibeto-Burman Sub-Family > Assam-Burmese Branch,Assam-Burmese Branch,1,167,479,484,12,Madras,134,112,22
A. Vernaculars of India > Tibeto-Chinese Family > Tibeto-Burman Sub-Family > Assam-Burmese Branch,Assam-Burmese Branch,1,167,479,484,13,North-West Frontier Province (Districts and Administered Territories),8,3,5
A. Vernaculars of India > Tibeto-Chinese Family > Tibeto-Burman Sub-Family > Assam-Burmese Branch,Assam-Burmese Branch,1,167,479,484,14,Punjab,174,77,97
A. Vernaculars of India > Tibeto-Chinese Family > Tibeto-Burman Sub-Family > Assam-Burmese Branch,Assam-Burmese Branch,1,167,479,484,15,United Provinces of Agra and Oudh,139,79,60
A. Vernaculars of India > Tibeto-Chinese Family > Tibeto-Burman Sub-Family > Assam-Burmese Branch,Assam-Burmese Branch,1,167,479,484,16,Assam States,447853,216400,231453
A. Vernaculars of India > Tibeto-Chinese Family > Tibeto-Burman Sub-Family > Assam-Burmese Branch,Assam-Burmese Branch,1,167,479,484,18,Baroda State,13,6,7
A. Vernaculars of India > Tibeto-Chinese Family > Tibeto-Burman Sub-Family > Assam-Burmese Branch,Assam-Burmese Branch,1,167,479,484,19,Bengal States,192006,99150,92856
A. Vernaculars of India > Tibeto-Chinese Family > Tibeto-Burman Sub-Family > Assam-Burmese Branch,Assam-Burmese Branch,1,167,479,484,22,Central India Agency,11,8,3
A. Vernaculars of India > Tibeto-Chinese Family > Tibeto-Burman Sub-Family > Assam-Burmese Branch,Assam-Burmese Branch,1,167,479,484,25,Hyderabad State,20,16,4
A. Vernaculars of India > Tibeto-Chinese Family > Tibeto-Burman Sub-Family > Assam-Burmese Branch,Assam-Burmese Branch,1,167,479,484,26,Jammu and Kashmir State,5,1,4
A. Vernaculars of India > Tibeto-Chinese Family > Tibeto-Burman Sub-Family > Assam-Burmese Branch,Assam-Burmese Branch,1,167,479,484,28,Mysore State,3,2,1
A. Vernaculars of India > Tibeto-Chinese Family > Tibeto-Burman Sub-Family > Assam-Burmese Branch,Assam-Burmese Branch,1,167,479,484,31,Punjab States Agency,22,10,12
A. Vernaculars of India > Tibeto-Chinese Family > Tibeto-Burman Sub-Family > Assam-Burmese Branch,Assam-Burmese Branch,1,167,479,484,32,Rajputana Agency,5,5,
A. Vernaculars of India > Tibeto-Chinese Family > Tibeto-Burman Sub-Family > Assam-Burmese Branch,Assam-Burmese Branch,1,167,479,484,35,Western India States Agency,8,3,5
A. Vernaculars of India > Tibeto-Chinese Family > Tibeto-Burman Sub-Family > Assam-Burmese Branch > Bara or Bodo Group,Bara or Bodo Group,1,170,479,484,INDIA,India,911210,465768,445442
A. Vernaculars of India > Tibeto-Chinese Family > Tibeto-Burman Sub-Family > Assam-Burmese Branch > Bara or Bodo Group,Bara or Bodo Group,1,170,479,484,PROV,Provinces,749350,379429,369921
A. Vernaculars of India > Tibeto-Chinese Family > Tibeto-Burman Sub-Family > Assam-Burmese Branch > Bara or Bodo Group,Bara or Bodo Group,1,170,479,484,STATES,States and Agencies,161860,86339,75521
A. Vernaculars of India > Tibeto-Chinese Family > Tibeto-Burman Sub-Family > Assam-Burmese Branch > Bara or Bodo Group,Bara or Bodo Group,1,170,479,484,3,Assam,655188,331865,323323
A. Vernaculars of India > Tibeto-Chinese Family > Tibeto-Burman Sub-Family > Assam-Burmese Branch > Bara or Bodo Group,Bara or Bodo Group,1,170,479,484,5,Bengal,94135,47538,46597
A. Vernaculars of India > Tibeto-Chinese Family > Tibeto-Burman Sub-Family > Assam-Burmese Branch > Bara or Bodo Group,Bara or Bodo Group,1,170,479,484,12,Madras,25,25,
A. Vernaculars of India > Tibeto-Chinese Family > Tibeto-Burman Sub-Family > Assam-Burmese Branch > Bara or Bodo Group,Bara or Bodo Group,1,170,479,484,15,United Provinces of Agra and Oudh,2,1,1
A. Vernaculars of India > Tibeto-Chinese Family > Tibeto-Burman Sub-Family > Assam-Burmese Branch > Bara or Bodo Group,Bara or Bodo Group,1,170,479,484,16,Assam States,9123,4576,4547
A. Vernaculars of India > Tibeto-Chinese Family > Tibeto-Burman Sub-Family > Assam-Burmese Branch > Bara or Bodo Group,Bara or Bodo Group,1,170,479,484,19,Bengal States,152735,81762,70973
A. Vernaculars of India > Tibeto-Chinese Family > Tibeto-Burman Sub-Family > Assam-Burmese Branch > Bara or Bodo Group,Bara or Bodo Group,1,170,479,484,26,Jammu and Kashmir State,2,1,1
A. Vernaculars of India > Tibeto-Chinese Family > Tibeto-Burman Sub-Family > Assam-Burmese Branch > Bara or Bodo Group > Garo,Garo,0,173,479,484,INDIA,India,230674,117214,113460
A. Vernaculars of India > Tibeto-Chinese Family > Tibeto-Burman Sub-Family > Assam-Burmese Branch > Bara or Bodo Group > Garo,Garo,0,173,479,484,PROV,Provinces,221595,112340,109255
A. Vernaculars of India > Tibeto-Chinese Family > Tibeto-Burman Sub-Family > Assam-Burmese Branch > Bara or Bodo Group > Garo,Garo,0,173,479,484,STATES,States and Agencies,9079,4874,4205
A. Vernaculars of India > Tibeto-Chinese Family > Tibeto-Burman Sub-Family > Assam-Burmese Branch > Bara or Bodo Group > Garo,Garo,0,173,479,484,3,Assam,187266,94514,92752
A. Vernaculars of India > Tibeto-Chinese Family > Tibeto-Burman Sub-Family > Assam-Burmese Branch > Bara or Bodo Group > Garo,Garo,0,173,479,484,5,Bengal,34327,17825,16502
A. Vernaculars of India > Tibeto-Chinese Family > Tibeto-Burman Sub-Family > Assam-Burmese Branch > Bara or Bodo Group > Garo,Garo,0,173,479,484,15,United Provinces of Agra and Oudh,2,1,1
A. Vernaculars of India > Tibeto-Chinese Family > Tibeto-Burman Sub-Family > Assam-Burmese Branch > Bara or Bodo Group > Garo,Garo,0,173,479,484,16,Assam States,5214,2563,2651
A. Vernaculars of India > Tibeto-Chinese Family > Tibeto-Burman Sub-Family > Assam-Burmese Branch > Bara or Bodo Group > Garo,Garo,0,173,479,484,19,Bengal States,3865,2311,1554
A. Vernaculars of India > Tibeto-Chinese Family > Tibeto-Burman Sub-Family > Assam-Burmese Branch > Bara or Bodo Group > Rabha,Rabha,0,176,479,484,INDIA,India,27008,13463,13545
A. Vernaculars of India > Tibeto-Chinese Family > Tibeto-Burman Sub-Family > Assam-Burmese Branch > Bara or Bodo Group > Rabha,Rabha,0,176,479,484,PROV,Provinces,27004,13462,13542
A. Vernaculars of India > Tibeto-Chinese Family > Tibeto-Burman Sub-Family > Assam-Burmese Branch > Bara or Bodo Group > Rabha,Rabha,0,176,479,484,STATES,States and Agencies,4,1,3
A. Vernaculars of India > Tibeto-Chinese Family > Tibeto-Burman Sub-Family > Assam-Burmese Branch > Bara or Bodo Group > Rabha,Rabha,0,176,479,484,3,Assam,27004,13462,13542
A. Vernaculars of India > Tibeto-Chinese Family > Tibeto-Burman Sub-Family > Assam-Burmese Branch > Bara or Bodo Group > Rabha,Rabha,0,176,479,484,16,Assam States,2,,2
A. Vernaculars of India > Tibeto-Chinese Family > Tibeto-Burman Sub-Family > Assam-Burmese Branch > Bara or Bodo Group > Rabha,Rabha,0,176,479,484,26,Jammu and Kashmir State,2,1,1
A. Vernaculars of India > Tibeto-Chinese Family > Tibeto-Burman Sub-Family > Assam-Burmese Branch > Bara or Bodo Group > Chutiya,Chutiya,0,179,479,484,INDIA,India,4317,2246,2071
A. Vernaculars of India > Tibeto-Chinese Family > Tibeto-Burman Sub-Family > Assam-Burmese Branch > Bara or Bodo Group > Chutiya,Chutiya,0,179,479,484,PROV,Provinces,4317,2246,2071
A. Vernaculars of India > Tibeto-Chinese Family > Tibeto-Burman Sub-Family > Assam-Burmese Branch > Bara or Bodo Group > Chutiya,Chutiya,0,179,479,484,3,Assam,4315,2244,2071
A. Vernaculars of India > Tibeto-Chinese Family > Tibeto-Burman Sub-Family > Assam-Burmese Branch > Bara or Bodo Group > Chutiya,Chutiya,0,179,479,484,12,Madras,2,2,
A. Vernaculars of India > Tibeto-Chinese Family > Tibeto-Burman Sub-Family > Assam-Burmese Branch > Bara or Bodo Group > Koch,Koch,0,182,479,484,INDIA,India,9552,4897,4655
A. Vernaculars of India > Tibeto-Chinese Family > Tibeto-Burman Sub-Family > Assam-Burmese Branch > Bara or Bodo Group > Koch,Koch,0,182,479,484,PROV,Provinces,9211,4665,4546
A. Vernaculars of India > Tibeto-Chinese Family > Tibeto-Burman Sub-Family > Assam-Burmese Branch > Bara or Bodo Group > Koch,Koch,0,182,479,484,STATES,States and Agencies,341,232,109
A. Vernaculars of India > Tibeto-Chinese Family > Tibeto-Burman Sub-Family > Assam-Burmese Branch > Bara or Bodo Group > Koch,Koch,0,182,479,484,3,Assam,1370,678,692
A. Vernaculars of India > Tibeto-Chinese Family > Tibeto-Burman Sub-Family > Assam-Burmese Branch > Bara or Bodo Group > Koch,Koch,0,182,479,484,5,Bengal,7818,3964,3854
A. Vernaculars of India > Tibeto-Chinese Family > Tibeto-Burman Sub-Family > Assam-Burmese Branch > Bara or Bodo Group > Koch,Koch,0,182,479,484,12,Madras,23,23,
A. Vernaculars of India > Tibeto-Chinese Family > Tibeto-Burman Sub-Family > Assam-Burmese Branch > Bara or Bodo Group > Koch,Koch,0,182,479,484,19,Bengal States,341,232,109
A. Vernaculars of India > Tibeto-Chinese Family > Tibeto-Burman Sub-Family > Assam-Burmese Branch > Bara or Bodo Group > Bara Bodo or Plains Kachari,Bara Bodo or Plains Kachari,0,185,479,484,INDIA,India,291376,148280,143096
A. Vernaculars of India > Tibeto-Chinese Family > Tibeto-Burman Sub-Family > Assam-Burmese Branch > Bara or Bodo Group > Bara Bodo or Plains Kachari,Bara Bodo or Plains Kachari,0,185,479,484,PROV,Provinces,290935,148054,142881
A. Vernaculars of India > Tibeto-Chinese Family > Tibeto-Burman Sub-Family > Assam-Burmese Branch > Bara or Bodo Group > Bara Bodo or Plains Kachari,Bara Bodo or Plains Kachari,0,185,479,484,STATES,States and Agencies,441,226,215
A. Vernaculars of India > Tibeto-Chinese Family > Tibeto-Burman Sub-Family > Assam-Burmese Branch > Bara or Bodo Group > Bara Bodo or Plains Kachari,Bara Bodo or Plains Kachari,0,185,479,484,3,Assam,282372,143418,138954
A. Vernaculars of India > Tibeto-Chinese Family > Tibeto-Burman Sub-Family > Assam-Burmese Branch > Bara or Bodo Group > Bara Bodo or Plains Kachari,Bara Bodo or Plains Kachari,0,185,479,484,5,Bengal,8563,4636,3927
A. Vernaculars of India > Tibeto-Chinese Family > Tibeto-Burman Sub-Family > Assam-Burmese Branch > Bara or Bodo Group > Bara Bodo or Plains Kachari,Bara Bodo or Plains Kachari,0,185,479,484,16,Assam States,210,126,84
A. Vernaculars of India > Tibeto-Chinese Family > Tibeto-Burman Sub-Family > Assam-Burmese Branch > Bara or Bodo Group > Bara Bodo or Plains Kachari,Bara Bodo or Plains Kachari,0,185,479,484,19,Bengal States,231,100,131
A. Vernaculars of India > Tibeto-Chinese Family > Tibeto-Burman Sub-Family > Assam-Burmese Branch > Bara or Bodo Group > Dimasa or Hills Kachari,Dimasa or Hills Kachari,0,188,479,484,INDIA,India,14680,7439,7241
A. Vernaculars of India > Tibeto-Chinese Family > Tibeto-Burman Sub-Family > Assam-Burmese Branch > Bara or Bodo Group > Dimasa or Hills Kachari,Dimasa or Hills Kachari,0,188,479,484,PROV,Provinces,14680,7439,7241
A. Vernaculars of India > Tibeto-Chinese Family > Tibeto-Burman Sub-Family > Assam-Burmese Branch > Bara or Bodo Group > Dimasa or Hills Kachari,Dimasa or Hills Kachari,0,188,479,484,3,Assam,14680,7439,7241
A. Vernaculars of India > Tibeto-Chinese Family > Tibeto-Burman Sub-Family > Assam-Burmese Branch > Bara or Bodo Group > Lalung,Lalung,0,191,479,484,INDIA,India,9017,4280,4737
A. Vernaculars of India > Tibeto-Chinese Family > Tibeto-Burman Sub-Family > Assam-Burmese Branch > Bara or Bodo Group > Lalung,Lalung,0,191,479,484,PROV,Provinces,8673,4089,4584
A. Vernaculars of India > Tibeto-Chinese Family > Tibeto-Burman Sub-Family > Assam-Burmese Branch > Bara or Bodo Group > Lalung,Lalung,0,191,479,484,STATES,States and Agencies,344,191,153
A. Vernaculars of India > Tibeto-Chinese Family > Tibeto-Burman Sub-Family > Assam-Burmese Branch > Bara or Bodo Group > Lalung,Lalung,0,191,479,484,3,Assam,8673,4089,4584
A. Vernaculars of India > Tibeto-Chinese Family > Tibeto-Burman Sub-Family > Assam-Burmese Branch > Bara or Bodo Group > Lalung,Lalung,0,191,479,484,16,Assam States,344,191,153
A. Vernaculars of India > Tibeto-Chinese Family > Tibeto-Burman Sub-Family > Assam-Burmese Branch > Bara or Bodo Group > Tipura (Mrung),Tipura (Mrung),0,194,479,484,INDIA,India,198129,103768,94361
A. Vernaculars of India > Tibeto-Chinese Family > Tibeto-Burman Sub-Family > Assam-Burmese Branch > Bara or Bodo Group > Tipura (Mrung),Tipura (Mrung),0,194,479,484,PROV,Provinces,49510,24481,25029
A. Vernaculars of India > Tibeto-Chinese Family > Tibeto-Burman Sub-Family > Assam-Burmese Branch > Bara or Bodo Group > Tipura (Mrung),Tipura (Mrung),0,194,479,484,STATES,States and Agencies,148619,79287,69332
A. Vernaculars of India > Tibeto-Chinese Family > Tibeto-Burman Sub-Family > Assam-Burmese Branch > Bara or Bodo Group > Tipura (Mrung),Tipura (Mrung),0,194,479,484,3,Assam,6083,3368,2715
A. Vernaculars of India > Tibeto-Chinese Family > Tibeto-Burman Sub-Family > Assam-Burmese Branch > Bara or Bodo Group > Tipura (Mrung),Tipura (Mrung),0,194,479,484,5,Bengal,43427,21113,22314
A. Vernaculars of India > Tibeto-Chinese Family > Tibeto-Burman Sub-Family > Assam-Burmese Branch > Bara or Bodo Group > Tipura (Mrung),Tipura (Mrung),0,194,479,484,16,Assam States,321,168,153
A. Vernaculars of India > Tibeto-Chinese Family > Tibeto-Burman Sub-Family > Assam-Burmese Branch > Bara or Bodo Group > Tipura (Mrung),Tipura (Mrung),0,194,479,484,19,Bengal States,148298,79119,69179
A. Vernaculars of India > Tibeto-Chinese Family > Tibeto-Burman Sub-Family > Assam-Burmese Branch > Mikir Language,Mikir Language,1,,,,INDIA,India,126457,64181,62276
A. Vernaculars of India > Tibeto-Chinese Family > Tibeto-Burman Sub-Family > Assam-Burmese Branch > Mikir Language,Mikir Language,1,,,,PROV,Provinces,123425,62653,60772
A. Vernaculars of India > Tibeto-Chinese Family > Tibeto-Burman Sub-Family > Assam-Burmese Branch > Mikir Language,Mikir Language,1,,,,STATES,States and Agencies,3032,1528,1504
A. Vernaculars of India > Tibeto-Chinese Family > Tibeto-Burman Sub-Family > Assam-Burmese Branch > Mikir Language,Mikir Language,1,,,,3,Assam,123425,62653,60772
A. Vernaculars of India > Tibeto-Chinese Family > Tibeto-Burman Sub-Family > Assam-Burmese Branch > Mikir Language,Mikir Language,1,,,,16,Assam States,3032,1528,1504
A. Vernaculars of India > Tibeto-Chinese Family > Tibeto-Burman Sub-Family > Assam-Burmese Branch > Mikir Language > Mikir,Mikir,0,197,479,484,INDIA,India,126457,64181,62276
A. Vernaculars of India > Tibeto-Chinese Family > Tibeto-Burman Sub-Family > Assam-Burmese Branch > Mikir Language > Mikir,Mikir,0,197,479,484,PROV,Provinces,123425,62653,60772
A. Vernaculars of India > Tibeto-Chinese Family > Tibeto-Burman Sub-Family > Assam-Burmese Branch > Mikir Language > Mikir,Mikir,0,197,479,484,STATES,States and Agencies,3032,1528,1504
A. Vernaculars of India > Tibeto-Chinese Family > Tibeto-Burman Sub-Family > Assam-Burmese Branch > Mikir Language > Mikir,Mikir,0,197,479,484,3,Assam,123425,62653,60772
A. Vernaculars of India > Tibeto-Chinese Family > Tibeto-Burman Sub-Family > Assam-Burmese Branch > Mikir Language > Mikir,Mikir,0,197,479,484,16,Assam States,3032,1528,1504
A. Vernaculars of India > Tibeto-Chinese Family > Tibeto-Burman Sub-Family > Assam-Burmese Branch > Naga Group,Naga Group,1,200,479,484,INDIA,India,349111,173345,175766
A. Vernaculars of India > Tibeto-Chinese Family > Tibeto-Burman Sub-Family > Assam-Burmese Branch > Naga Group,Naga Group,1,200,479,484,PROV,Provinces,273059,136937,136122
A. Vernaculars of India > Tibeto-Chinese Family > Tibeto-Burman Sub-Family > Assam-Burmese Branch > Naga Group,Naga Group,1,200,479,484,STATES,States and Agencies,76052,36408,39644
A. Vernaculars of India > Tibeto-Chinese Family > Tibeto-Burman Sub-Family > Assam-Burmese Branch > Naga Group,Naga Group,1,200,479,484,3,Assam,268858,134792,134066
A. Vernaculars of India > Tibeto-Chinese Family > Tibeto-Burman Sub-Family > Assam-Burmese Branch > Naga Group,Naga Group,1,200,479,484,8,Burma,4201,2145,2056
A. Vernaculars of India > Tibeto-Chinese Family > Tibeto-Burman Sub-Family > Assam-Burmese Branch > Naga Group,Naga Group,1,200,479,484,16,Assam States,76052,36408,39644
A. Vernaculars of India > Tibeto-Chinese Family > Tibeto-Burman Sub-Family > Assam-Burmese Branch > Naga Group > Naga-Bodo Sub-Group,Naga-Bodo Sub-Group,1,203,480,485,INDIA,India,40864,19622,21242
A. Vernaculars of India > Tibeto-Chinese Family > Tibeto-Burman Sub-Family > Assam-Burmese Branch > Naga Group > Naga-Bodo Sub-Group,Naga-Bodo Sub-Group,1,203,480,485,PROV,Provinces,12530,6191,6339
A. Vernaculars of India > Tibeto-Chinese Family > Tibeto-Burman Sub-Family > Assam-Burmese Branch > Naga Group > Naga-Bodo Sub-Group,Naga-Bodo Sub-Group,1,203,480,485,STATES,States and Agencies,28334,13431,14903
A. Vernaculars of India > Tibeto-Chinese Family > Tibeto-Burman Sub-Family > Assam-Burmese Branch > Naga Group > Naga-Bodo Sub-Group,Naga-Bodo Sub-Group,1,203,480,485,3,Assam,12530,6191,6339
A. Vernaculars of India > Tibeto-Chinese Family > Tibeto-Burman Sub-Family > Assam-Burmese Branch > Naga Group > Naga-Bodo Sub-Group,Naga-Bodo Sub-Group,1,203,480,485,16,Assam States,28334,13431,14903
A. Vernaculars of India > Tibeto-Chinese Family > Tibeto-Burman Sub-Family > Assam-Burmese Branch > Naga Group > Naga-Bodo Sub-Group > Kachha Naga,Kachha Naga,0,206,480,485,INDIA,India,7282,3746,3536
A. Vernaculars of India > Tibeto-Chinese Family > Tibeto-Burman Sub-Family > Assam-Burmese Branch > Naga Group > Naga-Bodo Sub-Group > Kachha Naga,Kachha Naga,0,206,480,485,STATES,States and Agencies,7282,3536,3746
A. Vernaculars of India > Tibeto-Chinese Family > Tibeto-Burman Sub-Family > Assam-Burmese Branch > Naga Group > Naga-Bodo Sub-Group > Kachha Naga,Kachha Naga,0,206,480,485,16,Assam States,7282,3536,3746
A. Vernaculars of India > Tibeto-Chinese Family > Tibeto-Burman Sub-Family > Assam-Burmese Branch > Naga Group > Naga-Bodo Sub-Group > Kabui,Kabui,0,209,480,485,INDIA,India,18475,8664,9811
A. Vernaculars of India > Tibeto-Chinese Family > Tibeto-Burman Sub-Family > Assam-Burmese Branch > Naga Group > Naga-Bodo Sub-Group > Kabui,Kabui,0,209,480,485,PROV,Provinces,33,17,16
A. Vernaculars of India > Tibeto-Chinese Family > Tibeto-Burman Sub-Family > Assam-Burmese Branch > Naga Group > Naga-Bodo Sub-Group > Kabui,Kabui,0,209,480,485,STATES,States and Agencies,18442,8647,9795
A. Vernaculars of India > Tibeto-Chinese Family > Tibeto-Burman Sub-Family > Assam-Burmese Branch > Naga Group > Naga-Bodo Sub-Group > Kabui,Kabui,0,209,480,485,3,Assam,33,17,16
A. Vernaculars of India > Tibeto-Chinese Family > Tibeto-Burman Sub-Family > Assam-Burmese Branch > Naga Group > Naga-Bodo Sub-Group > Kabui,Kabui,0,209,480,485,16,Assam States,18442,8647,9795
A. Vernaculars of India > Tibeto-Chinese Family > Tibeto-Burman Sub-Family > Assam-Burmese Branch > Naga Group > Naga-Bodo Sub-Group > Others,Others,0,212,480,485,INDIA,India,15107,7422,7685
A. Vernaculars of India > Tibeto-Chinese Family > Tibeto-Burman Sub-Family > Assam-Burmese Branch > Naga Group > Naga-Bodo Sub-Group > Others,Others,0,212,480,485,PROV,Provinces,12497,6174,6323
A. Vernaculars of India > Tibeto-Chinese Family > Tibeto-Burman Sub-Family > Assam-Burmese Branch > Naga Group > Naga-Bodo Sub-Group > Others,Others,0,212,480,485,STATES,States and Agencies,2610,1248,1362
A. Vernaculars of India > Tibeto-Chinese Family > Tibeto-Burman Sub-Family > Assam-Burmese Branch > Naga Group > Naga-Bodo Sub-Group > Others,Others,0,212,480,485,3,Assam,12497,6174,6323
A. Vernaculars of India > Tibeto-Chinese Family > Tibeto-Burman Sub-Family > Assam-Burmese Branch > Naga Group > Naga-Bodo Sub-Group > Others,Others,0,212,480,485,16,Assam States,2610,1248,1362
A. Vernaculars of India > Tibeto-Chinese Family > Tibeto-Burman Sub-Family > Assam-Burmese Branch > Naga Group > Western Naga Sub-Group,Western Naga Sub-Group,1,215,480,485,INDIA,India,93369,47136,46233
A. Vernaculars of India > Tibeto-Chinese Family > Tibeto-Burman Sub-Family > Assam-Burmese Branch > Naga Group > Western Naga Sub-Group,Western Naga Sub-Group,1,215,480,485,PROV,Provinces,92804,46817,45987
A. Vernaculars of India > Tibeto-Chinese Family > Tibeto-Burman Sub-Family > Assam-Burmese Branch > Naga Group > Western Naga Sub-Group,Western Naga Sub-Group,1,215,480,485,STATES,States and Agencies,565,319,246
A. Vernaculars of India > Tibeto-Chinese Family > Tibeto-Burman Sub-Family > Assam-Burmese Branch > Naga Group > Western Naga Sub-Group,Western Naga Sub-Group,1,215,480,485,3,Assam,92804,46817,45987
A. Vernaculars of India > Tibeto-Chinese Family > Tibeto-Burman Sub-Family > Assam-Burmese Branch > Naga Group > Western Naga Sub-Group,Western Naga Sub-Group,1,215,480,485,16,Assam States,565,319,246
A. Vernaculars of India > Tibeto-Chinese Family > Tibeto-Burman Sub-Family > Assam-Burmese Branch > Naga Group > Western Naga Sub-Group > Angami,Angami,0,218,480,485,INDIA,India,43666,22203,21463
A. Vernaculars of India > Tibeto-Chinese Family > Tibeto-Burman Sub-Family > Assam-Burmese Branch > Naga Group > Western Naga Sub-Group > Angami,Angami,0,218,480,485,PROV,Provinces,43120,21903,21217
A. Vernaculars of India > Tibeto-Chinese Family > Tibeto-Burman Sub-Family > Assam-Burmese Branch > Naga Group > Western Naga Sub-Group > Angami,Angami,0,218,480,485,STATES,States and Agencies,546,300,246
A. Vernaculars of India > Tibeto-Chinese Family > Tibeto-Burman Sub-Family > Assam-Burmese Branch > Naga Group > Western Naga Sub-Group > Angami,Angami,0,218,480,485,3,Assam,43120,21903,21217
A. Vernaculars of India > Tibeto-Chinese Family > Tibeto-Burman Sub-Family > Assam-Burmese Branch > Naga Group > Western Naga Sub-Group > Angami,Angami,0,218,480,485,16,Assam States,546,300,246
A. Vernaculars of India > Tibeto-Chinese Family > Tibeto-Burman Sub-Family > Assam-Burmese Branch > Naga Group > Western Naga Sub-Group > Kezhama,Kezhama,0,221,480,485,INDIA,India,5288,2879,2409
A. Vernaculars of India > Tibeto-Chinese Family > Tibeto-Burman Sub-Family > Assam-Burmese Branch > Naga Group > Western Naga Sub-Group > Kezhama,Kezhama,0,221,480,485,PROV,Provinces,5286,2877,2409
A. Vernaculars of India > Tibeto-Chinese Family > Tibeto-Burman Sub-Family > Assam-Burmese Branch > Naga Group > Western Naga Sub-Group > Kezhama,Kezhama,0,221,480,485,STATES,States and Agencies,2,2,
A. Vernaculars of India > Tibeto-Chinese Family > Tibeto-Burman Sub-Family > Assam-Burmese Branch > Naga Group > Western Naga Sub-Group > Kezhama,Kezhama,0,221,480,485,3,Assam,5286,2877,2409
A. Vernaculars of India > Tibeto-Chinese Family > Tibeto-Burman Sub-Family > Assam-Burmese Branch > Naga Group > Western Naga Sub-Group > Kezhama,Kezhama,0,221,480,485,16,Assam States,2,2,
A. Vernaculars of India > Tibeto-Chinese Family > Tibeto-Burman Sub-Family > Assam-Burmese Branch > Naga Group > Western Naga Sub-Group > Sema,Sema,0,224,480,485,INDIA,India,38146,18937,19209
A. Vernaculars of India > Tibeto-Chinese Family > Tibeto-Burman Sub-Family > Assam-Burmese Branch > Naga Group > Western Naga Sub-Group > Sema,Sema,0,224,480,485,PROV,Provinces,38129,18920,19209
A. Vernaculars of India > Tibeto-Chinese Family > Tibeto-Burman Sub-Family > Assam-Burmese Branch > Naga Group > Western Naga Sub-Group > Sema,Sema,0,224,480,485,STATES,States and Agencies,17,17,
A. Vernaculars of India > Tibeto-Chinese Family > Tibeto-Burman Sub-Family > Assam-Burmese Branch > Naga Group > Western Naga Sub-Group > Sema,Sema,0,224,480,485,3,Assam,38129,18920,19209
A. Vernaculars of India > Tibeto-Chinese Family > Tibeto-Burman Sub-Family > Assam-Burmese Branch > Naga Group > Western Naga Sub-Group > Sema,Sema,0,224,480,485,16,Assam States,17,17,
A. Vernaculars of India > Tibeto-Chinese Family > Tibeto-Burman Sub-Family > Assam-Burmese Branch > Naga Group > Western Naga Sub-Group > Rengma (all branches),Rengma (all branches),0,227,480,485,INDIA,India,6269,3117,3152
A. Vernaculars of India > Tibeto-Chinese Family > Tibeto-Burman Sub-Family > Assam-Burmese Branch > Naga Group > Western Naga Sub-Group > Rengma (all branches),Rengma (all branches),0,227,480,485,PROV,Provinces,6269,3117,3152
A. Vernaculars of India > Tibeto-Chinese Family > Tibeto-Burman Sub-Family > Assam-Burmese Branch > Naga Group > Western Naga Sub-Group > Rengma (all branches),Rengma (all branches),0,227,480,485,3,Assam,6269,3117,3152
A. Vernaculars of India > Tibeto-Chinese Family > Tibeto-Burman Sub-Family > Assam-Burmese Branch > Naga Group > Central Naga Sub-Group,Central Naga Sub-Group,1,230,480,485,INDIA,India,55733,26474,29259
A. Vernaculars of India > Tibeto-Chinese Family > Tibeto-Burman Sub-Family > Assam-Burmese Branch > Naga Group > Central Naga Sub-Group,Central Naga Sub-Group,1,230,480,485,PROV,Provinces,55728,26472,29256
A. Vernaculars of India > Tibeto-Chinese Family > Tibeto-Burman Sub-Family > Assam-Burmese Branch > Naga Group > Central Naga Sub-Group,Central Naga Sub-Group,1,230,480,485,STATES,States and Agencies,5,2,3
A. Vernaculars of India > Tibeto-Chinese Family > Tibeto-Burman Sub-Family > Assam-Burmese Branch > Naga Group > Central Naga Sub-Group,Central Naga Sub-Group,1,230,480,485,3,Assam,55728,26472,29256
A. Vernaculars of India > Tibeto-Chinese Family > Tibeto-Burman Sub-Family > Assam-Burmese Branch > Naga Group > Central Naga Sub-Group,Central Naga Sub-Group,1,230,480,485,16,Assam States,5,2,3
A. Vernaculars of India > Tibeto-Chinese Family > Tibeto-Burman Sub-Family > Assam-Burmese Branch > Naga Group > Central Naga Sub-Group > Ao,Ao,0,233,480,485,INDIA,India,33117,15325,17792
A. Vernaculars of India > Tibeto-Chinese Family > Tibeto-Burman Sub-Family > Assam-Burmese Branch > Naga Group > Central Naga Sub-Group > Ao,Ao,0,233,480,485,PROV,Provinces,33117,15325,17792
A. Vernaculars of India > Tibeto-Chinese Family > Tibeto-Burman Sub-Family > Assam-Burmese Branch > Naga Group > Central Naga Sub-Group > Ao,Ao,0,233,480,485,3,Assam,33117,15325,17792
A. Vernaculars of India > Tibeto-Chinese Family > Tibeto-Burman Sub-Family > Assam-Burmese Branch > Naga Group > Central Naga Sub-Group > Lhota,Lhota,0,236,480,485,INDIA,India,18254,8970,9284
A. Vernaculars of India > Tibeto-Chinese Family > Tibeto-Burman Sub-Family > Assam-Burmese Branch > Naga Group > Central Naga Sub-Group > Lhota,Lhota,0,236,480,485,PROV,Provinces,18249,8968,9281
A. Vernaculars of India > Tibeto-Chinese Family > Tibeto-Burman Sub-Family > Assam-Burmese Branch > Naga Group > Central Naga Sub-Group > Lhota,Lhota,0,236,480,485,STATES,States and Agencies,5,2,3
A. Vernaculars of India > Tibeto-Chinese Family > Tibeto-Burman Sub-Family > Assam-Burmese Branch > Naga Group > Central Naga Sub-Group > Lhota,Lhota,0,236,480,485,3,Assam,18249,8968,9281
A. Vernaculars of India > Tibeto-Chinese Family > Tibeto-Burman Sub-Family > Assam-Burmese Branch > Naga Group > Central Naga Sub-Group > Lhota,Lhota,0,236,480,485,16,Assam States,5,2,3
A. Vernaculars of India > Tibeto-Chinese Family > Tibeto-Burman Sub-Family > Assam-Burmese Branch > Naga Group > Central Naga Sub-Group > Sangtam,Sangtam,0,239,480,485,INDIA,India,4362,2179,2183
A. Vernaculars of India > Tibeto-Chinese Family > Tibeto-Burman Sub-Family > Assam-Burmese Branch > Naga Group > Central Naga Sub-Group > Sangtam,Sangtam,0,239,480,485,PROV,Provinces,4362,2179,2183
A. Vernaculars of India > Tibeto-Chinese Family > Tibeto-Burman Sub-Family > Assam-Burmese Branch > Naga Group > Central Naga Sub-Group > Sangtam,Sangtam,0,239,480,485,3,Assam,4362,2179,2183
A. Vernaculars of India > Tibeto-Chinese Family > Tibeto-Burman Sub-Family > Assam-Burmese Branch > Naga Group > Eastern Naga Sub-Group,Eastern Naga Sub-Group,1,242,480,485,INDIA,India,102815,52590,50225
A. Vernaculars of India > Tibeto-Chinese Family > Tibeto-Burman Sub-Family > Assam-Burmese Branch > Naga Group > Eastern Naga Sub-Group,Eastern Naga Sub-Group,1,242,480,485,PROV,Provinces,102808,52585,50223
A. Vernaculars of India > Tibeto-Chinese Family > Tibeto-Burman Sub-Family > Assam-Burmese Branch > Naga Group > Eastern Naga Sub-Group,Eastern Naga Sub-Group,1,242,480,485,STATES,States and Agencies,7,5,2
A. Vernaculars of India > Tibeto-Chinese Family > Tibeto-Burman Sub-Family > Assam-Burmese Branch > Naga Group > Eastern Naga Sub-Group,Eastern Naga Sub-Group,1,242,480,485,3,Assam,102808,52585,50223
A. Vernaculars of India > Tibeto-Chinese Family > Tibeto-Burman Sub-Family > Assam-Burmese Branch > Naga Group > Eastern Naga Sub-Group,Eastern Naga Sub-Group,1,242,480,485,16,Assam States,7,5,2
A. Vernaculars of India > Tibeto-Chinese Family > Tibeto-Burman Sub-Family > Assam-Burmese Branch > Naga Group > Eastern Naga Sub-Group > Konyak,Konyak,0,245,480,485,INDIA,India,9478,4562,4916
A. Vernaculars of India > Tibeto-Chinese Family > Tibeto-Burman Sub-Family > Assam-Burmese Branch > Naga Group > Eastern Naga Sub-Group > Konyak,Konyak,0,245,480,485,PROV,Provinces,9471,4557,4914
A. Vernaculars of India > Tibeto-Chinese Family > Tibeto-Burman Sub-Family > Assam-Burmese Branch > Naga Group > Eastern Naga Sub-Group > Konyak,Konyak,0,245,480,485,STATES,States and Agencies,7,5,2
A. Vernaculars of India > Tibeto-Chinese Family > Tibeto-Burman Sub-Family > Assam-Burmese Branch > Naga Group > Eastern Naga Sub-Group > Konyak,Konyak,0,245,480,485,3,Assam,9471,4557,4914
A. Vernaculars of India > Tibeto-Chinese Family > Tibeto-Burman Sub-Family > Assam-Burmese Branch > Naga Group > Eastern Naga Sub-Group > Konyak,Konyak,0,245,480,485,16,Assam States,7,5,2
A. Vernaculars of India > Tibeto-Chinese Family > Tibeto-Burman Sub-Family > Assam-Burmese Branch > Naga Group > Eastern Naga Sub-Group > Rangpang,Rangpang,0,248,480,485,INDIA,India,11072,5710,5362
A. Vernaculars of India > Tibeto-Chinese Family > Tibeto-Burman Sub-Family > Assam-Burmese Branch > Naga Group > Eastern Naga Sub-Group > Rangpang,Rangpang,0,248,480,485,PROV,Provinces,11072,5710,5362
A. Vernaculars of India > Tibeto-Chinese Family > Tibeto-Burman Sub-Family > Assam-Burmese Branch > Naga Group > Eastern Naga Sub-Group > Rangpang,Rangpang,0,248,480,485,3,Assam,11072,5710,5362
A. Vernaculars of India > Tibeto-Chinese Family > Tibeto-Burman Sub-Family > Assam-Burmese Branch > Naga Group > Eastern Naga Sub-Group > Other Eastern Naga Languages,Other Eastern Naga Languages,0,251,480,485,INDIA,India,82265,42318,39947
A. Vernaculars of India > Tibeto-Chinese Family > Tibeto-Burman Sub-Family > Assam-Burmese Branch > Naga Group > Eastern Naga Sub-Group > Other Eastern Naga Languages,Other Eastern Naga Languages,0,251,480,485,PROV,Provinces,82265,42318,39947
A. Vernaculars of India > Tibeto-Chinese Family > Tibeto-Burman Sub-Family > Assam-Burmese Branch > Naga Group > Eastern Naga Sub-Group > Other Eastern Naga Languages,Other Eastern Naga Languages,0,251,480,485,3,Assam,82265,42318,39947
A. Vernaculars of India > Tibeto-Chinese Family > Tibeto-Burman Sub-Family > Assam-Burmese Branch > Naga Group > Naga-Kuki Sub-Group,Naga-Kuki Sub-Group,1,254,480,485,INDIA,India,48429,23340,25089
A. Vernaculars of India > Tibeto-Chinese Family > Tibeto-Burman Sub-Family > Assam-Burmese Branch > Naga Group > Naga-Kuki Sub-Group,Naga-Kuki Sub-Group,1,254,480,485,PROV,Provinces,1313,713,600
A. Vernaculars of India > Tibeto-Chinese Family > Tibeto-Burman Sub-Family > Assam-Burmese Branch > Naga Group > Naga-Kuki Sub-Group,Naga-Kuki Sub-Group,1,254,480,485,STATES,States and Agencies,47116,22627,24489
A. Vernaculars of India > Tibeto-Chinese Family > Tibeto-Burman Sub-Family > Assam-Burmese Branch > Naga Group > Naga-Kuki Sub-Group,Naga-Kuki Sub-Group,1,254,480,485,3,Assam,1271,685,586
A. Vernaculars of India > Tibeto-Chinese Family > Tibeto-Burman Sub-Family > Assam-Burmese Branch > Naga Group > Naga-Kuki Sub-Group,Naga-Kuki Sub-Group,1,254,480,485,8,Burma,42,28,14
A. Vernaculars of India > Tibeto-Chinese Family > Tibeto-Burman Sub-Family > Assam-Burmese Branch > Naga Group > Naga-Kuki Sub-Group,Naga-Kuki Sub-Group,1,254,480,485,16,Assam States,47116,22627,24489
A. Vernaculars of India > Tibeto-Chinese Family > Tibeto-Burman Sub-Family > Assam-Burmese Branch > Naga Group > Naga-Kuki Sub-Group > Memi (Mao),Memi (Mao),0,257,480,485,INDIA,India,19287,9620,9667
A. Vernaculars of India > Tibeto-Chinese Family > Tibeto-Burman Sub-Family > Assam-Burmese Branch > Naga Group > Naga-Kuki Sub-Group > Memi (Mao),Memi (Mao),0,257,480,485,PROV,Provinces,1250,672,578
A. Vernaculars of India > Tibeto-Chinese Family > Tibeto-Burman Sub-Family > Assam-Burmese Branch > Naga Group > Naga-Kuki Sub-Group > Memi (Mao),Memi (Mao),0,257,480,485,STATES,States and Agencies,18037,8948,9089
A. Vernaculars of India > Tibeto-Chinese Family > Tibeto-Burman Sub-Family > Assam-Burmese Branch > Naga Group > Naga-Kuki Sub-Group > Memi (Mao),Memi (Mao),0,257,480,485,3,Assam,1250,672,578
A. Vernaculars of India > Tibeto-Chinese Family > Tibeto-Burman Sub-Family > Assam-Burmese Branch > Naga Group > Naga-Kuki Sub-Group > Memi (Mao),Memi (Mao),0,257,480,485,16,Assam States,18037,8948,9089
A. Vernaculars of India > Tibeto-Chinese Family > Tibeto-Burman Sub-Family > Assam-Burmese Branch > Naga Group > Naga-Kuki Sub-Group > Tangkhul,Tangkhul,0,260,480,485,INDIA,India,29142,13720,15422
A. Vernaculars of India > Tibeto-Chinese Family > Tibeto-Burman Sub-Family > Assam-Burmese Branch > Naga Group > Naga-Kuki Sub-Group > Tangkhul,Tangkhul,0,260,480,485,PROV,Provinces,63,41,22
A. Vernaculars of India > Tibeto-Chinese Family > Tibeto-Burman Sub-Family > Assam-Burmese Branch > Naga Group > Naga-Kuki Sub-Group > Tangkhul,Tangkhul,0,260,480,485,STATES,States and Agencies,29079,13679,15400
A. Vernaculars of India > Tibeto-Chinese Family > Tibeto-Burman Sub-Family > Assam-Burmese Branch > Naga Group > Naga-Kuki Sub-Group > Tangkhul,Tangkhul,0,260,480,485,3,Assam,21,13,8
A. Vernaculars of India > Tibeto-Chinese Family > Tibeto-Burman Sub-Family > Assam-Burmese Branch > Naga Group > Naga-Kuki Sub-Group > Tangkhul,Tangkhul,0,260,480,485,8,Burma,42,28,14
A. Vernaculars of India > Tibeto-Chinese Family > Tibeto-Burman Sub-Family > Assam-Burmese Branch > Naga Group > Naga-Kuki Sub-Group > Tangkhul,Tangkhul,0,260,480,485,16,Assam States,29079,13679,15400
A. Vernaculars of India > Tibeto-Chinese Family > Tibeto-Burman Sub-Family > Assam-Burmese Branch > Naga Group > Other or unspecified Naga Languages,Other or unspecified Naga Languages,0,263,480,485,INDIA,India,7901,4183,3718
A. Vernaculars of India > Tibeto-Chinese Family > Tibeto-Burman Sub-Family > Assam-Burmese Branch > Naga Group > Other or unspecified Naga Languages,Other or unspecified Naga Languages,0,263,480,485,PROV,Provinces,7876,4159,3717
A. Vernaculars of India > Tibeto-Chinese Family > Tibeto-Burman Sub-Family > Assam-Burmese Branch > Naga Group > Other or unspecified Naga Languages,Other or unspecified Naga Languages,0,263,480,485,STATES,States and Agencies,25,24,1
A. Vernaculars of India > Tibeto-Chinese Family > Tibeto-Burman Sub-Family > Assam-Burmese Branch > Naga Group > Other or unspecified Naga Languages,Other or unspecified Naga Languages,0,263,480,485,3,Assam,3717,2042,1675
A. Vernaculars of India > Tibeto-Chinese Family > Tibeto-Burman Sub-Family > Assam-Burmese Branch > Naga Group > Other or unspecified Naga Languages,Other or unspecified Naga Languages,0,263,480,485,8,Burma,4159,2117,2042
A. Vernaculars of India > Tibeto-Chinese Family > Tibeto-Burman Sub-Family > Assam-Burmese Branch > Naga Group > Other or unspecified Naga Languages,Other or unspecified Naga Languages,0,263,480,485,16,Assam States,25,24,1
A. Vernaculars of India > Tibeto-Chinese Family > Tibeto-Burman Sub-Family > Assam-Burmese Branch > Kuki-Chin Group,Kuki-Chin Group,1,266,480,485,INDIA,India,972886,475643,497243
A. Vernaculars of India > Tibeto-Chinese Family > Tibeto-Burman Sub-Family > Assam-Burmese Branch > Kuki-Chin Group,Kuki-Chin Group,1,266,480,485,PROV,Provinces,575833,285067,290766
A. Vernaculars of India > Tibeto-Chinese Family > Tibeto-Burman Sub-Family > Assam-Burmese Branch > Kuki-Chin Group,Kuki-Chin Group,1,266,480,485,STATES,States and Agencies,397053,190576,206477
A. Vernaculars of India > Tibeto-Chinese Family > Tibeto-Burman Sub-Family > Assam-Burmese Branch > Kuki-Chin Group,Kuki-Chin Group,1,266,480,485,3,Assam,222658,110388,112270
A. Vernaculars of India > Tibeto-Chinese Family > Tibeto-Burman Sub-Family > Assam-Burmese Branch > Kuki-Chin Group,Kuki-Chin Group,1,266,480,485,5,Bengal,8360,4228,4132
A. Vernaculars of India > Tibeto-Chinese Family > Tibeto-Burman Sub-Family > Assam-Burmese Branch > Kuki-Chin Group,Kuki-Chin Group,1,266,480,485,6,Bihar and Orissa,8,,8
A. Vernaculars of India > Tibeto-Chinese Family > Tibeto-Burman Sub-Family > Assam-Burmese Branch > Kuki-Chin Group,Kuki-Chin Group,1,266,480,485,8,Burma,344792,170444,174348
A. Vernaculars of India > Tibeto-Chinese Family > Tibeto-Burman Sub-Family > Assam-Burmese Branch > Kuki-Chin Group,Kuki-Chin Group,1,266,480,485,12,Madras,3,2,1
A. Vernaculars of India > Tibeto-Chinese Family > Tibeto-Burman Sub-Family > Assam-Burmese Branch > Kuki-Chin Group,Kuki-Chin Group,1,266,480,485,15,United Provinces of Agra and Oudh,12,5,7
A. Vernaculars of India > Tibeto-Chinese Family > Tibeto-Burman Sub-Family > Assam-Burmese Branch > Kuki-Chin Group,Kuki-Chin Group,1,266,480,485,16,Assam States,362645,175396,187249
A. Vernaculars of India > Tibeto-Chinese Family > Tibeto-Burman Sub-Family > Assam-Burmese Branch > Kuki-Chin Group,Kuki-Chin Group,1,266,480,485,19,Bengal States,34408,15180,19228
A. Vernaculars of India > Tibeto-Chinese Family > Tibeto-Burman Sub-Family > Assam-Burmese Branch > Kuki-Chin Group > Maring,Maring,0,269,480,485,INDIA,India,4251,2111,2140
A. Vernaculars of India > Tibeto-Chinese Family > Tibeto-Burman Sub-Family > Assam-Burmese Branch > Kuki-Chin Group > Maring,Maring,0,269,480,485,PROV,Provinces,34,21,13
A. Vernaculars of India > Tibeto-Chinese Family > Tibeto-Burman Sub-Family > Assam-Burmese Branch > Kuki-Chin Group > Maring,Maring,0,269,480,485,STATES,States and Agencies,4217,2090,2127
A. Vernaculars of India > Tibeto-Chinese Family > Tibeto-Burman Sub-Family > Assam-Burmese Branch > Kuki-Chin Group > Maring,Maring,0,269,480,485,3,Assam,34,21,13
A. Vernaculars of India > Tibeto-Chinese Family > Tibeto-Burman Sub-Family > Assam-Burmese Branch > Kuki-Chin Group > Maring,Maring,0,269,480,485,16,Assam States,4217,2090,2127
A. Vernaculars of India > Tibeto-Chinese Family > Tibeto-Burman Sub-Family > Assam-Burmese Branch > Kuki-Chin Group > Kathe (Ponna) including Meithei (Manipuri),Kathe (Ponna) including Meithei (Manipuri),0,272,480,485,INDIA,India,391903,192217,199686
A. Vernaculars of India > Tibeto-Chinese Family > Tibeto-Burman Sub-Family > Assam-Burmese Branch > Kuki-Chin Group > Kathe (Ponna) including Meithei (Manipuri),Kathe (Ponna) including Meithei (Manipuri),0,272,480,485,PROV,Provinces,93034,49129,43905
A. Vernaculars of India > Tibeto-Chinese Family > Tibeto-Burman Sub-Family > Assam-Burmese Branch > Kuki-Chin Group > Kathe (Ponna) including Meithei (Manipuri),Kathe (Ponna) including Meithei (Manipuri),0,272,480,485,STATES,States and Agencies,298869,143088,155781
A. Vernaculars of India > Tibeto-Chinese Family > Tibeto-Burman Sub-Family > Assam-Burmese Branch > Kuki-Chin Group > Kathe (Ponna) including Meithei (Manipuri),Kathe (Ponna) including Meithei (Manipuri),0,272,480,485,3,Assam,88914,46905,42009
A. Vernaculars of India > Tibeto-Chinese Family > Tibeto-Burman Sub-Family > Assam-Burmese Branch > Kuki-Chin Group > Kathe (Ponna) including Meithei (Manipuri),Kathe (Ponna) including Meithei (Manipuri),0,272,480,485,5,Bengal,344,237,107
A. Vernaculars of India > Tibeto-Chinese Family > Tibeto-Burman Sub-Family > Assam-Burmese Branch > Kuki-Chin Group > Kathe (Ponna) including Meithei (Manipuri),Kathe (Ponna) including Meithei (Manipuri),0,272,480,485,8,Burma,3764,1982,1782
A. Vernaculars of India > Tibeto-Chinese Family > Tibeto-Burman Sub-Family > Assam-Burmese Branch > Kuki-Chin Group > Kathe (Ponna) including Meithei (Manipuri),Kathe (Ponna) including Meithei (Manipuri),0,272,480,485,15,United Provinces of Agra and Oudh,12,5,7
A. Vernaculars of India > Tibeto-Chinese Family > Tibeto-Burman Sub-Family > Assam-Burmese Branch > Kuki-Chin Group > Kathe (Ponna) including Meithei (Manipuri),Kathe (Ponna) including Meithei (Manipuri),0,272,480,485,16,Assam States,279333,134740,144593
A. Vernaculars of India > Tibeto-Chinese Family > Tibeto-Burman Sub-Family > Assam-Burmese Branch > Kuki-Chin Group > Kathe (Ponna) including Meithei (Manipuri),Kathe (Ponna) including Meithei (Manipuri),0,272,480,485,19,Bengal States,19536,8348,11188
A. Vernaculars of India > Tibeto-Chinese Family > Tibeto-Burman Sub-Family > Assam-Burmese Branch > Kuki-Chin Group > Old Kuki Sub-Group,Old Kuki Sub-Group,1,275,481,486,INDIA,India,53261,25228,28033
A. Vernaculars of India > Tibeto-Chinese Family > Tibeto-Burman Sub-Family > Assam-Burmese Branch > Kuki-Chin Group > Old Kuki Sub-Group,Old Kuki Sub-Group,1,275,481,486,PROV,Provinces,20141,9378,10763
A. Vernaculars of India > Tibeto-Chinese Family > Tibeto-Burman Sub-Family > Assam-Burmese Branch > Kuki-Chin Group > Old Kuki Sub-Group,Old Kuki Sub-Group,1,275,481,486,STATES,States and Agencies,33120,15850,17270
A. Vernaculars of India > Tibeto-Chinese Family > Tibeto-Burman Sub-Family > Assam-Burmese Branch > Kuki-Chin Group > Old Kuki Sub-Group,Old Kuki Sub-Group,1,275,481,486,3,Assam,19907,9237,10670
A. Vernaculars of India > Tibeto-Chinese Family > Tibeto-Burman Sub-Family > Assam-Burmese Branch > Kuki-Chin Group > Old Kuki Sub-Group,Old Kuki Sub-Group,1,275,481,486,8,Burma,234,141,93
A. Vernaculars of India > Tibeto-Chinese Family > Tibeto-Burman Sub-Family > Assam-Burmese Branch > Kuki-Chin Group > Old Kuki Sub-Group,Old Kuki Sub-Group,1,275,481,486,16,Assam States,22750,11075,11675
A. Vernaculars of India > Tibeto-Chinese Family > Tibeto-Burman Sub-Family > Assam-Burmese Branch > Kuki-Chin Group > Old Kuki Sub-Group,Old Kuki Sub-Group,1,275,481,486,19,Bengal States,10370,4775,5595
A. Vernaculars of India > Tibeto-Chinese Family > Tibeto-Burman Sub-Family > Assam-Burmese Branch > Kuki-Chin Group > Old Kuki Sub-Group > Aimol,Aimol,0,278,481,486,INDIA,India,511,265,246
A. Vernaculars of India > Tibeto-Chinese Family > Tibeto-Burman Sub-Family > Assam-Burmese Branch > Kuki-Chin Group > Old Kuki Sub-Group > Aimol,Aimol,0,278,481,486,STATES,States and Agencies,511,265,246
A. Vernaculars of India > Tibeto-Chinese Family > Tibeto-Burman Sub-Family > Assam-Burmese Branch > Kuki-Chin Group > Old Kuki Sub-Group > Aimol,Aimol,0,278,481,486,16,Assam States,511,265,246
A. Vernaculars of India > Tibeto-Chinese Family > Tibeto-Burman Sub-Family > Assam-Burmese Branch > Kuki-Chin Group > Old Kuki Sub-Group > Anal,Anal,0,281,481,486,INDIA,India,3314,1636,1678
A. Vernaculars of India > Tibeto-Chinese Family > Tibeto-Burman Sub-Family > Assam-Burmese Branch > Kuki-Chin Group > Old Kuki Sub-Group > Anal,Anal,0,281,481,486,STATES,States and Agencies,3314,1636,1678
A. Vernaculars of India > Tibeto-Chinese Family > Tibeto-Burman Sub-Family > Assam-Burmese Branch > Kuki-Chin Group > Old Kuki Sub-Group > Anal,Anal,0,281,481,486,16,Assam States,3314,1636,1678
A. Vernaculars of India > Tibeto-Chinese Family > Tibeto-Burman Sub-Family > Assam-Burmese Branch > Kuki-Chin Group > Old Kuki Sub-Group > Chiru,Chiru,0,284,481,486,INDIA,India,1269,568,701
A. Vernaculars of India > Tibeto-Chinese Family > Tibeto-Burman Sub-Family > Assam-Burmese Branch > Kuki-Chin Group > Old Kuki Sub-Group > Chiru,Chiru,0,284,481,486,STATES,States and Agencies,1269,568,701
A. Vernaculars of India > Tibeto-Chinese Family > Tibeto-Burman Sub-Family > Assam-Burmese Branch > Kuki-Chin Group > Old Kuki Sub-Group > Chiru,Chiru,0,284,481,486,16,Assam States,1269,568,701
A. Vernaculars of India > Tibeto-Chinese Family > Tibeto-Burman Sub-Family > Assam-Burmese Branch > Kuki-Chin Group > Old Kuki Sub-Group > Hallam,Hallam,0,287,481,486,INDIA,India,10867,5027,5840
A. Vernaculars of India > Tibeto-Chinese Family > Tibeto-Burman Sub-Family > Assam-Burmese Branch > Kuki-Chin Group > Old Kuki Sub-Group > Hallam,Hallam,0,287,481,486,PROV,Provinces,497,252,245
A. Vernaculars of India > Tibeto-Chinese Family > Tibeto-Burman Sub-Family > Assam-Burmese Branch > Kuki-Chin Group > Old Kuki Sub-Group > Hallam,Hallam,0,287,481,486,STATES,States and Agencies,10370,4775,5595
A. Vernaculars of India > Tibeto-Chinese Family > Tibeto-Burman Sub-Family > Assam-Burmese Branch > Kuki-Chin Group > Old Kuki Sub-Group > Hallam,Hallam,0,287,481,486,3,Assam,497,252,245
A. Vernaculars of India > Tibeto-Chinese Family > Tibeto-Burman Sub-Family > Assam-Burmese Branch > Kuki-Chin Group > Old Kuki Sub-Group > Hallam,Hallam,0,287,481,486,19,Bengal States,10370,4775,5595
A. Vernaculars of India > Tibeto-Chinese Family > Tibeto-Burman Sub-Family > Assam-Burmese Branch > Kuki-Chin Group > Old Kuki Sub-Group > Kolreng (Koireng),Kolreng (Koireng),0,290,481,486,INDIA,India,521,258,263
A. Vernaculars of India > Tibeto-Chinese Family > Tibeto-Burman Sub-Family > Assam-Burmese Branch > Kuki-Chin Group > Old Kuki Sub-Group > Kolreng (Koireng),Kolreng (Koireng),0,290,481,486,STATES,States and Agencies,521,258,263
A. Vernaculars of India > Tibeto-Chinese Family > Tibeto-Burman Sub-Family > Assam-Burmese Branch > Kuki-Chin Group > Old Kuki Sub-Group > Kolreng (Koireng),Kolreng (Koireng),0,290,481,486,16,Assam States,521,258,263
A. Vernaculars of India > Tibeto-Chinese Family > Tibeto-Burman Sub-Family > Assam-Burmese Branch > Kuki-Chin Group > Old Kuki Sub-Group > Kom,Kom,0,293,481,486,INDIA,India,2662,1292,1370
A. Vernaculars of India > Tibeto-Chinese Family > Tibeto-Burman Sub-Family > Assam-Burmese Branch > Kuki-Chin Group > Old Kuki Sub-Group > Kom,Kom,0,293,481,486,STATES,States and Agencies,2662,1292,1370
A. Vernaculars of India > Tibeto-Chinese Family > Tibeto-Burman Sub-Family > Assam-Burmese Branch > Kuki-Chin Group > Old Kuki Sub-Group > Kom,Kom,0,293,481,486,16,Assam States,2662,1292,1370
A. Vernaculars of India > Tibeto-Chinese Family > Tibeto-Burman Sub-Family > Assam-Burmese Branch > Kuki-Chin Group > Old Kuki Sub-Group > Mhar,Mhar,0,296,481,486,INDIA,India,21583,10025,11558
A. Vernaculars of India > Tibeto-Chinese Family > Tibeto-Burman Sub-Family > Assam-Burmese Branch > Kuki-Chin Group > Old Kuki Sub-Group > Mhar,Mhar,0,296,481,486,PROV,Provinces,15940,7290,8650
A. Vernaculars of India > Tibeto-Chinese Family > Tibeto-Burman Sub-Family > Assam-Burmese Branch > Kuki-Chin Group > Old Kuki Sub-Group > Mhar,Mhar,0,296,481,486,STATES,States and Agencies,5643,2735,2908
A. Vernaculars of India > Tibeto-Chinese Family > Tibeto-Burman Sub-Family > Assam-Burmese Branch > Kuki-Chin Group > Old Kuki Sub-Group > Mhar,Mhar,0,296,481,486,3,Assam,15940,7290,8650
A. Vernaculars of India > Tibeto-Chinese Family > Tibeto-Burman Sub-Family > Assam-Burmese Branch > Kuki-Chin Group > Old Kuki Sub-Group > Mhar,Mhar,0,296,481,486,16,Assam States,5643,2735,2908
A. Vernaculars of India > Tibeto-Chinese Family > Tibeto-Burman Sub-Family > Assam-Burmese Branch > Kuki-Chin Group > Old Kuki Sub-Group > Rangkhol (Hranchal),Rangkhol (Hranchal),0,299,481,486,INDIA,India,1745,860,885
A. Vernaculars of India > Tibeto-Chinese Family > Tibeto-Burman Sub-Family > Assam-Burmese Branch > Kuki-Chin Group > Old Kuki Sub-Group > Rangkhol (Hranchal),Rangkhol (Hranchal),0,299,481,486,PROV,Provinces,1745,860,885
A. Vernaculars of India > Tibeto-Chinese Family > Tibeto-Burman Sub-Family > Assam-Burmese Branch > Kuki-Chin Group > Old Kuki Sub-Group > Rangkhol (Hranchal),Rangkhol (Hranchal),0,299,481,486,3,Assam,1745,860,885
A. Vernaculars of India > Tibeto-Chinese Family > Tibeto-Burman Sub-Family > Assam-Burmese Branch > Kuki-Chin Group > Old Kuki Sub-Group > Others,Others,0,302,481,486,INDIA,India,10789,5297,5492
A. Vernaculars of India > Tibeto-Chinese Family > Tibeto-Burman Sub-Family > Assam-Burmese Branch > Kuki-Chin Group > Old Kuki Sub-Group > Others,Others,0,302,481,486,PROV,Provinces,1959,976,983
A. Vernaculars of India > Tibeto-Chinese Family > Tibeto-Burman Sub-Family > Assam-Burmese Branch > Kuki-Chin Group > Old Kuki Sub-Group > Others,Others,0,302,481,486,STATES,States and Agencies,8830,4321,4509
A. Vernaculars of India > Tibeto-Chinese Family > Tibeto-Burman Sub-Family > Assam-Burmese Branch > Kuki-Chin Group > Old Kuki Sub-Group > Others,Others,0,302,481,486,3,Assam,1725,835,890
A. Vernaculars of India > Tibeto-Chinese Family > Tibeto-Burman Sub-Family > Assam-Burmese Branch > Kuki-Chin Group > Old Kuki Sub-Group > Others,Others,0,302,481,486,8,Burma,234,141,93
A. Vernaculars of India > Tibeto-Chinese Family > Tibeto-Burman Sub-Family > Assam-Burmese Branch > Kuki-Chin Group > Old Kuki Sub-Group > Others,Others,0,302,481,486,16,Assam States,8830,4321,4509
A. Vernaculars of India > Tibeto-Chinese Family > Tibeto-Burman Sub-Family > Assam-Burmese Branch > Kuki-Chin Group > Northern Chin Sub-Group,Northern Chin Sub-Group,1,305,481,486,INDIA,India,128808,62780,66028
A. Vernaculars of India > Tibeto-Chinese Family > Tibeto-Burman Sub-Family > Assam-Burmese Branch > Kuki-Chin Group > Northern Chin Sub-Group,Northern Chin Sub-Group,1,305,481,486,PROV,Provinces,73173,35663,37510
A. Vernaculars of India > Tibeto-Chinese Family > Tibeto-Burman Sub-Family > Assam-Burmese Branch > Kuki-Chin Group > Northern Chin Sub-Group,Northern Chin Sub-Group,1,305,481,486,STATES,States and Agencies,55635,27117,28518
A. Vernaculars of India > Tibeto-Chinese Family > Tibeto-Burman Sub-Family > Assam-Burmese Branch > Kuki-Chin Group > Northern Chin Sub-Group,Northern Chin Sub-Group,1,305,481,486,3,Assam,26473,12692,13781
A. Vernaculars of India > Tibeto-Chinese Family > Tibeto-Burman Sub-Family > Assam-Burmese Branch > Kuki-Chin Group > Northern Chin Sub-Group,Northern Chin Sub-Group,1,305,481,486,6,Bihar and Orissa,8,,8
A. Vernaculars of India > Tibeto-Chinese Family > Tibeto-Burman Sub-Family > Assam-Burmese Branch > Kuki-Chin Group > Northern Chin Sub-Group,Northern Chin Sub-Group,1,305,481,486,8,Burma,46692,22971,23721
A. Vernaculars of India > Tibeto-Chinese Family > Tibeto-Burman Sub-Family > Assam-Burmese Branch > Kuki-Chin Group > Northern Chin Sub-Group,Northern Chin Sub-Group,1,305,481,486,16,Assam States,55635,27117,28518
A. Vernaculars of India > Tibeto-Chinese Family > Tibeto-Burman Sub-Family > Assam-Burmese Branch > Kuki-Chin Group > Northern Chin Sub-Group > Paite,Paite,0,308,481,486,INDIA,India,14674,7420,7254
A. Vernaculars of India > Tibeto-Chinese Family > Tibeto-Burman Sub-Family > Assam-Burmese Branch > Kuki-Chin Group > Northern Chin Sub-Group > Paite,Paite,0,308,481,486,PROV,Provinces,6634,3336,3298
A. Vernaculars of India > Tibeto-Chinese Family > Tibeto-Burman Sub-Family > Assam-Burmese Branch > Kuki-Chin Group > Northern Chin Sub-Group > Paite,Paite,0,308,481,486,STATES,States and Agencies,8040,4084,3956
A. Vernaculars of India > Tibeto-Chinese Family > Tibeto-Burman Sub-Family > Assam-Burmese Branch > Kuki-Chin Group > Northern Chin Sub-Group > Paite,Paite,0,308,481,486,3,Assam,6634,3336,3298
A. Vernaculars of India > Tibeto-Chinese Family > Tibeto-Burman Sub-Family > Assam-Burmese Branch > Kuki-Chin Group > Northern Chin Sub-Group > Paite,Paite,0,308,481,486,16,Assam States,8040,4084,3956
A. Vernaculars of India > Tibeto-Chinese Family > Tibeto-Burman Sub-Family > Assam-Burmese Branch > Kuki-Chin Group > Northern Chin Sub-Group > Ralte,Ralte,0,311,481,486,INDIA,India,16163,7527,8636
A. Vernaculars of India > Tibeto-Chinese Family > Tibeto-Burman Sub-Family > Assam-Burmese Branch > Kuki-Chin Group > Northern Chin Sub-Group > Ralte,Ralte,0,311,481,486,PROV,Provinces,16047,7476,8571
A. Vernaculars of India > Tibeto-Chinese Family > Tibeto-Burman Sub-Family > Assam-Burmese Branch > Kuki-Chin Group > Northern Chin Sub-Group > Ralte,Ralte,0,311,481,486,STATES,States and Agencies,116,51,65
A. Vernaculars of India > Tibeto-Chinese Family > Tibeto-Burman Sub-Family > Assam-Burmese Branch > Kuki-Chin Group > Northern Chin Sub-Group > Ralte,Ralte,0,311,481,486,3,Assam,16047,7476,8571
A. Vernaculars of India > Tibeto-Chinese Family > Tibeto-Burman Sub-Family > Assam-Burmese Branch > Kuki-Chin Group > Northern Chin Sub-Group > Ralte,Ralte,0,311,481,486,16,Assam States,116,51,65
A. Vernaculars of India > Tibeto-Chinese Family > Tibeto-Burman Sub-Family > Assam-Burmese Branch > Kuki-Chin Group > Northern Chin Sub-Group > Siyin,Siyin,0,314,481,486,INDIA,India,3506,1669,1837
A. Vernaculars of India > Tibeto-Chinese Family > Tibeto-Burman Sub-Family > Assam-Burmese Branch > Kuki-Chin Group > Northern Chin Sub-Group > Siyin,Siyin,0,314,481,486,PROV,Provinces,3506,1669,1837
A. Vernaculars of India > Tibeto-Chinese Family > Tibeto-Burman Sub-Family > Assam-Burmese Branch > Kuki-Chin Group > Northern Chin Sub-Group > Siyin,Siyin,0,314,481,486,8,Burma,3506,1669,1837
A. Vernaculars of India > Tibeto-Chinese Family > Tibeto-Burman Sub-Family > Assam-Burmese Branch > Kuki-Chin Group > Northern Chin Sub-Group > Sokte,Sokte,0,317,481,486,INDIA,India,37643,18595,19048
A. Vernaculars of India > Tibeto-Chinese Family > Tibeto-Burman Sub-Family > Assam-Burmese Branch > Kuki-Chin Group > Northern Chin Sub-Group > Sokte,Sokte,0,317,481,486,PROV,Provinces,36866,18229,18637
A. Vernaculars of India > Tibeto-Chinese Family > Tibeto-Burman Sub-Family > Assam-Burmese Branch > Kuki-Chin Group > Northern Chin Sub-Group > Sokte,Sokte,0,317,481,486,STATES,States and Agencies,777,366,411
A. Vernaculars of India > Tibeto-Chinese Family > Tibeto-Burman Sub-Family > Assam-Burmese Branch > Kuki-Chin Group > Northern Chin Sub-Group > Sokte,Sokte,0,317,481,486,8,Burma,36866,18229,18637
A. Vernaculars of India > Tibeto-Chinese Family > Tibeto-Burman Sub-Family > Assam-Burmese Branch > Kuki-Chin Group > Northern Chin Sub-Group > Sokte,Sokte,0,317,481,486,16,Assam States,777,366,411
A. Vernaculars of India > Tibeto-Chinese Family > Tibeto-Burman Sub-Family > Assam-Burmese Branch > Kuki-Chin Group > Northern Chin Sub-Group > Thado,Thado,0,320,481,486,INDIA,India,56822,27569,29253
A. Vernaculars of India > Tibeto-Chinese Family > Tibeto-Burman Sub-Family > Assam-Burmese Branch > Kuki-Chin Group > Northern Chin Sub-Group > Thado,Thado,0,320,481,486,PROV,Provinces,10120,4953,5167
A. Vernaculars of India > Tibeto-Chinese Family > Tibeto-Burman Sub-Family > Assam-Burmese Branch > Kuki-Chin Group > Northern Chin Sub-Group > Thado,Thado,0,320,481,486,STATES,States and Agencies,46702,22616,24086
A. Vernaculars of India > Tibeto-Chinese Family > Tibeto-Burman Sub-Family > Assam-Burmese Branch > Kuki-Chin Group > Northern Chin Sub-Group > Thado,Thado,0,320,481,486,3,Assam,3792,1880,1912
A. Vernaculars of India > Tibeto-Chinese Family > Tibeto-Burman Sub-Family > Assam-Burmese Branch > Kuki-Chin Group > Northern Chin Sub-Group > Thado,Thado,0,320,481,486,6,Bihar and Orissa,8,,8
A. Vernaculars of India > Tibeto-Chinese Family > Tibeto-Burman Sub-Family > Assam-Burmese Branch > Kuki-Chin Group > Northern Chin Sub-Group > Thado,Thado,0,320,481,486,8,Burma,6320,3073,3247
A. Vernaculars of India > Tibeto-Chinese Family > Tibeto-Burman Sub-Family > Assam-Burmese Branch > Kuki-Chin Group > Northern Chin Sub-Group > Thado,Thado,0,320,481,486,16,Assam States,46702,22616,24086
A. Vernaculars of India > Tibeto-Chinese Family > Tibeto-Burman Sub-Family > Assam-Burmese Branch > Kuki-Chin Group > Central Chin Sub-Group,Central Chin Sub-Group,1,323,481,486,INDIA,India,127309,60538,66771
A. Vernaculars of India > Tibeto-Chinese Family > Tibeto-Burman Sub-Family > Assam-Burmese Branch > Kuki-Chin Group > Central Chin Sub-Group,Central Chin Sub-Group,1,323,481,486,PROV,Provinces,124943,59300,65643
A. Vernaculars of India > Tibeto-Chinese Family > Tibeto-Burman Sub-Family > Assam-Burmese Branch > Kuki-Chin Group > Central Chin Sub-Group,Central Chin Sub-Group,1,323,481,486,STATES,States and Agencies,2366,1238,1128
A. Vernaculars of India > Tibeto-Chinese Family > Tibeto-Burman Sub-Family > Assam-Burmese Branch > Kuki-Chin Group > Central Chin Sub-Group,Central Chin Sub-Group,1,323,481,486,3,Assam,67329,31683,35646
A. Vernaculars of India > Tibeto-Chinese Family > Tibeto-Burman Sub-Family > Assam-Burmese Branch > Kuki-Chin Group > Central Chin Sub-Group,Central Chin Sub-Group,1,323,481,486,5,Bengal,1471,736,735
A. Vernaculars of India > Tibeto-Chinese Family > Tibeto-Burman Sub-Family > Assam-Burmese Branch > Kuki-Chin Group > Central Chin Sub-Group,Central Chin Sub-Group,1,323,481,486,8,Burma,56143,26881,29262
A. Vernaculars of India > Tibeto-Chinese Family > Tibeto-Burman Sub-Family > Assam-Burmese Branch > Kuki-Chin Group > Central Chin Sub-Group,Central Chin Sub-Group,1,323,481,486,16,Assam States,366,197,169
A. Vernaculars of India > Tibeto-Chinese Family > Tibeto-Burman Sub-Family > Assam-Burmese Branch > Kuki-Chin Group > Central Chin Sub-Group,Central Chin Sub-Group,1,323,481,486,19,Bengal States,2000,1041,959
A. Vernaculars of India > Tibeto-Chinese Family > Tibeto-Burman Sub-Family > Assam-Burmese Branch > Kuki-Chin Group > Central Chin Sub-Group > Banjogi,Banjogi,0,326,481,486,INDIA,India,810,430,380
A. Vernaculars of India > Tibeto-Chinese Family > Tibeto-Burman Sub-Family > Assam-Burmese Branch > Kuki-Chin Group > Central Chin Sub-Group > Banjogi,Banjogi,0,326,481,486,PROV,Provinces,810,430,380
A. Vernaculars of India > Tibeto-Chinese Family > Tibeto-Burman Sub-Family > Assam-Burmese Branch > Kuki-Chin Group > Central Chin Sub-Group > Banjogi,Banjogi,0,326,481,486,5,Bengal,810,430,380
A. Vernaculars of India > Tibeto-Chinese Family > Tibeto-Burman Sub-Family > Assam-Burmese Branch > Kuki-Chin Group > Central Chin Sub-Group > Lai,Lai,0,329,481,486,INDIA,India,39646,19121,20525
A. Vernaculars of India > Tibeto-Chinese Family > Tibeto-Burman Sub-Family > Assam-Burmese Branch > Kuki-Chin Group > Central Chin Sub-Group > Lai,Lai,0,329,481,486,PROV,Provinces,39646,19121,20525
A. Vernaculars of India > Tibeto-Chinese Family > Tibeto-Burman Sub-Family > Assam-Burmese Branch > Kuki-Chin Group > Central Chin Sub-Group > Lai,Lai,0,329,481,486,8,Burma,39646,19121,20525
A. Vernaculars of India > Tibeto-Chinese Family > Tibeto-Burman Sub-Family > Assam-Burmese Branch > Kuki-Chin Group > Central Chin Sub-Group > Lakher,Lakher,0,332,481,486,INDIA,India,6250,3036,3214
A. Vernaculars of India > Tibeto-Chinese Family > Tibeto-Burman Sub-Family > Assam-Burmese Branch > Kuki-Chin Group > Central Chin Sub-Group > Lakher,Lakher,0,332,481,486,PROV,Provinces,6250,3036,3214
A. Vernaculars of India > Tibeto-Chinese Family > Tibeto-Burman Sub-Family > Assam-Burmese Branch > Kuki-Chin Group > Central Chin Sub-Group > Lakher,Lakher,0,332,481,486,3,Assam,6186,3004,3182
A. Vernaculars of India > Tibeto-Chinese Family > Tibeto-Burman Sub-Family > Assam-Burmese Branch > Kuki-Chin Group > Central Chin Sub-Group > Lakher,Lakher,0,332,481,486,8,Burma,64,32,32
A. Vernaculars of India > Tibeto-Chinese Family > Tibeto-Burman Sub-Family > Assam-Burmese Branch > Kuki-Chin Group > Central Chin Sub-Group > Lushei,Lushei,0,335,481,486,INDIA,India,60471,28453,32018
A. Vernaculars of India > Tibeto-Chinese Family > Tibeto-Burman Sub-Family > Assam-Burmese Branch > Kuki-Chin Group > Central Chin Sub-Group > Lushei,Lushei,0,335,481,486,PROV,Provinces,58105,27215,30890
A. Vernaculars of India > Tibeto-Chinese Family > Tibeto-Burman Sub-Family > Assam-Burmese Branch > Kuki-Chin Group > Central Chin Sub-Group > Lushei,Lushei,0,335,481,486,STATES,States and Agencies,2366,1238,1128
A. Vernaculars of India > Tibeto-Chinese Family > Tibeto-Burman Sub-Family > Assam-Burmese Branch > Kuki-Chin Group > Central Chin Sub-Group > Lushei,Lushei,0,335,481,486,3,Assam,57231,26820,30411
A. Vernaculars of India > Tibeto-Chinese Family > Tibeto-Burman Sub-Family > Assam-Burmese Branch > Kuki-Chin Group > Central Chin Sub-Group > Lushei,Lushei,0,335,481,486,5,Bengal,578,275,303
A. Vernaculars of India > Tibeto-Chinese Family > Tibeto-Burman Sub-Family > Assam-Burmese Branch > Kuki-Chin Group > Central Chin Sub-Group > Lushei,Lushei,0,335,481,486,8,Burma,296,120,176
A. Vernaculars of India > Tibeto-Chinese Family > Tibeto-Burman Sub-Family > Assam-Burmese Branch > Kuki-Chin Group > Central Chin Sub-Group > Lushei,Lushei,0,335,481,486,16,Assam States,366,197,169
A. Vernaculars of India > Tibeto-Chinese Family > Tibeto-Burman Sub-Family > Assam-Burmese Branch > Kuki-Chin Group > Central Chin Sub-Group > Lushei,Lushei,0,335,481,486,19,Bengal States,2000,1041,959
A. Vernaculars of India > Tibeto-Chinese Family > Tibeto-Burman Sub-Family > Assam-Burmese Branch > Kuki-Chin Group > Central Chin Sub-Group > Pankhu,Pankhu,0,338,481,486,INDIA,India,83,31,52
A. Vernaculars of India > Tibeto-Chinese Family > Tibeto-Burman Sub-Family > Assam-Burmese Branch > Kuki-Chin Group > Central Chin Sub-Group > Pankhu,Pankhu,0,338,481,486,PROV,Provinces,83,31,52
A. Vernaculars of India > Tibeto-Chinese Family > Tibeto-Burman Sub-Family > Assam-Burmese Branch > Kuki-Chin Group > Central Chin Sub-Group > Pankhu,Pankhu,0,338,481,486,5,Bengal,83,31,52
A. Vernaculars of India > Tibeto-Chinese Family > Tibeto-Burman Sub-Family > Assam-Burmese Branch > Kuki-Chin Group > Central Chin Sub-Group > Tashon,Tashon,0,341,481,486,INDIA,India,20049,9467,10582
A. Vernaculars of India > Tibeto-Chinese Family > Tibeto-Burman Sub-Family > Assam-Burmese Branch > Kuki-Chin Group > Central Chin Sub-Group > Tashon,Tashon,0,341,481,486,PROV,Provinces,20049,9467,10582
A. Vernaculars of India > Tibeto-Chinese Family > Tibeto-Burman Sub-Family > Assam-Burmese Branch > Kuki-Chin Group > Central Chin Sub-Group > Tashon,Tashon,0,341,481,486,3,Assam,3912,1859,2053
A. Vernaculars of India > Tibeto-Chinese Family > Tibeto-Burman Sub-Family > Assam-Burmese Branch > Kuki-Chin Group > Central Chin Sub-Group > Tashon,Tashon,0,341,481,486,8,Burma,16137,7608,8529
A. Vernaculars of India > Tibeto-Chinese Family > Tibeto-Burman Sub-Family > Assam-Burmese Branch > Kuki-Chin Group > Southern Chin Sub-Group,Southern Chin Sub-Group,1,344,481,486,INDIA,India,66288,32733,33555
A. Vernaculars of India > Tibeto-Chinese Family > Tibeto-Burman Sub-Family > Assam-Burmese Branch > Kuki-Chin Group > Southern Chin Sub-Group,Southern Chin Sub-Group,1,344,481,486,PROV,Provinces,66288,32733,33555
A. Vernaculars of India > Tibeto-Chinese Family > Tibeto-Burman Sub-Family > Assam-Burmese Branch > Kuki-Chin Group > Southern Chin Sub-Group,Southern Chin Sub-Group,1,344,481,486,5,Bengal,3374,1455,1919
A. Vernaculars of India > Tibeto-Chinese Family > Tibeto-Burman Sub-Family > Assam-Burmese Branch > Kuki-Chin Group > Southern Chin Sub-Group,Southern Chin Sub-Group,1,344,481,486,8,Burma,62914,31278,31636
A. Vernaculars of India > Tibeto-Chinese Family > Tibeto-Burman Sub-Family > Assam-Burmese Branch > Kuki-Chin Group > Southern Chin Sub-Group > Chinbok,Chinbok,0,347,482,487,INDIA,India,20195,9913,10282
A. Vernaculars of India > Tibeto-Chinese Family > Tibeto-Burman Sub-Family > Assam-Burmese Branch > Kuki-Chin Group > Southern Chin Sub-Group > Chinbok,Chinbok,0,347,482,487,PROV,Provinces,20195,9918,10282
A. Vernaculars of India > Tibeto-Chinese Family > Tibeto-Burman Sub-Family > Assam-Burmese Branch > Kuki-Chin Group > Southern Chin Sub-Group > Chinbok,Chinbok,0,347,482,487,8,Burma,20195,9913,10282
A. Vernaculars of India > Tibeto-Chinese Family > Tibeto-Burman Sub-Family > Assam-Burmese Branch > Kuki-Chin Group > Southern Chin Sub-Group > Chinbon,Chinbon,0,350,482,487,INDIA,India,10268,5089,5179
A. Vernaculars of India > Tibeto-Chinese Family > Tibeto-Burman Sub-Family > Assam-Burmese Branch > Kuki-Chin Group > Southern Chin Sub-Group > Chinbon,Chinbon,0,350,482,487,PROV,Provinces,10268,5089,5179
A. Vernaculars of India > Tibeto-Chinese Family > Tibeto-Burman Sub-Family > Assam-Burmese Branch > Kuki-Chin Group > Southern Chin Sub-Group > Chinbon,Chinbon,0,350,482,487,8,Burma,10268,5089,5179
A. Vernaculars of India > Tibeto-Chinese Family > Tibeto-Burman Sub-Family > Assam-Burmese Branch > Kuki-Chin Group > Southern Chin Sub-Group > Khyang (Sho),Khyang (Sho),0,353,482,487,INDIA,India,2825,1276,1549
A. Vernaculars of India > Tibeto-Chinese Family > Tibeto-Burman Sub-Family > Assam-Burmese Branch > Kuki-Chin Group > Southern Chin Sub-Group > Khyang (Sho),Khyang (Sho),0,353,482,487,PROV,Provinces,2825,1276,1549
A. Vernaculars of India > Tibeto-Chinese Family > Tibeto-Burman Sub-Family > Assam-Burmese Branch > Kuki-Chin Group > Southern Chin Sub-Group > Khyang (Sho),Khyang (Sho),0,353,482,487,5,Bengal,1265,479,786
A. Vernaculars of India > Tibeto-Chinese Family > Tibeto-Burman Sub-Family > Assam-Burmese Branch > Kuki-Chin Group > Southern Chin Sub-Group > Khyang (Sho),Khyang (Sho),0,353,482,487,8,Burma,1560,797,763
A. Vernaculars of India > Tibeto-Chinese Family > Tibeto-Burman Sub-Family > Assam-Burmese Branch > Kuki-Chin Group > Southern Chin Sub-Group > Khami (Kumi),Khami (Kumi),0,356,482,487,INDIA,India,32991,16449,16522
A. Vernaculars of India > Tibeto-Chinese Family > Tibeto-Burman Sub-Family > Assam-Burmese Branch > Kuki-Chin Group > Southern Chin Sub-Group > Khami (Kumi),Khami (Kumi),0,356,482,487,PROV,Provinces,32991,16449,16522
A. Vernaculars of India > Tibeto-Chinese Family > Tibeto-Burman Sub-Family > Assam-Burmese Branch > Kuki-Chin Group > Southern Chin Sub-Group > Khami (Kumi),Khami (Kumi),0,356,482,487,5,Bengal,2109,976,1113
A. Vernaculars of India > Tibeto-Chinese Family > Tibeto-Burman Sub-Family > Assam-Burmese Branch > Kuki-Chin Group > Southern Chin Sub-Group > Khami (Kumi),Khami (Kumi),0,356,482,487,8,Burma,30882,15473,15409
A. Vernaculars of India > Tibeto-Chinese Family > Tibeto-Burman Sub-Family > Assam-Burmese Branch > Kuki-Chin Group > Southern Chin Sub-Group > Yindu,Yindu,0,359,482,487,INDIA,India,9,6,3
A. Vernaculars of India > Tibeto-Chinese Family > Tibeto-Burman Sub-Family > Assam-Burmese Branch > Kuki-Chin Group > Southern Chin Sub-Group > Yindu,Yindu,0,359,482,487,PROV,Provinces,9,6,3
A. Vernaculars of India > Tibeto-Chinese Family > Tibeto-Burman Sub-Family > Assam-Burmese Branch > Kuki-Chin Group > Southern Chin Sub-Group > Yindu,Yindu,0,359,482,487,8,Burma,9,6,3
A. Vernaculars of India > Tibeto-Chinese Family > Tibeto-Burman Sub-Family > Assam-Burmese Branch > Kuki-Chin Group > Unclassed Chin Languages Sub-Group,Unclassed Chin Languages Sub-Group,1,362,482,487,INDIA,India,69998,34807,35191
A. Vernaculars of India > Tibeto-Chinese Family > Tibeto-Burman Sub-Family > Assam-Burmese Branch > Kuki-Chin Group > Unclassed Chin Languages Sub-Group,Unclassed Chin Languages Sub-Group,1,362,482,487,PROV,Provinces,68966,34470,34496
A. Vernaculars of India > Tibeto-Chinese Family > Tibeto-Burman Sub-Family > Assam-Burmese Branch > Kuki-Chin Group > Unclassed Chin Languages Sub-Group,Unclassed Chin Languages Sub-Group,1,362,482,487,STATES,States and Agencies,1032,337,695
A. Vernaculars of India > Tibeto-Chinese Family > Tibeto-Burman Sub-Family > Assam-Burmese Branch > Kuki-Chin Group > Unclassed Chin Languages Sub-Group,Unclassed Chin Languages Sub-Group,1,362,482,487,5,Bengal,863,610,253
A. Vernaculars of India > Tibeto-Chinese Family > Tibeto-Burman Sub-Family > Assam-Burmese Branch > Kuki-Chin Group > Unclassed Chin Languages Sub-Group,Unclassed Chin Languages Sub-Group,1,362,482,487,8,Burma,68100,33858,34242
A. Vernaculars of India > Tibeto-Chinese Family > Tibeto-Burman Sub-Family > Assam-Burmese Branch > Kuki-Chin Group > Unclassed Chin Languages Sub-Group,Unclassed Chin Languages Sub-Group,1,362,482,487,12,Madras,3,2,1
A. Vernaculars of India > Tibeto-Chinese Family > Tibeto-Burman Sub-Family > Assam-Burmese Branch > Kuki-Chin Group > Unclassed Chin Languages Sub-Group,Unclassed Chin Languages Sub-Group,1,362,482,487,19,Bengal States,1032,337,695
A. Vernaculars of India > Tibeto-Chinese Family > Tibeto-Burman Sub-Family > Assam-Burmese Branch > Kuki-Chin Group > Unclassed Chin Languages Sub-Group > Ánu,Ánu,0,365,482,487,INDIA,India,3,2,1
A. Vernaculars of India > Tibeto-Chinese Family > Tibeto-Burman Sub-Family > Assam-Burmese Branch > Kuki-Chin Group > Unclassed Chin Languages Sub-Group > Ánu,Ánu,0,365,482,487,PROV,Provinces,3,2,1
A. Vernaculars of India > Tibeto-Chinese Family > Tibeto-Burman Sub-Family > Assam-Burmese Branch > Kuki-Chin Group > Unclassed Chin Languages Sub-Group > Ánu,Ánu,0,365,482,487,12,Madras,3,2,1
A. Vernaculars of India > Tibeto-Chinese Family > Tibeto-Burman Sub-Family > Assam-Burmese Branch > Kuki-Chin Group > Unclassed Chin Languages Sub-Group > Chuanggyi,Chuanggyi,0,368,482,487,INDIA,India,32,16,16
A. Vernaculars of India > Tibeto-Chinese Family > Tibeto-Burman Sub-Family > Assam-Burmese Branch > Kuki-Chin Group > Unclassed Chin Languages Sub-Group > Chuanggyi,Chuanggyi,0,368,482,487,PROV,Provinces,32,16,16
A. Vernaculars of India > Tibeto-Chinese Family > Tibeto-Burman Sub-Family > Assam-Burmese Branch > Kuki-Chin Group > Unclassed Chin Languages Sub-Group > Chuanggyi,Chuanggyi,0,368,482,487,8,Burma,32,16,16
A. Vernaculars of India > Tibeto-Chinese Family > Tibeto-Burman Sub-Family > Assam-Burmese Branch > Kuki-Chin Group > Unclassed Chin Languages Sub-Group > Kaukadan,Kaukadan,0,371,482,487,INDIA,India,294,137,157
A. Vernaculars of India > Tibeto-Chinese Family > Tibeto-Burman Sub-Family > Assam-Burmese Branch > Kuki-Chin Group > Unclassed Chin Languages Sub-Group > Kaukadan,Kaukadan,0,371,482,487,PROV,Provinces,294,137,157
A. Vernaculars of India > Tibeto-Chinese Family > Tibeto-Burman Sub-Family > Assam-Burmese Branch > Kuki-Chin Group > Unclassed Chin Languages Sub-Group > Kaukadan,Kaukadan,0,371,482,487,8,Burma,294,137,157
A. Vernaculars of India > Tibeto-Chinese Family > Tibeto-Burman Sub-Family > Assam-Burmese Branch > Kuki-Chin Group > Unclassed Chin Languages Sub-Group > Lawtú,Lawtú,0,374,482,487,INDIA,India,9725,4626,5099
A. Vernaculars of India > Tibeto-Chinese Family > Tibeto-Burman Sub-Family > Assam-Burmese Branch > Kuki-Chin Group > Unclassed Chin Languages Sub-Group > Lawtú,Lawtú,0,374,482,487,PROV,Provinces,9725,4626,5099
A. Vernaculars of India > Tibeto-Chinese Family > Tibeto-Burman Sub-Family > Assam-Burmese Branch > Kuki-Chin Group > Unclassed Chin Languages Sub-Group > Lawtú,Lawtú,0,374,482,487,8,Burma,9725,4626,5099
A. Vernaculars of India > Tibeto-Chinese Family > Tibeto-Burman Sub-Family > Assam-Burmese Branch > Kuki-Chin Group > Unclassed Chin Languages Sub-Group > Ledu,Ledu,0,377,482,487,INDIA,India,1719,863,856
A. Vernaculars of India > Tibeto-Chinese Family > Tibeto-Burman Sub-Family > Assam-Burmese Branch > Kuki-Chin Group > Unclassed Chin Languages Sub-Group > Ledu,Ledu,0,377,482,487,PROV,Provinces,1719,863,856
A. Vernaculars of India > Tibeto-Chinese Family > Tibeto-Burman Sub-Family > Assam-Burmese Branch > Kuki-Chin Group > Unclassed Chin Languages Sub-Group > Ledu,Ledu,0,377,482,487,8,Burma,1719,863,856
A. Vernaculars of India > Tibeto-Chinese Family > Tibeto-Burman Sub-Family > Assam-Burmese Branch > Kuki-Chin Group > Unclassed Chin Languages Sub-Group > Matu,Matu,0,380,482,487,INDIA,India,154,82,72
A. Vernaculars of India > Tibeto-Chinese Family > Tibeto-Burman Sub-Family > Assam-Burmese Branch > Kuki-Chin Group > Unclassed Chin Languages Sub-Group > Matu,Matu,0,380,482,487,PROV,Provinces,154,82,72
A. Vernaculars of India > Tibeto-Chinese Family > Tibeto-Burman Sub-Family > Assam-Burmese Branch > Kuki-Chin Group > Unclassed Chin Languages Sub-Group > Matu,Matu,0,380,482,487,8,Burma,154,82,72
A. Vernaculars of India > Tibeto-Chinese Family > Tibeto-Burman Sub-Family > Assam-Burmese Branch > Kuki-Chin Group > Unclassed Chin Languages Sub-Group > Ngorn,Ngorn,0,383,482,487,INDIA,India,5808,2727,3081
A. Vernaculars of India > Tibeto-Chinese Family > Tibeto-Burman Sub-Family > Assam-Burmese Branch > Kuki-Chin Group > Unclassed Chin Languages Sub-Group > Ngorn,Ngorn,0,383,482,487,PROV,Provinces,5808,2727,3081
A. Vernaculars of India > Tibeto-Chinese Family > Tibeto-Burman Sub-Family > Assam-Burmese Branch > Kuki-Chin Group > Unclassed Chin Languages Sub-Group > Ngorn,Ngorn,0,383,482,487,8,Burma,5808,2727,3081
A. Vernaculars of India > Tibeto-Chinese Family > Tibeto-Burman Sub-Family > Assam-Burmese Branch > Kuki-Chin Group > Unclassed Chin Languages Sub-Group > Rongtu,Rongtu,0,386,482,487,INDIA,India,13048,6429,6619
A. Vernaculars of India > Tibeto-Chinese Family > Tibeto-Burman Sub-Family > Assam-Burmese Branch > Kuki-Chin Group > Unclassed Chin Languages Sub-Group > Rongtu,Rongtu,0,386,482,487,PROV,Provinces,12016,6092,5924
A. Vernaculars of India > Tibeto-Chinese Family > Tibeto-Burman Sub-Family > Assam-Burmese Branch > Kuki-Chin Group > Unclassed Chin Languages Sub-Group > Rongtu,Rongtu,0,386,482,487,STATES,States and Agencies,1082,837,695
A. Vernaculars of India > Tibeto-Chinese Family > Tibeto-Burman Sub-Family > Assam-Burmese Branch > Kuki-Chin Group > Unclassed Chin Languages Sub-Group > Rongtu,Rongtu,0,386,482,487,5,Bengal,863,610,453
A. Vernaculars of India > Tibeto-Chinese Family > Tibeto-Burman Sub-Family > Assam-Burmese Branch > Kuki-Chin Group > Unclassed Chin Languages Sub-Group > Rongtu,Rongtu,0,386,482,487,8,Burma,11153,5482,5671
A. Vernaculars of India > Tibeto-Chinese Family > Tibeto-Burman Sub-Family > Assam-Burmese Branch > Kuki-Chin Group > Unclassed Chin Languages Sub-Group > Rongtu,Rongtu,0,386,482,487,19,Bengal States,1032,337,695
A. Vernaculars of India > Tibeto-Chinese Family > Tibeto-Burman Sub-Family > Assam-Burmese Branch > Kuki-Chin Group > Unclassed Chin Languages Sub-Group > Saingbaung,Saingbaung,0,389,482,487,INDIA,India,8031,4273,3758
A. Vernaculars of India > Tibeto-Chinese Family > Tibeto-Burman Sub-Family > Assam-Burmese Branch > Kuki-Chin Group > Unclassed Chin Languages Sub-Group > Saingbaung,Saingbaung,0,389,482,487,PROV,Provinces,8031,4273,3758
A. Vernaculars of India > Tibeto-Chinese Family > Tibeto-Burman Sub-Family > Assam-Burmese Branch > Kuki-Chin Group > Unclassed Chin Languages Sub-Group > Saingbaung,Saingbaung,0,389,482,487,8,Burma,8031,4273,3758
A. Vernaculars of India > Tibeto-Chinese Family > Tibeto-Burman Sub-Family > Assam-Burmese Branch > Kuki-Chin Group > Unclassed Chin Languages Sub-Group > Shentang,Shentang,0,392,482,487,INDIA,India,7324,3615,3709
A. Vernaculars of India > Tibeto-Chinese Family > Tibeto-Burman Sub-Family > Assam-Burmese Branch > Kuki-Chin Group > Unclassed Chin Languages Sub-Group > Shentang,Shentang,0,392,482,487,PROV,Provinces,7324,3615,3709
A. Vernaculars of India > Tibeto-Chinese Family > Tibeto-Burman Sub-Family > Assam-Burmese Branch > Kuki-Chin Group > Unclassed Chin Languages Sub-Group > Shentang,Shentang,0,392,482,487,8,Burma,7324,3615,3709
A. Vernaculars of India > Tibeto-Chinese Family > Tibeto-Burman Sub-Family > Assam-Burmese Branch > Kuki-Chin Group > Unclassed Chin Languages Sub-Group > Sittu,Sittu,0,395,482,487,INDIA,India,4282,2343,1939
A. Vernaculars of India > Tibeto-Chinese Family > Tibeto-Burman Sub-Family > Assam-Burmese Branch > Kuki-Chin Group > Unclassed Chin Languages Sub-Group > Sittu,Sittu,0,395,482,487,PROV,Provinces,4282,2343,1939
A. Vernaculars of India > Tibeto-Chinese Family > Tibeto-Burman Sub-Family > Assam-Burmese Branch > Kuki-Chin Group > Unclassed Chin Languages Sub-Group > Sittu,Sittu,0,395,482,487,8,Burma,4282,2343,1939
A. Vernaculars of India > Tibeto-Chinese Family > Tibeto-Burman Sub-Family > Assam-Burmese Branch > Kuki-Chin Group > Unclassed Chin Languages Sub-Group > Taman,Taman,0,398,482,487,INDIA,India,9228,4614,4614
A. Vernaculars of India > Tibeto-Chinese Family > Tibeto-Burman Sub-Family > Assam-Burmese Branch > Kuki-Chin Group > Unclassed Chin Languages Sub-Group > Taman,Taman,0,398,482,487,PROV,Provinces,9228,4614,4614
A. Vernaculars of India > Tibeto-Chinese Family > Tibeto-Burman Sub-Family > Assam-Burmese Branch > Kuki-Chin Group > Unclassed Chin Languages Sub-Group > Taman,Taman,0,398,482,487,8,Burma,9228,4614,4614
A. Vernaculars of India > Tibeto-Chinese Family > Tibeto-Burman Sub-Family > Assam-Burmese Branch > Kuki-Chin Group > Unclassed Chin Languages Sub-Group > Yo,Yo,0,401,482,487,INDIA,India,1365,674,691
A. Vernaculars of India > Tibeto-Chinese Family > Tibeto-Burman Sub-Family > Assam-Burmese Branch > Kuki-Chin Group > Unclassed Chin Languages Sub-Group > Yo,Yo,0,401,482,487,PROV,Provinces,1365,674,691
A. Vernaculars of India > Tibeto-Chinese Family > Tibeto-Burman Sub-Family > Assam-Burmese Branch > Kuki-Chin Group > Unclassed Chin Languages Sub-Group > Yo,Yo,0,401,482,487,8,Burma,1365,674,691
A. Vernaculars of India > Tibeto-Chinese Family > Tibeto-Burman Sub-Family > Assam-Burmese Branch > Kuki-Chin Group > Unclassed Chin Languages Sub-Group > Yotun,Yotun,0,404,482,487,INDIA,India,8985,4406,4579
A. Vernaculars of India > Tibeto-Chinese Family > Tibeto-Burman Sub-Family > Assam-Burmese Branch > Kuki-Chin Group > Unclassed Chin Languages Sub-Group > Yotun,Yotun,0,404,482,487,PROV,Provinces,8985,4406,4579
A. Vernaculars of India > Tibeto-Chinese Family > Tibeto-Burman Sub-Family > Assam-Burmese Branch > Kuki-Chin Group > Unclassed Chin Languages Sub-Group > Yotun,Yotun,0,404,482,487,8,Burma,8985,4406,4579
A. Vernaculars of India > Tibeto-Chinese Family > Tibeto-Burman Sub-Family > Assam-Burmese Branch > Kuki-Chin Group > Other or unspecified Chin Sub-Group,Other or unspecified Chin Sub-Group,0,407,482,487,INDIA,India,121136,60268,60868
A. Vernaculars of India > Tibeto-Chinese Family > Tibeto-Burman Sub-Family > Assam-Burmese Branch > Kuki-Chin Group > Other or unspecified Chin Sub-Group,Other or unspecified Chin Sub-Group,0,407,482,487,PROV,Provinces,121136,60268,60868
A. Vernaculars of India > Tibeto-Chinese Family > Tibeto-Burman Sub-Family > Assam-Burmese Branch > Kuki-Chin Group > Other or unspecified Chin Sub-Group,Other or unspecified Chin Sub-Group,0,407,482,487,3,Assam,14191,6935,7256
A. Vernaculars of India > Tibeto-Chinese Family > Tibeto-Burman Sub-Family > Assam-Burmese Branch > Kuki-Chin Group > Other or unspecified Chin Sub-Group,Other or unspecified Chin Sub-Group,0,407,482,487,8,Burma,106945,53333,53612
A. Vernaculars of India > Tibeto-Chinese Family > Tibeto-Burman Sub-Family > Assam-Burmese Branch > Kuki-Chin Group > Other or unspecified Kuki Sub-Group,Other or unspecified Kuki Sub-Group,0,410,482,487,INDIA,India,9932,4961,4971
A. Vernaculars of India > Tibeto-Chinese Family > Tibeto-Burman Sub-Family > Assam-Burmese Branch > Kuki-Chin Group > Other or unspecified Kuki Sub-Group,Other or unspecified Kuki Sub-Group,0,410,482,487,PROV,Provinces,8118,4105,4013
A. Vernaculars of India > Tibeto-Chinese Family > Tibeto-Burman Sub-Family > Assam-Burmese Branch > Kuki-Chin Group > Other or unspecified Kuki Sub-Group,Other or unspecified Kuki Sub-Group,0,410,482,487,STATES,States and Agencies,1814,856,958
A. Vernaculars of India > Tibeto-Chinese Family > Tibeto-Burman Sub-Family > Assam-Burmese Branch > Kuki-Chin Group > Other or unspecified Kuki Sub-Group,Other or unspecified Kuki Sub-Group,0,410,482,487,3,Assam,5810,2915,2895
A. Vernaculars of India > Tibeto-Chinese Family > Tibeto-Burman Sub-Family > Assam-Burmese Branch > Kuki-Chin Group > Other or unspecified Kuki Sub-Group,Other or unspecified Kuki Sub-Group,0,410,482,487,5,Bengal,2308,1190,1118
A. Vernaculars of India > Tibeto-Chinese Family > Tibeto-Burman Sub-Family > Assam-Burmese Branch > Kuki-Chin Group > Other or unspecified Kuki Sub-Group,Other or unspecified Kuki Sub-Group,0,410,482,487,16,Assam States,344,177,167
A. Vernaculars of India > Tibeto-Chinese Family > Tibeto-Burman Sub-Family > Assam-Burmese Branch > Kuki-Chin Group > Other or unspecified Kuki Sub-Group,Other or unspecified Kuki Sub-Group,0,410,482,487,19,Bengal States,1470,679,791
A. Vernaculars of India > Tibeto-Chinese Family > Tibeto-Burman Sub-Family > Assam-Burmese Branch > Kachin Group,Kachin Group,1,,,,INDIA,India,156980,75728,81252
A. Vernaculars of India > Tibeto-Chinese Family > Tibeto-Burman Sub-Family > Assam-Burmese Branch > Kachin Group,Kachin Group,1,,,,PROV,Provinces,156980,75728,81252
A. Vernaculars of India > Tibeto-Chinese Family > Tibeto-Burman Sub-Family > Assam-Burmese Branch > Kachin Group,Kachin Group,1,,,,3,Assam,3042,1659,1383
A. Vernaculars of India > Tibeto-Chinese Family > Tibeto-Burman Sub-Family > Assam-Burmese Branch > Kachin Group,Kachin Group,1,,,,5,Bengal,1,1,0
A. Vernaculars of India > Tibeto-Chinese Family > Tibeto-Burman Sub-Family > Assam-Burmese Branch > Kachin Group,Kachin Group,1,,,,8,Burma,153897,74051,79846
A. Vernaculars of India > Tibeto-Chinese Family > Tibeto-Burman Sub-Family > Assam-Burmese Branch > Kachin Group,Kachin Group,1,,,,15,United Provinces of Agra and Oudh,40,17,23
A. Vernaculars of India > Tibeto-Chinese Family > Tibeto-Burman Sub-Family > Assam-Burmese Branch > Kachin Group > Kachin,Kachin,0,413,482,487,INDIA,India,156980,75728,81252
A. Vernaculars of India > Tibeto-Chinese Family > Tibeto-Burman Sub-Family > Assam-Burmese Branch > Kachin Group > Kachin,Kachin,0,413,482,487,PROV,Provinces,156980,75728,81252
A. Vernaculars of India > Tibeto-Chinese Family > Tibeto-Burman Sub-Family > Assam-Burmese Branch > Kachin Group > Kachin,Kachin,0,413,482,487,3,Assam,3042,1659,1383
A. Vernaculars of India > Tibeto-Chinese Family > Tibeto-Burman Sub-Family > Assam-Burmese Branch > Kachin Group > Kachin,Kachin,0,413,482,487,5,Bengal,1,1,
A. Vernaculars of India > Tibeto-Chinese Family > Tibeto-Burman Sub-Family > Assam-Burmese Branch > Kachin Group > Kachin,Kachin,0,413,482,487,8,Burma,153897,74051,79846
A. Vernaculars of India > Tibeto-Chinese Family > Tibeto-Burman Sub-Family > Assam-Burmese Branch > Kachin Group > Kachin,Kachin,0,413,482,487,15,United Provinces of Agra and Oudh,40,17,23
A. Vernaculars of India > Tibeto-Chinese Family > Tibeto-Burman Sub-Family > Assam-Burmese Branch > Burma Group,Burma Group,1,416,483,488,INDIA,India,9960394,4881329,5079065
A. Vernaculars of India > Tibeto-Chinese Family > Tibeto-Burman Sub-Family > Assam-Burmese Branch > Burma Group,Burma Group,1,416,483,488,PROV,Provinces,9955413,4879051,5076362
A. Vernaculars of India > Tibeto-Chinese Family > Tibeto-Burman Sub-Family > Assam-Burmese Branch > Burma Group,Burma Group,1,416,483,488,STATES,States and Agencies,4981,2278,2703
A. Vernaculars of India > Tibeto-Chinese Family > Tibeto-Burman Sub-Family > Assam-Burmese Branch > Burma Group,Burma Group,1,416,483,488,2,Andaman and Nicobar Islands,2745,2315,430
A. Vernaculars of India > Tibeto-Chinese Family > Tibeto-Burman Sub-Family > Assam-Burmese Branch > Burma Group,Burma Group,1,416,483,488,3,Assam,37,27,10
A. Vernaculars of India > Tibeto-Chinese Family > Tibeto-Burman Sub-Family > Assam-Burmese Branch > Burma Group,Burma Group,1,416,483,488,5,Bengal,90197,45425,44772
A. Vernaculars of India > Tibeto-Chinese Family > Tibeto-Burman Sub-Family > Assam-Burmese Branch > Burma Group,Burma Group,1,416,483,488,6,Bihar and Orissa,9,6,3
A. Vernaculars of India > Tibeto-Chinese Family > Tibeto-Burman Sub-Family > Assam-Burmese Branch > Burma Group,Burma Group,1,416,483,488,7,Bombay (including Aden),18,4,14
A. Vernaculars of India > Tibeto-Chinese Family > Tibeto-Burman Sub-Family > Assam-Burmese Branch > Burma Group,Burma Group,1,416,483,488,7a,Aden,1,1,
A. Vernaculars of India > Tibeto-Chinese Family > Tibeto-Burman Sub-Family > Assam-Burmese Branch > Burma Group,Burma Group,1,416,483,488,8,Burma,9862015,4831039,5030976
A. Vernaculars of India > Tibeto-Chinese Family > Tibeto-Burman Sub-Family > Assam-Burmese Branch > Burma Group,Burma Group,1,416,483,488,11,Delhi,19,14,5
A. Vernaculars of India > Tibeto-Chinese Family > Tibeto-Burman Sub-Family > Assam-Burmese Branch > Burma Group,Burma Group,1,416,483,488,12,Madras,106,85,21
A. Vernaculars of India > Tibeto-Chinese Family > Tibeto-Burman Sub-Family > Assam-Burmese Branch > Burma Group,Burma Group,1,416,483,488,13,North-West Frontier Province (Districts and Administered Territories),8,3,5
A. Vernaculars of India > Tibeto-Chinese Family > Tibeto-Burman Sub-Family > Assam-Burmese Branch > Burma Group,Burma Group,1,416,483,488,14,Punjab,174,77,97
A. Vernaculars of India > Tibeto-Chinese Family > Tibeto-Burman Sub-Family > Assam-Burmese Branch > Burma Group,Burma Group,1,416,483,488,15,United Provinces of Agra and Oudh,85,56,29
A. Vernaculars of India > Tibeto-Chinese Family > Tibeto-Burman Sub-Family > Assam-Burmese Branch > Burma Group,Burma Group,1,416,483,488,16,Assam States,33,20,13
A. Vernaculars of India > Tibeto-Chinese Family > Tibeto-Burman Sub-Family > Assam-Burmese Branch > Burma Group,Burma Group,1,416,483,488,18,Baroda State,13,6,7
A. Vernaculars of India > Tibeto-Chinese Family > Tibeto-Burman Sub-Family > Assam-Burmese Branch > Burma Group,Burma Group,1,416,483,488,19,Bengal States,4863,2208,2655
A. Vernaculars of India > Tibeto-Chinese Family > Tibeto-Burman Sub-Family > Assam-Burmese Branch > Burma Group,Burma Group,1,416,483,488,22,Central India Agency,11,8,3
A. Vernaculars of India > Tibeto-Chinese Family > Tibeto-Burman Sub-Family > Assam-Burmese Branch > Burma Group,Burma Group,1,416,483,488,25,Hyderabad State,20,16,4
A. Vernaculars of India > Tibeto-Chinese Family > Tibeto-Burman Sub-Family > Assam-Burmese Branch > Burma Group,Burma Group,1,416,483,488,26,Jammu and Kashmir State,3,,3
A. Vernaculars of India > Tibeto-Chinese Family > Tibeto-Burman Sub-Family > Assam-Burmese Branch > Burma Group,Burma Group,1,416,483,488,28,Mysore State,3,2,1
A. Vernaculars of India > Tibeto-Chinese Family > Tibeto-Burman Sub-Family > Assam-Burmese Branch > Burma Group,Burma Group,1,416,483,488,31,Punjab States Agency,22,10,12
A. Vernaculars of India > Tibeto-Chinese Family > Tibeto-Burman Sub-Family > Assam-Burmese Branch > Burma Group,Burma Group,1,416,483,488,32,Rajputana Agency,5,5,
A. Vernaculars of India > Tibeto-Chinese Family > Tibeto-Burman Sub-Family > Assam-Burmese Branch > Burma Group,Burma Group,1,416,483,488,35,Western India States Agency,8,3,5
A. Vernaculars of India > Tibeto-Chinese Family > Tibeto-Burman Sub-Family > Assam-Burmese Branch > Burma Group > Burmese,Burmese,0,419,483,488,INDIA,India,8853538,4331535,4522003
A. Vernaculars of India > Tibeto-Chinese Family > Tibeto-Burman Sub-Family > Assam-Burmese Branch > Burma Group > Burmese,Burmese,0,419,483,488,PROV,Provinces,8853420,4331465,4521955
A. Vernaculars of India > Tibeto-Chinese Family > Tibeto-Burman Sub-Family > Assam-Burmese Branch > Burma Group > Burmese,Burmese,0,419,483,488,STATES,States and Agencies,118,70,48
A. Vernaculars of India > Tibeto-Chinese Family > Tibeto-Burman Sub-Family > Assam-Burmese Branch > Burma Group > Burmese,Burmese,0,419,483,488,2,Andaman and Nicobar Islands,2745,2315,430
A. Vernaculars of India > Tibeto-Chinese Family > Tibeto-Burman Sub-Family > Assam-Burmese Branch > Burma Group > Burmese,Burmese,0,419,483,488,3,Assam,37,27,10
A. Vernaculars of India > Tibeto-Chinese Family > Tibeto-Burman Sub-Family > Assam-Burmese Branch > Burma Group > Burmese,Burmese,0,419,483,488,5,Bengal,8506,4892,3614
A. Vernaculars of India > Tibeto-Chinese Family > Tibeto-Burman Sub-Family > Assam-Burmese Branch > Burma Group > Burmese,Burmese,0,419,483,488,6,Bihar and Orissa,9,6,3
A. Vernaculars of India > Tibeto-Chinese Family > Tibeto-Burman Sub-Family > Assam-Burmese Branch > Burma Group > Burmese,Burmese,0,419,483,488,7,Bombay (including Aden),18,4,14
A. Vernaculars of India > Tibeto-Chinese Family > Tibeto-Burman Sub-Family > Assam-Burmese Branch > Burma Group > Burmese,Burmese,0,419,483,488,7a,Aden,1,1,
A. Vernaculars of India > Tibeto-Chinese Family > Tibeto-Burman Sub-Family > Assam-Burmese Branch > Burma Group > Burmese,Burmese,0,419,483,488,8,Burma,8841760,4324033,4517727
A. Vernaculars of India > Tibeto-Chinese Family > Tibeto-Burman Sub-Family > Assam-Burmese Branch > Burma Group > Burmese,Burmese,0,419,483,488,11,Delhi,19,14,5
A. Vernaculars of India > Tibeto-Chinese Family > Tibeto-Burman Sub-Family > Assam-Burmese Branch > Burma Group > Burmese,Burmese,0,419,483,488,12,Madras,61,40,21
A. Vernaculars of India > Tibeto-Chinese Family > Tibeto-Burman Sub-Family > Assam-Burmese Branch > Burma Group > Burmese,Burmese,0,419,483,488,13,North-West Frontier Province (Districts and Administered Territories),6,1,5
A. Vernaculars of India > Tibeto-Chinese Family > Tibeto-Burman Sub-Family > Assam-Burmese Branch > Burma Group > Burmese,Burmese,0,419,483,488,14,Punjab,174,77,97
A. Vernaculars of India > Tibeto-Chinese Family > Tibeto-Burman Sub-Family > Assam-Burmese Branch > Burma Group > Burmese,Burmese,0,419,483,488,15,United Provinces of Agra and Oudh,85,56,29
A. Vernaculars of India > Tibeto-Chinese Family > Tibeto-Burman Sub-Family > Assam-Burmese Branch > Burma Group > Burmese,Burmese,0,419,483,488,16,Assam States,33,20,13
A. Vernaculars of India > Tibeto-Chinese Family > Tibeto-Burman Sub-Family > Assam-Burmese Branch > Burma Group > Burmese,Burmese,0,419,483,488,18,Baroda State,13,6,7
A. Vernaculars of India > Tibeto-Chinese Family > Tibeto-Burman Sub-Family > Assam-Burmese Branch > Burma Group > Burmese,Burmese,0,419,483,488,22,Central India Agency,11,8,3
A. Vernaculars of India > Tibeto-Chinese Family > Tibeto-Burman Sub-Family > Assam-Burmese Branch > Burma Group > Burmese,Burmese,0,419,483,488,25,Hyderabad State,20,16,4
A. Vernaculars of India > Tibeto-Chinese Family > Tibeto-Burman Sub-Family > Assam-Burmese Branch > Burma Group > Burmese,Burmese,0,419,483,488,26,Jammu and Kashmir State,3,,3
A. Vernaculars of India > Tibeto-Chinese Family > Tibeto-Burman Sub-Family > Assam-Burmese Branch > Burma Group > Burmese,Burmese,0,419,483,488,28,Mysore State,3,2,1
A. Vernaculars of India > Tibeto-Chinese Family > Tibeto-Burman Sub-Family > Assam-Burmese Branch > Burma Group > Burmese,Burmese,0,419,483,488,31,Punjab States Agency,22,10,12
A. Vernaculars of India > Tibeto-Chinese Family > Tibeto-Burman Sub-Family > Assam-Burmese Branch > Burma Group > Burmese,Burmese,0,419,483,488,32,Rajputana Agency,5,5,
A. Vernaculars of India > Tibeto-Chinese Family > Tibeto-Burman Sub-Family > Assam-Burmese Branch > Burma Group > Burmese,Burmese,0,419,483,488,35,Western India States Agency,8,3,5
A. Vernaculars of India > Tibeto-Chinese Family > Tibeto-Burman Sub-Family > Assam-Burmese Branch > Burma Group > Arakanese,Arakanese,0,422,483,488,INDIA,India,308544,156097,152447
A. Vernaculars of India > Tibeto-Chinese Family > Tibeto-Burman Sub-Family > Assam-Burmese Branch > Burma Group > Arakanese,Arakanese,0,422,483,488,PROV,Provinces,303681,153889,149792
A. Vernaculars of India > Tibeto-Chinese Family > Tibeto-Burman Sub-Family > Assam-Burmese Branch > Burma Group > Arakanese,Arakanese,0,422,483,488,STATES,States and Agencies,4863,2208,2655
A. Vernaculars of India > Tibeto-Chinese Family > Tibeto-Burman Sub-Family > Assam-Burmese Branch > Burma Group > Arakanese,Arakanese,0,422,483,488,5,Bengal,81691,40533,41158
A. Vernaculars of India > Tibeto-Chinese Family > Tibeto-Burman Sub-Family > Assam-Burmese Branch > Burma Group > Arakanese,Arakanese,0,422,483,488,8,Burma,221945,113311,108634
A. Vernaculars of India > Tibeto-Chinese Family > Tibeto-Burman Sub-Family > Assam-Burmese Branch > Burma Group > Arakanese,Arakanese,0,422,483,488,12,Madras,45,45,
A. Vernaculars of India > Tibeto-Chinese Family > Tibeto-Burman Sub-Family > Assam-Burmese Branch > Burma Group > Arakanese,Arakanese,0,422,483,488,19,Bengal States,4863,2208,2655
A. Vernaculars of India > Tibeto-Chinese Family > Tibeto-Burman Sub-Family > Assam-Burmese Branch > Burma Group > Taungyo,Taungyo,0,425,483,488,INDIA,India,22261,11046,11215
A. Vernaculars of India > Tibeto-Chinese Family > Tibeto-Burman Sub-Family > Assam-Burmese Branch > Burma Group > Taungyo,Taungyo,0,425,483,488,PROV,Provinces,22261,11046,11215
A. Vernaculars of India > Tibeto-Chinese Family > Tibeto-Burman Sub-Family > Assam-Burmese Branch > Burma Group > Taungyo,Taungyo,0,425,483,488,8,Burma,22261,11046,11215
A. Vernaculars of India > Tibeto-Chinese Family > Tibeto-Burman Sub-Family > Assam-Burmese Branch > Burma Group > Intha,Intha,0,428,483,488,INDIA,India,56829,28001,28828
A. Vernaculars of India > Tibeto-Chinese Family > Tibeto-Burman Sub-Family > Assam-Burmese Branch > Burma Group > Intha,Intha,0,428,483,488,PROV,Provinces,56829,28001,28828
A. Vernaculars of India > Tibeto-Chinese Family > Tibeto-Burman Sub-Family > Assam-Burmese Branch > Burma Group > Intha,Intha,0,428,483,488,8,Burma,56829,28001,28828
A. Vernaculars of India > Tibeto-Chinese Family > Tibeto-Burman Sub-Family > Assam-Burmese Branch > Burma Group > Danu,Danu,0,431,483,488,INDIA,India,60966,31090,29876
A. Vernaculars of India > Tibeto-Chinese Family > Tibeto-Burman Sub-Family > Assam-Burmese Branch > Burma Group > Danu,Danu,0,431,483,488,PROV,Provinces,60966,31090,29876
A. Vernaculars of India > Tibeto-Chinese Family > Tibeto-Burman Sub-Family > Assam-Burmese Branch > Burma Group > Danu,Danu,0,431,483,488,8,Burma,60966,31090,29876
A. Vernaculars of India > Tibeto-Chinese Family > Tibeto-Burman Sub-Family > Assam-Burmese Branch > Burma Group > Maru,Maru,0,434,483,488,INDIA,India,17447,8393,9054
A. Vernaculars of India > Tibeto-Chinese Family > Tibeto-Burman Sub-Family > Assam-Burmese Branch > Burma Group > Maru,Maru,0,434,483,488,PROV,Provinces,17447,8393,9054
A. Vernaculars of India > Tibeto-Chinese Family > Tibeto-Burman Sub-Family > Assam-Burmese Branch > Burma Group > Maru,Maru,0,434,483,488,8,Burma,17447,8393,9054
A. Vernaculars of India > Tibeto-Chinese Family > Tibeto-Burman Sub-Family > Assam-Burmese Branch > Burma Group > Tavoyan,Tavoyan,0,437,483,488,INDIA,India,159174,78692,80482
A. Vernaculars of India > Tibeto-Chinese Family > Tibeto-Burman Sub-Family > Assam-Burmese Branch > Burma Group > Tavoyan,Tavoyan,0,437,483,488,PROV,Provinces,159174,78692,80482
A. Vernaculars of India > Tibeto-Chinese Family > Tibeto-Burman Sub-Family > Assam-Burmese Branch > Burma Group > Tavoyan,Tavoyan,0,437,483,488,8,Burma,159174,78692,80482
A. Vernaculars of India > Tibeto-Chinese Family > Tibeto-Burman Sub-Family > Assam-Burmese Branch > Burma Group > Chaungtha,Chaungtha,0,440,483,488,INDIA,India,34626,17346,17280
A. Vernaculars of India > Tibeto-Chinese Family > Tibeto-Burman Sub-Family > Assam-Burmese Branch > Burma Group > Chaungtha,Chaungtha,0,440,483,488,PROV,Provinces,34626,17346,17280
A. Vernaculars of India > Tibeto-Chinese Family > Tibeto-Burman Sub-Family > Assam-Burmese Branch > Burma Group > Chaungtha,Chaungtha,0,440,483,488,8,Burma,34625,17345,17280
A. Vernaculars of India > Tibeto-Chinese Family > Tibeto-Burman Sub-Family > Assam-Burmese Branch > Burma Group > Chaungtha,Chaungtha,0,440,483,488,13,North-West Frontier Province (Districts and Administered Territories),1,1,
A. Vernaculars of India > Tibeto-Chinese Family > Tibeto-Burman Sub-Family > Assam-Burmese Branch > Burma Group > Maingtha,Maingtha,0,443,483,488,INDIA,India,487,319,168
A. Vernaculars of India > Tibeto-Chinese Family > Tibeto-Burman Sub-Family > Assam-Burmese Branch > Burma Group > Maingtha,Maingtha,0,443,483,488,PROV,Provinces,487,319,169
A. Vernaculars of India > Tibeto-Chinese Family > Tibeto-Burman Sub-Family > Assam-Burmese Branch > Burma Group > Maingtha,Maingtha,0,443,483,488,8,Burma,487,319,168
A. Vernaculars of India > Tibeto-Chinese Family > Tibeto-Burman Sub-Family > Assam-Burmese Branch > Burma Group > Atsi,Atsi,0,446,483,488,INDIA,India,5295,2485,2810
A. Vernaculars of India > Tibeto-Chinese Family > Tibeto-Burman Sub-Family > Assam-Burmese Branch > Burma Group > Atsi,Atsi,0,446,483,488,PROV,Provinces,5295,2485,2810
A. Vernaculars of India > Tibeto-Chinese Family > Tibeto-Burman Sub-Family > Assam-Burmese Branch > Burma Group > Atsi,Atsi,0,446,483,488,8,Burma,5294,2484,2810
A. Vernaculars of India > Tibeto-Chinese Family > Tibeto-Burman Sub-Family > Assam-Burmese Branch > Burma Group > Atsi,Atsi,0,446,483,488,13,North-West Frontier Province (Districts and Administered Territories),1,1,
A. Vernaculars of India > Tibeto-Chinese Family > Tibeto-Burman Sub-Family > Assam-Burmese Branch > Burma Group > Yaw,Yaw,0,449,483,488,INDIA,India,877,484,393
A. Vernaculars of India > Tibeto-Chinese Family > Tibeto-Burman Sub-Family > Assam-Burmese Branch > Burma Group > Yaw,Yaw,0,449,483,488,PROV,Provinces,877,484,393
A. Vernaculars of India > Tibeto-Chinese Family > Tibeto-Burman Sub-Family > Assam-Burmese Branch > Burma Group > Yaw,Yaw,0,449,483,488,8,Burma,877,484,393
A. Vernaculars of India > Tibeto-Chinese Family > Tibeto-Burman Sub-Family > Assam-Burmese Branch > Burma Group > Merguese,Merguese,0,452,483,488,INDIA,India,101144,51134,50010
A. Vernaculars of India > Tibeto-Chinese Family > Tibeto-Burman Sub-Family > Assam-Burmese Branch > Burma Group > Merguese,Merguese,0,452,483,488,PROV,Provinces,101144,51134,50010
A. Vernaculars of India > Tibeto-Chinese Family > Tibeto-Burman Sub-Family > Assam-Burmese Branch > Burma Group > Merguese,Merguese,0,452,483,488,8,Burma,101144,51134,50010
A. Vernaculars of India > Tibeto-Chinese Family > Tibeto-Burman Sub-Family > Assam-Burmese Branch > Burma Group > Yanbye,Yanbye,0,455,483,488,INDIA,India,326642,158597,168045
A. Vernaculars of India > Tibeto-Chinese Family > Tibeto-Burman Sub-Family > Assam-Burmese Branch > Burma Group > Yanbye,Yanbye,0,455,483,488,PROV,Provinces,326642,158597,168045
A. Vernaculars of India > Tibeto-Chinese Family > Tibeto-Burman Sub-Family > Assam-Burmese Branch > Burma Group > Yanbye,Yanbye,0,455,483,488,8,Burma,326642,158597,168045
A. Vernaculars of India > Tibeto-Chinese Family > Tibeto-Burman Sub-Family > Assam-Burmese Branch > Burma Group > Lashi,Lashi,0,458,483,488,INDIA,India,12564,6110,6454
A. Vernaculars of India > Tibeto-Chinese Family > Tibeto-Burman Sub-Family > Assam-Burmese Branch > Burma Group > Lashi,Lashi,0,458,483,488,PROV,Provinces,12564,6110,6454
A. Vernaculars of India > Tibeto-Chinese Family > Tibeto-Burman Sub-Family > Assam-Burmese Branch > Burma Group > Lashi,Lashi,0,458,483,488,8,Burma,12561,6110,6454
A. Vernaculars of India > Tibeto-Chinese Family > Tibeto-Burman Sub-Family > Assam-Burmese Branch > Lolo-Muhso Group,Lolo-Muhso Group,1,461,483,488,INDIA,India,93731,48302,45429
A. Vernaculars of India > Tibeto-Chinese Family > Tibeto-Burman Sub-Family > Assam-Burmese Branch > Lolo-Muhso Group,Lolo-Muhso Group,1,461,483,488,PROV,Provinces,93731,48302,45429
A. Vernaculars of India > Tibeto-Chinese Family > Tibeto-Burman Sub-Family > Assam-Burmese Branch > Lolo-Muhso Group,Lolo-Muhso Group,1,461,483,488,8,Burma,93731,48302,45429
A. Vernaculars of India > Tibeto-Chinese Family > Tibeto-Burman Sub-Family > Assam-Burmese Branch > Lolo-Muhso Group > Lahu,Lahu,0,464,483,488,INDIA,India,26864,13666,13198
A. Vernaculars of India > Tibeto-Chinese Family > Tibeto-Burman Sub-Family > Assam-Burmese Branch > Lolo-Muhso Group > Lahu,Lahu,0,464,483,488,PROV,Provinces,26864,13666,13198
A. Vernaculars of India > Tibeto-Chinese Family > Tibeto-Burman Sub-Family > Assam-Burmese Branch > Lolo-Muhso Group > Lahu,Lahu,0,464,483,488,8,Burma,26864,13666,13198
A. Vernaculars of India > Tibeto-Chinese Family > Tibeto-Burman Sub-Family > Assam-Burmese Branch > Lolo-Muhso Group > Lisaw,Lisaw,0,467,483,488,INDIA,India,19698,9885,9813
A. Vernaculars of India > Tibeto-Chinese Family > Tibeto-Burman Sub-Family > Assam-Burmese Branch > Lolo-Muhso Group > Lisaw,Lisaw,0,467,483,488,PROV,Provinces,19698,9885,9813
A. Vernaculars of India > Tibeto-Chinese Family > Tibeto-Burman Sub-Family > Assam-Burmese Branch > Lolo-Muhso Group > Lisaw,Lisaw,0,467,483,488,8,Burma,19698,9885,9813
A. Vernaculars of India > Tibeto-Chinese Family > Tibeto-Burman Sub-Family > Assam-Burmese Branch > Lolo-Muhso Group > Hpun,Hpun,0,470,484,489,INDIA,India,679,343,336
A. Vernaculars of India > Tibeto-Chinese Family > Tibeto-Burman Sub-Family > Assam-Burmese Branch > Lolo-Muhso Group > Hpun,Hpun,0,470,484,489,PROV,Provinces,679,343,336
A. Vernaculars of India > Tibeto-Chinese Family > Tibeto-Burman Sub-Family > Assam-Burmese Branch > Lolo-Muhso Group > Hpun,Hpun,0,470,484,489,8,Burma,679,343,336
A. Vernaculars of India > Tibeto-Chinese Family > Tibeto-Burman Sub-Family > Assam-Burmese Branch > Lolo-Muhso Group > Nung,Nung,0,473,484,489,INDIA,India,101,65,36
A. Vernaculars of India > Tibeto-Chinese Family > Tibeto-Burman Sub-Family > Assam-Burmese Branch > Lolo-Muhso Group > Nung,Nung,0,473,484,489,PROV,Provinces,101,65,36
A. Vernaculars of India > Tibeto-Chinese Family > Tibeto-Burman Sub-Family > Assam-Burmese Branch > Lolo-Muhso Group > Nung,Nung,0,473,484,489,8,Burma,101,65,36
A. Vernaculars of India > Tibeto-Chinese Family > Tibeto-Burman Sub-Family > Assam-Burmese Branch > Lolo-Muhso Group > Kwi,Kwi,0,476,484,489,INDIA,India,3839,1962,1877
A. Vernaculars of India > Tibeto-Chinese Family > Tibeto-Burman Sub-Family > Assam-Burmese Branch > Lolo-Muhso Group > Kwi,Kwi,0,476,484,489,PROV,Provinces,3839,1962,1877
A. Vernaculars of India > Tibeto-Chinese Family > Tibeto-Burman Sub-Family > Assam-Burmese Branch > Lolo-Muhso Group > Kwi,Kwi,0,476,484,489,8,Burma,3839,1962,1877
A. Vernaculars of India > Tibeto-Chinese Family > Tibeto-Burman Sub-Family > Assam-Burmese Branch > Lolo-Muhso Group > Akha,Akha,0,479,484,489,INDIA,India,40407,21261,19146
A. Vernaculars of India > Tibeto-Chinese Family > Tibeto-Burman Sub-Family > Assam-Burmese Branch > Lolo-Muhso Group > Akha,Akha,0,479,484,489,PROV,Provinces,40407,21261,19146
A. Vernaculars of India > Tibeto-Chinese Family > Tibeto-Burman Sub-Family > Assam-Burmese Branch > Lolo-Muhso Group > Akha,Akha,0,479,484,489,8,Burma,40407,21261,19146
A. Vernaculars of India > Tibeto-Chinese Family > Tibeto-Burman Sub-Family > Assam-Burmese Branch > Lolo-Muhso Group > Ako,Ako,0,482,484,489,INDIA,India,1343,680,663
A. Vernaculars of India > Tibeto-Chinese Family > Tibeto-Burman Sub-Family > Assam-Burmese Branch > Lolo-Muhso Group > Ako,Ako,0,482,484,489,PROV,Provinces,1343,680,663
A. Vernaculars of India > Tibeto-Chinese Family > Tibeto-Burman Sub-Family > Assam-Burmese Branch > Lolo-Muhso Group > Ako,Ako,0,482,484,489,8,Burma,1343,680,663
A. Vernaculars of India > Tibeto-Chinese Family > Tibeto-Burman Sub-Family > Assam-Burmese Branch > Lolo-Muhso Group > Pyin,Pyin,0,485,484,489,INDIA,India,800,440,360
A. Vernaculars of India > Tibeto-Chinese Family > Tibeto-Burman Sub-Family > Assam-Burmese Branch > Lolo-Muhso Group > Pyin,Pyin,0,485,484,489,PROV,Provinces,800,440,360
A. Vernaculars of India > Tibeto-Chinese Family > Tibeto-Burman Sub-Family > Assam-Burmese Branch > Lolo-Muhso Group > Pyin,Pyin,0,485,484,489,8,Burma,800,440,360
A. Vernaculars of India > Tibeto-Chinese Family > Tibeto-Burman Sub-Family > Assam-Burmese Branch > Sak (Lui) Group,Sak (Lui) Group,1,488,484,489,INDIA,India,34299,16591,17708
A. Vernaculars of India > Tibeto-Chinese Family > Tibeto-Burman Sub-Family > Assam-Burmese Branch > Sak (Lui) Group,Sak (Lui) Group,1,488,484,489,PROV,Provinces,34299,16591,17708
A. Vernaculars of India > Tibeto-Chinese Family > Tibeto-Burman Sub-Family > Assam-Burmese Branch > Sak (Lui) Group,Sak (Lui) Group,1,488,484,489,8,Burma,34299,16591,17708
A. Vernaculars of India > Tibeto-Chinese Family > Tibeto-Burman Sub-Family > Assam-Burmese Branch > Sak (Lui) Group > Kadu,Kadu,0,491,484,489,INDIA,India,20305,9962,10343
A. Vernaculars of India > Tibeto-Chinese Family > Tibeto-Burman Sub-Family > Assam-Burmese Branch > Sak (Lui) Group > Kadu,Kadu,0,491,484,489,PROV,Provinces,20305,9962,10343
A. Vernaculars of India > Tibeto-Chinese Family > Tibeto-Burman Sub-Family > Assam-Burmese Branch > Sak (Lui) Group > Kadu,Kadu,0,491,484,489,8,Burma,20305,9962,10343
A. Vernaculars of India > Tibeto-Chinese Family > Tibeto-Burman Sub-Family > Assam-Burmese Branch > Sak (Lui) Group > Ganan,Ganan,0,494,484,489,INDIA,India,7144,3168,3976
A. Vernaculars of India > Tibeto-Chinese Family > Tibeto-Burman Sub-Family > Assam-Burmese Branch > Sak (Lui) Group > Ganan,Ganan,0,494,484,489,PROV,Provinces,7144,3168,3976
A. Vernaculars of India > Tibeto-Chinese Family > Tibeto-Burman Sub-Family > Assam-Burmese Branch > Sak (Lui) Group > Ganan,Ganan,0,494,484,489,8,Burma,7144,3168,3976
A. Vernaculars of India > Tibeto-Chinese Family > Tibeto-Burman Sub-Family > Assam-Burmese Branch > Sak (Lui) Group > Sak,Sak,0,497,484,489,INDIA,India,691,350,341
A. Vernaculars of India > Tibeto-Chinese Family > Tibeto-Burman Sub-Family > Assam-Burmese Branch > Sak (Lui) Group > Sak,Sak,0,497,484,489,PROV,Provinces,691,350,341
A. Vernaculars of India > Tibeto-Chinese Family > Tibeto-Burman Sub-Family > Assam-Burmese Branch > Sak (Lui) Group > Sak,Sak,0,497,484,489,8,Burma,691,350,341
A. Vernaculars of India > Tibeto-Chinese Family > Tibeto-Burman Sub-Family > Assam-Burmese Branch > Sak (Lui) Group > Daingnet,Daingnet,0,500,484,489,INDIA,India,6159,3111,3048
A. Vernaculars of India > Tibeto-Chinese Family > Tibeto-Burman Sub-Family > Assam-Burmese Branch > Sak (Lui) Group > Daingnet,Daingnet,0,500,484,489,PROV,Provinces,6159,3111,3048
A. Vernaculars of India > Tibeto-Chinese Family > Tibeto-Burman Sub-Family > Assam-Burmese Branch > Sak (Lui) Group > Daingnet,Daingnet,0,500,484,489,8,Burma,6159,3111,3048
A. Vernaculars of India > Tibeto-Chinese Family > Tibeto-Burman Sub-Family > Unclassed,Unclassed,1,,,,INDIA,India,17887,10993,6894
A. Vernaculars of India > Tibeto-Chinese Family > Tibeto-Burman Sub-Family > Unclassed,Unclassed,1,,,,PROV,Provinces,17887,10993,6894
A. Vernaculars of India > Tibeto-Chinese Family > Tibeto-Burman Sub-Family > Unclassed,Unclassed,1,,,,5,Bengal,3793,3740,53
A. Vernaculars of India > Tibeto-Chinese Family > Tibeto-Burman Sub-Family > Unclassed,Unclassed,1,,,,8,Burma,14094,7253,6841
A. Vernaculars of India > Tibeto-Chinese Family > Tibeto-Burman Sub-Family > Unclassed > Mro Group,Mro Group,1,,,,INDIA,India,17887,10993,6894
A. Vernaculars of India > Tibeto-Chinese Family > Tibeto-Burman Sub-Family > Unclassed > Mro Group,Mro Group,1,,,,PROV,Provinces,17887,10993,6894
A. Vernaculars of India > Tibeto-Chinese Family > Tibeto-Burman Sub-Family > Unclassed > Mro Group,Mro Group,1,,,,5,Bengal,3793,3740,53
A. Vernaculars of India > Tibeto-Chinese Family > Tibeto-Burman Sub-Family > Unclassed > Mro Group,Mro Group,1,,,,8,Burma,14094,7253,6841
A. Vernaculars of India > Tibeto-Chinese Family > Tibeto-Burman Sub-Family > Unclassed > Mro Group > Mro (Mru),Mro (Mru),0,503,484,489,INDIA,India,17887,10993,6894
A. Vernaculars of India > Tibeto-Chinese Family > Tibeto-Burman Sub-Family > Unclassed > Mro Group > Mro (Mru),Mro (Mru),0,503,484,489,PROV,Provinces,17887,10993,6894
A. Vernaculars of India > Tibeto-Chinese Family > Tibeto-Burman Sub-Family > Unclassed > Mro Group > Mro (Mru),Mro (Mru),0,503,484,489,5,Bengal,3793,3740,53
A. Vernaculars of India > Tibeto-Chinese Family > Tibeto-Burman Sub-Family > Unclassed > Mro Group > Mro (Mru),Mro (Mru),0,503,484,489,8,Burma,14094,7253,6841
A. Vernaculars of India > Tibeto-Chinese Family > Tai-Chinese Sub-Family,Tai-Chinese Sub-Family,1,,,,INDIA,India,1027656,516913,510743
A. Vernaculars of India > Tibeto-Chinese Family > Tai-Chinese Sub-Family,Tai-Chinese Sub-Family,1,,,,PROV,Provinces,1027656,516913,510743
A. Vernaculars of India > Tibeto-Chinese Family > Tai-Chinese Sub-Family,Tai-Chinese Sub-Family,1,,,,3,Assam,5713,3029,2684
A. Vernaculars of India > Tibeto-Chinese Family > Tai-Chinese Sub-Family,Tai-Chinese Sub-Family,1,,,,8,Burma,1021909,513850,508059
A. Vernaculars of India > Tibeto-Chinese Family > Tai-Chinese Sub-Family,Tai-Chinese Sub-Family,1,,,,13,North-West Frontier Province (Districts and Administered Territories),34,34,0
A. Vernaculars of India > Tibeto-Chinese Family > Tai-Chinese Sub-Family > Tai Branch,Tai Branch,1,,,,INDIA,India,1027656,516913,510743
A. Vernaculars of India > Tibeto-Chinese Family > Tai-Chinese Sub-Family > Tai Branch,Tai Branch,1,,,,PROV,Provinces,1027656,516913,510743
A. Vernaculars of India > Tibeto-Chinese Family > Tai-Chinese Sub-Family > Tai Branch,Tai Branch,1,,,,3,Assam,5713,3029,2684
A. Vernaculars of India > Tibeto-Chinese Family > Tai-Chinese Sub-Family > Tai Branch,Tai Branch,1,,,,8,Burma,1021909,513850,508059
A. Vernaculars of India > Tibeto-Chinese Family > Tai-Chinese Sub-Family > Tai Branch,Tai Branch,1,,,,13,North-West Frontier Province (Districts and Administered Territories),34,34,0
A. Vernaculars of India > Tibeto-Chinese Family > Tai-Chinese Sub-Family > Tai Branch > Tai Group,Tai Group,1,506,484,489,INDIA,India,1027656,516913,510743
A. Vernaculars of India > Tibeto-Chinese Family > Tai-Chinese Sub-Family > Tai Branch > Tai Group,Tai Group,1,506,484,489,PROV,Provinces,1027656,516913,510743
A. Vernaculars of India > Tibeto-Chinese Family > Tai-Chinese Sub-Family > Tai Branch > Tai Group,Tai Group,1,506,484,489,3,Assam,5713,3029,2684
A. Vernaculars of India > Tibeto-Chinese Family > Tai-Chinese Sub-Family > Tai Branch > Tai Group,Tai Group,1,506,484,489,8,Burma,1021909,513850,508059
A. Vernaculars of India > Tibeto-Chinese Family > Tai-Chinese Sub-Family > Tai Branch > Tai Group,Tai Group,1,506,484,489,13,North-West Frontier Province (Districts and Administered Territories),34,34,
A. Vernaculars of India > Tibeto-Chinese Family > Tai-Chinese Sub-Family > Tai Branch > Tai Group > Lao,Lao,0,509,484,489,INDIA,India,7163,3524,3639
A. Vernaculars of India > Tibeto-Chinese Family > Tai-Chinese Sub-Family > Tai Branch > Tai Group > Lao,Lao,0,509,484,489,PROV,Provinces,7163,3524,3639
A. Vernaculars of India > Tibeto-Chinese Family > Tai-Chinese Sub-Family > Tai Branch > Tai Group > Lao,Lao,0,509,484,489,8,Burma,7163,3524,3639
A. Vernaculars of India > Tibeto-Chinese Family > Tai-Chinese Sub-Family > Tai Branch > Tai Group > Lu,Lu,0,512,484,489,INDIA,India,30031,14971,15060
A. Vernaculars of India > Tibeto-Chinese Family > Tai-Chinese Sub-Family > Tai Branch > Tai Group > Lu,Lu,0,512,484,489,PROV,Provinces,30031,14971,15060
A. Vernaculars of India > Tibeto-Chinese Family > Tai-Chinese Sub-Family > Tai Branch > Tai Group > Lu,Lu,0,512,484,489,8,Burma,30031,14971,15060
A. Vernaculars of India > Tibeto-Chinese Family > Tai-Chinese Sub-Family > Tai Branch > Tai Group > Khün,Khün,0,515,484,489,INDIA,India,31234,15593,15641
A. Vernaculars of India > Tibeto-Chinese Family > Tai-Chinese Sub-Family > Tai Branch > Tai Group > Khün,Khün,0,515,484,489,PROV,Provinces,31234,15593,15641
A. Vernaculars of India > Tibeto-Chinese Family > Tai-Chinese Sub-Family > Tai Branch > Tai Group > Khün,Khün,0,515,484,489,8,Burma,31234,15593,15641
A. Vernaculars of India > Tibeto-Chinese Family > Tai-Chinese Sub-Family > Tai Branch > Tai Group > Daye,Daye,0,518,484,489,INDIA,India,698,361,337
A. Vernaculars of India > Tibeto-Chinese Family > Tai-Chinese Sub-Family > Tai Branch > Tai Group > Daye,Daye,0,518,484,489,PROV,Provinces,698,361,337
A. Vernaculars of India > Tibeto-Chinese Family > Tai-Chinese Sub-Family > Tai Branch > Tai Group > Daye,Daye,0,518,484,489,8,Burma,698,361,337
A. Vernaculars of India > Tibeto-Chinese Family > Tai-Chinese Sub-Family > Tai Branch > Tai Group > Khamti,Khamti,0,521,484,489,INDIA,India,4995,2642,2353
A. Vernaculars of India > Tibeto-Chinese Family > Tai-Chinese Sub-Family > Tai Branch > Tai Group > Khamti,Khamti,0,521,484,489,PROV,Provinces,4995,2642,2353
A. Vernaculars of India > Tibeto-Chinese Family > Tai-Chinese Sub-Family > Tai Branch > Tai Group > Khamti,Khamti,0,521,484,489,3,Assam,3858,2097,1761
A. Vernaculars of India > Tibeto-Chinese Family > Tai-Chinese Sub-Family > Tai Branch > Tai Group > Khamti,Khamti,0,521,484,489,8,Burma,1103,511,592
A. Vernaculars of India > Tibeto-Chinese Family > Tai-Chinese Sub-Family > Tai Branch > Tai Group > Khamti,Khamti,0,521,484,489,13,North-West Frontier Province (Districts and Administered Territories),34,34,
A. Vernaculars of India > Tibeto-Chinese Family > Tai-Chinese Sub-Family > Tai Branch > Tai Group > Shangale,Shangale,0,524,484,489,INDIA,India,914379,459089,455290
A. Vernaculars of India > Tibeto-Chinese Family > Tai-Chinese Sub-Family > Tai Branch > Tai Group > Shangale,Shangale,0,524,484,489,PROV,Provinces,914379,459089,455290
A. Vernaculars of India > Tibeto-Chinese Family > Tai-Chinese Sub-Family > Tai Branch > Tai Group > Shangale,Shangale,0,524,484,489,8,Burma,914379,459089,455290
A. Vernaculars of India > Tibeto-Chinese Family > Tai-Chinese Sub-Family > Tai Branch > Tai Group > Shan-Tayok,Shan-Tayok,0,527,484,489,INDIA,India,18270,9827,8443
A. Vernaculars of India > Tibeto-Chinese Family > Tai-Chinese Sub-Family > Tai Branch > Tai Group > Shan-Tayok,Shan-Tayok,0,527,484,489,PROV,Provinces,18270,9827,8443
A. Vernaculars of India > Tibeto-Chinese Family > Tai-Chinese Sub-Family > Tai Branch > Tai Group > Shan-Tayok,Shan-Tayok,0,527,484,489,8,Burma,18270,9827,8443
A. Vernaculars of India > Tibeto-Chinese Family > Tai-Chinese Sub-Family > Tai Branch > Tai Group > Shan-Bama,Shan-Bama,0,530,484,489,INDIA,India,7735,4047,3688
A. Vernaculars of India > Tibeto-Chinese Family > Tai-Chinese Sub-Family > Tai Branch > Tai Group > Shan-Bama,Shan-Bama,0,530,484,489,PROV,Provinces,7735,4047,3688
A. Vernaculars of India > Tibeto-Chinese Family > Tai-Chinese Sub-Family > Tai Branch > Tai Group > Shan-Bama,Shan-Bama,0,530,484,489,8,Burma,7735,4047,3688
A. Vernaculars of India > Tibeto-Chinese Family > Tai-Chinese Sub-Family > Tai Branch > Tai Group > Shan (unspecified),Shan (unspecified),0,533,485,490,INDIA,India,4503,2315,2188
A. Vernaculars of India > Tibeto-Chinese Family > Tai-Chinese Sub-Family > Tai Branch > Tai Group > Shan (unspecified),Shan (unspecified),0,533,485,490,PROV,Provinces,4503,2315,2188
A. Vernaculars of India > Tibeto-Chinese Family > Tai-Chinese Sub-Family > Tai Branch > Tai Group > Shan (unspecified),Shan (unspecified),0,533,485,490,3,Assam,1855,932,923
A. Vernaculars of India > Tibeto-Chinese Family > Tai-Chinese Sub-Family > Tai Branch > Tai Group > Shan (unspecified),Shan (unspecified),0,533,485,490,8,Burma,2648,1383,1265
A. Vernaculars of India > Tibeto-Chinese Family > Tai-Chinese Sub-Family > Tai Branch > Tai Group > Siamese,Siamese,0,536,485,490,INDIA,India,8648,4544,4104
A. Vernaculars of India > Tibeto-Chinese Family > Tai-Chinese Sub-Family > Tai Branch > Tai Group > Siamese,Siamese,0,536,485,490,PROV,Provinces,8648,4544,4104
A. Vernaculars of India > Tibeto-Chinese Family > Tai-Chinese Sub-Family > Tai Branch > Tai Group > Siamese,Siamese,0,536,485,490,8,Burma,8648,4544,4104
A. Vernaculars of India > Karen Family,Karen Family,1,,,,INDIA,India,1341331,669216,672115
A. Vernaculars of India > Karen Family,Karen Family,1,,,,PROV,Provinces,1341331,669216,672115
A. Vernaculars of India > Karen Family,Karen Family,1,,,,2,Andaman and Nicobar Islands,263,133,130
A. Vernaculars of India > Karen Family,Karen Family,1,,,,8,Burma,1341066,669081,671985
A. Vernaculars of India > Karen Family,Karen Family,1,,,,15,United Provinces of Agra and Oudh,2,2,0
A. Vernaculars of India > Karen Family > Karen Group,Karen Group,1,539,485,490,INDIA,India,1341331,669216,672115
A. Vernaculars of India > Karen Family > Karen Group,Karen Group,1,539,485,490,PROV,Provinces,1341331,669216,672115
A. Vernaculars of India > Karen Family > Karen Group,Karen Group,1,539,485,490,2,Andaman and Nicobar Islands,263,133,130
A. Vernaculars of India > Karen Family > Karen Group,Karen Group,1,539,485,490,8,Burma,1341066,669081,671985
A. Vernaculars of India > Karen Family > Karen Group,Karen Group,1,539,485,490,15,United Provinces of Agra and Oudh,2,2,
A. Vernaculars of India > Karen Family > Karen Group > Monnepwa,Monnepwa,0,542,485,490,INDIA,India,2126,1080,1046
A. Vernaculars of India > Karen Family > Karen Group > Monnepwa,Monnepwa,0,542,485,490,PROV,Provinces,2126,1080,1046
A. Vernaculars of India > Karen Family > Karen Group > Monnepwa,Monnepwa,0,542,485,490,8,Burma,2126,1080,1046
A. Vernaculars of India > Karen Family > Karen Group > Bwe,Bwe,0,545,485,490,INDIA,India,6227,3136,3091
A. Vernaculars of India > Karen Family > Karen Group > Bwe,Bwe,0,545,485,490,PROV,Provinces,6227,3136,3091
A. Vernaculars of India > Karen Family > Karen Group > Bwe,Bwe,0,545,485,490,8,Burma,6227,3136,3091
A. Vernaculars of India > Karen Family > Karen Group > Karenbyu,Karenbyu,0,548,485,490,INDIA,India,15299,7797,7502
A. Vernaculars of India > Karen Family > Karen Group > Karenbyu,Karenbyu,0,548,485,490,PROV,Provinces,15299,7797,7502
A. Vernaculars of India > Karen Family > Karen Group > Karenbyu,Karenbyu,0,548,485,490,8,Burma,15299,7797,7502
A. Vernaculars of India > Karen Family > Karen Group > Brek,Brek,0,551,485,490,INDIA,India,6695,3234,3461
A. Vernaculars of India > Karen Family > Karen Group > Brek,Brek,0,551,485,490,PROV,Provinces,6695,3234,3461
A. Vernaculars of India > Karen Family > Karen Group > Brek,Brek,0,551,485,490,8,Burma,6695,3234,3461
A. Vernaculars of India > Karen Family > Karen Group > Sgaw,Sgaw,0,554,485,490,INDIA,India,499789,251106,248683
A. Vernaculars of India > Karen Family > Karen Group > Sgaw,Sgaw,0,554,485,490,PROV,Provinces,499789,251106,248683
A. Vernaculars of India > Karen Family > Karen Group > Sgaw,Sgaw,0,554,485,490,8,Burma,499789,251106,248683
A. Vernaculars of India > Karen Family > Karen Group > Paku,Paku,0,557,485,490,INDIA,India,8622,4379,4243
A. Vernaculars of India > Karen Family > Karen Group > Paku,Paku,0,557,485,490,PROV,Provinces,8622,4379,4243
A. Vernaculars of India > Karen Family > Karen Group > Paku,Paku,0,557,485,490,8,Burma,8620,4377,4243
A. Vernaculars of India > Karen Family > Karen Group > Paku,Paku,0,557,485,490,15,United Provinces of Agra and Oudh,2,2,
A. Vernaculars of India > Karen Family > Karen Group > Pwo,Pwo,0,560,485,490,INDIA,India,473722,236105,237617
A. Vernaculars of India > Karen Family > Karen Group > Pwo,Pwo,0,560,485,490,PROV,Provinces,473722,236105,237617
A. Vernaculars of India > Karen Family > Karen Group > Pwo,Pwo,0,560,485,490,8,Burma,473722,236105,237617
A. Vernaculars of India > Karen Family > Karen Group > Taungthu,Taungthu,0,563,485,490,INDIA,India,222714,111107,111607
A. Vernaculars of India > Karen Family > Karen Group > Taungthu,Taungthu,0,563,485,490,PROV,Provinces,222714,111107,111607
A. Vernaculars of India > Karen Family > Karen Group > Taungthu,Taungthu,0,563,485,490,8,Burma,222714,111107,111607
A. Vernaculars of India > Karen Family > Karen Group > Padaung,Padaung,0,566,485,490,INDIA,India,16485,8409,8076
A. Vernaculars of India > Karen Family > Karen Group > Padaung,Padaung,0,566,485,490,PROV,Provinces,16485,8409,8076
A. Vernaculars of India > Karen Family > Karen Group > Padaung,Padaung,0,566,485,490,8,Burma,16485,8409,8076
A. Vernaculars of India > Karen Family > Karen Group > Yinbaw,Yinbaw,0,569,485,490,INDIA,India,2922,1472,1450
A. Vernaculars of India > Karen Family > Karen Group > Yinbaw,Yinbaw,0,569,485,490,PROV,Provinces,2922,1472,1450
A. Vernaculars of India > Karen Family > Karen Group > Yinbaw,Yinbaw,0,569,485,490,8,Burma,2922,1472,1450
A. Vernaculars of India > Karen Family > Karen Group > Gheko,Gheko,0,572,485,490,INDIA,India,4075,1997,2078
A. Vernaculars of India > Karen Family > Karen Group > Gheko,Gheko,0,572,485,490,PROV,Provinces,4075,1997,2078
A. Vernaculars of India > Karen Family > Karen Group > Gheko,Gheko,0,572,485,490,8,Burma,4075,1997,2078
A. Vernaculars of India > Karen Family > Karen Group > Karenni,Karenni,0,575,485,490,INDIA,India,31556,14742,16814
A. Vernaculars of India > Karen Family > Karen Group > Karenni,Karenni,0,575,485,490,PROV,Provinces,31556,14742,16814
A. Vernaculars of India > Karen Family > Karen Group > Karenni,Karenni,0,575,485,490,8,Burma,31556,14742,16814
A. Vernaculars of India > Karen Family > Karen Group > Zayein,Zayein,0,578,485,490,INDIA,India,3737,2008,1729
A. Vernaculars of India > Karen Family > Karen Group > Zayein,Zayein,0,578,485,490,PROV,Provinces,3737,2008,1729
A. Vernaculars of India > Karen Family > Karen Group > Zayein,Zayein,0,578,485,490,8,Burma,3737,2008,1729
A. Vernaculars of India > Karen Family > Karen Group > Karen (unspecified),Karen (unspecified),0,581,485,490,INDIA,India,47362,22644,24718
A. Vernaculars of India > Karen Family > Karen Group > Karen (unspecified),Karen (unspecified),0,581,485,490,PROV,Provinces,47362,22644,24718
A. Vernaculars of India > Karen Family > Karen Group > Karen (unspecified),Karen (unspecified),0,581,485,490,2,Andaman and Nicobar Islands,263,133,130
A. Vernaculars of India > Karen Family > Karen Group > Karen (unspecified),Karen (unspecified),0,581,485,490,8,Burma,47099,22511,24588
A. Vernaculars of India > Man Family,Man Family,1,584,485,490,INDIA,India,947,502,445
A. Vernaculars of India > Man Family,Man Family,1,584,485,490,PROV,Provinces,947,502,445
A. Vernaculars of India > Man Family,Man Family,1,584,485,490,8,Burma,947,502,445
A. Vernaculars of India > Man Family > Man Group,Man Group,1,587,485,490,INDIA,India,947,502,445
A. Vernaculars of India > Man Family > Man Group,Man Group,1,587,485,490,PROV,Provinces,947,502,445
A. Vernaculars of India > Man Family > Man Group,Man Group,1,587,485,490,8,Burma,947,502,445
A. Vernaculars of India > Man Family > Man Group > Miao,Miao,0,590,485,490,INDIA,India,830,442,388
A. Vernaculars of India > Man Family > Man Group > Miao,Miao,0,590,485,490,PROV,Provinces,830,442,388
A. Vernaculars of India > Man Family > Man Group > Miao,Miao,0,590,485,490,8,Burma,830,442,388
A. Vernaculars of India > Man Family > Man Group > Yao,Yao,0,593,485,490,INDIA,India,117,60,57
A. Vernaculars of India > Man Family > Man Group > Yao,Yao,0,593,485,490,PROV,Provinces,117,60,57
A. Vernaculars of India > Man Family > Man Group > Yao,Yao,0,593,485,490,8,Burma,117,60,57
A. Vernaculars of India > Dravidian Family,Dravidian Family,1,596,486,491,INDIA,India,71644787,35847723,35797064
A. Vernaculars of India > Dravidian Family,Dravidian Family,1,596,486,491,PROV,Provinces,48462359,24106718,24355641
A. Vernaculars of India > Dravidian Family,Dravidian Family,1,596,486,491,STATES,States and Agencies,23182428,11741005,11441423
A. Vernaculars of India > Dravidian Family,Dravidian Family,1,596,486,491,1,Ajmer-Merwara,439,258,181
A. Vernaculars of India > Dravidian Family,Dravidian Family,1,596,486,491,2,Andaman and Nicobar Islands,3595,2462,1133
A. Vernaculars of India > Dravidian Family,Dravidian Family,1,596,486,491,3,Assam,140765,74873,65892
A. Vernaculars of India > Dravidian Family,Dravidian Family,1,596,486,491,4,Baluchistan (Districts and Administered Territories),25113,14506,10607
A. Vernaculars of India > Dravidian Family,Dravidian Family,1,596,486,491,5,Bengal,225930,121363,104567
A. Vernaculars of India > Dravidian Family,Dravidian Family,1,596,486,491,6,Bihar and Orissa,660492,321855,338637
A. Vernaculars of India > Dravidian Family,Dravidian Family,1,596,486,491,7,Bombay (including Aden),2887773,1488758,1399015
A. Vernaculars of India > Dravidian Family,Dravidian Family,1,596,486,491,7a,Aden,47,36,11
A. Vernaculars of India > Dravidian Family,Dravidian Family,1,596,486,491,8,Burma,357220,254646,102574
A. Vernaculars of India > Dravidian Family,Dravidian Family,1,596,486,491,9,Central Provinces and Berar,1130801,557327,573474
A. Vernaculars of India > Dravidian Family,Dravidian Family,1,596,486,491,10,Coorg,154644,85705,68939
A. Vernaculars of India > Dravidian Family,Dravidian Family,1,596,486,491,11,Delhi,1706,1104,602
A. Vernaculars of India > Dravidian Family,Dravidian Family,1,596,486,491,12,Madras,42870484,21181757,21688727
A. Vernaculars of India > Dravidian Family,Dravidian Family,1,596,486,491,13,North-West Frontier Province (Districts and Administered Territories),302,270,32
A. Vernaculars of India > Dravidian Family,Dravidian Family,1,596,486,491,14,Punjab,944,472,472
A. Vernaculars of India > Dravidian Family,Dravidian Family,1,596,486,491,15,United Provinces of Agra and Oudh,2151,1362,789
A. Vernaculars of India > Dravidian Family,Dravidian Family,1,596,486,491,16,Assam States,75,48,27
A. Vernaculars of India > Dravidian Family,Dravidian Family,1,596,486,491,17,Baluchistan States,102580,55374,47206
A. Vernaculars of India > Dravidian Family,Dravidian Family,1,596,486,491,18,Baroda State,784,487,297
A. Vernaculars of India > Dravidian Family,Dravidian Family,1,596,486,491,19,Bengal States,2489,1820,669
A. Vernaculars of India > Dravidian Family,Dravidian Family,1,596,486,491,20,Bihar and Orissa States,236645,115880,120765
A. Vernaculars of India > Dravidian Family,Dravidian Family,1,596,486,491,21,Bombay States,613035,312466,300569
A. Vernaculars of India > Dravidian Family,Dravidian Family,1,596,486,491,22,Central India Agency,357843,180518,177325
A. Vernaculars of India > Dravidian Family,Dravidian Family,1,596,486,491,23,Central Provinces States,485856,245002,240854
A. Vernaculars of India > Dravidian Family,Dravidian Family,1,596,486,491,24,Gwalior State,1211,824,387
A. Vernaculars of India > Dravidian Family,Dravidian Family,1,596,486,491,25,Hyderabad State,8730009,4448664,4281345
A. Vernaculars of India > Dravidian Family,Dravidian Family,1,596,486,491,26,Jammu and Kashmir State,16,11,5
A. Vernaculars of India > Dravidian Family,Dravidian Family,1,596,486,491,27,Madras States Agency,6673495,3331574,3341921
A. Vernaculars of India > Dravidian Family,Dravidian Family,1,596,486,491,27a,Cochin State,1171611,572329,598782
A. Vernaculars of India > Dravidian Family,Dravidian Family,1,596,486,491,27b,Travancore State,5064323,2548590,2515733
A. Vernaculars of India > Dravidian Family,Dravidian Family,1,596,486,491,27c,Other Madras States,437561,210155,227406
A. Vernaculars of India > Dravidian Family,Dravidian Family,1,596,486,491,28,Mysore State,5977533,3047667,2929866
A. Vernaculars of India > Dravidian Family,Dravidian Family,1,596,486,491,29,North-West Frontier Province (Agencies and Tribal Areas),329,329,
A. Vernaculars of India > Dravidian Family,Dravidian Family,1,596,486,491,30,Punjab States,12,7,5
A. Vernaculars of India > Dravidian Family,Dravidian Family,1,596,486,491,31,Punjab States Agency,44,25,19
A. Vernaculars of India > Dravidian Family,Dravidian Family,1,596,486,491,32,Rajputana Agency,248,154,94
A. Vernaculars of India > Dravidian Family,Dravidian Family,1,596,486,491,34,United Provinces States,2,2,
A. Vernaculars of India > Dravidian Family,Dravidian Family,1,596,486,491,35,Western India States Agency,222,153,69
A. Vernaculars of India > Dravidian Family > Dravida Group,Dravida Group,1,599,486,491,INDIA,India,41454593,20644277,20810316
A. Vernaculars of India > Dravidian Family > Dravida Group,Dravida Group,1,599,486,491,PROV,Provinces,27615112,13652857,13962255
A. Vernaculars of India > Dravidian Family > Dravida Group,Dravida Group,1,599,486,491,STATES,States and Agencies,13839481,6991420,6848061
A. Vernaculars of India > Dravidian Family > Dravida Group,Dravida Group,1,599,486,491,1,Ajmer-Merwara,324,192,132
A. Vernaculars of India > Dravidian Family > Dravida Group,Dravida Group,1,599,486,491,2,Andaman and Nicobar Islands,3020,2026,994
A. Vernaculars of India > Dravidian Family > Dravida Group,Dravida Group,1,599,486,491,3,Assam,2185,1221,964
A. Vernaculars of India > Dravidian Family > Dravida Group,Dravida Group,1,599,486,491,4,Baluchistan (Districts and Administered Territories),172,103,69
A. Vernaculars of India > Dravidian Family > Dravida Group,Dravida Group,1,599,486,491,5,Bengal,6296,3560,2736
A. Vernaculars of India > Dravidian Family > Dravida Group,Dravida Group,1,599,486,491,6,Bihar and Orissa,3669,2294,1375
A. Vernaculars of India > Dravidian Family > Dravida Group,Dravida Group,1,599,486,491,7,Bombay (including Aden),2657762,1362320,1295442
A. Vernaculars of India > Dravidian Family > Dravida Group,Dravida Group,1,599,486,491,7a,Aden,39,31,8
A. Vernaculars of India > Dravidian Family > Dravida Group,Dravida Group,1,599,486,491,8,Burma,196580,130163,66417
A. Vernaculars of India > Dravidian Family > Dravida Group,Dravida Group,1,599,486,491,9,Central Provinces and Berar,19003,9946,9057
A. Vernaculars of India > Dravidian Family > Dravida Group,Dravida Group,1,599,486,491,10,Coorg,151976,84255,67721
A. Vernaculars of India > Dravidian Family > Dravida Group,Dravida Group,1,599,486,491,11,Delhi,1579,1031,548
A. Vernaculars of India > Dravidian Family > Dravida Group,Dravida Group,1,599,486,491,12,Madras,24570084,12054266,12515818
A. Vernaculars of India > Dravidian Family > Dravida Group,Dravida Group,1,599,486,491,13,North-West Frontier Province (Districts and Administered Territories),144,126,18
A. Vernaculars of India > Dravidian Family > Dravida Group,Dravida Group,1,599,486,491,14,Punjab,819,404,415
A. Vernaculars of India > Dravidian Family > Dravida Group,Dravida Group,1,599,486,491,15,United Provinces of Agra and Oudh,1499,950,549
A. Vernaculars of India > Dravidian Family > Dravida Group,Dravida Group,1,599,486,491,16,Assam States,65,40,25
A. Vernaculars of India > Dravidian Family > Dravida Group,Dravida Group,1,599,486,491,18,Baroda State,422,269,153
A. Vernaculars of India > Dravidian Family > Dravida Group,Dravida Group,1,599,486,491,20,Bihar and Orissa States,60,31,29
A. Vernaculars of India > Dravidian Family > Dravida Group,Dravida Group,1,599,486,491,21,Bombay States,599876,305499,294377
A. Vernaculars of India > Dravidian Family > Dravida Group,Dravida Group,1,599,486,491,22,Central India Agency,2898,1351,1547
A. Vernaculars of India > Dravidian Family > Dravida Group,Dravida Group,1,599,486,491,23,Central Provinces States,228,116,112
A. Vernaculars of India > Dravidian Family > Dravida Group,Dravida Group,1,599,486,491,24,Gwalior State,949,623,326
A. Vernaculars of India > Dravidian Family > Dravida Group,Dravida Group,1,599,486,491,25,Hyderabad State,1681388,865296,816092
A. Vernaculars of India > Dravidian Family > Dravida Group,Dravida Group,1,599,486,491,26,Jammu and Kashmir State,10,10,
A. Vernaculars of India > Dravidian Family > Dravida Group,Dravida Group,1,599,486,491,27,Madras States Agency,6606411,3297637,3308774
A. Vernaculars of India > Dravidian Family > Dravida Group,Dravida Group,1,599,486,491,27a,Cochin State,1159469,566813,592656
A. Vernaculars of India > Dravidian Family > Dravida Group,Dravida Group,1,599,486,491,27b,Travancore State,5054468,2543457,2511011
A. Vernaculars of India > Dravidian Family > Dravida Group,Dravida Group,1,599,486,491,27c,Other Madras States,492474,187367,205107
A. Vernaculars of India > Dravidian Family > Dravida Group,Dravida Group,1,599,486,491,28,Mysore State,4946607,2520091,2426516
A. Vernaculars of India > Dravidian Family > Dravida Group,Dravida Group,1,599,486,491,29,North-West Frontier Province (Agencies and Tribal Areas),223,223,
A. Vernaculars of India > Dravidian Family > Dravida Group,Dravida Group,1,599,486,491,30,Punjab States,12,7,5
A. Vernaculars of India > Dravidian Family > Dravida Group,Dravida Group,1,599,486,491,31,Punjab States Agency,44,25,19
A. Vernaculars of India > Dravidian Family > Dravida Group,Dravida Group,1,599,486,491,32,Rajputana Agency,141,102,39
A. Vernaculars of India > Dravidian Family > Dravida Group,Dravida Group,1,599,486,491,34,United Provinces States,2,2,
A. Vernaculars of India > Dravidian Family > Dravida Group,Dravida Group,1,599,486,491,35,Western India States Agency,145,98,47
A. Vernaculars of India > Dravidian Family > Dravida Group > Tamil,Tamil,0,602,486,491,INDIA,India,20411652,10072718,10338934
A. Vernaculars of India > Dravidian Family > Dravida Group > Tamil,Tamil,0,602,486,491,PROV,Provinces,18797830,9260563,9537267
A. Vernaculars of India > Dravidian Family > Dravida Group > Tamil,Tamil,0,602,486,491,STATES,States and Agencies,1613822,812155,801667
A. Vernaculars of India > Dravidian Family > Dravida Group > Tamil,Tamil,0,602,486,491,1,Ajmer-Merwara,315,185,130
A. Vernaculars of India > Dravidian Family > Dravida Group > Tamil,Tamil,0,602,486,491,2,Andaman and Nicobar Islands,769,535,234
A. Vernaculars of India > Dravidian Family > Dravida Group > Tamil,Tamil,0,602,486,491,3,Assam,2041,1153,888
A. Vernaculars of India > Dravidian Family > Dravida Group > Tamil,Tamil,0,602,486,491,4,Baluchistan (Districts and Administered Territories),150,89,61
A. Vernaculars of India > Dravidian Family > Dravida Group > Tamil,Tamil,0,602,486,491,5,Bengal,5869,3239,2630
A. Vernaculars of India > Dravidian Family > Dravida Group > Tamil,Tamil,0,602,486,491,6,Bihar and Orissa,3219,1930,1289
A. Vernaculars of India > Dravidian Family > Dravida Group > Tamil,Tamil,0,602,486,491,7,Bombay (including Aden),25289,14929,10360
A. Vernaculars of India > Dravidian Family > Dravida Group > Tamil,Tamil,0,602,486,491,7a,Aden,18,14,4
A. Vernaculars of India > Dravidian Family > Dravida Group > Tamil,Tamil,0,602,486,491,8,Burma,184107,118659,65448
A. Vernaculars of India > Dravidian Family > Dravida Group > Tamil,Tamil,0,602,486,491,9,Central Provinces and Berar,9540,5243,4297
A. Vernaculars of India > Dravidian Family > Dravida Group > Tamil,Tamil,0,602,486,491,10,Coorg,3013,1756,1257
A. Vernaculars of India > Dravidian Family > Dravida Group > Tamil,Tamil,0,602,486,491,11,Delhi,1579,1031,548
A. Vernaculars of India > Dravidian Family > Dravida Group > Tamil,Tamil,0,602,486,491,12,Madras,18560059,9110666,9449393
A. Vernaculars of India > Dravidian Family > Dravida Group > Tamil,Tamil,0,602,486,491,13,North-West Frontier Province (Districts and Administered Territories),144,126,18
A. Vernaculars of India > Dravidian Family > Dravida Group > Tamil,Tamil,0,602,486,491,14,Punjab,797,397,400
A. Vernaculars of India > Dravidian Family > Dravida Group > Tamil,Tamil,0,602,486,491,15,United Provinces of Agra and Oudh,939,625,314
A. Vernaculars of India > Dravidian Family > Dravida Group > Tamil,Tamil,0,602,486,491,16,Assam States,65,40,25
A. Vernaculars of India > Dravidian Family > Dravida Group > Tamil,Tamil,0,602,486,491,18,Baroda State,133,80,53
A. Vernaculars of India > Dravidian Family > Dravida Group > Tamil,Tamil,0,602,486,491,20,Bihar and Orissa States,50,22,28
A. Vernaculars of India > Dravidian Family > Dravida Group > Tamil,Tamil,0,602,486,491,21,Bombay States,771,380,391
A. Vernaculars of India > Dravidian Family > Dravida Group > Tamil,Tamil,0,602,486,491,22,Central India Agency,2746,1269,1477
A. Vernaculars of India > Dravidian Family > Dravida Group > Tamil,Tamil,0,602,486,491,23,Central Provinces States,214,108,106
A. Vernaculars of India > Dravidian Family > Dravida Group > Tamil,Tamil,0,602,486,491,24,Gwalior State,949,623,326
A. Vernaculars of India > Dravidian Family > Dravida Group > Tamil,Tamil,0,602,486,491,25,Hyderabad State,61024,32931,28093
A. Vernaculars of India > Dravidian Family > Dravida Group > Tamil,Tamil,0,602,486,491,26,Jammu and Kashmir State,10,10,
A. Vernaculars of India > Dravidian Family > Dravida Group > Tamil,Tamil,0,602,486,491,27,Madras States Agency,1233688,614359,619329
A. Vernaculars of India > Dravidian Family > Dravida Group > Tamil,Tamil,0,602,486,491,27a,Cochin State,66164,33247,33917
A. Vernaculars of India > Dravidian Family > Dravida Group > Tamil,Tamil,0,602,486,491,27b,Travancore State,788455,400635,387820
A. Vernaculars of India > Dravidian Family > Dravida Group > Tamil,Tamil,0,602,486,491,27c,Other Madras States,379069,180477,198592
A. Vernaculars of India > Dravidian Family > Dravida Group > Tamil,Tamil,0,602,486,491,28,Mysore State,313685,161918,151767
A. Vernaculars of India > Dravidian Family > Dravida Group > Tamil,Tamil,0,602,486,491,29,North-West Frontier Province (Agencies and Tribal Areas),223,223,
A. Vernaculars of India > Dravidian Family > Dravida Group > Tamil,Tamil,0,602,486,491,30,Punjab States,12,7,5
A. Vernaculars of India > Dravidian Family > Dravida Group > Tamil,Tamil,0,602,486,491,31,Punjab States Agency,43,25,18
A. Vernaculars of India > Dravidian Family > Dravida Group > Tamil,Tamil,0,602,486,491,32,Rajputana Agency,131,98,33
A. Vernaculars of India > Dravidian Family > Dravida Group > Tamil,Tamil,0,602,486,491,34,United Provinces States,2,2,
A. Vernaculars of India > Dravidian Family > Dravida Group > Tamil,Tamil,0,602,486,491,35,Western India States Agency,76,60,16
A. Vernaculars of India > Dravidian Family > Dravida Group > Malayalam,Malayalam,0,605,486,491,INDIA,India,9137615,4532736,4604879
A. Vernaculars of India > Dravidian Family > Dravida Group > Malayalam,Malayalam,0,605,486,491,PROV,Provinces,3779202,1854656,1924546
A. Vernaculars of India > Dravidian Family > Dravida Group > Malayalam,Malayalam,0,605,486,491,STATES,States and Agencies,5358413,2678080,2680333
A. Vernaculars of India > Dravidian Family > Dravida Group > Malayalam,Malayalam,0,605,486,491,1,Ajmer-Merwara,5,4,1
A. Vernaculars of India > Dravidian Family > Dravida Group > Malayalam,Malayalam,0,605,486,491,2,Andaman and Nicobar Islands,2073,1333,740
A. Vernaculars of India > Dravidian Family > Dravida Group > Malayalam,Malayalam,0,605,486,491,3,Assam,62,36,26
A. Vernaculars of India > Dravidian Family > Dravida Group > Malayalam,Malayalam,0,605,486,491,4,Baluchistan (Districts and Administered Territories),12,8,4
A. Vernaculars of India > Dravidian Family > Dravida Group > Malayalam,Malayalam,0,605,486,491,5,Bengal,305,245,60
A. Vernaculars of India > Dravidian Family > Dravida Group > Malayalam,Malayalam,0,605,486,491,6,Bihar and Orissa,394,330,64
A. Vernaculars of India > Dravidian Family > Dravida Group > Malayalam,Malayalam,0,605,486,491,7,Bombay (including Aden),11713,3933,7780
A. Vernaculars of India > Dravidian Family > Dravida Group > Malayalam,Malayalam,0,605,486,491,8,Burma,12218,11343,875
A. Vernaculars of India > Dravidian Family > Dravida Group > Malayalam,Malayalam,0,605,486,491,9,Central Provinces and Berar,335,220,115
A. Vernaculars of India > Dravidian Family > Dravida Group > Malayalam,Malayalam,0,605,486,491,10,Coorg,24940,16488,8452
A. Vernaculars of India > Dravidian Family > Dravida Group > Malayalam,Malayalam,0,605,486,491,12,Madras,3726727,1820474,1906253
A. Vernaculars of India > Dravidian Family > Dravida Group > Malayalam,Malayalam,0,605,486,491,14,Punjab,22,7,15
A. Vernaculars of India > Dravidian Family > Dravida Group > Malayalam,Malayalam,0,605,486,491,15,United Provinces of Agra and Oudh,396,235,161
A. Vernaculars of India > Dravidian Family > Dravida Group > Malayalam,Malayalam,0,605,486,491,18,Baroda State,112,78,34
A. Vernaculars of India > Dravidian Family > Dravida Group > Malayalam,Malayalam,0,605,486,491,20,Bihar and Orissa States,9,8,1
A. Vernaculars of India > Dravidian Family > Dravida Group > Malayalam,Malayalam,0,605,486,491,21,Bombay States,10,7,3
A. Vernaculars of India > Dravidian Family > Dravida Group > Malayalam,Malayalam,0,605,486,491,22,Central India Agency,14,11,3
A. Vernaculars of India > Dravidian Family > Dravida Group > Malayalam,Malayalam,0,605,486,491,25,Hyderabad State,270,176,94
A. Vernaculars of India > Dravidian Family > Dravida Group > Malayalam,Malayalam,0,605,486,491,27,Madras States Agency,5349468,2670951,2678517
A. Vernaculars of India > Dravidian Family > Dravida Group > Malayalam,Malayalam,0,605,486,491,27a,Cochin State,1088081,530737,557344
A. Vernaculars of India > Dravidian Family > Dravida Group > Malayalam,Malayalam,0,605,486,491,27b,Travancore State,4260860,2139812,2121048
A. Vernaculars of India > Dravidian Family > Dravida Group > Malayalam,Malayalam,0,605,486,491,27c,Other Madras States,527,402,125
A. Vernaculars of India > Dravidian Family > Dravida Group > Malayalam,Malayalam,0,605,486,491,28,Mysore State,8513,6842,1671
A. Vernaculars of India > Dravidian Family > Dravida Group > Malayalam,Malayalam,0,605,486,491,31,Punjab States Agency,1,,1
A. Vernaculars of India > Dravidian Family > Dravida Group > Malayalam,Malayalam,0,605,486,491,32,Rajputana Agency,4,1,3
A. Vernaculars of India > Dravidian Family > Dravida Group > Malayalam,Malayalam,0,605,486,491,35,Western India States Agency,12,6,6
A. Vernaculars of India > Dravidian Family > Dravida Group > Kanarese,Kanarese,0,608,487,492,INDIA,India,11206380,5690410,5515970
A. Vernaculars of India > Dravidian Family > Dravida Group > Kanarese,Kanarese,0,608,487,492,PROV,Provinces,4388683,2220274,2168409
A. Vernaculars of India > Dravidian Family > Dravida Group > Kanarese,Kanarese,0,608,487,492,STATES,States and Agencies,6817697,3470136,3347561
A. Vernaculars of India > Dravidian Family > Dravida Group > Kanarese,Kanarese,0,608,487,492,1,Ajmer-Merwara,4,3,1
A. Vernaculars of India > Dravidian Family > Dravida Group > Kanarese,Kanarese,0,608,487,492,2,Andaman and Nicobar Islands,178,158,20
A. Vernaculars of India > Dravidian Family > Dravida Group > Kanarese,Kanarese,0,608,487,492,3,Assam,82,32,50
A. Vernaculars of India > Dravidian Family > Dravida Group > Kanarese,Kanarese,0,608,487,492,4,Baluchistan (Districts and Administered Territories),10,6,4
A. Vernaculars of India > Dravidian Family > Dravida Group > Kanarese,Kanarese,0,608,487,492,5,Bengal,109,76,33
A. Vernaculars of India > Dravidian Family > Dravida Group > Kanarese,Kanarese,0,608,487,492,6,Bihar and Orissa,56,34,22
A. Vernaculars of India > Dravidian Family > Dravida Group > Kanarese,Kanarese,0,608,487,492,7,Bombay (including Aden),2598349,1331226,1267123
A. Vernaculars of India > Dravidian Family > Dravida Group > Kanarese,Kanarese,0,608,487,492,7a,Aden,21,17,4
A. Vernaculars of India > Dravidian Family > Dravida Group > Kanarese,Kanarese,0,608,487,492,8,Burma,255,161,94
A. Vernaculars of India > Dravidian Family > Dravida Group > Kanarese,Kanarese,0,608,487,492,9,Central Provinces and Berar,9126,4481,4645
A. Vernaculars of India > Dravidian Family > Dravida Group > Kanarese,Kanarese,0,608,487,492,10,Coorg,65163,34310,30853
A. Vernaculars of India > Dravidian Family > Dravida Group > Kanarese,Kanarese,0,608,487,492,12,Madras,1715191,849697,865494
A. Vernaculars of India > Dravidian Family > Dravida Group > Kanarese,Kanarese,0,608,487,492,15,United Provinces of Agra and Oudh,160,90,70
A. Vernaculars of India > Dravidian Family > Dravida Group > Kanarese,Kanarese,0,608,487,492,18,Baroda State,177,111,66
A. Vernaculars of India > Dravidian Family > Dravida Group > Kanarese,Kanarese,0,608,487,492,20,Bihar and Orissa States,1,1,
A. Vernaculars of India > Dravidian Family > Dravida Group > Kanarese,Kanarese,0,608,487,492,21,Bombay States,599089,305106,293983
A. Vernaculars of India > Dravidian Family > Dravida Group > Kanarese,Kanarese,0,608,487,492,22,Central India Agency,138,71,67
A. Vernaculars of India > Dravidian Family > Dravida Group > Kanarese,Kanarese,0,608,487,492,23,Central Provinces States,6,4,2
A. Vernaculars of India > Dravidian Family > Dravida Group > Kanarese,Kanarese,0,608,487,492,25,Hyderabad State,1620094,832189,787905
A. Vernaculars of India > Dravidian Family > Dravida Group > Kanarese,Kanarese,0,608,487,492,27,Madras States Agency,19328,10022,9306
A. Vernaculars of India > Dravidian Family > Dravida Group > Kanarese,Kanarese,0,608,487,492,27a,Cochin State,4493,2387,2106
A. Vernaculars of India > Dravidian Family > Dravida Group > Kanarese,Kanarese,0,608,487,492,27b,Travancore State,1957,1147,810
A. Vernaculars of India > Dravidian Family > Dravida Group > Kanarese,Kanarese,0,608,487,492,27c,Other Madras States,12878,6488,6390
A. Vernaculars of India > Dravidian Family > Dravida Group > Kanarese,Kanarese,0,608,487,492,28,Mysore State,4578801,2322597,2256204
A. Vernaculars of India > Dravidian Family > Dravida Group > Kanarese,Kanarese,0,608,487,492,32,Rajputana Agency,6,3,3
A. Vernaculars of India > Dravidian Family > Dravida Group > Kanarese,Kanarese,0,608,487,492,35,Western India States Agency,57,32,25
A. Vernaculars of India > Dravidian Family > Dravida Group > Kodagu or Coorgi,Kodagu or Coorgi,0,611,487,492,INDIA,India,45368,23220,22148
A. Vernaculars of India > Dravidian Family > Dravida Group > Kodagu or Coorgi,Kodagu or Coorgi,0,611,487,492,PROV,Provinces,44920,22923,21997
A. Vernaculars of India > Dravidian Family > Dravida Group > Kodagu or Coorgi,Kodagu or Coorgi,0,611,487,492,STATES,States and Agencies,448,297,151
A. Vernaculars of India > Dravidian Family > Dravida Group > Kodagu or Coorgi,Kodagu or Coorgi,0,611,487,492,9,Central Provinces and Berar,2,2,
A. Vernaculars of India > Dravidian Family > Dravida Group > Kodagu or Coorgi,Kodagu or Coorgi,0,611,487,492,10,Coorg,44585,22667,21918
A. Vernaculars of India > Dravidian Family > Dravida Group > Kodagu or Coorgi,Kodagu or Coorgi,0,611,487,492,12,Madras,332,254,78
A. Vernaculars of India > Dravidian Family > Dravida Group > Kodagu or Coorgi,Kodagu or Coorgi,0,611,487,492,15,United Provinces of Agra and Oudh,1,,1
A. Vernaculars of India > Dravidian Family > Dravida Group > Kodagu or Coorgi,Kodagu or Coorgi,0,611,487,492,23,Central Provinces States,8,4,4
A. Vernaculars of India > Dravidian Family > Dravida Group > Kodagu or Coorgi,Kodagu or Coorgi,0,611,487,492,28,Mysore State,440,293,147
A. Vernaculars of India > Dravidian Family > Dravida Group > Tulu,Tulu,0,614,487,492,INDIA,India,651842,324290,327552
A. Vernaculars of India > Dravidian Family > Dravida Group > Tulu,Tulu,0,614,487,492,PROV,Provinces,602741,293538,309203
A. Vernaculars of India > Dravidian Family > Dravida Group > Tulu,Tulu,0,614,487,492,STATES,States and Agencies,49101,30752,18349
A. Vernaculars of India > Dravidian Family > Dravida Group > Tulu,Tulu,0,614,487,492,7,Bombay (including Aden),22411,12232,10179
A. Vernaculars of India > Dravidian Family > Dravida Group > Tulu,Tulu,0,614,487,492,10,Coorg,14275,9034,5241
A. Vernaculars of India > Dravidian Family > Dravida Group > Tulu,Tulu,0,614,487,492,12,Madras,566055,272272,293783
A. Vernaculars of India > Dravidian Family > Dravida Group > Tulu,Tulu,0,614,487,492,21,Bombay States,6,6,
A. Vernaculars of India > Dravidian Family > Dravida Group > Tulu,Tulu,0,614,487,492,27,Madras States Agency,3927,2305,1622
A. Vernaculars of India > Dravidian Family > Dravida Group > Tulu,Tulu,0,614,487,492,27a,Cochin State,731,442,289
A. Vernaculars of India > Dravidian Family > Dravida Group > Tulu,Tulu,0,614,487,492,27b,Travancore State,3196,1863,1333
A. Vernaculars of India > Dravidian Family > Dravida Group > Tulu,Tulu,0,614,487,492,28,Mysore State,45168,28441,16727
A. Vernaculars of India > Dravidian Family > Dravida Group > Toda,Toda,0,617,487,492,INDIA,India,600,340,260
A. Vernaculars of India > Dravidian Family > Dravida Group > Toda,Toda,0,617,487,492,PROV,Provinces,600,340,260
A. Vernaculars of India > Dravidian Family > Dravida Group > Toda,Toda,0,617,487,492,12,Madras,597,340,257
A. Vernaculars of India > Dravidian Family > Dravida Group > Toda,Toda,0,617,487,492,15,United Provinces of Agra and Oudh,3,,3
A. Vernaculars of India > Dravidian Family > Dravida Group > Kota,Kota,0,620,487,492,INDIA,India,1136,563,573
A. Vernaculars of India > Dravidian Family > Dravida Group > Kota,Kota,0,620,487,492,PROV,Provinces,1136,563,573
A. Vernaculars of India > Dravidian Family > Dravida Group > Kota,Kota,0,620,487,492,5,Bengal,13,,13
A. Vernaculars of India > Dravidian Family > Dravida Group > Kota,Kota,0,620,487,492,12,Madras,1123,563,560
A. Vernaculars of India > Dravidian Family > Intermediate Group,Intermediate Group,1,623,488,493,INDIA,India,3609418,1797388,1812030
A. Vernaculars of India > Dravidian Family > Intermediate Group,Intermediate Group,1,623,488,493,PROV,Provinces,2475577,1228049,1247528
A. Vernaculars of India > Dravidian Family > Intermediate Group,Intermediate Group,1,623,488,493,STATES,States and Agencies,1133841,569339,564502
A. Vernaculars of India > Dravidian Family > Intermediate Group,Intermediate Group,1,623,488,493,1,Ajmer-Merwara,1,,1
A. Vernaculars of India > Dravidian Family > Intermediate Group,Intermediate Group,1,623,488,493,2,Andaman and Nicobar Islands,140,127,13
A. Vernaculars of India > Dravidian Family > Intermediate Group,Intermediate Group,1,623,488,493,3,Assam,107804,57268,50536
A. Vernaculars of India > Dravidian Family > Intermediate Group,Intermediate Group,1,623,488,493,5,Bengal,188428,102089,86339
A. Vernaculars of India > Dravidian Family > Intermediate Group,Intermediate Group,1,623,488,493,6,Bihar and Orissa,634716,307840,326876
A. Vernaculars of India > Dravidian Family > Intermediate Group,Intermediate Group,1,623,488,493,7,Bombay (including Aden),702,431,271
A. Vernaculars of India > Dravidian Family > Intermediate Group,Intermediate Group,1,623,488,493,9,Central Provinces and Berar,981405,480153,501252
A. Vernaculars of India > Dravidian Family > Intermediate Group,Intermediate Group,1,623,488,493,11,Delhi,1,,1
A. Vernaculars of India > Dravidian Family > Intermediate Group,Intermediate Group,1,623,488,493,12,Madras,562376,280138,282238
A. Vernaculars of India > Dravidian Family > Intermediate Group,Intermediate Group,1,623,488,493,14,Punjab,1,1,
A. Vernaculars of India > Dravidian Family > Intermediate Group,Intermediate Group,1,623,488,493,15,United Provinces of Agra and Oudh,3,2,1
A. Vernaculars of India > Dravidian Family > Intermediate Group,Intermediate Group,1,623,488,493,19,Bengal States,570,323,247
A. Vernaculars of India > Dravidian Family > Intermediate Group,Intermediate Group,1,623,488,493,20,Bihar and Orissa States,229180,112210,116970
A. Vernaculars of India > Dravidian Family > Intermediate Group,Intermediate Group,1,623,488,493,21,Bombay States,123,77,46
A. Vernaculars of India > Dravidian Family > Intermediate Group,Intermediate Group,1,623,488,493,22,Central India Agency,354098,178698,175400
A. Vernaculars of India > Dravidian Family > Intermediate Group,Intermediate Group,1,623,488,493,23,Central Provinces States,473591,238932,234659
A. Vernaculars of India > Dravidian Family > Intermediate Group,Intermediate Group,1,623,488,493,24,Gwalior State,192,144,48
A. Vernaculars of India > Dravidian Family > Intermediate Group,Intermediate Group,1,623,488,493,25,Hyderabad State,76087,38955,37132
A. Vernaculars of India > Dravidian Family > Intermediate Group > Kurukh or Oraon,Kurukh or Oraon,0,626,488,493,INDIA,India,1037142,520549,516593
A. Vernaculars of India > Dravidian Family > Intermediate Group > Kurukh or Oraon,Kurukh or Oraon,0,626,488,493,PROV,Provinces,757227,379691,377536
A. Vernaculars of India > Dravidian Family > Intermediate Group > Kurukh or Oraon,Kurukh or Oraon,0,626,488,493,STATES,States and Agencies,279915,140858,139057
A. Vernaculars of India > Dravidian Family > Intermediate Group > Kurukh or Oraon,Kurukh or Oraon,0,626,488,493,2,Andaman and Nicobar Islands,140,127,13
A. Vernaculars of India > Dravidian Family > Intermediate Group > Kurukh or Oraon,Kurukh or Oraon,0,626,488,493,3,Assam,52516,27896,24618
A. Vernaculars of India > Dravidian Family > Intermediate Group > Kurukh or Oraon,Kurukh or Oraon,0,626,488,493,5,Bengal,185100,100444,84656
A. Vernaculars of India > Dravidian Family > Intermediate Group > Kurukh or Oraon,Kurukh or Oraon,0,626,488,493,6,Bihar and Orissa,517015,250052,266963
A. Vernaculars of India > Dravidian Family > Intermediate Group > Kurukh or Oraon,Kurukh or Oraon,0,626,488,493,9,Central Provinces and Berar,2456,1170,1286
A. Vernaculars of India > Dravidian Family > Intermediate Group > Kurukh or Oraon,Kurukh or Oraon,0,626,488,493,19,Bengal States,570,323,247
A. Vernaculars of India > Dravidian Family > Intermediate Group > Kurukh or Oraon,Kurukh or Oraon,0,626,488,493,20,Bihar and Orissa States,139478,68585,70893
A. Vernaculars of India > Dravidian Family > Intermediate Group > Kurukh or Oraon,Kurukh or Oraon,0,626,488,493,23,Central Provinces States,139867,71950,67917
A. Vernaculars of India > Dravidian Family > Intermediate Group > Malto,Malto,0,629,488,493,INDIA,India,70761,35143,35618
A. Vernaculars of India > Dravidian Family > Intermediate Group > Malto,Malto,0,629,488,493,PROV,Provinces,70713,35122,35591
A. Vernaculars of India > Dravidian Family > Intermediate Group > Malto,Malto,0,629,488,493,STATES,States and Agencies,48,21,27
A. Vernaculars of India > Dravidian Family > Intermediate Group > Malto,Malto,0,629,488,493,3,Assam,4,4,
A. Vernaculars of India > Dravidian Family > Intermediate Group > Malto,Malto,0,629,488,493,5,Bengal,3304,1633,1671
A. Vernaculars of India > Dravidian Family > Intermediate Group > Malto,Malto,0,629,488,493,6,Bihar and Orissa,67403,33484,33919
A. Vernaculars of India > Dravidian Family > Intermediate Group > Malto,Malto,0,629,488,493,15,United Provinces of Agra and Oudh,2,1,1
A. Vernaculars of India > Dravidian Family > Intermediate Group > Malto,Malto,0,629,488,493,20,Bihar and Orissa States,48,21,27
A. Vernaculars of India > Dravidian Family > Intermediate Group > Gondi,Gondi,0,632,488,493,INDIA,India,1864878,926099,938779
A. Vernaculars of India > Dravidian Family > Intermediate Group > Gondi,Gondi,0,632,488,493,PROV,Provinces,1095642,538813,556829
A. Vernaculars of India > Dravidian Family > Intermediate Group > Gondi,Gondi,0,632,488,493,STATES,States and Agencies,769236,387286,381950
A. Vernaculars of India > Dravidian Family > Intermediate Group > Gondi,Gondi,0,632,488,493,3,Assam,49104,26246,22858
A. Vernaculars of India > Dravidian Family > Intermediate Group > Gondi,Gondi,0,632,488,493,5,Bengal,24,12,12
A. Vernaculars of India > Dravidian Family > Intermediate Group > Gondi,Gondi,0,632,488,493,6,Bihar and Orissa,1135,551,584
A. Vernaculars of India > Dravidian Family > Intermediate Group > Gondi,Gondi,0,632,488,493,9,Central Provinces and Berar,950587,463751,486836
A. Vernaculars of India > Dravidian Family > Intermediate Group > Gondi,Gondi,0,632,488,493,11,Delhi,1,,1
A. Vernaculars of India > Dravidian Family > Intermediate Group > Gondi,Gondi,0,632,488,493,12,Madras,94789,48251,46538
A. Vernaculars of India > Dravidian Family > Intermediate Group > Gondi,Gondi,0,632,488,493,14,Punjab,1,1,
A. Vernaculars of India > Dravidian Family > Intermediate Group > Gondi,Gondi,0,632,488,493,15,United Provinces of Agra and Oudh,1,1,
A. Vernaculars of India > Dravidian Family > Intermediate Group > Gondi,Gondi,0,632,488,493,20,Bihar and Orissa States,5135,2507,2628
A. Vernaculars of India > Dravidian Family > Intermediate Group > Gondi,Gondi,0,632,488,493,22,Central India Agency,354098,178698,175400
A. Vernaculars of India > Dravidian Family > Intermediate Group > Gondi,Gondi,0,632,488,493,23,Central Provinces States,333724,166982,166742
A. Vernaculars of India > Dravidian Family > Intermediate Group > Gondi,Gondi,0,632,488,493,24,Gwalior State,192,144,48
A. Vernaculars of India > Dravidian Family > Intermediate Group > Gondi,Gondi,0,632,488,493,25,Hyderabad State,76087,38955,37132
A. Vernaculars of India > Dravidian Family > Intermediate Group > Kandhi or Kui,Kandhi or Kui,0,635,488,493,INDIA,India,585109,287602,297507
A. Vernaculars of India > Dravidian Family > Intermediate Group > Kandhi or Kui,Kandhi or Kui,0,635,488,493,PROV,Provinces,500590,246505,254085
A. Vernaculars of India > Dravidian Family > Intermediate Group > Kandhi or Kui,Kandhi or Kui,0,635,488,493,STATES,States and Agencies,84519,41097,43422
A. Vernaculars of India > Dravidian Family > Intermediate Group > Kandhi or Kui,Kandhi or Kui,0,635,488,493,1,Ajmer-Merwara,1,,1
A. Vernaculars of India > Dravidian Family > Intermediate Group > Kandhi or Kui,Kandhi or Kui,0,635,488,493,3,Assam,6180,3120,3060
A. Vernaculars of India > Dravidian Family > Intermediate Group > Kandhi or Kui,Kandhi or Kui,0,635,488,493,6,Bihar and Orissa,49163,23753,25410
A. Vernaculars of India > Dravidian Family > Intermediate Group > Kandhi or Kui,Kandhi or Kui,0,635,488,493,12,Madras,445246,219632,225614
A. Vernaculars of India > Dravidian Family > Intermediate Group > Kandhi or Kui,Kandhi or Kui,0,635,488,493,20,Bihar and Orissa States,84519,41097,43422
A. Vernaculars of India > Dravidian Family > Intermediate Group > Kolami,Kolami,0,638,488,493,INDIA,India,29187,15740,13447
A. Vernaculars of India > Dravidian Family > Intermediate Group > Kolami,Kolami,0,638,488,493,PROV,Provinces,29064,15663,13401
A. Vernaculars of India > Dravidian Family > Intermediate Group > Kolami,Kolami,0,638,488,493,STATES,States and Agencies,123,77,46
A. Vernaculars of India > Dravidian Family > Intermediate Group > Kolami,Kolami,0,638,488,493,7,Bombay (including Aden),702,431,271
A. Vernaculars of India > Dravidian Family > Intermediate Group > Kolami,Kolami,0,638,488,493,9,Central Provinces and Berar,28362,15232,13130
A. Vernaculars of India > Dravidian Family > Intermediate Group > Kolami,Kolami,0,638,488,493,21,Bombay States,123,77,46
A. Vernaculars of India > Dravidian Family > Intermediate Group > Others (Konda),Others (Konda),0,641,489,494,INDIA,India,22341,12255,10086
A. Vernaculars of India > Dravidian Family > Intermediate Group > Others (Konda),Others (Konda),0,641,489,494,PROV,Provinces,22341,12255,10086
A. Vernaculars of India > Dravidian Family > Intermediate Group > Others (Konda),Others (Konda),0,641,489,494,12,Madras,22341,12255,10086
A. Vernaculars of India > Dravidian Family > Andhra Language Group,Andhra Language Group,1,,,,INDIA,India,26373727,13291050,13082677
A. Vernaculars of India > Dravidian Family > Andhra Language Group,Andhra Language Group,1,,,,PROV,Provinces,18267260,9166212,9101048
A. Vernaculars of India > Dravidian Family > Andhra Language Group,Andhra Language Group,1,,,,STATES,States and Agencies,8106467,4124838,3981629
A. Vernaculars of India > Dravidian Family > Andhra Language Group,Andhra Language Group,1,,,,1,Ajmer-Merwara,114,66,48
A. Vernaculars of India > Dravidian Family > Andhra Language Group,Andhra Language Group,1,,,,2,Andaman and Nicobar Islands,435,309,126
A. Vernaculars of India > Dravidian Family > Andhra Language Group,Andhra Language Group,1,,,,3,Assam,30776,16384,14392
A. Vernaculars of India > Dravidian Family > Andhra Language Group,Andhra Language Group,1,,,,4,Baluchistan (Districts and Administered Territories),42,31,11
A. Vernaculars of India > Dravidian Family > Andhra Language Group,Andhra Language Group,1,,,,5,Bengal,31206,15714,15492
A. Vernaculars of India > Dravidian Family > Andhra Language Group,Andhra Language Group,1,,,,6,Bihar and Orissa,22107,11721,10386
A. Vernaculars of India > Dravidian Family > Andhra Language Group,Andhra Language Group,1,,,,7,Bombay (including Aden),149807,80788,69019
A. Vernaculars of India > Dravidian Family > Andhra Language Group,Andhra Language Group,1,,,,7a,Aden,8,5,3
A. Vernaculars of India > Dravidian Family > Andhra Language Group,Andhra Language Group,1,,,,8,Burma,160640,124483,36157
A. Vernaculars of India > Dravidian Family > Andhra Language Group,Andhra Language Group,1,,,,9,Central Provinces and Berar,130393,67228,63165
A. Vernaculars of India > Dravidian Family > Andhra Language Group,Andhra Language Group,1,,,,10,Coorg,2668,1450,1218
A. Vernaculars of India > Dravidian Family > Andhra Language Group,Andhra Language Group,1,,,,11,Delhi,126,73,53
A. Vernaculars of India > Dravidian Family > Andhra Language Group,Andhra Language Group,1,,,,12,Madras,17738024,8847353,8890671
A. Vernaculars of India > Dravidian Family > Andhra Language Group,Andhra Language Group,1,,,,13,North-West Frontier Province (Districts and Administered Territories),158,144,14
A. Vernaculars of India > Dravidian Family > Andhra Language Group,Andhra Language Group,1,,,,14,Punjab,124,67,57
A. Vernaculars of India > Dravidian Family > Andhra Language Group,Andhra Language Group,1,,,,15,United Provinces of Agra and Oudh,640,401,239
A. Vernaculars of India > Dravidian Family > Andhra Language Group,Andhra Language Group,1,,,,16,Assam States,10,8,2
A. Vernaculars of India > Dravidian Family > Andhra Language Group,Andhra Language Group,1,,,,18,Baroda State,362,218,144
A. Vernaculars of India > Dravidian Family > Andhra Language Group,Andhra Language Group,1,,,,19,Bengal States,1919,1497,422
A. Vernaculars of India > Dravidian Family > Andhra Language Group,Andhra Language Group,1,,,,20,Bihar and Orissa States,7405,3639,3766
A. Vernaculars of India > Dravidian Family > Andhra Language Group,Andhra Language Group,1,,,,21,Bombay States,12977,6856,6121
A. Vernaculars of India > Dravidian Family > Andhra Language Group,Andhra Language Group,1,,,,22,Central India Agency,847,469,378
A. Vernaculars of India > Dravidian Family > Andhra Language Group,Andhra Language Group,1,,,,23,Central Provinces States,12037,5954,6083
A. Vernaculars of India > Dravidian Family > Andhra Language Group,Andhra Language Group,1,,,,24,Gwalior State,70,57,13
A. Vernaculars of India > Dravidian Family > Andhra Language Group,Andhra Language Group,1,,,,25,Hyderabad State,6972534,3544413,3428121
A. Vernaculars of India > Dravidian Family > Andhra Language Group,Andhra Language Group,1,,,,26,Jammu and Kashmir State,6,1,5
A. Vernaculars of India > Dravidian Family > Andhra Language Group,Andhra Language Group,1,,,,27,Madras States Agency,67084,33937,33147
A. Vernaculars of India > Dravidian Family > Andhra Language Group,Andhra Language Group,1,,,,27a,Cochin State,12142,6016,6126
A. Vernaculars of India > Dravidian Family > Andhra Language Group,Andhra Language Group,1,,,,27b,Travancore State,9855,5133,4722
A. Vernaculars of India > Dravidian Family > Andhra Language Group,Andhra Language Group,1,,,,27c,Other Madras States,45087,22788,22299
A. Vernaculars of India > Dravidian Family > Andhra Language Group,Andhra Language Group,1,,,,28,Mysore State,1030926,527576,503350
A. Vernaculars of India > Dravidian Family > Andhra Language Group,Andhra Language Group,1,,,,29,North-West Frontier Province (Agencies and Tribal Areas),106,106,0
A. Vernaculars of India > Dravidian Family > Andhra Language Group,Andhra Language Group,1,,,,32,Rajputana Agency,107,52,55
A. Vernaculars of India > Dravidian Family > Andhra Language Group,Andhra Language Group,1,,,,35,Western India States Agency,77,55,22
A. Vernaculars of India > Dravidian Family > Andhra Language Group > Telugu,Telugu,0,644,489,494,INDIA,India,26373727,13291050,13082677
A. Vernaculars of India > Dravidian Family > Andhra Language Group > Telugu,Telugu,0,644,489,494,PROV,Provinces,18267260,9166212,9101048
A. Vernaculars of India > Dravidian Family > Andhra Language Group > Telugu,Telugu,0,644,489,494,STATES,States and Agencies,8106467,4124838,3981629
A. Vernaculars of India > Dravidian Family > Andhra Language Group > Telugu,Telugu,0,644,489,494,1,Ajmer-Merwara,114,66,48
A. Vernaculars of India > Dravidian Family > Andhra Language Group > Telugu,Telugu,0,644,489,494,2,Andaman and Nicobar Islands,435,309,126
A. Vernaculars of India > Dravidian Family > Andhra Language Group > Telugu,Telugu,0,644,489,494,3,Assam,30776,16384,14392
A. Vernaculars of India > Dravidian Family > Andhra Language Group > Telugu,Telugu,0,644,489,494,4,Baluchistan (Districts and Administered Territories),42,31,11
A. Vernaculars of India > Dravidian Family > Andhra Language Group > Telugu,Telugu,0,644,489,494,5,Bengal,31206,15714,15492
A. Vernaculars of India > Dravidian Family > Andhra Language Group > Telugu,Telugu,0,644,489,494,6,Bihar and Orissa,22107,11721,10386
A. Vernaculars of India > Dravidian Family > Andhra Language Group > Telugu,Telugu,0,644,489,494,7,Bombay (including Aden),149807,80788,69019
A. Vernaculars of India > Dravidian Family > Andhra Language Group > Telugu,Telugu,0,644,489,494,7a,Aden,8,5,3
A. Vernaculars of India > Dravidian Family > Andhra Language Group > Telugu,Telugu,0,644,489,494,8,Burma,160640,124483,36157
A. Vernaculars of India > Dravidian Family > Andhra Language Group > Telugu,Telugu,0,644,489,494,9,Central Provinces and Berar,130393,67228,63165
A. Vernaculars of India > Dravidian Family > Andhra Language Group > Telugu,Telugu,0,644,489,494,10,Coorg,2668,1450,1218
A. Vernaculars of India > Dravidian Family > Andhra Language Group > Telugu,Telugu,0,644,489,494,11,Delhi,126,73,53
A. Vernaculars of India > Dravidian Family > Andhra Language Group > Telugu,Telugu,0,644,489,494,12,Madras,17738024,8847353,8890671
A. Vernaculars of India > Dravidian Family > Andhra Language Group > Telugu,Telugu,0,644,489,494,13,North-West Frontier Province (Districts and Administered Territories),158,144,14
A. Vernaculars of India > Dravidian Family > Andhra Language Group > Telugu,Telugu,0,644,489,494,14,Punjab,124,67,57
A. Vernaculars of India > Dravidian Family > Andhra Language Group > Telugu,Telugu,0,644,489,494,15,United Provinces of Agra and Oudh,640,401,239
A. Vernaculars of India > Dravidian Family > Andhra Language Group > Telugu,Telugu,0,644,489,494,16,Assam States,10,8,2
A. Vernaculars of India > Dravidian Family > Andhra Language Group > Telugu,Telugu,0,644,489,494,18,Baroda State,362,218,144
A. Vernaculars of India > Dravidian Family > Andhra Language Group > Telugu,Telugu,0,644,489,494,19,Bengal States,1919,1497,422
A. Vernaculars of India > Dravidian Family > Andhra Language Group > Telugu,Telugu,0,644,489,494,20,Bihar and Orissa States,7405,3639,3766
A. Vernaculars of India > Dravidian Family > Andhra Language Group > Telugu,Telugu,0,644,489,494,21,Bombay States,12977,6856,6121
A. Vernaculars of India > Dravidian Family > Andhra Language Group > Telugu,Telugu,0,644,489,494,22,Central India Agency,847,469,378
A. Vernaculars of India > Dravidian Family > Andhra Language Group > Telugu,Telugu,0,644,489,494,23,Central Provinces States,12037,5954,6083
A. Vernaculars of India > Dravidian Family > Andhra Language Group > Telugu,Telugu,0,644,489,494,24,Gwalior State,70,57,13
A. Vernaculars of India > Dravidian Family > Andhra Language Group > Telugu,Telugu,0,644,489,494,25,Hyderabad State,6972534,3544413,3428121
A. Vernaculars of India > Dravidian Family > Andhra Language Group > Telugu,Telugu,0,644,489,494,26,Jammu and Kashmir State,6,1,5
A. Vernaculars of India > Dravidian Family > Andhra Language Group > Telugu,Telugu,0,644,489,494,27,Madras States Agency,67084,33937,33147
A. Vernaculars of India > Dravidian Family > Andhra Language Group > Telugu,Telugu,0,644,489,494,27a,Cochin State,12142,6016,6126
A. Vernaculars of India > Dravidian Family > Andhra Language Group > Telugu,Telugu,0,644,489,494,27b,Travancore State,9855,5133,4722
A. Vernaculars of India > Dravidian Family > Andhra Language Group > Telugu,Telugu,0,644,489,494,27c,Other Madras States,45087,22788,22299
A. Vernaculars of India > Dravidian Family > Andhra Language Group > Telugu,Telugu,0,644,489,494,28,Mysore State,1030926,527576,503350
A. Vernaculars of India > Dravidian Family > Andhra Language Group > Telugu,Telugu,0,644,489,494,29,North-West Frontier Province (Agencies and Tribal Areas),106,106,
A. Vernaculars of India > Dravidian Family > Andhra Language Group > Telugu,Telugu,0,644,489,494,32,Rajputana Agency,107,52,55
A. Vernaculars of India > Dravidian Family > Andhra Language Group > Telugu,Telugu,0,644,489,494,35,Western India States Agency,77,55,22
A. Vernaculars of India > Dravidian Family > North-Western Language,North-Western Language,1,,,,INDIA,India,207049,115008,92041
A. Vernaculars of India > Dravidian Family > North-Western Language,North-Western Language,1,,,,PROV,Provinces,104410,59600,44810
A. Vernaculars of India > Dravidian Family > North-Western Language,North-Western Language,1,,,,STATES,States and Agencies,102639,55408,47231
A. Vernaculars of India > Dravidian Family > North-Western Language,North-Western Language,1,,,,4,Baluchistan (Districts and Administered Territories),24899,14372,10527
A. Vernaculars of India > Dravidian Family > North-Western Language,North-Western Language,1,,,,7,Bombay (including Aden),79502,45219,34283
A. Vernaculars of India > Dravidian Family > North-Western Language,North-Western Language,1,,,,15,United Provinces of Agra and Oudh,9,9,0
A. Vernaculars of India > Dravidian Family > North-Western Language,North-Western Language,1,,,,17,Baluchistan States,102580,55374,47206
A. Vernaculars of India > Dravidian Family > North-Western Language,North-Western Language,1,,,,21,Bombay States,59,34,25
A. Vernaculars of India > Dravidian Family > North-Western Language > Brahui,Brahui,0,647,489,494,INDIA,India,207049,115008,92041
A. Vernaculars of India > Dravidian Family > North-Western Language > Brahui,Brahui,0,647,489,494,PROV,Provinces,104410,59600,44810
A. Vernaculars of India > Dravidian Family > North-Western Language > Brahui,Brahui,0,647,489,494,STATES,States and Agencies,102639,55408,47231
A. Vernaculars of India > Dravidian Family > North-Western Language > Brahui,Brahui,0,647,489,494,4,Baluchistan (Districts and Administered Territories),24899,14372,10527
A. Vernaculars of India > Dravidian Family > North-Western Language > Brahui,Brahui,0,647,489,494,7,Bombay (including Aden),79502,45219,34283
A. Vernaculars of India > Dravidian Family > North-Western Language > Brahui,Brahui,0,647,489,494,15,United Provinces of Agra and Oudh,9,9,
A. Vernaculars of India > Dravidian Family > North-Western Language > Brahui,Brahui,0,647,489,494,17,Baluchistan States,102580,55374,47206
A. Vernaculars of India > Dravidian Family > North-Western Language > Brahui,Brahui,0,647,489,494,21,Bombay States,59,34,25
A. Vernaculars of India > Indo-European Family,Indo-European Family,1,,,,INDIA,India,257492805,134082997,123409808
A. Vernaculars of India > Indo-European Family,Indo-European Family,1,,,,PROV,Provinces,203520854,106063071,97457783
A. Vernaculars of India > Indo-European Family,Indo-European Family,1,,,,STATES,States and Agencies,53971951,28019926,25952025
A. Vernaculars of India > Indo-European Family,Indo-European Family,1,,,,1,Ajmer-Merwara,556324,293534,262790
A. Vernaculars of India > Indo-European Family,Indo-European Family,1,,,,2,Andaman and Nicobar Islands,11851,8597,2984
A. Vernaculars of India > Indo-European Family,Indo-European Family,1,,,,3,Assam,6895693,3655620,3240073
A. Vernaculars of India > Indo-European Family,Indo-European Family,1,,,,4,Baluchistan (Districts and Administered Territories),427278,247398,179880
A. Vernaculars of India > Indo-European Family,Indo-European Family,1,,,,5,Bengal,48596706,25260679,23336027
A. Vernaculars of India > Indo-European Family,Indo-European Family,1,,,,6,Bihar and Orissa,34761899,17347229,17414670
A. Vernaculars of India > Indo-European Family,Indo-European Family,1,,,,7,Bombay (including Aden),18826727,9928876,8897851
A. Vernaculars of India > Indo-European Family,Indo-European Family,1,,,,7a,Aden,8554,5417,3137
A. Vernaculars of India > Indo-European Family,Indo-European Family,1,,,,8,Burma,722600,510772,211828
A. Vernaculars of India > Indo-European Family,Indo-European Family,1,,,,9,Central Provinces and Berar,14204539,7116681,7087858
A. Vernaculars of India > Indo-European Family,Indo-European Family,1,,,,10,Coorg,8354,4688,3666
A. Vernaculars of India > Indo-European Family,Indo-European Family,1,,,,11,Delhi,629037,364860,264177
A. Vernaculars of India > Indo-European Family,Indo-European Family,1,,,,12,Madras,3590129,1760834,1829295
A. Vernaculars of India > Indo-European Family,Indo-European Family,1,,,,13,North-West Frontier Province (Districts and Administered Territories),2410688,1305398,1105290
A. Vernaculars of India > Indo-European Family,Indo-European Family,1,,,,14,Punjab,23513258,12840853,10672405
A. Vernaculars of India > Indo-European Family,Indo-European Family,1,,,,15,United Provinces of Agra and Oudh,48366041,25417052,22948989
A. Vernaculars of India > Indo-European Family,Indo-European Family,1,,,,16,Assam States,23151,15446,7705
A. Vernaculars of India > Indo-European Family,Indo-European Family,1,,,,17,Baluchistan States,302350,162932,139418
A. Vernaculars of India > Indo-European Family,Indo-European Family,1,,,,18,Baroda State,2441692,1256982,1184710
A. Vernaculars of India > Indo-European Family,Indo-European Family,1,,,,19,Bengal States,773795,412301,361494
A. Vernaculars of India > Indo-European Family,Indo-European Family,1,,,,20,Bihar and Orissa States,3681371,1810747,1870624
A. Vernaculars of India > Indo-European Family,Indo-European Family,1,,,,21,Bombay States,3854422,1975594,1878828
A. Vernaculars of India > Indo-European Family,Indo-European Family,1,,,,22,Central India Agency,6264373,3218955,3045418
A. Vernaculars of India > Indo-European Family,Indo-European Family,1,,,,23,Central Provinces States,1968839,976059,992780
A. Vernaculars of India > Indo-European Family,Indo-European Family,1,,,,24,Gwalior State,3521170,1865702,1655468
A. Vernaculars of India > Indo-European Family,Indo-European Family,1,,,,25,Hyderabad State,5688088,2908661,2779427
A. Vernaculars of India > Indo-European Family,Indo-European Family,1,,,,26,Jammu and Kashmir State,3439448,1833829,1605619
A. Vernaculars of India > Indo-European Family,Indo-European Family,1,,,,27,Madras States Agency,74535,37911,36624
A. Vernaculars of India > Indo-European Family,Indo-European Family,1,,,,27a,Cochin State,32107,16360,15747
A. Vernaculars of India > Indo-European Family,Indo-European Family,1,,,,27b,Travancore State,26570,13606,12964
A. Vernaculars of India > Indo-European Family,Indo-European Family,1,,,,27c,Other Madras States,15858,7945,7913
A. Vernaculars of India > Indo-European Family,Indo-European Family,1,,,,28,Mysore State,564234,298225,266009
A. Vernaculars of India > Indo-European Family,Indo-European Family,1,,,,29,North-West Frontier Province (Agencies and Tribal Areas),41958,40295,1663
A. Vernaculars of India > Indo-European Family,Indo-European Family,1,,,,30,Punjab States,408069,215483,192586
A. Vernaculars of India > Indo-European Family,Indo-European Family,1,,,,31,Punjab States Agency,4468838,2449385,2019453
A. Vernaculars of India > Indo-European Family,Indo-European Family,1,,,,32,Rajputana Agency,11214657,5879363,5335294
A. Vernaculars of India > Indo-European Family,Indo-European Family,1,,,,33,Sikkim State,39702,20383,19319
A. Vernaculars of India > Indo-European Family,Indo-European Family,1,,,,34,United Provinces States,1205994,618119,587875
A. Vernaculars of India > Indo-European Family,Indo-European Family,1,,,,35,Western India States Agency,3995265,2023554,1971711
A. Vernaculars of India > Indo-European Family > Aryan Sub-Family,Aryan Sub-Family,1,650,489,494,INDIA,India,257492805,134082997,123409808
A. Vernaculars of India > Indo-European Family > Aryan Sub-Family,Aryan Sub-Family,1,650,489,494,PROV,Provinces,203520854,106063071,97457783
A. Vernaculars of India > Indo-European Family > Aryan Sub-Family,Aryan Sub-Family,1,650,489,494,STATES,States and Agencies,53971951,28019926,25952025
A. Vernaculars of India > Indo-European Family > Aryan Sub-Family,Aryan Sub-Family,1,650,489,494,1,Ajmer-Merwara,556324,293534,262790
A. Vernaculars of India > Indo-European Family > Aryan Sub-Family,Aryan Sub-Family,1,650,489,494,2,Andaman and Nicobar Islands,11851,8597,2984
A. Vernaculars of India > Indo-European Family > Aryan Sub-Family,Aryan Sub-Family,1,650,489,494,3,Assam,6895693,3655620,3240073
A. Vernaculars of India > Indo-European Family > Aryan Sub-Family,Aryan Sub-Family,1,650,489,494,4,Baluchistan (Districts and Administered Territories),427278,247398,179880
A. Vernaculars of India > Indo-European Family > Aryan Sub-Family,Aryan Sub-Family,1,650,489,494,5,Bengal,48596706,25260679,23336027
A. Vernaculars of India > Indo-European Family > Aryan Sub-Family,Aryan Sub-Family,1,650,489,494,6,Bihar and Orissa,34761899,17347229,17414670
A. Vernaculars of India > Indo-European Family > Aryan Sub-Family,Aryan Sub-Family,1,650,489,494,7,Bombay (including Aden),18826727,9928876,8897851
A. Vernaculars of India > Indo-European Family > Aryan Sub-Family,Aryan Sub-Family,1,650,489,494,7a,Aden,8554,5417,3137
A. Vernaculars of India > Indo-European Family > Aryan Sub-Family,Aryan Sub-Family,1,650,489,494,8,Burma,722600,510772,211828
A. Vernaculars of India > Indo-European Family > Aryan Sub-Family,Aryan Sub-Family,1,650,489,494,9,Central Provinces and Berar,14204539,7116681,7087858
A. Vernaculars of India > Indo-European Family > Aryan Sub-Family,Aryan Sub-Family,1,650,489,494,10,Coorg,8354,4688,3666
A. Vernaculars of India > Indo-European Family > Aryan Sub-Family,Aryan Sub-Family,1,650,489,494,11,Delhi,629037,364860,264177
A. Vernaculars of India > Indo-European Family > Aryan Sub-Family,Aryan Sub-Family,1,650,489,494,12,Madras,3590129,1760834,1829295
A. Vernaculars of India > Indo-European Family > Aryan Sub-Family,Aryan Sub-Family,1,650,489,494,13,North-West Frontier Province (Districts and Administered Territories),2410688,1305398,1105290
A. Vernaculars of India > Indo-European Family > Aryan Sub-Family,Aryan Sub-Family,1,650,489,494,14,Punjab,23513258,12840853,10672405
A. Vernaculars of India > Indo-European Family > Aryan Sub-Family,Aryan Sub-Family,1,650,489,494,15,United Provinces of Agra and Oudh,48366041,25417052,22948989
A. Vernaculars of India > Indo-European Family > Aryan Sub-Family,Aryan Sub-Family,1,650,489,494,16,Assam States,23151,15446,7705
A. Vernaculars of India > Indo-European Family > Aryan Sub-Family,Aryan Sub-Family,1,650,489,494,17,Baluchistan States,302350,162932,139418
A. Vernaculars of India > Indo-European Family > Aryan Sub-Family,Aryan Sub-Family,1,650,489,494,18,Baroda State,2441692,1256982,1184710
A. Vernaculars of India > Indo-European Family > Aryan Sub-Family,Aryan Sub-Family,1,650,489,494,19,Bengal States,773795,412301,361494
A. Vernaculars of India > Indo-European Family > Aryan Sub-Family,Aryan Sub-Family,1,650,489,494,20,Bihar and Orissa States,3681371,1810747,1870624
A. Vernaculars of India > Indo-European Family > Aryan Sub-Family,Aryan Sub-Family,1,650,489,494,21,Bombay States,3854422,1975594,1878828
A. Vernaculars of India > Indo-European Family > Aryan Sub-Family,Aryan Sub-Family,1,650,489,494,22,Central India Agency,6264373,3218955,3045418
A. Vernaculars of India > Indo-European Family > Aryan Sub-Family,Aryan Sub-Family,1,650,489,494,23,Central Provinces States,1968839,976059,992780
A. Vernaculars of India > Indo-European Family > Aryan Sub-Family,Aryan Sub-Family,1,650,489,494,24,Gwalior State,3521170,1865702,1655468
A. Vernaculars of India > Indo-European Family > Aryan Sub-Family,Aryan Sub-Family,1,650,489,494,25,Hyderabad State,5688088,2908661,2779427
A. Vernaculars of India > Indo-European Family > Aryan Sub-Family,Aryan Sub-Family,1,650,489,494,26,Jammu and Kashmir State,3439448,1833829,1605619
A. Vernaculars of India > Indo-European Family > Aryan Sub-Family,Aryan Sub-Family,1,650,489,494,27,Madras States Agency,74535,37911,36624
A. Vernaculars of India > Indo-European Family > Aryan Sub-Family,Aryan Sub-Family,1,650,489,494,27a,Cochin State,32107,16360,15747
A. Vernaculars of India > Indo-European Family > Aryan Sub-Family,Aryan Sub-Family,1,650,489,494,27b,Travancore State,26570,13606,12964
A. Vernaculars of India > Indo-European Family > Aryan Sub-Family,Aryan Sub-Family,1,650,489,494,27c,Other Madras States,15858,7945,7913
A. Vernaculars of India > Indo-European Family > Aryan Sub-Family,Aryan Sub-Family,1,650,489,494,28,Mysore State,564234,298225,266009
A. Vernaculars of India > Indo-European Family > Aryan Sub-Family,Aryan Sub-Family,1,650,489,494,29,North-West Frontier Province (Agencies and Tribal Areas),41958,40295,1663
A. Vernaculars of India > Indo-European Family > Aryan Sub-Family,Aryan Sub-Family,1,650,489,494,30,Punjab States,408069,215483,192586
A. Vernaculars of India > Indo-European Family > Aryan Sub-Family,Aryan Sub-Family,1,650,489,494,31,Punjab States Agency,4468838,2449385,2019453
A. Vernaculars of India > Indo-European Family > Aryan Sub-Family,Aryan Sub-Family,1,650,489,494,32,Rajputana Agency,11214657,5879363,5335294
A. Vernaculars of India > Indo-European Family > Aryan Sub-Family,Aryan Sub-Family,1,650,489,494,33,Sikkim State,39702,20383,19319
A. Vernaculars of India > Indo-European Family > Aryan Sub-Family,Aryan Sub-Family,1,650,489,494,34,United Provinces States,1205994,618119,587875
A. Vernaculars of India > Indo-European Family > Aryan Sub-Family,Aryan Sub-Family,1,650,489,494,35,Western India States Agency,3995265,2023554,1971711
A. Vernaculars of India > Indo-European Family > Aryan Sub-Family > Eranian Branch,Eranian Branch,1,,,,INDIA,India,2270466,1241831,1028635
A. Vernaculars of India > Indo-European Family > Aryan Sub-Family > Eranian Branch,Eranian Branch,1,,,,PROV,Provinces,2064912,1125440,939472
A. Vernaculars of India > Indo-European Family > Aryan Sub-Family > Eranian Branch,Eranian Branch,1,,,,STATES,States and Agencies,205554,116391,89163
A. Vernaculars of India > Indo-European Family > Aryan Sub-Family > Eranian Branch,Eranian Branch,1,,,,1,Ajmer-Merwara,293,249,44
A. Vernaculars of India > Indo-European Family > Aryan Sub-Family > Eranian Branch,Eranian Branch,1,,,,2,Andaman and Nicobar Islands,470,400,70
A. Vernaculars of India > Indo-European Family > Aryan Sub-Family > Eranian Branch,Eranian Branch,1,,,,3,Assam,2433,2175,258
A. Vernaculars of India > Indo-European Family > Aryan Sub-Family > Eranian Branch,Eranian Branch,1,,,,4,Baluchistan (Districts and Administered Territories),303493,165939,137554
A. Vernaculars of India > Indo-European Family > Aryan Sub-Family > Eranian Branch,Eranian Branch,1,,,,5,Bengal,3998,3757,241
A. Vernaculars of India > Indo-European Family > Aryan Sub-Family > Eranian Branch,Eranian Branch,1,,,,6,Bihar and Orissa,1536,1358,178
A. Vernaculars of India > Indo-European Family > Aryan Sub-Family > Eranian Branch,Eranian Branch,1,,,,7,Bombay (including Aden),315228,178483,136745
A. Vernaculars of India > Indo-European Family > Aryan Sub-Family > Eranian Branch,Eranian Branch,1,,,,7a,Aden,44,44,0
A. Vernaculars of India > Indo-European Family > Aryan Sub-Family > Eranian Branch,Eranian Branch,1,,,,8,Burma,2091,1587,504
A. Vernaculars of India > Indo-European Family > Aryan Sub-Family > Eranian Branch,Eranian Branch,1,,,,9,Central Provinces and Berar,2263,1896,367
A. Vernaculars of India > Indo-European Family > Aryan Sub-Family > Eranian Branch,Eranian Branch,1,,,,11,Delhi,1476,1119,357
A. Vernaculars of India > Indo-European Family > Aryan Sub-Family > Eranian Branch,Eranian Branch,1,,,,12,Madras,225,208,17
A. Vernaculars of India > Indo-European Family > Aryan Sub-Family > Eranian Branch,Eranian Branch,1,,,,13,North-West Frontier Province (Districts and Administered Territories),1279478,677435,602043
A. Vernaculars of India > Indo-European Family > Aryan Sub-Family > Eranian Branch,Eranian Branch,1,,,,14,Punjab,149824,88946,60878
A. Vernaculars of India > Indo-European Family > Aryan Sub-Family > Eranian Branch,Eranian Branch,1,,,,15,United Provinces of Agra and Oudh,2104,1888,216
A. Vernaculars of India > Indo-European Family > Aryan Sub-Family > Eranian Branch,Eranian Branch,1,,,,16,Assam States,69,65,4
A. Vernaculars of India > Indo-European Family > Aryan Sub-Family > Eranian Branch,Eranian Branch,1,,,,17,Baluchistan States,175878,94634,81244
A. Vernaculars of India > Indo-European Family > Aryan Sub-Family > Eranian Branch,Eranian Branch,1,,,,18,Baroda State,535,431,104
A. Vernaculars of India > Indo-European Family > Aryan Sub-Family > Eranian Branch,Eranian Branch,1,,,,19,Bengal States,86,86,0
A. Vernaculars of India > Indo-European Family > Aryan Sub-Family > Eranian Branch,Eranian Branch,1,,,,20,Bihar and Orissa States,43,27,16
A. Vernaculars of India > Indo-European Family > Aryan Sub-Family > Eranian Branch,Eranian Branch,1,,,,21,Bombay States,6538,3715,2823
A. Vernaculars of India > Indo-European Family > Aryan Sub-Family > Eranian Branch,Eranian Branch,1,,,,22,Central India Agency,1083,775,308
A. Vernaculars of India > Indo-European Family > Aryan Sub-Family > Eranian Branch,Eranian Branch,1,,,,23,Central Provinces States,49,39,10
A. Vernaculars of India > Indo-European Family > Aryan Sub-Family > Eranian Branch,Eranian Branch,1,,,,24,Gwalior State,560,359,201
A. Vernaculars of India > Indo-European Family > Aryan Sub-Family > Eranian Branch,Eranian Branch,1,,,,25,Hyderabad State,335,276,59
A. Vernaculars of India > Indo-European Family > Aryan Sub-Family > Eranian Branch,Eranian Branch,1,,,,26,Jammu and Kashmir State,4020,2363,1657
A. Vernaculars of India > Indo-European Family > Aryan Sub-Family > Eranian Branch,Eranian Branch,1,,,,27,Madras States Agency,3,3,0
A. Vernaculars of India > Indo-European Family > Aryan Sub-Family > Eranian Branch,Eranian Branch,1,,,,27a,Cochin State,3,3,0
A. Vernaculars of India > Indo-European Family > Aryan Sub-Family > Eranian Branch,Eranian Branch,1,,,,28,Mysore State,77,64,13
A. Vernaculars of India > Indo-European Family > Aryan Sub-Family > Eranian Branch,Eranian Branch,1,,,,29,North-West Frontier Province (Agencies and Tribal Areas),11013,10060,953
A. Vernaculars of India > Indo-European Family > Aryan Sub-Family > Eranian Branch,Eranian Branch,1,,,,30,Punjab States,306,301,5
A. Vernaculars of India > Indo-European Family > Aryan Sub-Family > Eranian Branch,Eranian Branch,1,,,,31,Punjab States Agency,3409,2231,1178
A. Vernaculars of India > Indo-European Family > Aryan Sub-Family > Eranian Branch,Eranian Branch,1,,,,32,Rajputana Agency,776,521,255
A. Vernaculars of India > Indo-European Family > Aryan Sub-Family > Eranian Branch,Eranian Branch,1,,,,34,United Provinces States,34,33,1
A. Vernaculars of India > Indo-European Family > Aryan Sub-Family > Eranian Branch,Eranian Branch,1,,,,35,Western India States Agency,740,408,332
A. Vernaculars of India > Indo-European Family > Aryan Sub-Family > Eranian Branch > Eastern Group,Eastern Group,1,653,489,494,INDIA,India,2270466,1241831,1028635
A. Vernaculars of India > Indo-European Family > Aryan Sub-Family > Eranian Branch > Eastern Group,Eastern Group,1,653,489,494,PROV,Provinces,2064912,1125440,939472
A. Vernaculars of India > Indo-European Family > Aryan Sub-Family > Eranian Branch > Eastern Group,Eastern Group,1,653,489,494,STATES,States and Agencies,205554,116391,89163
A. Vernaculars of India > Indo-European Family > Aryan Sub-Family > Eranian Branch > Eastern Group,Eastern Group,1,653,489,494,1,Ajmer-Merwara,293,249,44
A. Vernaculars of India > Indo-European Family > Aryan Sub-Family > Eranian Branch > Eastern Group,Eastern Group,1,653,489,494,2,Andaman and Nicobar Islands,470,400,70
A. Vernaculars of India > Indo-European Family > Aryan Sub-Family > Eranian Branch > Eastern Group,Eastern Group,1,653,489,494,3,Assam,2433,2175,258
A. Vernaculars of India > Indo-European Family > Aryan Sub-Family > Eranian Branch > Eastern Group,Eastern Group,1,653,489,494,4,Baluchistan (Districts and Administered Territories),303493,165939,137554
A. Vernaculars of India > Indo-European Family > Aryan Sub-Family > Eranian Branch > Eastern Group,Eastern Group,1,653,489,494,5,Bengal,3998,3757,241
A. Vernaculars of India > Indo-European Family > Aryan Sub-Family > Eranian Branch > Eastern Group,Eastern Group,1,653,489,494,6,Bihar and Orissa,1536,1358,178
A. Vernaculars of India > Indo-European Family > Aryan Sub-Family > Eranian Branch > Eastern Group,Eastern Group,1,653,489,494,7,Bombay (including Aden),315228,178483,136745
A. Vernaculars of India > Indo-European Family > Aryan Sub-Family > Eranian Branch > Eastern Group,Eastern Group,1,653,489,494,7a,Aden,44,44,
A. Vernaculars of India > Indo-European Family > Aryan Sub-Family > Eranian Branch > Eastern Group,Eastern Group,1,653,489,494,8,Burma,2091,1587,504
A. Vernaculars of India > Indo-European Family > Aryan Sub-Family > Eranian Branch > Eastern Group,Eastern Group,1,653,489,494,9,Central Provinces and Berar,2263,1896,367
A. Vernaculars of India > Indo-European Family > Aryan Sub-Family > Eranian Branch > Eastern Group,Eastern Group,1,653,489,494,11,Delhi,1476,1119,357
A. Vernaculars of India > Indo-European Family > Aryan Sub-Family > Eranian Branch > Eastern Group,Eastern Group,1,653,489,494,12,Madras,225,208,17
A. Vernaculars of India > Indo-European Family > Aryan Sub-Family > Eranian Branch > Eastern Group,Eastern Group,1,653,489,494,13,North-West Frontier Province (Districts and Administered Territories),1279478,677435,602043
A. Vernaculars of India > Indo-European Family > Aryan Sub-Family > Eranian Branch > Eastern Group,Eastern Group,1,653,489,494,14,Punjab,149824,88946,60878
A. Vernaculars of India > Indo-European Family > Aryan Sub-Family > Eranian Branch > Eastern Group,Eastern Group,1,653,489,494,15,United Provinces of Agra and Oudh,2104,1888,216
A. Vernaculars of India > Indo-European Family > Aryan Sub-Family > Eranian Branch > Eastern Group,Eastern Group,1,653,489,494,16,Assam States,69,65,4
A. Vernaculars of India > Indo-European Family > Aryan Sub-Family > Eranian Branch > Eastern Group,Eastern Group,1,653,489,494,17,Baluchistan States,175878,94634,81244
A. Vernaculars of India > Indo-European Family > Aryan Sub-Family > Eranian Branch > Eastern Group,Eastern Group,1,653,489,494,18,Baroda State,535,431,104
A. Vernaculars of India > Indo-European Family > Aryan Sub-Family > Eranian Branch > Eastern Group,Eastern Group,1,653,489,494,19,Bengal States,86,86,
A. Vernaculars of India > Indo-European Family > Aryan Sub-Family > Eranian Branch > Eastern Group,Eastern Group,1,653,489,494,20,Bihar and Orissa States,43,27,16
A. Vernaculars of India > Indo-European Family > Aryan Sub-Family > Eranian Branch > Eastern Group,Eastern Group,1,653,489,494,21,Bombay States,6538,3715,2823
A. Vernaculars of India > Indo-European Family > Aryan Sub-Family > Eranian Branch > Eastern Group,Eastern Group,1,653,489,494,22,Central India Agency,1083,775,308
A. Vernaculars of India > Indo-European Family > Aryan Sub-Family > Eranian Branch > Eastern Group,Eastern Group,1,653,489,494,23,Central Provinces States,49,39,10
A. Vernaculars of India > Indo-European Family > Aryan Sub-Family > Eranian Branch > Eastern Group,Eastern Group,1,653,489,494,24,Gwalior State,560,359,201
A. Vernaculars of India > Indo-European Family > Aryan Sub-Family > Eranian Branch > Eastern Group,Eastern Group,1,653,489,494,25,Hyderabad State,335,276,59
A. Vernaculars of India > Indo-European Family > Aryan Sub-Family > Eranian Branch > Eastern Group,Eastern Group,1,653,489,494,26,Jammu and Kashmir State,4020,2363,1657
A. Vernaculars of India > Indo-European Family > Aryan Sub-Family > Eranian Branch > Eastern Group,Eastern Group,1,653,489,494,27,Madras States Agency,3,3,
A. Vernaculars of India > Indo-European Family > Aryan Sub-Family > Eranian Branch > Eastern Group,Eastern Group,1,653,489,494,27a,Cochin State,3,3,
A. Vernaculars of India > Indo-European Family > Aryan Sub-Family > Eranian Branch > Eastern Group,Eastern Group,1,653,489,494,28,Mysore State,77,64,13
A. Vernaculars of India > Indo-European Family > Aryan Sub-Family > Eranian Branch > Eastern Group,Eastern Group,1,653,489,494,29,North-West Frontier Province (Agencies and Tribal Areas),11013,10060,953
A. Vernaculars of India > Indo-European Family > Aryan Sub-Family > Eranian Branch > Eastern Group,Eastern Group,1,653,489,494,30,Punjab States,306,301,5
A. Vernaculars of India > Indo-European Family > Aryan Sub-Family > Eranian Branch > Eastern Group,Eastern Group,1,653,489,494,31,Punjab States Agency,3409,2231,1178
A. Vernaculars of India > Indo-European Family > Aryan Sub-Family > Eranian Branch > Eastern Group,Eastern Group,1,653,489,494,32,Rajputana Agency,776,521,255
A. Vernaculars of India > Indo-European Family > Aryan Sub-Family > Eranian Branch > Eastern Group,Eastern Group,1,653,489,494,34,United Provinces States,34,33,1
A. Vernaculars of India > Indo-European Family > Aryan Sub-Family > Eranian Branch > Eastern Group,Eastern Group,1,653,489,494,35,Western India States Agency,740,408,332
A. Vernaculars of India > Indo-European Family > Aryan Sub-Family > Eranian Branch > Eastern Group > Pashto,Pashto,0,656,490,495,INDIA,India,1636490,894852,741638
A. Vernaculars of India > Indo-European Family > Aryan Sub-Family > Eranian Branch > Eastern Group > Pashto,Pashto,0,656,490,495,PROV,Provinces,1615054,877699,737355
A. Vernaculars of India > Indo-European Family > Aryan Sub-Family > Eranian Branch > Eastern Group > Pashto,Pashto,0,656,490,495,STATES,States and Agencies,21436,17153,4283
A. Vernaculars of India > Indo-European Family > Aryan Sub-Family > Eranian Branch > Eastern Group > Pashto,Pashto,0,656,490,495,1,Ajmer-Merwara,289,245,44
A. Vernaculars of India > Indo-European Family > Aryan Sub-Family > Eranian Branch > Eastern Group > Pashto,Pashto,0,656,490,495,2,Andaman and Nicobar Islands,441,372,69
A. Vernaculars of India > Indo-European Family > Aryan Sub-Family > Eranian Branch > Eastern Group > Pashto,Pashto,0,656,490,495,3,Assam,1634,1573,61
A. Vernaculars of India > Indo-European Family > Aryan Sub-Family > Eranian Branch > Eastern Group > Pashto,Pashto,0,656,490,495,4,Baluchistan (Districts and Administered Territories),206293,112788,93505
A. Vernaculars of India > Indo-European Family > Aryan Sub-Family > Eranian Branch > Eastern Group > Pashto,Pashto,0,656,490,495,5,Bengal,3998,3757,241
A. Vernaculars of India > Indo-European Family > Aryan Sub-Family > Eranian Branch > Eastern Group > Pashto,Pashto,0,656,490,495,6,Bihar and Orissa,1536,1358,178
A. Vernaculars of India > Indo-European Family > Aryan Sub-Family > Eranian Branch > Eastern Group > Pashto,Pashto,0,656,490,495,7,Bombay (including Aden),23497,18394,5103
A. Vernaculars of India > Indo-European Family > Aryan Sub-Family > Eranian Branch > Eastern Group > Pashto,Pashto,0,656,490,495,7a,Aden,42,42,
A. Vernaculars of India > Indo-European Family > Aryan Sub-Family > Eranian Branch > Eastern Group > Pashto,Pashto,0,656,490,495,8,Burma,2003,1510,493
A. Vernaculars of India > Indo-European Family > Aryan Sub-Family > Eranian Branch > Eastern Group > Pashto,Pashto,0,656,490,495,9,Central Provinces and Berar,2164,1829,335
A. Vernaculars of India > Indo-European Family > Aryan Sub-Family > Eranian Branch > Eastern Group > Pashto,Pashto,0,656,490,495,11,Delhi,1470,1113,357
A. Vernaculars of India > Indo-European Family > Aryan Sub-Family > Eranian Branch > Eastern Group > Pashto,Pashto,0,656,490,495,12,Madras,224,207,17
A. Vernaculars of India > Indo-European Family > Aryan Sub-Family > Eranian Branch > Eastern Group > Pashto,Pashto,0,656,490,495,13,North-West Frontier Province (Districts and Administered Territories),1279471,677428,602043
A. Vernaculars of India > Indo-European Family > Aryan Sub-Family > Eranian Branch > Eastern Group > Pashto,Pashto,0,656,490,495,14,Punjab,90020,55312,34708
A. Vernaculars of India > Indo-European Family > Aryan Sub-Family > Eranian Branch > Eastern Group > Pashto,Pashto,0,656,490,495,15,United Provinces of Agra and Oudh,2014,1813,201
A. Vernaculars of India > Indo-European Family > Aryan Sub-Family > Eranian Branch > Eastern Group > Pashto,Pashto,0,656,490,495,16,Assam States,69,65,4
A. Vernaculars of India > Indo-European Family > Aryan Sub-Family > Eranian Branch > Eastern Group > Pashto,Pashto,0,656,490,495,17,Baluchistan States,888,507,381
A. Vernaculars of India > Indo-European Family > Aryan Sub-Family > Eranian Branch > Eastern Group > Pashto,Pashto,0,656,490,495,18,Baroda State,267,239,28
A. Vernaculars of India > Indo-European Family > Aryan Sub-Family > Eranian Branch > Eastern Group > Pashto,Pashto,0,656,490,495,19,Bengal States,86,86,
A. Vernaculars of India > Indo-European Family > Aryan Sub-Family > Eranian Branch > Eastern Group > Pashto,Pashto,0,656,490,495,20,Bihar and Orissa States,43,27,16
A. Vernaculars of India > Indo-European Family > Aryan Sub-Family > Eranian Branch > Eastern Group > Pashto,Pashto,0,656,490,495,21,Bombay States,501,388,113
A. Vernaculars of India > Indo-European Family > Aryan Sub-Family > Eranian Branch > Eastern Group > Pashto,Pashto,0,656,490,495,22,Central India Agency,854,624,230
A. Vernaculars of India > Indo-European Family > Aryan Sub-Family > Eranian Branch > Eastern Group > Pashto,Pashto,0,656,490,495,23,Central Provinces States,49,39,10
A. Vernaculars of India > Indo-European Family > Aryan Sub-Family > Eranian Branch > Eastern Group > Pashto,Pashto,0,656,490,495,24,Gwalior State,560,359,201
A. Vernaculars of India > Indo-European Family > Aryan Sub-Family > Eranian Branch > Eastern Group > Pashto,Pashto,0,656,490,495,25,Hyderabad State,320,264,56
A. Vernaculars of India > Indo-European Family > Aryan Sub-Family > Eranian Branch > Eastern Group > Pashto,Pashto,0,656,490,495,26,Jammu and Kashmir State,3408,2012,1396
A. Vernaculars of India > Indo-European Family > Aryan Sub-Family > Eranian Branch > Eastern Group > Pashto,Pashto,0,656,490,495,27,Madras States Agency,3,3,
A. Vernaculars of India > Indo-European Family > Aryan Sub-Family > Eranian Branch > Eastern Group > Pashto,Pashto,0,656,490,495,27a,Cochin State,3,3,
A. Vernaculars of India > Indo-European Family > Aryan Sub-Family > Eranian Branch > Eastern Group > Pashto,Pashto,0,656,490,495,28,Mysore State,71,61,10
A. Vernaculars of India > Indo-European Family > Aryan Sub-Family > Eranian Branch > Eastern Group > Pashto,Pashto,0,656,490,495,29,North-West Frontier Province (Agencies and Tribal Areas),11013,10060,953
A. Vernaculars of India > Indo-European Family > Aryan Sub-Family > Eranian Branch > Eastern Group > Pashto,Pashto,0,656,490,495,30,Punjab States,306,301,5
A. Vernaculars of India > Indo-European Family > Aryan Sub-Family > Eranian Branch > Eastern Group > Pashto,Pashto,0,656,490,495,31,Punjab States Agency,2228,1573,655
A. Vernaculars of India > Indo-European Family > Aryan Sub-Family > Eranian Branch > Eastern Group > Pashto,Pashto,0,656,490,495,32,Rajputana Agency,585,410,175
A. Vernaculars of India > Indo-European Family > Aryan Sub-Family > Eranian Branch > Eastern Group > Pashto,Pashto,0,656,490,495,34,United Provinces States,34,33,1
A. Vernaculars of India > Indo-European Family > Aryan Sub-Family > Eranian Branch > Eastern Group > Pashto,Pashto,0,656,490,495,35,Western India States Agency,151,102,49
A. Vernaculars of India > Indo-European Family > Aryan Sub-Family > Eranian Branch > Eastern Group > Balochi,Balochi,0,659,490,495,INDIA,India,628086,343758,284328
A. Vernaculars of India > Indo-European Family > Aryan Sub-Family > Eranian Branch > Eastern Group > Balochi,Balochi,0,659,490,495,PROV,Provinces,449752,247687,202065
A. Vernaculars of India > Indo-European Family > Aryan Sub-Family > Eranian Branch > Eastern Group > Balochi,Balochi,0,659,490,495,STATES,States and Agencies,178334,96071,82263
A. Vernaculars of India > Indo-European Family > Aryan Sub-Family > Eranian Branch > Eastern Group > Balochi,Balochi,0,659,490,495,1,Ajmer-Merwara,4,4,
A. Vernaculars of India > Indo-European Family > Aryan Sub-Family > Eranian Branch > Eastern Group > Balochi,Balochi,0,659,490,495,2,Andaman and Nicobar Islands,29,28,1
A. Vernaculars of India > Indo-European Family > Aryan Sub-Family > Eranian Branch > Eastern Group > Balochi,Balochi,0,659,490,495,3,Assam,799,602,197
A. Vernaculars of India > Indo-European Family > Aryan Sub-Family > Eranian Branch > Eastern Group > Balochi,Balochi,0,659,490,495,4,Baluchistan (Districts and Administered Territories),97094,53097,43997
A. Vernaculars of India > Indo-European Family > Aryan Sub-Family > Eranian Branch > Eastern Group > Balochi,Balochi,0,659,490,495,7,Bombay (including Aden),291731,160089,131642
A. Vernaculars of India > Indo-European Family > Aryan Sub-Family > Eranian Branch > Eastern Group > Balochi,Balochi,0,659,490,495,7a,Aden,2,2,
A. Vernaculars of India > Indo-European Family > Aryan Sub-Family > Eranian Branch > Eastern Group > Balochi,Balochi,0,659,490,495,8,Burma,88,77,11
A. Vernaculars of India > Indo-European Family > Aryan Sub-Family > Eranian Branch > Eastern Group > Balochi,Balochi,0,659,490,495,9,Central Provinces and Berar,99,67,32
A. Vernaculars of India > Indo-European Family > Aryan Sub-Family > Eranian Branch > Eastern Group > Balochi,Balochi,0,659,490,495,11,Delhi,6,6,
A. Vernaculars of India > Indo-European Family > Aryan Sub-Family > Eranian Branch > Eastern Group > Balochi,Balochi,0,659,490,495,12,Madras,1,1,
A. Vernaculars of India > Indo-European Family > Aryan Sub-Family > Eranian Branch > Eastern Group > Balochi,Balochi,0,659,490,495,13,North-West Frontier Province (Districts and Administered Territories),7,7,
A. Vernaculars of India > Indo-European Family > Aryan Sub-Family > Eranian Branch > Eastern Group > Balochi,Balochi,0,659,490,495,14,Punjab,59804,33634,26170
A. Vernaculars of India > Indo-European Family > Aryan Sub-Family > Eranian Branch > Eastern Group > Balochi,Balochi,0,659,490,495,15,United Provinces of Agra and Oudh,90,75,15
A. Vernaculars of India > Indo-European Family > Aryan Sub-Family > Eranian Branch > Eastern Group > Balochi,Balochi,0,659,490,495,17,Baluchistan States,169863,91339,78524
A. Vernaculars of India > Indo-European Family > Aryan Sub-Family > Eranian Branch > Eastern Group > Balochi,Balochi,0,659,490,495,18,Baroda State,219,161,58
A. Vernaculars of India > Indo-European Family > Aryan Sub-Family > Eranian Branch > Eastern Group > Balochi,Balochi,0,659,490,495,21,Bombay States,6037,3327,2710
A. Vernaculars of India > Indo-European Family > Aryan Sub-Family > Eranian Branch > Eastern Group > Balochi,Balochi,0,659,490,495,22,Central India Agency,229,151,78
A. Vernaculars of India > Indo-European Family > Aryan Sub-Family > Eranian Branch > Eastern Group > Balochi,Balochi,0,659,490,495,25,Hyderabad State,15,12,3
A. Vernaculars of India > Indo-European Family > Aryan Sub-Family > Eranian Branch > Eastern Group > Balochi,Balochi,0,659,490,495,26,Jammu and Kashmir State,4,3,1
A. Vernaculars of India > Indo-European Family > Aryan Sub-Family > Eranian Branch > Eastern Group > Balochi,Balochi,0,659,490,495,28,Mysore State,6,3,3
A. Vernaculars of India > Indo-European Family > Aryan Sub-Family > Eranian Branch > Eastern Group > Balochi,Balochi,0,659,490,495,31,Punjab States Agency,1181,658,523
A. Vernaculars of India > Indo-European Family > Aryan Sub-Family > Eranian Branch > Eastern Group > Balochi,Balochi,0,659,490,495,32,Rajputana Agency,191,111,80
A. Vernaculars of India > Indo-European Family > Aryan Sub-Family > Eranian Branch > Eastern Group > Balochi,Balochi,0,659,490,495,35,Western India States Agency,589,306,283
A. Vernaculars of India > Indo-European Family > Aryan Sub-Family > Eranian Branch > Eastern Group > Persian,Persian,0,662,490,495,INDIA,India,5282,2873,2409
A. Vernaculars of India > Indo-European Family > Aryan Sub-Family > Eranian Branch > Eastern Group > Persian,Persian,0,662,490,495,PROV,Provinces,106,54,52
A. Vernaculars of India > Indo-European Family > Aryan Sub-Family > Eranian Branch > Eastern Group > Persian,Persian,0,662,490,495,STATES,States and Agencies,5176,2819,2357
A. Vernaculars of India > Indo-European Family > Aryan Sub-Family > Eranian Branch > Eastern Group > Persian,Persian,0,662,490,495,4,Baluchistan (Districts and Administered Territories),106,54,52
A. Vernaculars of India > Indo-European Family > Aryan Sub-Family > Eranian Branch > Eastern Group > Persian,Persian,0,662,490,495,17,Baluchistan States,5127,2788,2339
A. Vernaculars of India > Indo-European Family > Aryan Sub-Family > Eranian Branch > Eastern Group > Persian,Persian,0,662,490,495,18,Baroda State,49,31,18
A. Vernaculars of India > Indo-European Family > Aryan Sub-Family > Eranian Branch > Eastern Group > Other Eranian Languages,Other Eranian Languages,0,665,490,495,INDIA,India,608,348,260
A. Vernaculars of India > Indo-European Family > Aryan Sub-Family > Eranian Branch > Eastern Group > Other Eranian Languages,Other Eranian Languages,0,665,490,495,STATES,States and Agencies,608,348,260
A. Vernaculars of India > Indo-European Family > Aryan Sub-Family > Eranian Branch > Eastern Group > Other Eranian Languages,Other Eranian Languages,0,665,490,495,26,Jammu and Kashmir State,608,348,260
A. Vernaculars of India > Indo-European Family > Aryan Sub-Family > Dardic Branch,Dardic Branch,1,668,490,495,INDIA,India,1522936,826872,696064
A. Vernaculars of India > Indo-European Family > Aryan Sub-Family > Dardic Branch,Dardic Branch,1,668,490,495,PROV,Provinces,22331,16337,5994
A. Vernaculars of India > Indo-European Family > Aryan Sub-Family > Dardic Branch,Dardic Branch,1,668,490,495,STATES,States and Agencies,1500605,810535,690070
A. Vernaculars of India > Indo-European Family > Aryan Sub-Family > Dardic Branch,Dardic Branch,1,668,490,495,1,Ajmer-Merwara,27,14,13
A. Vernaculars of India > Indo-European Family > Aryan Sub-Family > Dardic Branch,Dardic Branch,1,668,490,495,3,Assam,2,2,
A. Vernaculars of India > Indo-European Family > Aryan Sub-Family > Dardic Branch,Dardic Branch,1,668,490,495,4,Baluchistan (Districts and Administered Territories),201,133,68
A. Vernaculars of India > Indo-European Family > Aryan Sub-Family > Dardic Branch,Dardic Branch,1,668,490,495,5,Bengal,63,52,11
A. Vernaculars of India > Indo-European Family > Aryan Sub-Family > Dardic Branch,Dardic Branch,1,668,490,495,6,Bihar and Orissa,16,11,5
A. Vernaculars of India > Indo-European Family > Aryan Sub-Family > Dardic Branch,Dardic Branch,1,668,490,495,8,Burma,38,31,7
A. Vernaculars of India > Indo-European Family > Aryan Sub-Family > Dardic Branch,Dardic Branch,1,668,490,495,9,Central Provinces and Berar,4,,4
A. Vernaculars of India > Indo-European Family > Aryan Sub-Family > Dardic Branch,Dardic Branch,1,668,490,495,11,Delhi,116,97,19
A. Vernaculars of India > Indo-European Family > Aryan Sub-Family > Dardic Branch,Dardic Branch,1,668,490,495,12,Madras,13,4,9
A. Vernaculars of India > Indo-European Family > Aryan Sub-Family > Dardic Branch,Dardic Branch,1,668,490,495,13,North-West Frontier Province (Districts and Administered Territories),2173,1487,686
A. Vernaculars of India > Indo-European Family > Aryan Sub-Family > Dardic Branch,Dardic Branch,1,668,490,495,14,Punjab,19493,14360,5133
A. Vernaculars of India > Indo-European Family > Aryan Sub-Family > Dardic Branch,Dardic Branch,1,668,490,495,15,United Provinces of Agra and Oudh,185,146,39
A. Vernaculars of India > Indo-European Family > Aryan Sub-Family > Dardic Branch,Dardic Branch,1,668,490,495,18,Baroda State,3,3,
A. Vernaculars of India > Indo-European Family > Aryan Sub-Family > Dardic Branch,Dardic Branch,1,668,490,495,22,Central India Agency,46,24,22
A. Vernaculars of India > Indo-European Family > Aryan Sub-Family > Dardic Branch,Dardic Branch,1,668,490,495,24,Gwalior State,28,21,7
A. Vernaculars of India > Indo-European Family > Aryan Sub-Family > Dardic Branch,Dardic Branch,1,668,490,495,25,Hyderabad State,12,7,5
A. Vernaculars of India > Indo-European Family > Aryan Sub-Family > Dardic Branch,Dardic Branch,1,668,490,495,26,Jammu and Kashmir State,1497683,808367,689316
A. Vernaculars of India > Indo-European Family > Aryan Sub-Family > Dardic Branch,Dardic Branch,1,668,490,495,28,Mysore State,29,18,11
A. Vernaculars of India > Indo-European Family > Aryan Sub-Family > Dardic Branch,Dardic Branch,1,668,490,495,29,North-West Frontier Province (Agencies and Tribal Areas),464,459,5
A. Vernaculars of India > Indo-European Family > Aryan Sub-Family > Dardic Branch,Dardic Branch,1,668,490,495,30,Punjab States,84,64,20
A. Vernaculars of India > Indo-European Family > Aryan Sub-Family > Dardic Branch,Dardic Branch,1,668,490,495,31,Punjab States Agency,2245,1565,680
A. Vernaculars of India > Indo-European Family > Aryan Sub-Family > Dardic Branch,Dardic Branch,1,668,490,495,32,Rajputana Agency,11,7,4
A. Vernaculars of India > Indo-European Family > Aryan Sub-Family > Dardic Branch > Khowar Group,Khowar Group,1,,,,INDIA,India,6956,3667,3289
A. Vernaculars of India > Indo-European Family > Aryan Sub-Family > Dardic Branch > Khowar Group,Khowar Group,1,,,,PROV,Provinces,3,3,0
A. Vernaculars of India > Indo-European Family > Aryan Sub-Family > Dardic Branch > Khowar Group,Khowar Group,1,,,,STATES,States and Agencies,6953,3664,3289
A. Vernaculars of India > Indo-European Family > Aryan Sub-Family > Dardic Branch > Khowar Group,Khowar Group,1,,,,15,United Provinces of Agra and Oudh,3,3,0
A. Vernaculars of India > Indo-European Family > Aryan Sub-Family > Dardic Branch > Khowar Group,Khowar Group,1,,,,26,Jammu and Kashmir State,6953,3664,3289
"A. Vernaculars of India > Indo-European Family > Aryan Sub-Family > Dardic Branch > Khowar Group > Khowar, Chitrali or Arniya","Khowar, Chitrali or Arniya",0,671,491,496,INDIA,India,6956,3667,3289
"A. Vernaculars of India > Indo-European Family > Aryan Sub-Family > Dardic Branch > Khowar Group > Khowar, Chitrali or Arniya","Khowar, Chitrali or Arniya",0,671,491,496,PROV,Provinces,3,3,
"A. Vernaculars of India > Indo-European Family > Aryan Sub-Family > Dardic Branch > Khowar Group > Khowar, Chitrali or Arniya","Khowar, Chitrali or Arniya",0,671,491,496,STATES,States and Agencies,6953,3664,3289
"A. Vernaculars of India > Indo-European Family > Aryan Sub-Family > Dardic Branch > Khowar Group > Khowar, Chitrali or Arniya","Khowar, Chitrali or Arniya",0,671,491,496,15,United Provinces of Agra and Oudh,3,3,
"A. Vernaculars of India > Indo-European Family > Aryan Sub-Family > Dardic Branch > Khowar Group > Khowar, Chitrali or Arniya","Khowar, Chitrali or Arniya",0,671,491,496,26,Jammu and Kashmir State,6953,3664,3289
A. Vernaculars of India > Indo-European Family > Aryan Sub-Family > Dardic Branch > Dard Group,Dard Group,1,674,491,496,INDIA,India,1509741,820018,689723
A. Vernaculars of India > Indo-European Family > Aryan Sub-Family > Dardic Branch > Dard Group,Dard Group,1,674,491,496,PROV,Provinces,22328,16334,5994
A. Vernaculars of India > Indo-European Family > Aryan Sub-Family > Dardic Branch > Dard Group,Dard Group,1,674,491,496,STATES,States and Agencies,1487413,803684,683729
A. Vernaculars of India > Indo-European Family > Aryan Sub-Family > Dardic Branch > Dard Group,Dard Group,1,674,491,496,1,Ajmer-Merwara,27,14,13
A. Vernaculars of India > Indo-European Family > Aryan Sub-Family > Dardic Branch > Dard Group,Dard Group,1,674,491,496,3,Assam,2,2,
A. Vernaculars of India > Indo-European Family > Aryan Sub-Family > Dardic Branch > Dard Group,Dard Group,1,674,491,496,4,Baluchistan (Districts and Administered Territories),201,133,68
A. Vernaculars of India > Indo-European Family > Aryan Sub-Family > Dardic Branch > Dard Group,Dard Group,1,674,491,496,5,Bengal,63,52,11
A. Vernaculars of India > Indo-European Family > Aryan Sub-Family > Dardic Branch > Dard Group,Dard Group,1,674,491,496,6,Bihar and Orissa,16,11,5
A. Vernaculars of India > Indo-European Family > Aryan Sub-Family > Dardic Branch > Dard Group,Dard Group,1,674,491,496,8,Burma,38,31,7
A. Vernaculars of India > Indo-European Family > Aryan Sub-Family > Dardic Branch > Dard Group,Dard Group,1,674,491,496,9,Central Provinces and Berar,4,,4
A. Vernaculars of India > Indo-European Family > Aryan Sub-Family > Dardic Branch > Dard Group,Dard Group,1,674,491,496,11,Delhi,116,97,19
A. Vernaculars of India > Indo-European Family > Aryan Sub-Family > Dardic Branch > Dard Group,Dard Group,1,674,491,496,12,Madras,13,4,9
A. Vernaculars of India > Indo-European Family > Aryan Sub-Family > Dardic Branch > Dard Group,Dard Group,1,674,491,496,13,North-West Frontier Province (Districts and Administered Territories),2173,1487,686
A. Vernaculars of India > Indo-European Family > Aryan Sub-Family > Dardic Branch > Dard Group,Dard Group,1,674,491,496,14,Punjab,19493,14360,5133
A. Vernaculars of India > Indo-European Family > Aryan Sub-Family > Dardic Branch > Dard Group,Dard Group,1,674,491,496,15,United Provinces of Agra and Oudh,182,143,39
A. Vernaculars of India > Indo-European Family > Aryan Sub-Family > Dardic Branch > Dard Group,Dard Group,1,674,491,496,18,Baroda State,3,3,
A. Vernaculars of India > Indo-European Family > Aryan Sub-Family > Dardic Branch > Dard Group,Dard Group,1,674,491,496,22,Central India Agency,46,24,22
A. Vernaculars of India > Indo-European Family > Aryan Sub-Family > Dardic Branch > Dard Group,Dard Group,1,674,491,496,24,Gwalior State,28,21,7
A. Vernaculars of India > Indo-European Family > Aryan Sub-Family > Dardic Branch > Dard Group,Dard Group,1,674,491,496,25,Hyderabad State,12,7,5
A. Vernaculars of India > Indo-European Family > Aryan Sub-Family > Dardic Branch > Dard Group,Dard Group,1,674,491,496,26,Jammu and Kashmir State,1484491,801516,682975
A. Vernaculars of India > Indo-European Family > Aryan Sub-Family > Dardic Branch > Dard Group,Dard Group,1,674,491,496,28,Mysore State,29,18,11
A. Vernaculars of India > Indo-European Family > Aryan Sub-Family > Dardic Branch > Dard Group,Dard Group,1,674,491,496,29,North-West Frontier Province (Agencies and Tribal Areas),464,459,5
A. Vernaculars of India > Indo-European Family > Aryan Sub-Family > Dardic Branch > Dard Group,Dard Group,1,674,491,496,30,Punjab States,84,64,20
A. Vernaculars of India > Indo-European Family > Aryan Sub-Family > Dardic Branch > Dard Group,Dard Group,1,674,491,496,31,Punjab States Agency,2245,1565,680
A. Vernaculars of India > Indo-European Family > Aryan Sub-Family > Dardic Branch > Dard Group,Dard Group,1,674,491,496,32,Rajputana Agency,11,7,4
A. Vernaculars of India > Indo-European Family > Aryan Sub-Family > Dardic Branch > Dard Group > Shina,Shina,0,677,491,496,INDIA,India,68199,35787,32412
A. Vernaculars of India > Indo-European Family > Aryan Sub-Family > Dardic Branch > Dard Group > Shina,Shina,0,677,491,496,STATES,States and Agencies,68199,35787,32412
A. Vernaculars of India > Indo-European Family > Aryan Sub-Family > Dardic Branch > Dard Group > Shina,Shina,0,677,491,496,26,Jammu and Kashmir State,68199,35787,32412
A. Vernaculars of India > Indo-European Family > Aryan Sub-Family > Dardic Branch > Dard Group > Kashmiri,Kashmiri,0,680,491,496,INDIA,India,1438021,782508,655513
A. Vernaculars of India > Indo-European Family > Aryan Sub-Family > Dardic Branch > Dard Group > Kashmiri,Kashmiri,0,680,491,496,PROV,Provinces,21944,16218,5726
A. Vernaculars of India > Indo-European Family > Aryan Sub-Family > Dardic Branch > Dard Group > Kashmiri,Kashmiri,0,680,491,496,STATES,States and Agencies,1416077,766290,649787
A. Vernaculars of India > Indo-European Family > Aryan Sub-Family > Dardic Branch > Dard Group > Kashmiri,Kashmiri,0,680,491,496,1,Ajmer-Merwara,27,14,13
A. Vernaculars of India > Indo-European Family > Aryan Sub-Family > Dardic Branch > Dard Group > Kashmiri,Kashmiri,0,680,491,496,3,Assam,2,2,
A. Vernaculars of India > Indo-European Family > Aryan Sub-Family > Dardic Branch > Dard Group > Kashmiri,Kashmiri,0,680,491,496,4,Baluchistan (Districts and Administered Territories),201,133,68
A. Vernaculars of India > Indo-European Family > Aryan Sub-Family > Dardic Branch > Dard Group > Kashmiri,Kashmiri,0,680,491,496,5,Bengal,63,52,11
A. Vernaculars of India > Indo-European Family > Aryan Sub-Family > Dardic Branch > Dard Group > Kashmiri,Kashmiri,0,680,491,496,6,Bihar and Orissa,16,11,5
A. Vernaculars of India > Indo-European Family > Aryan Sub-Family > Dardic Branch > Dard Group > Kashmiri,Kashmiri,0,680,491,496,8,Burma,38,31,7
A. Vernaculars of India > Indo-European Family > Aryan Sub-Family > Dardic Branch > Dard Group > Kashmiri,Kashmiri,0,680,491,496,9,Central Provinces and Berar,4,,4
A. Vernaculars of India > Indo-European Family > Aryan Sub-Family > Dardic Branch > Dard Group > Kashmiri,Kashmiri,0,680,491,496,11,Delhi,116,97,19
A. Vernaculars of India > Indo-European Family > Aryan Sub-Family > Dardic Branch > Dard Group > Kashmiri,Kashmiri,0,680,491,496,12,Madras,6,4,2
A. Vernaculars of India > Indo-European Family > Aryan Sub-Family > Dardic Branch > Dard Group > Kashmiri,Kashmiri,0,680,491,496,13,North-West Frontier Province (Districts and Administered Territories),1796,1371,425
A. Vernaculars of India > Indo-European Family > Aryan Sub-Family > Dardic Branch > Dard Group > Kashmiri,Kashmiri,0,680,491,496,14,Punjab,19493,14360,5133
A. Vernaculars of India > Indo-European Family > Aryan Sub-Family > Dardic Branch > Dard Group > Kashmiri,Kashmiri,0,680,491,496,15,United Provinces of Agra and Oudh,182,143,39
A. Vernaculars of India > Indo-European Family > Aryan Sub-Family > Dardic Branch > Dard Group > Kashmiri,Kashmiri,0,680,491,496,18,Baroda State,3,3,
A. Vernaculars of India > Indo-European Family > Aryan Sub-Family > Dardic Branch > Dard Group > Kashmiri,Kashmiri,0,680,491,496,22,Central India Agency,46,24,22
A. Vernaculars of India > Indo-European Family > Aryan Sub-Family > Dardic Branch > Dard Group > Kashmiri,Kashmiri,0,680,491,496,24,Gwalior State,28,21,7
A. Vernaculars of India > Indo-European Family > Aryan Sub-Family > Dardic Branch > Dard Group > Kashmiri,Kashmiri,0,680,491,496,25,Hyderabad State,12,7,5
A. Vernaculars of India > Indo-European Family > Aryan Sub-Family > Dardic Branch > Dard Group > Kashmiri,Kashmiri,0,680,491,496,26,Jammu and Kashmir State,1413166,764133,649033
A. Vernaculars of India > Indo-European Family > Aryan Sub-Family > Dardic Branch > Dard Group > Kashmiri,Kashmiri,0,680,491,496,28,Mysore State,29,18,11
A. Vernaculars of India > Indo-European Family > Aryan Sub-Family > Dardic Branch > Dard Group > Kashmiri,Kashmiri,0,680,491,496,29,North-West Frontier Province (Agencies and Tribal Areas),453,448,5
A. Vernaculars of India > Indo-European Family > Aryan Sub-Family > Dardic Branch > Dard Group > Kashmiri,Kashmiri,0,680,491,496,30,Punjab States,84,64,20
A. Vernaculars of India > Indo-European Family > Aryan Sub-Family > Dardic Branch > Dard Group > Kashmiri,Kashmiri,0,680,491,496,31,Punjab States Agency,2245,1565,680
A. Vernaculars of India > Indo-European Family > Aryan Sub-Family > Dardic Branch > Dard Group > Kashmiri,Kashmiri,0,680,491,496,32,Rajputana Agency,11,7,4
A. Vernaculars of India > Indo-European Family > Aryan Sub-Family > Dardic Branch > Dard Group > Kohistani,Kohistani,0,683,491,496,INDIA,India,3521,1723,1798
A. Vernaculars of India > Indo-European Family > Aryan Sub-Family > Dardic Branch > Dard Group > Kohistani,Kohistani,0,683,491,496,PROV,Provinces,384,116,268
A. Vernaculars of India > Indo-European Family > Aryan Sub-Family > Dardic Branch > Dard Group > Kohistani,Kohistani,0,683,491,496,STATES,States and Agencies,3137,1607,1530
A. Vernaculars of India > Indo-European Family > Aryan Sub-Family > Dardic Branch > Dard Group > Kohistani,Kohistani,0,683,491,496,12,Madras,7,,7
A. Vernaculars of India > Indo-European Family > Aryan Sub-Family > Dardic Branch > Dard Group > Kohistani,Kohistani,0,683,491,496,13,North-West Frontier Province (Districts and Administered Territories),377,116,261
A. Vernaculars of India > Indo-European Family > Aryan Sub-Family > Dardic Branch > Dard Group > Kohistani,Kohistani,0,683,491,496,26,Jammu and Kashmir State,3126,1596,1530
A. Vernaculars of India > Indo-European Family > Aryan Sub-Family > Dardic Branch > Dard Group > Kohistani,Kohistani,0,683,491,496,29,North-West Frontier Province (Agencies and Tribal Areas),11,11,
A. Vernaculars of India > Indo-European Family > Aryan Sub-Family > Dardic Branch > Kafir Group,Kafir Group,1,686,491,496,INDIA,India,6239,3187,3052
A. Vernaculars of India > Indo-European Family > Aryan Sub-Family > Dardic Branch > Kafir Group,Kafir Group,1,686,491,496,STATES,States and Agencies,6239,3187,3052
A. Vernaculars of India > Indo-European Family > Aryan Sub-Family > Dardic Branch > Kafir Group,Kafir Group,1,686,491,496,26,Jammu and Kashmir State,6239,3187,3052
A. Vernaculars of India > Indo-European Family > Aryan Sub-Family > Dardic Branch > Kafir Group > Bashgali,Bashgali,0,689,492,497,INDIA,India,7,6,1
A. Vernaculars of India > Indo-European Family > Aryan Sub-Family > Dardic Branch > Kafir Group > Bashgali,Bashgali,0,689,492,497,STATES,States and Agencies,7,6,1
A. Vernaculars of India > Indo-European Family > Aryan Sub-Family > Dardic Branch > Kafir Group > Bashgali,Bashgali,0,689,492,497,26,Jammu and Kashmir State,7,6,1
A. Vernaculars of India > Indo-European Family > Aryan Sub-Family > Dardic Branch > Kafir Group > Other Kafir languages,Other Kafir languages,0,692,492,497,INDIA,India,6232,3181,3051
A. Vernaculars of India > Indo-European Family > Aryan Sub-Family > Dardic Branch > Kafir Group > Other Kafir languages,Other Kafir languages,0,692,492,497,STATES,States and Agencies,6232,3181,3051
A. Vernaculars of India > Indo-European Family > Aryan Sub-Family > Dardic Branch > Kafir Group > Other Kafir languages,Other Kafir languages,0,692,492,497,26,Jammu and Kashmir State,6232,3181,3051
A. Vernaculars of India > Indo-European Family > Aryan Sub-Family > Indo-Aryan Branch,Indo-Aryan Branch,1,695,492,497,INDIA,India,253699403,132014294,121685109
A. Vernaculars of India > Indo-European Family > Aryan Sub-Family > Indo-Aryan Branch,Indo-Aryan Branch,1,695,492,497,PROV,Provinces,201433611,104921294,96512317
A. Vernaculars of India > Indo-European Family > Aryan Sub-Family > Indo-Aryan Branch,Indo-Aryan Branch,1,695,492,497,STATES,States and Agencies,52265792,27093000,25172792
A. Vernaculars of India > Indo-European Family > Aryan Sub-Family > Indo-Aryan Branch,Indo-Aryan Branch,1,695,492,497,1,Ajmer-Merwara,556004,293271,262733
A. Vernaculars of India > Indo-European Family > Aryan Sub-Family > Indo-Aryan Branch,Indo-Aryan Branch,1,695,492,497,2,Andaman and Nicobar Islands,11111,8197,2914
A. Vernaculars of India > Indo-European Family > Aryan Sub-Family > Indo-Aryan Branch,Indo-Aryan Branch,1,695,492,497,3,Assam,6893258,3653443,3239815
A. Vernaculars of India > Indo-European Family > Aryan Sub-Family > Indo-Aryan Branch,Indo-Aryan Branch,1,695,492,497,4,Baluchistan (Districts and Administered Territories),123584,81326,42258
A. Vernaculars of India > Indo-European Family > Aryan Sub-Family > Indo-Aryan Branch,Indo-Aryan Branch,1,695,492,497,5,Bengal,48592645,25256870,23335775
A. Vernaculars of India > Indo-European Family > Aryan Sub-Family > Indo-Aryan Branch,Indo-Aryan Branch,1,695,492,497,6,Bihar and Orissa,34760347,17345860,17414487
A. Vernaculars of India > Indo-European Family > Aryan Sub-Family > Indo-Aryan Branch,Indo-Aryan Branch,1,695,492,497,7,Bombay (including Aden),18511499,9750393,8761106
A. Vernaculars of India > Indo-European Family > Aryan Sub-Family > Indo-Aryan Branch,Indo-Aryan Branch,1,695,492,497,7a,Aden,8510,5373,3137
A. Vernaculars of India > Indo-European Family > Aryan Sub-Family > Indo-Aryan Branch,Indo-Aryan Branch,1,695,492,497,8,Burma,720471,509154,211317
A. Vernaculars of India > Indo-European Family > Aryan Sub-Family > Indo-Aryan Branch,Indo-Aryan Branch,1,695,492,497,9,Central Provinces and Berar,14202272,7114785,7087487
A. Vernaculars of India > Indo-European Family > Aryan Sub-Family > Indo-Aryan Branch,Indo-Aryan Branch,1,695,492,497,10,Coorg,8354,4688,3666
A. Vernaculars of India > Indo-European Family > Aryan Sub-Family > Indo-Aryan Branch,Indo-Aryan Branch,1,695,492,497,11,Delhi,627445,363644,263801
A. Vernaculars of India > Indo-European Family > Aryan Sub-Family > Indo-Aryan Branch,Indo-Aryan Branch,1,695,492,497,12,Madras,3589891,1760622,1829269
A. Vernaculars of India > Indo-European Family > Aryan Sub-Family > Indo-Aryan Branch,Indo-Aryan Branch,1,695,492,497,13,North-West Frontier Province (Districts and Administered Territories),1129037,626476,502561
A. Vernaculars of India > Indo-European Family > Aryan Sub-Family > Indo-Aryan Branch,Indo-Aryan Branch,1,695,492,497,14,Punjab,23343941,12737547,10606394
A. Vernaculars of India > Indo-European Family > Aryan Sub-Family > Indo-Aryan Branch,Indo-Aryan Branch,1,695,492,497,15,United Provinces of Agra and Oudh,48363752,25415018,22948734
A. Vernaculars of India > Indo-European Family > Aryan Sub-Family > Indo-Aryan Branch,Indo-Aryan Branch,1,695,492,497,16,Assam States,23082,15381,7701
A. Vernaculars of India > Indo-European Family > Aryan Sub-Family > Indo-Aryan Branch,Indo-Aryan Branch,1,695,492,497,17,Baluchistan States,126472,68298,58174
A. Vernaculars of India > Indo-European Family > Aryan Sub-Family > Indo-Aryan Branch,Indo-Aryan Branch,1,695,492,497,18,Baroda State,2441154,1256548,1184606
A. Vernaculars of India > Indo-European Family > Aryan Sub-Family > Indo-Aryan Branch,Indo-Aryan Branch,1,695,492,497,19,Bengal States,773709,412215,361494
A. Vernaculars of India > Indo-European Family > Aryan Sub-Family > Indo-Aryan Branch,Indo-Aryan Branch,1,695,492,497,20,Bihar and Orissa States,3681328,1810720,1870608
A. Vernaculars of India > Indo-European Family > Aryan Sub-Family > Indo-Aryan Branch,Indo-Aryan Branch,1,695,492,497,21,Bombay States,3847884,1971879,1876005
A. Vernaculars of India > Indo-European Family > Aryan Sub-Family > Indo-Aryan Branch,Indo-Aryan Branch,1,695,492,497,22,Central India Agency,6263244,3218156,3045088
A. Vernaculars of India > Indo-European Family > Aryan Sub-Family > Indo-Aryan Branch,Indo-Aryan Branch,1,695,492,497,23,Central Provinces States,1968790,976020,992770
A. Vernaculars of India > Indo-European Family > Aryan Sub-Family > Indo-Aryan Branch,Indo-Aryan Branch,1,695,492,497,24,Gwalior State,3520582,1865322,1655260
A. Vernaculars of India > Indo-European Family > Aryan Sub-Family > Indo-Aryan Branch,Indo-Aryan Branch,1,695,492,497,25,Hyderabad State,5687714,2908378,2779363
A. Vernaculars of India > Indo-European Family > Aryan Sub-Family > Indo-Aryan Branch,Indo-Aryan Branch,1,695,492,497,26,Jammu and Kashmir State,1937745,1023099,914646
A. Vernaculars of India > Indo-European Family > Aryan Sub-Family > Indo-Aryan Branch,Indo-Aryan Branch,1,695,492,497,27,Madras States Agency,74532,37908,36624
A. Vernaculars of India > Indo-European Family > Aryan Sub-Family > Indo-Aryan Branch,Indo-Aryan Branch,1,695,492,497,27a,Cochin State,32104,16357,15747
A. Vernaculars of India > Indo-European Family > Aryan Sub-Family > Indo-Aryan Branch,Indo-Aryan Branch,1,695,492,497,27b,Travancore State,26570,13606,12964
A. Vernaculars of India > Indo-European Family > Aryan Sub-Family > Indo-Aryan Branch,Indo-Aryan Branch,1,695,492,497,27c,Other Madras States,15858,7945,7913
A. Vernaculars of India > Indo-European Family > Aryan Sub-Family > Indo-Aryan Branch,Indo-Aryan Branch,1,695,492,497,28,Mysore State,546128,298143,265985
A. Vernaculars of India > Indo-European Family > Aryan Sub-Family > Indo-Aryan Branch,Indo-Aryan Branch,1,695,492,497,29,North-West Frontier Province (Agencies and Tribal Areas),30481,29776,705
A. Vernaculars of India > Indo-European Family > Aryan Sub-Family > Indo-Aryan Branch,Indo-Aryan Branch,1,695,492,497,30,Punjab States,407679,215118,192561
A. Vernaculars of India > Indo-European Family > Aryan Sub-Family > Indo-Aryan Branch,Indo-Aryan Branch,1,695,492,497,31,Punjab States Agency,4463184,2445589,2017595
A. Vernaculars of India > Indo-European Family > Aryan Sub-Family > Indo-Aryan Branch,Indo-Aryan Branch,1,695,492,497,32,Rajputana Agency,11213870,5878835,5335035
A. Vernaculars of India > Indo-European Family > Aryan Sub-Family > Indo-Aryan Branch,Indo-Aryan Branch,1,695,492,497,33,Sikkim State,39702,20383,19319
A. Vernaculars of India > Indo-European Family > Aryan Sub-Family > Indo-Aryan Branch,Indo-Aryan Branch,1,695,492,497,34,United Provinces States,1205690,618086,587874
A. Vernaculars of India > Indo-European Family > Aryan Sub-Family > Indo-Aryan Branch,Indo-Aryan Branch,1,695,492,497,35,Western India States Agency,3994525,2023146,1971379
A. Vernaculars of India > Indo-European Family > Aryan Sub-Family > Indo-Aryan Branch > Sanskrit Sub-Branch,Sanskrit Sub-Branch,1,,,,INDIA,India,1181,774,407
A. Vernaculars of India > Indo-European Family > Aryan Sub-Family > Indo-Aryan Branch > Sanskrit Sub-Branch,Sanskrit Sub-Branch,1,,,,PROV,Provinces,950,575,375
A. Vernaculars of India > Indo-European Family > Aryan Sub-Family > Indo-Aryan Branch > Sanskrit Sub-Branch,Sanskrit Sub-Branch,1,,,,STATES,States and Agencies,231,199,32
A. Vernaculars of India > Indo-European Family > Aryan Sub-Family > Indo-Aryan Branch > Sanskrit Sub-Branch,Sanskrit Sub-Branch,1,,,,1,Ajmer-Merwara,3,1,2
A. Vernaculars of India > Indo-European Family > Aryan Sub-Family > Indo-Aryan Branch > Sanskrit Sub-Branch,Sanskrit Sub-Branch,1,,,,7,Bombay (including Aden),291,199,92
A. Vernaculars of India > Indo-European Family > Aryan Sub-Family > Indo-Aryan Branch > Sanskrit Sub-Branch,Sanskrit Sub-Branch,1,,,,7a,Aden,1,1,0
A. Vernaculars of India > Indo-European Family > Aryan Sub-Family > Indo-Aryan Branch > Sanskrit Sub-Branch,Sanskrit Sub-Branch,1,,,,9,Central Provinces and Berar,5,5,0
A. Vernaculars of India > Indo-European Family > Aryan Sub-Family > Indo-Aryan Branch > Sanskrit Sub-Branch,Sanskrit Sub-Branch,1,,,,12,Madras,620,346,274
A. Vernaculars of India > Indo-European Family > Aryan Sub-Family > Indo-Aryan Branch > Sanskrit Sub-Branch,Sanskrit Sub-Branch,1,,,,13,North-West Frontier Province (Districts and Administered Territories),1,1,0
A. Vernaculars of India > Indo-European Family > Aryan Sub-Family > Indo-Aryan Branch > Sanskrit Sub-Branch,Sanskrit Sub-Branch,1,,,,14,Punjab,21,15,6
A. Vernaculars of India > Indo-European Family > Aryan Sub-Family > Indo-Aryan Branch > Sanskrit Sub-Branch,Sanskrit Sub-Branch,1,,,,15,United Provinces of Agra and Oudh,9,8,1
A. Vernaculars of India > Indo-European Family > Aryan Sub-Family > Indo-Aryan Branch > Sanskrit Sub-Branch,Sanskrit Sub-Branch,1,,,,22,Central India Agency,5,5,0
A. Vernaculars of India > Indo-European Family > Aryan Sub-Family > Indo-Aryan Branch > Sanskrit Sub-Branch,Sanskrit Sub-Branch,1,,,,24,Gwalior State,95,81,14
A. Vernaculars of India > Indo-European Family > Aryan Sub-Family > Indo-Aryan Branch > Sanskrit Sub-Branch,Sanskrit Sub-Branch,1,,,,25,Hyderabad State,96,86,10
A. Vernaculars of India > Indo-European Family > Aryan Sub-Family > Indo-Aryan Branch > Sanskrit Sub-Branch,Sanskrit Sub-Branch,1,,,,26,Jammu and Kashmir State,2,2,0
A. Vernaculars of India > Indo-European Family > Aryan Sub-Family > Indo-Aryan Branch > Sanskrit Sub-Branch,Sanskrit Sub-Branch,1,,,,27,Madras States Agency,23,19,4
A. Vernaculars of India > Indo-European Family > Aryan Sub-Family > Indo-Aryan Branch > Sanskrit Sub-Branch,Sanskrit Sub-Branch,1,,,,27b,Travancore State,23,19,4
A. Vernaculars of India > Indo-European Family > Aryan Sub-Family > Indo-Aryan Branch > Sanskrit Sub-Branch,Sanskrit Sub-Branch,1,,,,32,Rajputana Agency,1,1,0
A. Vernaculars of India > Indo-European Family > Aryan Sub-Family > Indo-Aryan Branch > Sanskrit Sub-Branch,Sanskrit Sub-Branch,1,,,,35,Western India States Agency,9,5,4
A. Vernaculars of India > Indo-European Family > Aryan Sub-Family > Indo-Aryan Branch > Sanskrit Sub-Branch > Sanskrit Group,Sanskrit Group,1,,,,INDIA,India,1181,774,407
A. Vernaculars of India > Indo-European Family > Aryan Sub-Family > Indo-Aryan Branch > Sanskrit Sub-Branch > Sanskrit Group,Sanskrit Group,1,,,,PROV,Provinces,950,575,375
A. Vernaculars of India > Indo-European Family > Aryan Sub-Family > Indo-Aryan Branch > Sanskrit Sub-Branch > Sanskrit Group,Sanskrit Group,1,,,,STATES,States and Agencies,231,199,32
A. Vernaculars of India > Indo-European Family > Aryan Sub-Family > Indo-Aryan Branch > Sanskrit Sub-Branch > Sanskrit Group,Sanskrit Group,1,,,,1,Ajmer-Merwara,3,1,2
A. Vernaculars of India > Indo-European Family > Aryan Sub-Family > Indo-Aryan Branch > Sanskrit Sub-Branch > Sanskrit Group,Sanskrit Group,1,,,,7,Bombay (including Aden),291,199,92
A. Vernaculars of India > Indo-European Family > Aryan Sub-Family > Indo-Aryan Branch > Sanskrit Sub-Branch > Sanskrit Group,Sanskrit Group,1,,,,7a,Aden,1,1,0
A. Vernaculars of India > Indo-European Family > Aryan Sub-Family > Indo-Aryan Branch > Sanskrit Sub-Branch > Sanskrit Group,Sanskrit Group,1,,,,9,Central Provinces and Berar,5,5,0
A. Vernaculars of India > Indo-European Family > Aryan Sub-Family > Indo-Aryan Branch > Sanskrit Sub-Branch > Sanskrit Group,Sanskrit Group,1,,,,12,Madras,620,346,274
A. Vernaculars of India > Indo-European Family > Aryan Sub-Family > Indo-Aryan Branch > Sanskrit Sub-Branch > Sanskrit Group,Sanskrit Group,1,,,,13,North-West Frontier Province (Districts and Administered Territories),1,1,0
A. Vernaculars of India > Indo-European Family > Aryan Sub-Family > Indo-Aryan Branch > Sanskrit Sub-Branch > Sanskrit Group,Sanskrit Group,1,,,,14,Punjab,21,15,6
A. Vernaculars of India > Indo-European Family > Aryan Sub-Family > Indo-Aryan Branch > Sanskrit Sub-Branch > Sanskrit Group,Sanskrit Group,1,,,,15,United Provinces of Agra and Oudh,9,8,1
A. Vernaculars of India > Indo-European Family > Aryan Sub-Family > Indo-Aryan Branch > Sanskrit Sub-Branch > Sanskrit Group,Sanskrit Group,1,,,,22,Central India Agency,5,5,0
A. Vernaculars of India > Indo-European Family > Aryan Sub-Family > Indo-Aryan Branch > Sanskrit Sub-Branch > Sanskrit Group,Sanskrit Group,1,,,,24,Gwalior State,95,81,14
A. Vernaculars of India > Indo-European Family > Aryan Sub-Family > Indo-Aryan Branch > Sanskrit Sub-Branch > Sanskrit Group,Sanskrit Group,1,,,,25,Hyderabad State,96,86,10
A. Vernaculars of India > Indo-European Family > Aryan Sub-Family > Indo-Aryan Branch > Sanskrit Sub-Branch > Sanskrit Group,Sanskrit Group,1,,,,26,Jammu and Kashmir State,2,2,0
A. Vernaculars of India > Indo-European Family > Aryan Sub-Family > Indo-Aryan Branch > Sanskrit Sub-Branch > Sanskrit Group,Sanskrit Group,1,,,,27,Madras States Agency,23,19,4
A. Vernaculars of India > Indo-European Family > Aryan Sub-Family > Indo-Aryan Branch > Sanskrit Sub-Branch > Sanskrit Group,Sanskrit Group,1,,,,27b,Travancore State,23,19,4
A. Vernaculars of India > Indo-European Family > Aryan Sub-Family > Indo-Aryan Branch > Sanskrit Sub-Branch > Sanskrit Group,Sanskrit Group,1,,,,32,Rajputana Agency,1,1,0
A. Vernaculars of India > Indo-European Family > Aryan Sub-Family > Indo-Aryan Branch > Sanskrit Sub-Branch > Sanskrit Group,Sanskrit Group,1,,,,35,Western India States Agency,9,5,4
A. Vernaculars of India > Indo-European Family > Aryan Sub-Family > Indo-Aryan Branch > Sanskrit Sub-Branch > Sanskrit Group > Sanskrit,Sanskrit,0,698,492,497,INDIA,India,1181,774,407
A. Vernaculars of India > Indo-European Family > Aryan Sub-Family > Indo-Aryan Branch > Sanskrit Sub-Branch > Sanskrit Group > Sanskrit,Sanskrit,0,698,492,497,PROV,Provinces,950,575,375
A. Vernaculars of India > Indo-European Family > Aryan Sub-Family > Indo-Aryan Branch > Sanskrit Sub-Branch > Sanskrit Group > Sanskrit,Sanskrit,0,698,492,497,STATES,States and Agencies,231,199,32
A. Vernaculars of India > Indo-European Family > Aryan Sub-Family > Indo-Aryan Branch > Sanskrit Sub-Branch > Sanskrit Group > Sanskrit,Sanskrit,0,698,492,497,1,Ajmer-Merwara,3,1,2
A. Vernaculars of India > Indo-European Family > Aryan Sub-Family > Indo-Aryan Branch > Sanskrit Sub-Branch > Sanskrit Group > Sanskrit,Sanskrit,0,698,492,497,7,Bombay (including Aden),291,199,92
A. Vernaculars of India > Indo-European Family > Aryan Sub-Family > Indo-Aryan Branch > Sanskrit Sub-Branch > Sanskrit Group > Sanskrit,Sanskrit,0,698,492,497,7a,Aden,1,1,
A. Vernaculars of India > Indo-European Family > Aryan Sub-Family > Indo-Aryan Branch > Sanskrit Sub-Branch > Sanskrit Group > Sanskrit,Sanskrit,0,698,492,497,9,Central Provinces and Berar,5,5,
A. Vernaculars of India > Indo-European Family > Aryan Sub-Family > Indo-Aryan Branch > Sanskrit Sub-Branch > Sanskrit Group > Sanskrit,Sanskrit,0,698,492,497,12,Madras,620,346,274
A. Vernaculars of India > Indo-European Family > Aryan Sub-Family > Indo-Aryan Branch > Sanskrit Sub-Branch > Sanskrit Group > Sanskrit,Sanskrit,0,698,492,497,13,North-West Frontier Province (Districts and Administered Territories),1,1,
A. Vernaculars of India > Indo-European Family > Aryan Sub-Family > Indo-Aryan Branch > Sanskrit Sub-Branch > Sanskrit Group > Sanskrit,Sanskrit,0,698,492,497,14,Punjab,21,15,6
A. Vernaculars of India > Indo-European Family > Aryan Sub-Family > Indo-Aryan Branch > Sanskrit Sub-Branch > Sanskrit Group > Sanskrit,Sanskrit,0,698,492,497,15,United Provinces of Agra and Oudh,9,8,1
A. Vernaculars of India > Indo-European Family > Aryan Sub-Family > Indo-Aryan Branch > Sanskrit Sub-Branch > Sanskrit Group > Sanskrit,Sanskrit,0,698,492,497,22,Central India Agency,5,5,
A. Vernaculars of India > Indo-European Family > Aryan Sub-Family > Indo-Aryan Branch > Sanskrit Sub-Branch > Sanskrit Group > Sanskrit,Sanskrit,0,698,492,497,24,Gwalior State,95,81,14
A. Vernaculars of India > Indo-European Family > Aryan Sub-Family > Indo-Aryan Branch > Sanskrit Sub-Branch > Sanskrit Group > Sanskrit,Sanskrit,0,698,492,497,25,Hyderabad State,96,86,10
A. Vernaculars of India > Indo-European Family > Aryan Sub-Family > Indo-Aryan Branch > Sanskrit Sub-Branch > Sanskrit Group > Sanskrit,Sanskrit,0,698,492,497,26,Jammu and Kashmir State,2,2,
A. Vernaculars of India > Indo-European Family > Aryan Sub-Family > Indo-Aryan Branch > Sanskrit Sub-Branch > Sanskrit Group > Sanskrit,Sanskrit,0,698,492,497,27,Madras States Agency,23,19,4
A. Vernaculars of India > Indo-European Family > Aryan Sub-Family > Indo-Aryan Branch > Sanskrit Sub-Branch > Sanskrit Group > Sanskrit,Sanskrit,0,698,492,497,27b,Travancore State,23,19,4
A. Vernaculars of India > Indo-European Family > Aryan Sub-Family > Indo-Aryan Branch > Sanskrit Sub-Branch > Sanskrit Group > Sanskrit,Sanskrit,0,698,492,497,32,Rajputana Agency,1,1,
A. Vernaculars of India > Indo-European Family > Aryan Sub-Family > Indo-Aryan Branch > Sanskrit Sub-Branch > Sanskrit Group > Sanskrit,Sanskrit,0,698,492,497,35,Western India States Agency,9,5,4
A. Vernaculars of India > Indo-European Family > Aryan Sub-Family > Indo-Aryan Branch > Outer Sub-Branch,Outer Sub-Branch,1,701,492,497,INDIA,India,128521941,65678762,62843179
A. Vernaculars of India > Indo-European Family > Aryan Sub-Family > Indo-Aryan Branch > Outer Sub-Branch,Outer Sub-Branch,1,701,492,497,PROV,Provinces,116151021,59397327,56753694
A. Vernaculars of India > Indo-European Family > Aryan Sub-Family > Indo-Aryan Branch > Outer Sub-Branch,Outer Sub-Branch,1,701,492,497,STATES,States and Agencies,12370920,6281435,6089485
A. Vernaculars of India > Indo-European Family > Aryan Sub-Family > Indo-Aryan Branch > Outer Sub-Branch,Outer Sub-Branch,1,701,492,497,1,Ajmer-Merwara,1519,883,636
A. Vernaculars of India > Indo-European Family > Aryan Sub-Family > Indo-Aryan Branch > Outer Sub-Branch,Outer Sub-Branch,1,701,492,497,2,Andaman and Nicobar Islands,1805,1506,299
A. Vernaculars of India > Indo-European Family > Aryan Sub-Family > Indo-Aryan Branch > Outer Sub-Branch,Outer Sub-Branch,1,701,492,497,3,Assam,6160583,3228720,2931863
A. Vernaculars of India > Indo-European Family > Aryan Sub-Family > Indo-Aryan Branch > Outer Sub-Branch,Outer Sub-Branch,1,701,492,497,4,Baluchistan (Districts and Administered Territories),78330,48114,30216
A. Vernaculars of India > Indo-European Family > Aryan Sub-Family > Indo-Aryan Branch > Outer Sub-Branch,Outer Sub-Branch,1,701,492,497,5,Bengal,46553907,23909277,22644630
A. Vernaculars of India > Indo-European Family > Aryan Sub-Family > Indo-Aryan Branch > Outer Sub-Branch,Outer Sub-Branch,1,701,492,497,6,Bihar and Orissa,34721257,17321583,17399674
A. Vernaculars of India > Indo-European Family > Aryan Sub-Family > Indo-Aryan Branch > Outer Sub-Branch,Outer Sub-Branch,1,701,492,497,7,Bombay (including Aden),12692850,6605841,6087009
A. Vernaculars of India > Indo-European Family > Aryan Sub-Family > Indo-Aryan Branch > Outer Sub-Branch,Outer Sub-Branch,1,701,492,497,7a,Aden,768,633,135
A. Vernaculars of India > Indo-European Family > Aryan Sub-Family > Indo-Aryan Branch > Outer Sub-Branch,Outer Sub-Branch,1,701,492,497,8,Burma,440751,301996,138755
A. Vernaculars of India > Indo-European Family > Aryan Sub-Family > Indo-Aryan Branch > Outer Sub-Branch,Outer Sub-Branch,1,701,492,497,9,Central Provinces and Berar,5703731,2862154,2841577
A. Vernaculars of India > Indo-European Family > Aryan Sub-Family > Indo-Aryan Branch > Outer Sub-Branch,Outer Sub-Branch,1,701,492,497,10,Coorg,3908,2239,1669
A. Vernaculars of India > Indo-European Family > Aryan Sub-Family > Indo-Aryan Branch > Outer Sub-Branch,Outer Sub-Branch,1,701,492,497,11,Delhi,7604,4575,3029
A. Vernaculars of India > Indo-European Family > Aryan Sub-Family > Indo-Aryan Branch > Outer Sub-Branch,Outer Sub-Branch,1,701,492,497,12,Madras,2182701,1039393,1143308
A. Vernaculars of India > Indo-European Family > Aryan Sub-Family > Indo-Aryan Branch > Outer Sub-Branch,Outer Sub-Branch,1,701,492,497,13,North-West Frontier Province (Districts and Administered Territories),1035651,557856,477795
A. Vernaculars of India > Indo-European Family > Aryan Sub-Family > Indo-Aryan Branch > Outer Sub-Branch,Outer Sub-Branch,1,701,492,497,14,Punjab,6534167,3495827,3038340
A. Vernaculars of India > Indo-European Family > Aryan Sub-Family > Indo-Aryan Branch > Outer Sub-Branch,Outer Sub-Branch,1,701,492,497,15,United Provinces of Agra and Oudh,32257,17363,14894
A. Vernaculars of India > Indo-European Family > Aryan Sub-Family > Indo-Aryan Branch > Outer Sub-Branch,Outer Sub-Branch,1,701,492,497,16,Assam States,7419,4864,2555
A. Vernaculars of India > Indo-European Family > Aryan Sub-Family > Indo-Aryan Branch > Outer Sub-Branch,Outer Sub-Branch,1,701,492,497,17,Baluchistan States,126031,67988,58043
A. Vernaculars of India > Indo-European Family > Aryan Sub-Family > Indo-Aryan Branch > Outer Sub-Branch,Outer Sub-Branch,1,701,492,497,18,Baroda State,54672,28891,25781
A. Vernaculars of India > Indo-European Family > Aryan Sub-Family > Indo-Aryan Branch > Outer Sub-Branch,Outer Sub-Branch,1,701,492,497,19,Bengal States,746929,395828,351101
A. Vernaculars of India > Indo-European Family > Aryan Sub-Family > Indo-Aryan Branch > Outer Sub-Branch,Outer Sub-Branch,1,701,492,497,20,Bihar and Orissa States,3675672,1807805,1867867
A. Vernaculars of India > Indo-European Family > Aryan Sub-Family > Indo-Aryan Branch > Outer Sub-Branch,Outer Sub-Branch,1,701,492,497,21,Bombay States,2007120,1023503,983617
A. Vernaculars of India > Indo-European Family > Aryan Sub-Family > Indo-Aryan Branch > Outer Sub-Branch,Outer Sub-Branch,1,701,492,497,22,Central India Agency,57800,30488,27312
A. Vernaculars of India > Indo-European Family > Aryan Sub-Family > Indo-Aryan Branch > Outer Sub-Branch,Outer Sub-Branch,1,701,492,497,23,Central Provinces States,308380,154753,153627
A. Vernaculars of India > Indo-European Family > Aryan Sub-Family > Indo-Aryan Branch > Outer Sub-Branch,Outer Sub-Branch,1,701,492,497,24,Gwalior State,43132,24134,18998
A. Vernaculars of India > Indo-European Family > Aryan Sub-Family > Indo-Aryan Branch > Outer Sub-Branch,Outer Sub-Branch,1,701,492,497,25,Hyderabad State,3787847,1917181,1870666
A. Vernaculars of India > Indo-European Family > Aryan Sub-Family > Indo-Aryan Branch > Outer Sub-Branch,Outer Sub-Branch,1,701,492,497,26,Jammu and Kashmir State,96284,50725,45559
A. Vernaculars of India > Indo-European Family > Aryan Sub-Family > Indo-Aryan Branch > Outer Sub-Branch,Outer Sub-Branch,1,701,492,497,27,Madras States Agency,49431,25009,24422
A. Vernaculars of India > Indo-European Family > Aryan Sub-Family > Indo-Aryan Branch > Outer Sub-Branch,Outer Sub-Branch,1,701,492,497,27a,Cochin State,28277,14323,13954
A. Vernaculars of India > Indo-European Family > Aryan Sub-Family > Indo-Aryan Branch > Outer Sub-Branch,Outer Sub-Branch,1,701,492,497,27b,Travancore State,19643,9921,9722
A. Vernaculars of India > Indo-European Family > Aryan Sub-Family > Indo-Aryan Branch > Outer Sub-Branch,Outer Sub-Branch,1,701,492,497,27c,Other Madras States,1511,765,746
A. Vernaculars of India > Indo-European Family > Aryan Sub-Family > Indo-Aryan Branch > Outer Sub-Branch,Outer Sub-Branch,1,701,492,497,28,Mysore State,109730,58045,51685
A. Vernaculars of India > Indo-European Family > Aryan Sub-Family > Indo-Aryan Branch > Outer Sub-Branch,Outer Sub-Branch,1,701,492,497,29,North-West Frontier Province (Agencies and Tribal Areas),1988,1860,128
A. Vernaculars of India > Indo-European Family > Aryan Sub-Family > Indo-Aryan Branch > Outer Sub-Branch,Outer Sub-Branch,1,701,492,497,30,Punjab States,75,41,34
A. Vernaculars of India > Indo-European Family > Aryan Sub-Family > Indo-Aryan Branch > Outer Sub-Branch,Outer Sub-Branch,1,701,492,497,31,Punjab States Agency,859369,472918,386451
A. Vernaculars of India > Indo-European Family > Aryan Sub-Family > Indo-Aryan Branch > Outer Sub-Branch,Outer Sub-Branch,1,701,492,497,32,Rajputana Agency,18544,9368,9176
A. Vernaculars of India > Indo-European Family > Aryan Sub-Family > Indo-Aryan Branch > Outer Sub-Branch,Outer Sub-Branch,1,701,492,497,33,Sikkim State,18,12,6
A. Vernaculars of India > Indo-European Family > Aryan Sub-Family > Indo-Aryan Branch > Outer Sub-Branch,Outer Sub-Branch,1,701,492,497,34,United Provinces States,311,273,38
A. Vernaculars of India > Indo-European Family > Aryan Sub-Family > Indo-Aryan Branch > Outer Sub-Branch,Outer Sub-Branch,1,701,492,497,35,Western India States Agency,420168,207749,212419
A. Vernaculars of India > Indo-European Family > Aryan Sub-Family > Indo-Aryan Branch > Outer Sub-Branch > North-Western Group,North-Western Group,1,704,492,497,INDIA,India,12572198,6803070,5769128
A. Vernaculars of India > Indo-European Family > Aryan Sub-Family > Indo-Aryan Branch > Outer Sub-Branch > North-Western Group,North-Western Group,1,704,492,497,PROV,Provinces,10795305,5852283,4943022
A. Vernaculars of India > Indo-European Family > Aryan Sub-Family > Indo-Aryan Branch > Outer Sub-Branch > North-Western Group,North-Western Group,1,704,492,497,STATES,States and Agencies,1776893,950787,826106
A. Vernaculars of India > Indo-European Family > Aryan Sub-Family > Indo-Aryan Branch > Outer Sub-Branch > North-Western Group,North-Western Group,1,704,492,497,1,Ajmer-Merwara,131,80,51
A. Vernaculars of India > Indo-European Family > Aryan Sub-Family > Indo-Aryan Branch > Outer Sub-Branch > North-Western Group,North-Western Group,1,704,492,497,2,Andaman and Nicobar Islands,83,83,
A. Vernaculars of India > Indo-European Family > Aryan Sub-Family > Indo-Aryan Branch > Outer Sub-Branch > North-Western Group,North-Western Group,1,704,492,497,3,Assam,17,16,1
A. Vernaculars of India > Indo-European Family > Aryan Sub-Family > Indo-Aryan Branch > Outer Sub-Branch > North-Western Group,North-Western Group,1,704,492,497,4,Baluchistan (Districts and Administered Territories),77356,47282,30074
A. Vernaculars of India > Indo-European Family > Aryan Sub-Family > Indo-Aryan Branch > Outer Sub-Branch > North-Western Group,North-Western Group,1,704,492,497,5,Bengal,504,380,124
A. Vernaculars of India > Indo-European Family > Aryan Sub-Family > Indo-Aryan Branch > Outer Sub-Branch > North-Western Group,North-Western Group,1,704,492,497,6,Bihar and Orissa,334,229,105
A. Vernaculars of India > Indo-European Family > Aryan Sub-Family > Indo-Aryan Branch > Outer Sub-Branch > North-Western Group,North-Western Group,1,704,492,497,7,Bombay (including Aden),3145303,1748585,1396718
A. Vernaculars of India > Indo-European Family > Aryan Sub-Family > Indo-Aryan Branch > Outer Sub-Branch > North-Western Group,North-Western Group,1,704,492,497,7a,Aden,4,3,1
A. Vernaculars of India > Indo-European Family > Aryan Sub-Family > Indo-Aryan Branch > Outer Sub-Branch > North-Western Group,North-Western Group,1,704,492,497,8,Burma,431,343,88
A. Vernaculars of India > Indo-European Family > Aryan Sub-Family > Indo-Aryan Branch > Outer Sub-Branch > North-Western Group,North-Western Group,1,704,492,497,9,Central Provinces and Berar,2248,1663,585
A. Vernaculars of India > Indo-European Family > Aryan Sub-Family > Indo-Aryan Branch > Outer Sub-Branch > North-Western Group,North-Western Group,1,704,492,497,11,Delhi,88,55,33
A. Vernaculars of India > Indo-European Family > Aryan Sub-Family > Indo-Aryan Branch > Outer Sub-Branch > North-Western Group,North-Western Group,1,704,492,497,12,Madras,2826,2368,458
A. Vernaculars of India > Indo-European Family > Aryan Sub-Family > Indo-Aryan Branch > Outer Sub-Branch > North-Western Group,North-Western Group,1,704,492,497,13,North-West Frontier Province (Districts and Administered Territories),1034975,557307,477668
A. Vernaculars of India > Indo-European Family > Aryan Sub-Family > Indo-Aryan Branch > Outer Sub-Branch > North-Western Group,North-Western Group,1,704,492,497,14,Punjab,6530619,3493609,3037010
A. Vernaculars of India > Indo-European Family > Aryan Sub-Family > Indo-Aryan Branch > Outer Sub-Branch > North-Western Group,North-Western Group,1,704,492,497,15,United Provinces of Agra and Oudh,390,283,107
A. Vernaculars of India > Indo-European Family > Aryan Sub-Family > Indo-Aryan Branch > Outer Sub-Branch > North-Western Group,North-Western Group,1,704,492,497,17,Baluchistan States,126030,67987,58043
A. Vernaculars of India > Indo-European Family > Aryan Sub-Family > Indo-Aryan Branch > Outer Sub-Branch > North-Western Group,North-Western Group,1,704,492,497,18,Baroda State,18631,9461,9170
A. Vernaculars of India > Indo-European Family > Aryan Sub-Family > Indo-Aryan Branch > Outer Sub-Branch > North-Western Group,North-Western Group,1,704,492,497,20,Bihar and Orissa States,5,5,
A. Vernaculars of India > Indo-European Family > Aryan Sub-Family > Indo-Aryan Branch > Outer Sub-Branch > North-Western Group,North-Western Group,1,704,492,497,21,Bombay States,219342,120633,98709
A. Vernaculars of India > Indo-European Family > Aryan Sub-Family > Indo-Aryan Branch > Outer Sub-Branch > North-Western Group,North-Western Group,1,704,492,497,22,Central India Agency,1323,795,528
A. Vernaculars of India > Indo-European Family > Aryan Sub-Family > Indo-Aryan Branch > Outer Sub-Branch > North-Western Group,North-Western Group,1,704,492,497,23,Central Provinces States,1,1,
A. Vernaculars of India > Indo-European Family > Aryan Sub-Family > Indo-Aryan Branch > Outer Sub-Branch > North-Western Group,North-Western Group,1,704,492,497,24,Gwalior State,21355,11936,9419
A. Vernaculars of India > Indo-European Family > Aryan Sub-Family > Indo-Aryan Branch > Outer Sub-Branch > North-Western Group,North-Western Group,1,704,492,497,25,Hyderabad State,764,495,269
A. Vernaculars of India > Indo-European Family > Aryan Sub-Family > Indo-Aryan Branch > Outer Sub-Branch > North-Western Group,North-Western Group,1,704,492,497,26,Jammu and Kashmir State,96192,50662,45530
A. Vernaculars of India > Indo-European Family > Aryan Sub-Family > Indo-Aryan Branch > Outer Sub-Branch > North-Western Group,North-Western Group,1,704,492,497,27,Madras States Agency,961,502,459
A. Vernaculars of India > Indo-European Family > Aryan Sub-Family > Indo-Aryan Branch > Outer Sub-Branch > North-Western Group,North-Western Group,1,704,492,497,27a,Cochin State,714,386,328
A. Vernaculars of India > Indo-European Family > Aryan Sub-Family > Indo-Aryan Branch > Outer Sub-Branch > North-Western Group,North-Western Group,1,704,492,497,27b,Travancore State,246,116,131
A. Vernaculars of India > Indo-European Family > Aryan Sub-Family > Indo-Aryan Branch > Outer Sub-Branch > North-Western Group,North-Western Group,1,704,492,497,28,Mysore State,517,283,234
A. Vernaculars of India > Indo-European Family > Aryan Sub-Family > Indo-Aryan Branch > Outer Sub-Branch > North-Western Group,North-Western Group,1,704,492,497,29,North-West Frontier Province (Agencies and Tribal Areas),1783,1655,128
A. Vernaculars of India > Indo-European Family > Aryan Sub-Family > Indo-Aryan Branch > Outer Sub-Branch > North-Western Group,North-Western Group,1,704,492,497,31,Punjab States Agency,859214,472831,386383
A. Vernaculars of India > Indo-European Family > Aryan Sub-Family > Indo-Aryan Branch > Outer Sub-Branch > North-Western Group,North-Western Group,1,704,492,497,32,Rajputana Agency,12840,7165,5675
A. Vernaculars of India > Indo-European Family > Aryan Sub-Family > Indo-Aryan Branch > Outer Sub-Branch > North-Western Group,North-Western Group,1,704,492,497,35,Western India States Agency,417935,206376,211559
A. Vernaculars of India > Indo-European Family > Aryan Sub-Family > Indo-Aryan Branch > Outer Sub-Branch > North-Western Group > Lahnda or Western Punjabi,Lahnda or Western Punjabi,0,707,493,498,INDIA,India,8566051,4603498,3962553
A. Vernaculars of India > Indo-European Family > Aryan Sub-Family > Indo-Aryan Branch > Outer Sub-Branch > North-Western Group > Lahnda or Western Punjabi,Lahnda or Western Punjabi,0,707,493,498,PROV,Provinces,7611064,4079881,3531183
A. Vernaculars of India > Indo-European Family > Aryan Sub-Family > Indo-Aryan Branch > Outer Sub-Branch > North-Western Group > Lahnda or Western Punjabi,Lahnda or Western Punjabi,0,707,493,498,STATES,States and Agencies,954987,523617,431370
A. Vernaculars of India > Indo-European Family > Aryan Sub-Family > Indo-Aryan Branch > Outer Sub-Branch > North-Western Group > Lahnda or Western Punjabi,Lahnda or Western Punjabi,0,707,493,498,1,Ajmer-Merwara,46,38,8
A. Vernaculars of India > Indo-European Family > Aryan Sub-Family > Indo-Aryan Branch > Outer Sub-Branch > North-Western Group > Lahnda or Western Punjabi,Lahnda or Western Punjabi,0,707,493,498,4,Baluchistan (Districts and Administered Territories),44981,28078,16903
A. Vernaculars of India > Indo-European Family > Aryan Sub-Family > Indo-Aryan Branch > Outer Sub-Branch > North-Western Group > Lahnda or Western Punjabi,Lahnda or Western Punjabi,0,707,493,498,7,Bombay (including Aden),212,142,70
A. Vernaculars of India > Indo-European Family > Aryan Sub-Family > Indo-Aryan Branch > Outer Sub-Branch > North-Western Group > Lahnda or Western Punjabi,Lahnda or Western Punjabi,0,707,493,498,9,Central Provinces and Berar,328,173,155
A. Vernaculars of India > Indo-European Family > Aryan Sub-Family > Indo-Aryan Branch > Outer Sub-Branch > North-Western Group > Lahnda or Western Punjabi,Lahnda or Western Punjabi,0,707,493,498,11,Delhi,3,,3
A. Vernaculars of India > Indo-European Family > Aryan Sub-Family > Indo-Aryan Branch > Outer Sub-Branch > North-Western Group > Lahnda or Western Punjabi,Lahnda or Western Punjabi,0,707,493,498,12,Madras,2210,1970,240
A. Vernaculars of India > Indo-European Family > Aryan Sub-Family > Indo-Aryan Branch > Outer Sub-Branch > North-Western Group > Lahnda or Western Punjabi,Lahnda or Western Punjabi,0,707,493,498,13,North-West Frontier Province (Districts and Administered Territories),1034957,557295,477662
A. Vernaculars of India > Indo-European Family > Aryan Sub-Family > Indo-Aryan Branch > Outer Sub-Branch > North-Western Group > Lahnda or Western Punjabi,Lahnda or Western Punjabi,0,707,493,498,14,Punjab,6528325,3492185,3036140
A. Vernaculars of India > Indo-European Family > Aryan Sub-Family > Indo-Aryan Branch > Outer Sub-Branch > North-Western Group > Lahnda or Western Punjabi,Lahnda or Western Punjabi,0,707,493,498,15,United Provinces of Agra and Oudh,2,,2
A. Vernaculars of India > Indo-European Family > Aryan Sub-Family > Indo-Aryan Branch > Outer Sub-Branch > North-Western Group > Lahnda or Western Punjabi,Lahnda or Western Punjabi,0,707,493,498,17,Baluchistan States,6398,3428,2970
A. Vernaculars of India > Indo-European Family > Aryan Sub-Family > Indo-Aryan Branch > Outer Sub-Branch > North-Western Group > Lahnda or Western Punjabi,Lahnda or Western Punjabi,0,707,493,498,18,Baroda State,18,5,13
A. Vernaculars of India > Indo-European Family > Aryan Sub-Family > Indo-Aryan Branch > Outer Sub-Branch > North-Western Group > Lahnda or Western Punjabi,Lahnda or Western Punjabi,0,707,493,498,22,Central India Agency,667,424,243
A. Vernaculars of India > Indo-European Family > Aryan Sub-Family > Indo-Aryan Branch > Outer Sub-Branch > North-Western Group > Lahnda or Western Punjabi,Lahnda or Western Punjabi,0,707,493,498,26,Jammu and Kashmir State,96183,50654,45529
A. Vernaculars of India > Indo-European Family > Aryan Sub-Family > Indo-Aryan Branch > Outer Sub-Branch > North-Western Group > Lahnda or Western Punjabi,Lahnda or Western Punjabi,0,707,493,498,28,Mysore State,11,9,2
A. Vernaculars of India > Indo-European Family > Aryan Sub-Family > Indo-Aryan Branch > Outer Sub-Branch > North-Western Group > Lahnda or Western Punjabi,Lahnda or Western Punjabi,0,707,493,498,29,North-West Frontier Province (Agencies and Tribal Areas),1783,1655,128
A. Vernaculars of India > Indo-European Family > Aryan Sub-Family > Indo-Aryan Branch > Outer Sub-Branch > North-Western Group > Lahnda or Western Punjabi,Lahnda or Western Punjabi,0,707,493,498,31,Punjab States Agency,849927,467442,382485
A. Vernaculars of India > Indo-European Family > Aryan Sub-Family > Indo-Aryan Branch > Outer Sub-Branch > North-Western Group > Sindhi,Sindhi,0,710,493,498,INDIA,India,4006147,2199572,1806575
A. Vernaculars of India > Indo-European Family > Aryan Sub-Family > Indo-Aryan Branch > Outer Sub-Branch > North-Western Group > Sindhi,Sindhi,0,710,493,498,PROV,Provinces,3184241,1772402,1411839
A. Vernaculars of India > Indo-European Family > Aryan Sub-Family > Indo-Aryan Branch > Outer Sub-Branch > North-Western Group > Sindhi,Sindhi,0,710,493,498,STATES,States and Agencies,821906,427170,394736
A. Vernaculars of India > Indo-European Family > Aryan Sub-Family > Indo-Aryan Branch > Outer Sub-Branch > North-Western Group > Sindhi,Sindhi,0,710,493,498,1,Ajmer-Merwara,85,42,43
A. Vernaculars of India > Indo-European Family > Aryan Sub-Family > Indo-Aryan Branch > Outer Sub-Branch > North-Western Group > Sindhi,Sindhi,0,710,493,498,2,Andaman and Nicobar Islands,83,83,
A. Vernaculars of India > Indo-European Family > Aryan Sub-Family > Indo-Aryan Branch > Outer Sub-Branch > North-Western Group > Sindhi,Sindhi,0,710,493,498,3,Assam,17,16,1
A. Vernaculars of India > Indo-European Family > Aryan Sub-Family > Indo-Aryan Branch > Outer Sub-Branch > North-Western Group > Sindhi,Sindhi,0,710,493,498,4,Baluchistan (Districts and Administered Territories),32375,19204,13171
A. Vernaculars of India > Indo-European Family > Aryan Sub-Family > Indo-Aryan Branch > Outer Sub-Branch > North-Western Group > Sindhi,Sindhi,0,710,493,498,5,Bengal,504,380,124
A. Vernaculars of India > Indo-European Family > Aryan Sub-Family > Indo-Aryan Branch > Outer Sub-Branch > North-Western Group > Sindhi,Sindhi,0,710,493,498,6,Bihar and Orissa,334,229,105
A. Vernaculars of India > Indo-European Family > Aryan Sub-Family > Indo-Aryan Branch > Outer Sub-Branch > North-Western Group > Sindhi,Sindhi,0,710,493,498,7,Bombay (including Aden),3145091,1748443,1396648
A. Vernaculars of India > Indo-European Family > Aryan Sub-Family > Indo-Aryan Branch > Outer Sub-Branch > North-Western Group > Sindhi,Sindhi,0,710,493,498,7a,Aden,4,3,1
A. Vernaculars of India > Indo-European Family > Aryan Sub-Family > Indo-Aryan Branch > Outer Sub-Branch > North-Western Group > Sindhi,Sindhi,0,710,493,498,8,Burma,431,343,88
A. Vernaculars of India > Indo-European Family > Aryan Sub-Family > Indo-Aryan Branch > Outer Sub-Branch > North-Western Group > Sindhi,Sindhi,0,710,493,498,9,Central Provinces and Berar,1920,1490,430
A. Vernaculars of India > Indo-European Family > Aryan Sub-Family > Indo-Aryan Branch > Outer Sub-Branch > North-Western Group > Sindhi,Sindhi,0,710,493,498,11,Delhi,85,55,30
A. Vernaculars of India > Indo-European Family > Aryan Sub-Family > Indo-Aryan Branch > Outer Sub-Branch > North-Western Group > Sindhi,Sindhi,0,710,493,498,12,Madras,616,398,218
A. Vernaculars of India > Indo-European Family > Aryan Sub-Family > Indo-Aryan Branch > Outer Sub-Branch > North-Western Group > Sindhi,Sindhi,0,710,493,498,13,North-West Frontier Province (Districts and Administered Territories),18,12,6
A. Vernaculars of India > Indo-European Family > Aryan Sub-Family > Indo-Aryan Branch > Outer Sub-Branch > North-Western Group > Sindhi,Sindhi,0,710,493,498,14,Punjab,2294,1424,870
A. Vernaculars of India > Indo-European Family > Aryan Sub-Family > Indo-Aryan Branch > Outer Sub-Branch > North-Western Group > Sindhi,Sindhi,0,710,493,498,15,United Provinces of Agra and Oudh,388,283,105
A. Vernaculars of India > Indo-European Family > Aryan Sub-Family > Indo-Aryan Branch > Outer Sub-Branch > North-Western Group > Sindhi,Sindhi,0,710,493,498,17,Baluchistan States,119632,64559,55073
A. Vernaculars of India > Indo-European Family > Aryan Sub-Family > Indo-Aryan Branch > Outer Sub-Branch > North-Western Group > Sindhi,Sindhi,0,710,493,498,18,Baroda State,18613,9456,9157
A. Vernaculars of India > Indo-European Family > Aryan Sub-Family > Indo-Aryan Branch > Outer Sub-Branch > North-Western Group > Sindhi,Sindhi,0,710,493,498,20,Bihar and Orissa States,5,5,
A. Vernaculars of India > Indo-European Family > Aryan Sub-Family > Indo-Aryan Branch > Outer Sub-Branch > North-Western Group > Sindhi,Sindhi,0,710,493,498,21,Bombay States,219342,120633,98709
A. Vernaculars of India > Indo-European Family > Aryan Sub-Family > Indo-Aryan Branch > Outer Sub-Branch > North-Western Group > Sindhi,Sindhi,0,710,493,498,22,Central India Agency,656,371,285
A. Vernaculars of India > Indo-European Family > Aryan Sub-Family > Indo-Aryan Branch > Outer Sub-Branch > North-Western Group > Sindhi,Sindhi,0,710,493,498,23,Central Provinces States,1,1,
A. Vernaculars of India > Indo-European Family > Aryan Sub-Family > Indo-Aryan Branch > Outer Sub-Branch > North-Western Group > Sindhi,Sindhi,0,710,493,498,24,Gwalior State,21355,11936,9419
A. Vernaculars of India > Indo-European Family > Aryan Sub-Family > Indo-Aryan Branch > Outer Sub-Branch > North-Western Group > Sindhi,Sindhi,0,710,493,498,25,Hyderabad State,764,495,269
A. Vernaculars of India > Indo-European Family > Aryan Sub-Family > Indo-Aryan Branch > Outer Sub-Branch > North-Western Group > Sindhi,Sindhi,0,710,493,498,26,Jammu and Kashmir State,9,8,1
A. Vernaculars of India > Indo-European Family > Aryan Sub-Family > Indo-Aryan Branch > Outer Sub-Branch > North-Western Group > Sindhi,Sindhi,0,710,493,498,27,Madras States Agency,961,502,459
A. Vernaculars of India > Indo-European Family > Aryan Sub-Family > Indo-Aryan Branch > Outer Sub-Branch > North-Western Group > Sindhi,Sindhi,0,710,493,498,27a,Cochin State,714,386,328
A. Vernaculars of India > Indo-European Family > Aryan Sub-Family > Indo-Aryan Branch > Outer Sub-Branch > North-Western Group > Sindhi,Sindhi,0,710,493,498,27b,Travancore State,247,116,131
A. Vernaculars of India > Indo-European Family > Aryan Sub-Family > Indo-Aryan Branch > Outer Sub-Branch > North-Western Group > Sindhi,Sindhi,0,710,493,498,28,Mysore State,506,274,232
A. Vernaculars of India > Indo-European Family > Aryan Sub-Family > Indo-Aryan Branch > Outer Sub-Branch > North-Western Group > Sindhi,Sindhi,0,710,493,498,31,Punjab States Agency,9287,5389,3898
A. Vernaculars of India > Indo-European Family > Aryan Sub-Family > Indo-Aryan Branch > Outer Sub-Branch > North-Western Group > Sindhi,Sindhi,0,710,493,498,32,Rajputana Agency,12840,7165,5675
A. Vernaculars of India > Indo-European Family > Aryan Sub-Family > Indo-Aryan Branch > Outer Sub-Branch > North-Western Group > Sindhi,Sindhi,0,710,493,498,35,Western India States Agency,417935,206376,211559
A. Vernaculars of India > Indo-European Family > Aryan Sub-Family > Indo-Aryan Branch > Outer Sub-Branch > Southern Group,Southern Group,1,713,493,498,INDIA,India,21361393,10816947,10544446
A. Vernaculars of India > Indo-European Family > Aryan Sub-Family > Indo-Aryan Branch > Outer Sub-Branch > Southern Group,Southern Group,1,713,493,498,PROV,Provinces,15328296,7759695,7568601
A. Vernaculars of India > Indo-European Family > Aryan Sub-Family > Indo-Aryan Branch > Outer Sub-Branch > Southern Group,Southern Group,1,713,493,498,STATES,States and Agencies,6033097,3057252,2975845
A. Vernaculars of India > Indo-European Family > Aryan Sub-Family > Indo-Aryan Branch > Outer Sub-Branch > Southern Group,Southern Group,1,713,493,498,1,Ajmer-Merwara,949,545,404
A. Vernaculars of India > Indo-European Family > Aryan Sub-Family > Indo-Aryan Branch > Outer Sub-Branch > Southern Group,Southern Group,1,713,493,498,2,Andaman and Nicobar Islands,352,283,69
A. Vernaculars of India > Indo-European Family > Aryan Sub-Family > Indo-Aryan Branch > Outer Sub-Branch > Southern Group,Southern Group,1,713,493,498,3,Assam,4319,2426,1893
A. Vernaculars of India > Indo-European Family > Aryan Sub-Family > Indo-Aryan Branch > Outer Sub-Branch > Southern Group,Southern Group,1,713,493,498,4,Baluchistan (Districts and Administered Territories),881,769,112
A. Vernaculars of India > Indo-European Family > Aryan Sub-Family > Indo-Aryan Branch > Outer Sub-Branch > Southern Group,Southern Group,1,713,493,498,5,Bengal,3160,1941,1219
A. Vernaculars of India > Indo-European Family > Aryan Sub-Family > Indo-Aryan Branch > Outer Sub-Branch > Southern Group,Southern Group,1,713,493,498,6,Bihar and Orissa,1300,713,587
A. Vernaculars of India > Indo-European Family > Aryan Sub-Family > Indo-Aryan Branch > Outer Sub-Branch > Southern Group,Southern Group,1,713,493,498,7,Bombay (including Aden),9542084,4852955,4689129
A. Vernaculars of India > Indo-European Family > Aryan Sub-Family > Indo-Aryan Branch > Outer Sub-Branch > Southern Group,Southern Group,1,713,493,498,7a,Aden,408,276,132
A. Vernaculars of India > Indo-European Family > Aryan Sub-Family > Indo-Aryan Branch > Outer Sub-Branch > Southern Group,Southern Group,1,713,493,498,8,Burma,1384,1085,299
A. Vernaculars of India > Indo-European Family > Aryan Sub-Family > Indo-Aryan Branch > Outer Sub-Branch > Southern Group,Southern Group,1,713,493,498,9,Central Provinces and Berar,5432747,2728546,2704201
A. Vernaculars of India > Indo-European Family > Aryan Sub-Family > Indo-Aryan Branch > Outer Sub-Branch > Southern Group,Southern Group,1,713,493,498,10,Coorg,3908,2239,1669
A. Vernaculars of India > Indo-European Family > Aryan Sub-Family > Indo-Aryan Branch > Outer Sub-Branch > Southern Group,Southern Group,1,713,493,498,11,Delhi,850,494,356
A. Vernaculars of India > Indo-European Family > Aryan Sub-Family > Indo-Aryan Branch > Outer Sub-Branch > Southern Group,Southern Group,1,713,493,498,12,Madras,330769,164130,166639
A. Vernaculars of India > Indo-European Family > Aryan Sub-Family > Indo-Aryan Branch > Outer Sub-Branch > Southern Group,Southern Group,1,713,493,498,13,North-West Frontier Province (Districts and Administered Territories),262,183,79
A. Vernaculars of India > Indo-European Family > Aryan Sub-Family > Indo-Aryan Branch > Outer Sub-Branch > Southern Group,Southern Group,1,713,493,498,14,Punjab,935,717,218
A. Vernaculars of India > Indo-European Family > Aryan Sub-Family > Indo-Aryan Branch > Outer Sub-Branch > Southern Group,Southern Group,1,713,493,498,15,United Provinces of Agra and Oudh,4396,2669,1727
A. Vernaculars of India > Indo-European Family > Aryan Sub-Family > Indo-Aryan Branch > Outer Sub-Branch > Southern Group,Southern Group,1,713,493,498,16,Assam States,2,1,1
A. Vernaculars of India > Indo-European Family > Aryan Sub-Family > Indo-Aryan Branch > Outer Sub-Branch > Southern Group,Southern Group,1,713,493,498,17,Baluchistan States,1,1,
A. Vernaculars of India > Indo-European Family > Aryan Sub-Family > Indo-Aryan Branch > Outer Sub-Branch > Southern Group,Southern Group,1,713,493,498,18,Baroda State,35841,19278,16563
A. Vernaculars of India > Indo-European Family > Aryan Sub-Family > Indo-Aryan Branch > Outer Sub-Branch > Southern Group,Southern Group,1,713,493,498,19,Bengal States,1,,1
A. Vernaculars of India > Indo-European Family > Aryan Sub-Family > Indo-Aryan Branch > Outer Sub-Branch > Southern Group,Southern Group,1,713,493,498,20,Bihar and Orissa States,412,224,188
A. Vernaculars of India > Indo-European Family > Aryan Sub-Family > Indo-Aryan Branch > Outer Sub-Branch > Southern Group,Southern Group,1,713,493,498,21,Bombay States,1787441,902790,884651
A. Vernaculars of India > Indo-European Family > Aryan Sub-Family > Indo-Aryan Branch > Outer Sub-Branch > Southern Group,Southern Group,1,713,493,498,22,Central India Agency,55001,28921,26080
A. Vernaculars of India > Indo-European Family > Aryan Sub-Family > Indo-Aryan Branch > Outer Sub-Branch > Southern Group,Southern Group,1,713,493,498,23,Central Provinces States,185279,93730,91549
A. Vernaculars of India > Indo-European Family > Aryan Sub-Family > Indo-Aryan Branch > Outer Sub-Branch > Southern Group,Southern Group,1,713,493,498,24,Gwalior State,21535,12060,9475
A. Vernaculars of India > Indo-European Family > Aryan Sub-Family > Indo-Aryan Branch > Outer Sub-Branch > Southern Group,Southern Group,1,713,493,498,25,Hyderabad State,3786831,1916544,1870287
A. Vernaculars of India > Indo-European Family > Aryan Sub-Family > Indo-Aryan Branch > Outer Sub-Branch > Southern Group,Southern Group,1,713,493,498,26,Jammu and Kashmir State,26,22,4
A. Vernaculars of India > Indo-European Family > Aryan Sub-Family > Indo-Aryan Branch > Outer Sub-Branch > Southern Group,Southern Group,1,713,493,498,27,Madras States Agency,48279,24326,23953
A. Vernaculars of India > Indo-European Family > Aryan Sub-Family > Indo-Aryan Branch > Outer Sub-Branch > Southern Group,Southern Group,1,713,493,498,27a,Cochin State,27560,13934,13626
A. Vernaculars of India > Indo-European Family > Aryan Sub-Family > Indo-Aryan Branch > Outer Sub-Branch > Southern Group,Southern Group,1,713,493,498,27b,Travancore State,19229,9642,9587
A. Vernaculars of India > Indo-European Family > Aryan Sub-Family > Indo-Aryan Branch > Outer Sub-Branch > Southern Group,Southern Group,1,713,493,498,27c,Other Madras States,1490,750,740
A. Vernaculars of India > Indo-European Family > Aryan Sub-Family > Indo-Aryan Branch > Outer Sub-Branch > Southern Group,Southern Group,1,713,493,498,28,Mysore State,107617,56937,50680
A. Vernaculars of India > Indo-European Family > Aryan Sub-Family > Indo-Aryan Branch > Outer Sub-Branch > Southern Group,Southern Group,1,713,493,498,29,North-West Frontier Province (Agencies and Tribal Areas),184,184,
A. Vernaculars of India > Indo-European Family > Aryan Sub-Family > Indo-Aryan Branch > Outer Sub-Branch > Southern Group,Southern Group,1,713,493,498,30,Punjab States,22,9,13
A. Vernaculars of India > Indo-European Family > Aryan Sub-Family > Indo-Aryan Branch > Outer Sub-Branch > Southern Group,Southern Group,1,713,493,498,31,Punjab States Agency,16,10,6
A. Vernaculars of India > Indo-European Family > Aryan Sub-Family > Indo-Aryan Branch > Outer Sub-Branch > Southern Group,Southern Group,1,713,493,498,32,Rajputana Agency,2444,885,1559
A. Vernaculars of India > Indo-European Family > Aryan Sub-Family > Indo-Aryan Branch > Outer Sub-Branch > Southern Group,Southern Group,1,713,493,498,34,United Provinces States,14,8,6
A. Vernaculars of India > Indo-European Family > Aryan Sub-Family > Indo-Aryan Branch > Outer Sub-Branch > Southern Group,Southern Group,1,713,493,498,35,Western India States Agency,2151,1322,829
A. Vernaculars of India > Indo-European Family > Aryan Sub-Family > Indo-Aryan Branch > Outer Sub-Branch > Southern Group > Marathi,Marathi,0,716,493,498,INDIA,India,20889658,10572782,10316876
A. Vernaculars of India > Indo-European Family > Aryan Sub-Family > Indo-Aryan Branch > Outer Sub-Branch > Southern Group > Marathi,Marathi,0,716,493,498,PROV,Provinces,14917335,7547464,7369871
A. Vernaculars of India > Indo-European Family > Aryan Sub-Family > Indo-Aryan Branch > Outer Sub-Branch > Southern Group > Marathi,Marathi,0,716,493,498,STATES,States and Agencies,5972323,3025318,2947005
A. Vernaculars of India > Indo-European Family > Aryan Sub-Family > Indo-Aryan Branch > Outer Sub-Branch > Southern Group > Marathi,Marathi,0,716,493,498,1,Ajmer-Merwara,949,545,404
A. Vernaculars of India > Indo-European Family > Aryan Sub-Family > Indo-Aryan Branch > Outer Sub-Branch > Southern Group > Marathi,Marathi,0,716,493,498,2,Andaman and Nicobar Islands,352,283,69
A. Vernaculars of India > Indo-European Family > Aryan Sub-Family > Indo-Aryan Branch > Outer Sub-Branch > Southern Group > Marathi,Marathi,0,716,493,498,3,Assam,4315,2422,1893
A. Vernaculars of India > Indo-European Family > Aryan Sub-Family > Indo-Aryan Branch > Outer Sub-Branch > Southern Group > Marathi,Marathi,0,716,493,498,4,Baluchistan (Districts and Administered Territories),789,697,92
A. Vernaculars of India > Indo-European Family > Aryan Sub-Family > Indo-Aryan Branch > Outer Sub-Branch > Southern Group > Marathi,Marathi,0,716,493,498,5,Bengal,3005,1843,1162
A. Vernaculars of India > Indo-European Family > Aryan Sub-Family > Indo-Aryan Branch > Outer Sub-Branch > Southern Group > Marathi,Marathi,0,716,493,498,6,Bihar and Orissa,1300,713,587
A. Vernaculars of India > Indo-European Family > Aryan Sub-Family > Indo-Aryan Branch > Outer Sub-Branch > Southern Group > Marathi,Marathi,0,716,493,498,7,Bombay (including Aden),9336405,4742593,4593812
A. Vernaculars of India > Indo-European Family > Aryan Sub-Family > Indo-Aryan Branch > Outer Sub-Branch > Southern Group > Marathi,Marathi,0,716,493,498,7a,Aden,203,105,98
A. Vernaculars of India > Indo-European Family > Aryan Sub-Family > Indo-Aryan Branch > Outer Sub-Branch > Southern Group > Marathi,Marathi,0,716,493,498,8,Burma,673,480,193
A. Vernaculars of India > Indo-European Family > Aryan Sub-Family > Indo-Aryan Branch > Outer Sub-Branch > Southern Group > Marathi,Marathi,0,716,493,498,9,Central Provinces and Berar,5432265,2728270,2703995
A. Vernaculars of India > Indo-European Family > Aryan Sub-Family > Indo-Aryan Branch > Outer Sub-Branch > Southern Group > Marathi,Marathi,0,716,493,498,10,Coorg,1577,871,706
A. Vernaculars of India > Indo-European Family > Aryan Sub-Family > Indo-Aryan Branch > Outer Sub-Branch > Southern Group > Marathi,Marathi,0,716,493,498,11,Delhi,850,494,356
A. Vernaculars of India > Indo-European Family > Aryan Sub-Family > Indo-Aryan Branch > Outer Sub-Branch > Southern Group > Marathi,Marathi,0,716,493,498,12,Madras,129398,64781,64617
A. Vernaculars of India > Indo-European Family > Aryan Sub-Family > Indo-Aryan Branch > Outer Sub-Branch > Southern Group > Marathi,Marathi,0,716,493,498,13,North-West Frontier Province (Districts and Administered Territories),238,160,78
A. Vernaculars of India > Indo-European Family > Aryan Sub-Family > Indo-Aryan Branch > Outer Sub-Branch > Southern Group > Marathi,Marathi,0,716,493,498,14,Punjab,935,717,218
A. Vernaculars of India > Indo-European Family > Aryan Sub-Family > Indo-Aryan Branch > Outer Sub-Branch > Southern Group > Marathi,Marathi,0,716,493,498,15,United Provinces of Agra and Oudh,4284,2595,1689
A. Vernaculars of India > Indo-European Family > Aryan Sub-Family > Indo-Aryan Branch > Outer Sub-Branch > Southern Group > Marathi,Marathi,0,716,493,498,16,Assam States,2,1,1
A. Vernaculars of India > Indo-European Family > Aryan Sub-Family > Indo-Aryan Branch > Outer Sub-Branch > Southern Group > Marathi,Marathi,0,716,493,498,18,Baroda State,35578,19110,16468
A. Vernaculars of India > Indo-European Family > Aryan Sub-Family > Indo-Aryan Branch > Outer Sub-Branch > Southern Group > Marathi,Marathi,0,716,493,498,19,Bengal States,1,,1
A. Vernaculars of India > Indo-European Family > Aryan Sub-Family > Indo-Aryan Branch > Outer Sub-Branch > Southern Group > Marathi,Marathi,0,716,493,498,20,Bihar and Orissa States,412,224,188
A. Vernaculars of India > Indo-European Family > Aryan Sub-Family > Indo-Aryan Branch > Outer Sub-Branch > Southern Group > Marathi,Marathi,0,716,493,498,21,Bombay States,1778722,898947,879775
A. Vernaculars of India > Indo-European Family > Aryan Sub-Family > Indo-Aryan Branch > Outer Sub-Branch > Southern Group > Marathi,Marathi,0,716,493,498,22,Central India Agency,54539,28678,25861
A. Vernaculars of India > Indo-European Family > Aryan Sub-Family > Indo-Aryan Branch > Outer Sub-Branch > Southern Group > Marathi,Marathi,0,716,493,498,23,Central Provinces States,185279,93730,91549
A. Vernaculars of India > Indo-European Family > Aryan Sub-Family > Indo-Aryan Branch > Outer Sub-Branch > Southern Group > Marathi,Marathi,0,716,493,498,24,Gwalior State,21535,12060,9475
A. Vernaculars of India > Indo-European Family > Aryan Sub-Family > Indo-Aryan Branch > Outer Sub-Branch > Southern Group > Marathi,Marathi,0,716,493,498,25,Hyderabad State,3786639,1916460,1870179
A. Vernaculars of India > Indo-European Family > Aryan Sub-Family > Indo-Aryan Branch > Outer Sub-Branch > Southern Group > Marathi,Marathi,0,716,493,498,26,Jammu and Kashmir State,25,21,4
A. Vernaculars of India > Indo-European Family > Aryan Sub-Family > Indo-Aryan Branch > Outer Sub-Branch > Southern Group > Marathi,Marathi,0,716,493,498,27,Madras States Agency,13752,6880,6872
A. Vernaculars of India > Indo-European Family > Aryan Sub-Family > Indo-Aryan Branch > Outer Sub-Branch > Southern Group > Marathi,Marathi,0,716,493,498,27a,Cochin State,5210,2612,2598
A. Vernaculars of India > Indo-European Family > Aryan Sub-Family > Indo-Aryan Branch > Outer Sub-Branch > Southern Group > Marathi,Marathi,0,716,493,498,27b,Travancore State,7054,3520,3534
A. Vernaculars of India > Indo-European Family > Aryan Sub-Family > Indo-Aryan Branch > Outer Sub-Branch > Southern Group > Marathi,Marathi,0,716,493,498,27c,Other Madras States,1488,748,740
A. Vernaculars of India > Indo-European Family > Aryan Sub-Family > Indo-Aryan Branch > Outer Sub-Branch > Southern Group > Marathi,Marathi,0,716,493,498,28,Mysore State,91322,47025,44297
A. Vernaculars of India > Indo-European Family > Aryan Sub-Family > Indo-Aryan Branch > Outer Sub-Branch > Southern Group > Marathi,Marathi,0,716,493,498,29,North-West Frontier Province (Agencies and Tribal Areas),182,182,
A. Vernaculars of India > Indo-European Family > Aryan Sub-Family > Indo-Aryan Branch > Outer Sub-Branch > Southern Group > Marathi,Marathi,0,716,493,498,30,Punjab States,22,9,13
A. Vernaculars of India > Indo-European Family > Aryan Sub-Family > Indo-Aryan Branch > Outer Sub-Branch > Southern Group > Marathi,Marathi,0,716,493,498,31,Punjab States Agency,16,10,6
A. Vernaculars of India > Indo-European Family > Aryan Sub-Family > Indo-Aryan Branch > Outer Sub-Branch > Southern Group > Marathi,Marathi,0,716,493,498,32,Rajputana Agency,2433,880,1553
A. Vernaculars of India > Indo-European Family > Aryan Sub-Family > Indo-Aryan Branch > Outer Sub-Branch > Southern Group > Marathi,Marathi,0,716,493,498,34,United Provinces States,14,8,6
A. Vernaculars of India > Indo-European Family > Aryan Sub-Family > Indo-Aryan Branch > Outer Sub-Branch > Southern Group > Marathi,Marathi,0,716,493,498,35,Western India States Agency,1850,1093,757
A. Vernaculars of India > Indo-European Family > Aryan Sub-Family > Indo-Aryan Branch > Outer Sub-Branch > Southern Group > Konkani,Konkani,0,719,494,499,INDIA,India,471735,244165,227570
A. Vernaculars of India > Indo-European Family > Aryan Sub-Family > Indo-Aryan Branch > Outer Sub-Branch > Southern Group > Konkani,Konkani,0,719,494,499,PROV,Provinces,410961,212231,198730
A. Vernaculars of India > Indo-European Family > Aryan Sub-Family > Indo-Aryan Branch > Outer Sub-Branch > Southern Group > Konkani,Konkani,0,719,494,499,STATES,States and Agencies,60774,31934,28840
A. Vernaculars of India > Indo-European Family > Aryan Sub-Family > Indo-Aryan Branch > Outer Sub-Branch > Southern Group > Konkani,Konkani,0,719,494,499,3,Assam,4,4,
A. Vernaculars of India > Indo-European Family > Aryan Sub-Family > Indo-Aryan Branch > Outer Sub-Branch > Southern Group > Konkani,Konkani,0,719,494,499,4,Baluchistan (Districts and Administered Territories),92,72,20
A. Vernaculars of India > Indo-European Family > Aryan Sub-Family > Indo-Aryan Branch > Outer Sub-Branch > Southern Group > Konkani,Konkani,0,719,494,499,5,Bengal,155,98,57
A. Vernaculars of India > Indo-European Family > Aryan Sub-Family > Indo-Aryan Branch > Outer Sub-Branch > Southern Group > Konkani,Konkani,0,719,494,499,7,Bombay (including Aden),205679,110362,95317
A. Vernaculars of India > Indo-European Family > Aryan Sub-Family > Indo-Aryan Branch > Outer Sub-Branch > Southern Group > Konkani,Konkani,0,719,494,499,7a,Aden,205,171,34
A. Vernaculars of India > Indo-European Family > Aryan Sub-Family > Indo-Aryan Branch > Outer Sub-Branch > Southern Group > Konkani,Konkani,0,719,494,499,8,Burma,711,605,106
A. Vernaculars of India > Indo-European Family > Aryan Sub-Family > Indo-Aryan Branch > Outer Sub-Branch > Southern Group > Konkani,Konkani,0,719,494,499,9,Central Provinces and Berar,482,276,206
A. Vernaculars of India > Indo-European Family > Aryan Sub-Family > Indo-Aryan Branch > Outer Sub-Branch > Southern Group > Konkani,Konkani,0,719,494,499,10,Coorg,2331,1368,963
A. Vernaculars of India > Indo-European Family > Aryan Sub-Family > Indo-Aryan Branch > Outer Sub-Branch > Southern Group > Konkani,Konkani,0,719,494,499,12,Madras,201371,99349,102022
A. Vernaculars of India > Indo-European Family > Aryan Sub-Family > Indo-Aryan Branch > Outer Sub-Branch > Southern Group > Konkani,Konkani,0,719,494,499,13,North-West Frontier Province (Districts and Administered Territories),24,23,1
A. Vernaculars of India > Indo-European Family > Aryan Sub-Family > Indo-Aryan Branch > Outer Sub-Branch > Southern Group > Konkani,Konkani,0,719,494,499,15,United Provinces of Agra and Oudh,112,74,38
A. Vernaculars of India > Indo-European Family > Aryan Sub-Family > Indo-Aryan Branch > Outer Sub-Branch > Southern Group > Konkani,Konkani,0,719,494,499,17,Baluchistan States,1,1,
A. Vernaculars of India > Indo-European Family > Aryan Sub-Family > Indo-Aryan Branch > Outer Sub-Branch > Southern Group > Konkani,Konkani,0,719,494,499,18,Baroda State,263,168,95
A. Vernaculars of India > Indo-European Family > Aryan Sub-Family > Indo-Aryan Branch > Outer Sub-Branch > Southern Group > Konkani,Konkani,0,719,494,499,21,Bombay States,8719,3843,4876
A. Vernaculars of India > Indo-European Family > Aryan Sub-Family > Indo-Aryan Branch > Outer Sub-Branch > Southern Group > Konkani,Konkani,0,719,494,499,22,Central India Agency,462,243,219
A. Vernaculars of India > Indo-European Family > Aryan Sub-Family > Indo-Aryan Branch > Outer Sub-Branch > Southern Group > Konkani,Konkani,0,719,494,499,25,Hyderabad State,192,84,108
A. Vernaculars of India > Indo-European Family > Aryan Sub-Family > Indo-Aryan Branch > Outer Sub-Branch > Southern Group > Konkani,Konkani,0,719,494,499,26,Jammu and Kashmir State,1,1,
A. Vernaculars of India > Indo-European Family > Aryan Sub-Family > Indo-Aryan Branch > Outer Sub-Branch > Southern Group > Konkani,Konkani,0,719,494,499,27,Madras States Agency,34527,17446,17081
A. Vernaculars of India > Indo-European Family > Aryan Sub-Family > Indo-Aryan Branch > Outer Sub-Branch > Southern Group > Konkani,Konkani,0,719,494,499,27a,Cochin State,22350,11322,11028
A. Vernaculars of India > Indo-European Family > Aryan Sub-Family > Indo-Aryan Branch > Outer Sub-Branch > Southern Group > Konkani,Konkani,0,719,494,499,27b,Travancore State,12175,6122,6053
A. Vernaculars of India > Indo-European Family > Aryan Sub-Family > Indo-Aryan Branch > Outer Sub-Branch > Southern Group > Konkani,Konkani,0,719,494,499,27c,Other Madras States,2,2,
A. Vernaculars of India > Indo-European Family > Aryan Sub-Family > Indo-Aryan Branch > Outer Sub-Branch > Southern Group > Konkani,Konkani,0,719,494,499,28,Mysore State,16295,9912,6383
A. Vernaculars of India > Indo-European Family > Aryan Sub-Family > Indo-Aryan Branch > Outer Sub-Branch > Southern Group > Konkani,Konkani,0,719,494,499,29,North-West Frontier Province (Agencies and Tribal Areas),2,2,
A. Vernaculars of India > Indo-European Family > Aryan Sub-Family > Indo-Aryan Branch > Outer Sub-Branch > Southern Group > Konkani,Konkani,0,719,494,499,32,Rajputana Agency,11,5,6
A. Vernaculars of India > Indo-European Family > Aryan Sub-Family > Indo-Aryan Branch > Outer Sub-Branch > Southern Group > Konkani,Konkani,0,719,494,499,35,Western India States Agency,301,229,72
A. Vernaculars of India > Indo-European Family > Aryan Sub-Family > Indo-Aryan Branch > Outer Sub-Branch > Eastern Group,Eastern Group,1,722,494,499,INDIA,India,94588350,48058745,46529605
A. Vernaculars of India > Indo-European Family > Aryan Sub-Family > Indo-Aryan Branch > Outer Sub-Branch > Eastern Group,Eastern Group,1,722,494,499,PROV,Provinces,90027420,45785349,44242071
A. Vernaculars of India > Indo-European Family > Aryan Sub-Family > Indo-Aryan Branch > Outer Sub-Branch > Eastern Group,Eastern Group,1,722,494,499,STATES,States and Agencies,4560930,2273396,2287534
A. Vernaculars of India > Indo-European Family > Aryan Sub-Family > Indo-Aryan Branch > Outer Sub-Branch > Eastern Group,Eastern Group,1,722,494,499,1,Ajmer-Merwara,439,258,181
A. Vernaculars of India > Indo-European Family > Aryan Sub-Family > Indo-Aryan Branch > Outer Sub-Branch > Eastern Group,Eastern Group,1,722,494,499,2,Andaman and Nicobar Islands,1370,1140,230
A. Vernaculars of India > Indo-European Family > Aryan Sub-Family > Indo-Aryan Branch > Outer Sub-Branch > Eastern Group,Eastern Group,1,722,494,499,3,Assam,6156247,3226278,2929969
A. Vernaculars of India > Indo-European Family > Aryan Sub-Family > Indo-Aryan Branch > Outer Sub-Branch > Eastern Group,Eastern Group,1,722,494,499,4,Baluchistan (Districts and Administered Territories),93,63,30
A. Vernaculars of India > Indo-European Family > Aryan Sub-Family > Indo-Aryan Branch > Outer Sub-Branch > Eastern Group,Eastern Group,1,722,494,499,5,Bengal,46550243,23906956,22643287
A. Vernaculars of India > Indo-European Family > Aryan Sub-Family > Indo-Aryan Branch > Outer Sub-Branch > Eastern Group,Eastern Group,1,722,494,499,6,Bihar and Orissa,34719623,17320641,17398982
A. Vernaculars of India > Indo-European Family > Aryan Sub-Family > Indo-Aryan Branch > Outer Sub-Branch > Eastern Group,Eastern Group,1,722,494,499,7,Bombay (including Aden),5463,4301,1162
A. Vernaculars of India > Indo-European Family > Aryan Sub-Family > Indo-Aryan Branch > Outer Sub-Branch > Eastern Group,Eastern Group,1,722,494,499,7a,Aden,356,354,2
A. Vernaculars of India > Indo-European Family > Aryan Sub-Family > Indo-Aryan Branch > Outer Sub-Branch > Eastern Group,Eastern Group,1,722,494,499,8,Burma,438936,300568,138368
A. Vernaculars of India > Indo-European Family > Aryan Sub-Family > Indo-Aryan Branch > Outer Sub-Branch > Eastern Group,Eastern Group,1,722,494,499,9,Central Provinces and Berar,268736,131945,136791
A. Vernaculars of India > Indo-European Family > Aryan Sub-Family > Indo-Aryan Branch > Outer Sub-Branch > Eastern Group,Eastern Group,1,722,494,499,11,Delhi,6666,4026,2640
A. Vernaculars of India > Indo-European Family > Aryan Sub-Family > Indo-Aryan Branch > Outer Sub-Branch > Eastern Group,Eastern Group,1,722,494,499,12,Madras,1849106,872895,976211
A. Vernaculars of India > Indo-European Family > Aryan Sub-Family > Indo-Aryan Branch > Outer Sub-Branch > Eastern Group,Eastern Group,1,722,494,499,13,North-West Frontier Province (Districts and Administered Territories),414,366,48
A. Vernaculars of India > Indo-European Family > Aryan Sub-Family > Indo-Aryan Branch > Outer Sub-Branch > Eastern Group,Eastern Group,1,722,494,499,14,Punjab,2613,1501,1112
A. Vernaculars of India > Indo-European Family > Aryan Sub-Family > Indo-Aryan Branch > Outer Sub-Branch > Eastern Group,Eastern Group,1,722,494,499,15,United Provinces of Agra and Oudh,27471,14411,13060
A. Vernaculars of India > Indo-European Family > Aryan Sub-Family > Indo-Aryan Branch > Outer Sub-Branch > Eastern Group,Eastern Group,1,722,494,499,16,Assam States,7417,4863,2554
A. Vernaculars of India > Indo-European Family > Aryan Sub-Family > Indo-Aryan Branch > Outer Sub-Branch > Eastern Group,Eastern Group,1,722,494,499,18,Baroda State,200,152,48
A. Vernaculars of India > Indo-European Family > Aryan Sub-Family > Indo-Aryan Branch > Outer Sub-Branch > Eastern Group,Eastern Group,1,722,494,499,19,Bengal States,746928,395828,351100
A. Vernaculars of India > Indo-European Family > Aryan Sub-Family > Indo-Aryan Branch > Outer Sub-Branch > Eastern Group,Eastern Group,1,722,494,499,20,Bihar and Orissa States,3675255,1807576,1867679
A. Vernaculars of India > Indo-European Family > Aryan Sub-Family > Indo-Aryan Branch > Outer Sub-Branch > Eastern Group,Eastern Group,1,722,494,499,21,Bombay States,337,80,257
A. Vernaculars of India > Indo-European Family > Aryan Sub-Family > Indo-Aryan Branch > Outer Sub-Branch > Eastern Group,Eastern Group,1,722,494,499,22,Central India Agency,1476,772,704
A. Vernaculars of India > Indo-European Family > Aryan Sub-Family > Indo-Aryan Branch > Outer Sub-Branch > Eastern Group,Eastern Group,1,722,494,499,23,Central Provinces States,123100,61022,62078
A. Vernaculars of India > Indo-European Family > Aryan Sub-Family > Indo-Aryan Branch > Outer Sub-Branch > Eastern Group,Eastern Group,1,722,494,499,24,Gwalior State,242,138,104
A. Vernaculars of India > Indo-European Family > Aryan Sub-Family > Indo-Aryan Branch > Outer Sub-Branch > Eastern Group,Eastern Group,1,722,494,499,25,Hyderabad State,252,142,110
A. Vernaculars of India > Indo-European Family > Aryan Sub-Family > Indo-Aryan Branch > Outer Sub-Branch > Eastern Group,Eastern Group,1,722,494,499,26,Jammu and Kashmir State,66,41,25
A. Vernaculars of India > Indo-European Family > Aryan Sub-Family > Indo-Aryan Branch > Outer Sub-Branch > Eastern Group,Eastern Group,1,722,494,499,27,Madras States Agency,191,181,10
A. Vernaculars of India > Indo-European Family > Aryan Sub-Family > Indo-Aryan Branch > Outer Sub-Branch > Eastern Group,Eastern Group,1,722,494,499,27a,Cochin State,3,3,
A. Vernaculars of India > Indo-European Family > Aryan Sub-Family > Indo-Aryan Branch > Outer Sub-Branch > Eastern Group,Eastern Group,1,722,494,499,27b,Travancore State,167,163,4
A. Vernaculars of India > Indo-European Family > Aryan Sub-Family > Indo-Aryan Branch > Outer Sub-Branch > Eastern Group,Eastern Group,1,722,494,499,27c,Other Madras States,21,15,6
A. Vernaculars of India > Indo-European Family > Aryan Sub-Family > Indo-Aryan Branch > Outer Sub-Branch > Eastern Group,Eastern Group,1,722,494,499,28,Mysore State,1596,825,771
A. Vernaculars of India > Indo-European Family > Aryan Sub-Family > Indo-Aryan Branch > Outer Sub-Branch > Eastern Group,Eastern Group,1,722,494,499,29,North-West Frontier Province (Agencies and Tribal Areas),21,21,
A. Vernaculars of India > Indo-European Family > Aryan Sub-Family > Indo-Aryan Branch > Outer Sub-Branch > Eastern Group,Eastern Group,1,722,494,499,30,Punjab States,53,32,21
A. Vernaculars of India > Indo-European Family > Aryan Sub-Family > Indo-Aryan Branch > Outer Sub-Branch > Eastern Group,Eastern Group,1,722,494,499,31,Punjab States Agency,139,77,62
A. Vernaculars of India > Indo-European Family > Aryan Sub-Family > Indo-Aryan Branch > Outer Sub-Branch > Eastern Group,Eastern Group,1,722,494,499,32,Rajputana Agency,3260,1318,1942
A. Vernaculars of India > Indo-European Family > Aryan Sub-Family > Indo-Aryan Branch > Outer Sub-Branch > Eastern Group,Eastern Group,1,722,494,499,33,Sikkim State,18,12,6
A. Vernaculars of India > Indo-European Family > Aryan Sub-Family > Indo-Aryan Branch > Outer Sub-Branch > Eastern Group,Eastern Group,1,722,494,499,34,United Provinces States,297,265,32
A. Vernaculars of India > Indo-European Family > Aryan Sub-Family > Indo-Aryan Branch > Outer Sub-Branch > Eastern Group,Eastern Group,1,722,494,499,35,Western India States Agency,82,51,31
A. Vernaculars of India > Indo-European Family > Aryan Sub-Family > Indo-Aryan Branch > Outer Sub-Branch > Eastern Group > Oriya,Oriya,0,725,494,499,INDIA,India,11194265,5484976,5709289
A. Vernaculars of India > Indo-European Family > Aryan Sub-Family > Indo-Aryan Branch > Outer Sub-Branch > Eastern Group > Oriya,Oriya,0,725,494,499,PROV,Provinces,7665034,3751929,3913105
A. Vernaculars of India > Indo-European Family > Aryan Sub-Family > Indo-Aryan Branch > Outer Sub-Branch > Eastern Group > Oriya,Oriya,0,725,494,499,STATES,States and Agencies,3529231,1733047,1796184
A. Vernaculars of India > Indo-European Family > Aryan Sub-Family > Indo-Aryan Branch > Outer Sub-Branch > Eastern Group > Oriya,Oriya,0,725,494,499,1,Ajmer-Merwara,1,1,
A. Vernaculars of India > Indo-European Family > Aryan Sub-Family > Indo-Aryan Branch > Outer Sub-Branch > Eastern Group > Oriya,Oriya,0,725,494,499,2,Andaman and Nicobar Islands,191,163,28
A. Vernaculars of India > Indo-European Family > Aryan Sub-Family > Indo-Aryan Branch > Outer Sub-Branch > Eastern Group > Oriya,Oriya,0,725,494,499,3,Assam,202689,104845,97844
A. Vernaculars of India > Indo-European Family > Aryan Sub-Family > Indo-Aryan Branch > Outer Sub-Branch > Eastern Group > Oriya,Oriya,0,725,494,499,5,Bengal,154331,121610,32721
A. Vernaculars of India > Indo-European Family > Aryan Sub-Family > Indo-Aryan Branch > Outer Sub-Branch > Eastern Group > Oriya,Oriya,0,725,494,499,6,Bihar and Orissa,5136195,2467513,2668682
A. Vernaculars of India > Indo-European Family > Aryan Sub-Family > Indo-Aryan Branch > Outer Sub-Branch > Eastern Group > Oriya,Oriya,0,725,494,499,8,Burma,60682,57247,3435
A. Vernaculars of India > Indo-European Family > Aryan Sub-Family > Indo-Aryan Branch > Outer Sub-Branch > Eastern Group > Oriya,Oriya,0,725,494,499,9,Central Provinces and Berar,263133,128750,134383
A. Vernaculars of India > Indo-European Family > Aryan Sub-Family > Indo-Aryan Branch > Outer Sub-Branch > Eastern Group > Oriya,Oriya,0,725,494,499,11,Delhi,30,26,4
A. Vernaculars of India > Indo-European Family > Aryan Sub-Family > Indo-Aryan Branch > Outer Sub-Branch > Eastern Group > Oriya,Oriya,0,725,494,499,12,Madras,1847434,871560,975874
A. Vernaculars of India > Indo-European Family > Aryan Sub-Family > Indo-Aryan Branch > Outer Sub-Branch > Eastern Group > Oriya,Oriya,0,725,494,499,14,Punjab,106,56,50
A. Vernaculars of India > Indo-European Family > Aryan Sub-Family > Indo-Aryan Branch > Outer Sub-Branch > Eastern Group > Oriya,Oriya,0,725,494,499,15,United Provinces of Agra and Oudh,242,158,84
A. Vernaculars of India > Indo-European Family > Aryan Sub-Family > Indo-Aryan Branch > Outer Sub-Branch > Eastern Group > Oriya,Oriya,0,725,494,499,16,Assam States,48,29,19
A. Vernaculars of India > Indo-European Family > Aryan Sub-Family > Indo-Aryan Branch > Outer Sub-Branch > Eastern Group > Oriya,Oriya,0,725,494,499,18,Baroda State,7,6,1
A. Vernaculars of India > Indo-European Family > Aryan Sub-Family > Indo-Aryan Branch > Outer Sub-Branch > Eastern Group > Oriya,Oriya,0,725,494,499,19,Bengal States,5523,3446,2077
A. Vernaculars of India > Indo-European Family > Aryan Sub-Family > Indo-Aryan Branch > Outer Sub-Branch > Eastern Group > Oriya,Oriya,0,725,494,499,20,Bihar and Orissa States,3399610,1668064,1731546
A. Vernaculars of India > Indo-European Family > Aryan Sub-Family > Indo-Aryan Branch > Outer Sub-Branch > Eastern Group > Oriya,Oriya,0,725,494,499,22,Central India Agency,31,28,3
A. Vernaculars of India > Indo-European Family > Aryan Sub-Family > Indo-Aryan Branch > Outer Sub-Branch > Eastern Group > Oriya,Oriya,0,725,494,499,23,Central Provinces States,122518,60697,61821
A. Vernaculars of India > Indo-European Family > Aryan Sub-Family > Indo-Aryan Branch > Outer Sub-Branch > Eastern Group > Oriya,Oriya,0,725,494,499,25,Hyderabad State,55,35,20
A. Vernaculars of India > Indo-European Family > Aryan Sub-Family > Indo-Aryan Branch > Outer Sub-Branch > Eastern Group > Oriya,Oriya,0,725,494,499,27,Madras States Agency,15,11,4
A. Vernaculars of India > Indo-European Family > Aryan Sub-Family > Indo-Aryan Branch > Outer Sub-Branch > Eastern Group > Oriya,Oriya,0,725,494,499,27c,Other Madras States,15,11,4
A. Vernaculars of India > Indo-European Family > Aryan Sub-Family > Indo-Aryan Branch > Outer Sub-Branch > Eastern Group > Oriya,Oriya,0,725,494,499,28,Mysore State,1388,709,679
A. Vernaculars of India > Indo-European Family > Aryan Sub-Family > Indo-Aryan Branch > Outer Sub-Branch > Eastern Group > Oriya,Oriya,0,725,494,499,30,Punjab States,21,9,12
A. Vernaculars of India > Indo-European Family > Aryan Sub-Family > Indo-Aryan Branch > Outer Sub-Branch > Eastern Group > Oriya,Oriya,0,725,494,499,31,Punjab States Agency,1,1,
A. Vernaculars of India > Indo-European Family > Aryan Sub-Family > Indo-Aryan Branch > Outer Sub-Branch > Eastern Group > Oriya,Oriya,0,725,494,499,32,Rajputana Agency,14,12,2
A. Vernaculars of India > Indo-European Family > Aryan Sub-Family > Indo-Aryan Branch > Outer Sub-Branch > Eastern Group > Bihari,Bihari,0,728,494,499,INDIA,India,27926559,14014592,13911967
A. Vernaculars of India > Indo-European Family > Aryan Sub-Family > Indo-Aryan Branch > Outer Sub-Branch > Eastern Group > Bihari,Bihari,0,728,494,499,PROV,Provinces,27733284,13917020,13816264
A. Vernaculars of India > Indo-European Family > Aryan Sub-Family > Indo-Aryan Branch > Outer Sub-Branch > Eastern Group > Bihari,Bihari,0,728,494,499,STATES,States and Agencies,193275,97572,95703
A. Vernaculars of India > Indo-European Family > Aryan Sub-Family > Indo-Aryan Branch > Outer Sub-Branch > Eastern Group > Bihari,Bihari,0,728,494,499,1,Ajmer-Merwara,2,2,
A. Vernaculars of India > Indo-European Family > Aryan Sub-Family > Indo-Aryan Branch > Outer Sub-Branch > Eastern Group > Bihari,Bihari,0,728,494,499,5,Bengal,679,338,341
A. Vernaculars of India > Indo-European Family > Aryan Sub-Family > Indo-Aryan Branch > Outer Sub-Branch > Eastern Group > Bihari,Bihari,0,728,494,499,6,Bihar and Orissa,27731601,13916017,13815584
A. Vernaculars of India > Indo-European Family > Aryan Sub-Family > Indo-Aryan Branch > Outer Sub-Branch > Eastern Group > Bihari,Bihari,0,728,494,499,7,Bombay (including Aden),603,389,214
A. Vernaculars of India > Indo-European Family > Aryan Sub-Family > Indo-Aryan Branch > Outer Sub-Branch > Eastern Group > Bihari,Bihari,0,728,494,499,8,Burma,57,44,13
A. Vernaculars of India > Indo-European Family > Aryan Sub-Family > Indo-Aryan Branch > Outer Sub-Branch > Eastern Group > Bihari,Bihari,0,728,494,499,9,Central Provinces and Berar,268,184,84
A. Vernaculars of India > Indo-European Family > Aryan Sub-Family > Indo-Aryan Branch > Outer Sub-Branch > Eastern Group > Bihari,Bihari,0,728,494,499,15,United Provinces of Agra and Oudh,74,46,28
A. Vernaculars of India > Indo-European Family > Aryan Sub-Family > Indo-Aryan Branch > Outer Sub-Branch > Eastern Group > Bihari,Bihari,0,728,494,499,20,Bihar and Orissa States,189854,96355,93499
A. Vernaculars of India > Indo-European Family > Aryan Sub-Family > Indo-Aryan Branch > Outer Sub-Branch > Eastern Group > Bihari,Bihari,0,728,494,499,21,Bombay States,267,61,206
A. Vernaculars of India > Indo-European Family > Aryan Sub-Family > Indo-Aryan Branch > Outer Sub-Branch > Eastern Group > Bihari,Bihari,0,728,494,499,22,Central India Agency,718,318,400
A. Vernaculars of India > Indo-European Family > Aryan Sub-Family > Indo-Aryan Branch > Outer Sub-Branch > Eastern Group > Bihari,Bihari,0,728,494,499,23,Central Provinces States,10,10,
A. Vernaculars of India > Indo-European Family > Aryan Sub-Family > Indo-Aryan Branch > Outer Sub-Branch > Eastern Group > Bihari,Bihari,0,728,494,499,28,Mysore State,1,1,
A. Vernaculars of India > Indo-European Family > Aryan Sub-Family > Indo-Aryan Branch > Outer Sub-Branch > Eastern Group > Bihari,Bihari,0,728,494,499,32,Rajputana Agency,2425,827,1598
A. Vernaculars of India > Indo-European Family > Aryan Sub-Family > Indo-Aryan Branch > Outer Sub-Branch > Eastern Group > Bengali,Bengali,0,731,494,499,INDIA,India,53468469,27516715,25951754
A. Vernaculars of India > Indo-European Family > Aryan Sub-Family > Indo-Aryan Branch > Outer Sub-Branch > Eastern Group > Bengali,Bengali,0,731,494,499,PROV,Provinces,52633141,27075773,25557368
A. Vernaculars of India > Indo-European Family > Aryan Sub-Family > Indo-Aryan Branch > Outer Sub-Branch > Eastern Group > Bengali,Bengali,0,731,494,499,STATES,States and Agencies,835328,440942,394386
A. Vernaculars of India > Indo-European Family > Aryan Sub-Family > Indo-Aryan Branch > Outer Sub-Branch > Eastern Group > Bengali,Bengali,0,731,494,499,1,Ajmer-Merwara,435,254,181
A. Vernaculars of India > Indo-European Family > Aryan Sub-Family > Indo-Aryan Branch > Outer Sub-Branch > Eastern Group > Bengali,Bengali,0,731,494,499,2,Andaman and Nicobar Islands,1171,969,202
A. Vernaculars of India > Indo-European Family > Aryan Sub-Family > Indo-Aryan Branch > Outer Sub-Branch > Eastern Group > Bengali,Bengali,0,731,494,499,3,Assam,3960712,2083124,1877588
A. Vernaculars of India > Indo-European Family > Aryan Sub-Family > Indo-Aryan Branch > Outer Sub-Branch > Eastern Group > Bengali,Bengali,0,731,494,499,4,Baluchistan (Districts and Administered Territories),93,63,30
A. Vernaculars of India > Indo-European Family > Aryan Sub-Family > Indo-Aryan Branch > Outer Sub-Branch > Eastern Group > Bengali,Bengali,0,731,494,499,5,Bengal,46393802,23783892,22609910
A. Vernaculars of India > Indo-European Family > Aryan Sub-Family > Indo-Aryan Branch > Outer Sub-Branch > Eastern Group > Bengali,Bengali,0,731,494,499,6,Bihar and Orissa,1851797,937090,914707
A. Vernaculars of India > Indo-European Family > Aryan Sub-Family > Indo-Aryan Branch > Outer Sub-Branch > Eastern Group > Bengali,Bengali,0,731,494,499,7,Bombay (including Aden),4654,3721,933
A. Vernaculars of India > Indo-European Family > Aryan Sub-Family > Indo-Aryan Branch > Outer Sub-Branch > Eastern Group > Bengali,Bengali,0,731,494,499,7a,Aden,356,354,2
A. Vernaculars of India > Indo-European Family > Aryan Sub-Family > Indo-Aryan Branch > Outer Sub-Branch > Eastern Group > Bengali,Bengali,0,731,494,499,8,Burma,376994,242415,134579
A. Vernaculars of India > Indo-European Family > Aryan Sub-Family > Indo-Aryan Branch > Outer Sub-Branch > Eastern Group > Bengali,Bengali,0,731,494,499,9,Central Provinces and Berar,5335,3011,2324
A. Vernaculars of India > Indo-European Family > Aryan Sub-Family > Indo-Aryan Branch > Outer Sub-Branch > Eastern Group > Bengali,Bengali,0,731,494,499,11,Delhi,6632,3997,2635
A. Vernaculars of India > Indo-European Family > Aryan Sub-Family > Indo-Aryan Branch > Outer Sub-Branch > Eastern Group > Bengali,Bengali,0,731,494,499,12,Madras,1672,1335,337
A. Vernaculars of India > Indo-European Family > Aryan Sub-Family > Indo-Aryan Branch > Outer Sub-Branch > Eastern Group > Bengali,Bengali,0,731,494,499,13,North-West Frontier Province (Districts and Administered Territories),414,366,48
A. Vernaculars of India > Indo-European Family > Aryan Sub-Family > Indo-Aryan Branch > Outer Sub-Branch > Eastern Group > Bengali,Bengali,0,731,494,499,14,Punjab,2497,1440,1057
A. Vernaculars of India > Indo-European Family > Aryan Sub-Family > Indo-Aryan Branch > Outer Sub-Branch > Eastern Group > Bengali,Bengali,0,731,494,499,15,United Provinces of Agra and Oudh,26933,14096,12837
A. Vernaculars of India > Indo-European Family > Aryan Sub-Family > Indo-Aryan Branch > Outer Sub-Branch > Eastern Group > Bengali,Bengali,0,731,494,499,16,Assam States,5651,3936,1715
A. Vernaculars of India > Indo-European Family > Aryan Sub-Family > Indo-Aryan Branch > Outer Sub-Branch > Eastern Group > Bengali,Bengali,0,731,494,499,18,Baroda State,193,146,47
A. Vernaculars of India > Indo-European Family > Aryan Sub-Family > Indo-Aryan Branch > Outer Sub-Branch > Eastern Group > Bengali,Bengali,0,731,494,499,19,Bengal States,740086,391461,348625
A. Vernaculars of India > Indo-European Family > Aryan Sub-Family > Indo-Aryan Branch > Outer Sub-Branch > Eastern Group > Bengali,Bengali,0,731,494,499,20,Bihar and Orissa States,85790,43156,42634
A. Vernaculars of India > Indo-European Family > Aryan Sub-Family > Indo-Aryan Branch > Outer Sub-Branch > Eastern Group > Bengali,Bengali,0,731,494,499,21,Bombay States,17,9,8
A. Vernaculars of India > Indo-European Family > Aryan Sub-Family > Indo-Aryan Branch > Outer Sub-Branch > Eastern Group > Bengali,Bengali,0,731,494,499,22,Central India Agency,727,426,301
A. Vernaculars of India > Indo-European Family > Aryan Sub-Family > Indo-Aryan Branch > Outer Sub-Branch > Eastern Group > Bengali,Bengali,0,731,494,499,23,Central Provinces States,572,315,257
A. Vernaculars of India > Indo-European Family > Aryan Sub-Family > Indo-Aryan Branch > Outer Sub-Branch > Eastern Group > Bengali,Bengali,0,731,494,499,24,Gwalior State,242,138,104
A. Vernaculars of India > Indo-European Family > Aryan Sub-Family > Indo-Aryan Branch > Outer Sub-Branch > Eastern Group > Bengali,Bengali,0,731,494,499,25,Hyderabad State,195,105,90
A. Vernaculars of India > Indo-European Family > Aryan Sub-Family > Indo-Aryan Branch > Outer Sub-Branch > Eastern Group > Bengali,Bengali,0,731,494,499,26,Jammu and Kashmir State,66,41,25
A. Vernaculars of India > Indo-European Family > Aryan Sub-Family > Indo-Aryan Branch > Outer Sub-Branch > Eastern Group > Bengali,Bengali,0,731,494,499,27,Madras States Agency,176,170,6
A. Vernaculars of India > Indo-European Family > Aryan Sub-Family > Indo-Aryan Branch > Outer Sub-Branch > Eastern Group > Bengali,Bengali,0,731,494,499,27a,Cochin State,3,3,
A. Vernaculars of India > Indo-European Family > Aryan Sub-Family > Indo-Aryan Branch > Outer Sub-Branch > Eastern Group > Bengali,Bengali,0,731,494,499,27b,Travancore State,167,163,4
A. Vernaculars of India > Indo-European Family > Aryan Sub-Family > Indo-Aryan Branch > Outer Sub-Branch > Eastern Group > Bengali,Bengali,0,731,494,499,27c,Other Madras States,6,4,2
A. Vernaculars of India > Indo-European Family > Aryan Sub-Family > Indo-Aryan Branch > Outer Sub-Branch > Eastern Group > Bengali,Bengali,0,731,494,499,28,Mysore State,207,115,92
A. Vernaculars of India > Indo-European Family > Aryan Sub-Family > Indo-Aryan Branch > Outer Sub-Branch > Eastern Group > Bengali,Bengali,0,731,494,499,29,North-West Frontier Province (Agencies and Tribal Areas),21,21,
A. Vernaculars of India > Indo-European Family > Aryan Sub-Family > Indo-Aryan Branch > Outer Sub-Branch > Eastern Group > Bengali,Bengali,0,731,494,499,30,Punjab States,32,23,9
A. Vernaculars of India > Indo-European Family > Aryan Sub-Family > Indo-Aryan Branch > Outer Sub-Branch > Eastern Group > Bengali,Bengali,0,731,494,499,31,Punjab States Agency,138,76,62
A. Vernaculars of India > Indo-European Family > Aryan Sub-Family > Indo-Aryan Branch > Outer Sub-Branch > Eastern Group > Bengali,Bengali,0,731,494,499,32,Rajputana Agency,818,476,342
A. Vernaculars of India > Indo-European Family > Aryan Sub-Family > Indo-Aryan Branch > Outer Sub-Branch > Eastern Group > Bengali,Bengali,0,731,494,499,33,Sikkim State,18,12,6
A. Vernaculars of India > Indo-European Family > Aryan Sub-Family > Indo-Aryan Branch > Outer Sub-Branch > Eastern Group > Bengali,Bengali,0,731,494,499,34,United Provinces States,297,265,32
A. Vernaculars of India > Indo-European Family > Aryan Sub-Family > Indo-Aryan Branch > Outer Sub-Branch > Eastern Group > Bengali,Bengali,0,731,494,499,35,Western India States Agency,82,51,31
A. Vernaculars of India > Indo-European Family > Aryan Sub-Family > Indo-Aryan Branch > Outer Sub-Branch > Eastern Group > Assamese,Assamese,0,734,495,500,INDIA,India,1999057,1042462,956595
A. Vernaculars of India > Indo-European Family > Aryan Sub-Family > Indo-Aryan Branch > Outer Sub-Branch > Eastern Group > Assamese,Assamese,0,734,495,500,PROV,Provinces,1995961,1040627,955334
A. Vernaculars of India > Indo-European Family > Aryan Sub-Family > Indo-Aryan Branch > Outer Sub-Branch > Eastern Group > Assamese,Assamese,0,734,495,500,STATES,States and Agencies,3096,1835,1261
A. Vernaculars of India > Indo-European Family > Aryan Sub-Family > Indo-Aryan Branch > Outer Sub-Branch > Eastern Group > Assamese,Assamese,0,734,495,500,1,Ajmer-Merwara,1,1,
A. Vernaculars of India > Indo-European Family > Aryan Sub-Family > Indo-Aryan Branch > Outer Sub-Branch > Eastern Group > Assamese,Assamese,0,734,495,500,2,Andaman and Nicobar Islands,8,8,
A. Vernaculars of India > Indo-European Family > Aryan Sub-Family > Indo-Aryan Branch > Outer Sub-Branch > Eastern Group > Assamese,Assamese,0,734,495,500,3,Assam,1992846,1038309,954537
A. Vernaculars of India > Indo-European Family > Aryan Sub-Family > Indo-Aryan Branch > Outer Sub-Branch > Eastern Group > Assamese,Assamese,0,734,495,500,5,Bengal,1431,1116,315
A. Vernaculars of India > Indo-European Family > Aryan Sub-Family > Indo-Aryan Branch > Outer Sub-Branch > Eastern Group > Assamese,Assamese,0,734,495,500,6,Bihar and Orissa,30,21,9
A. Vernaculars of India > Indo-European Family > Aryan Sub-Family > Indo-Aryan Branch > Outer Sub-Branch > Eastern Group > Assamese,Assamese,0,734,495,500,7,Bombay (including Aden),206,191,15
A. Vernaculars of India > Indo-European Family > Aryan Sub-Family > Indo-Aryan Branch > Outer Sub-Branch > Eastern Group > Assamese,Assamese,0,734,495,500,8,Burma,1203,862,341
A. Vernaculars of India > Indo-European Family > Aryan Sub-Family > Indo-Aryan Branch > Outer Sub-Branch > Eastern Group > Assamese,Assamese,0,734,495,500,11,Delhi,4,3,1
A. Vernaculars of India > Indo-European Family > Aryan Sub-Family > Indo-Aryan Branch > Outer Sub-Branch > Eastern Group > Assamese,Assamese,0,734,495,500,14,Punjab,10,5,5
A. Vernaculars of India > Indo-European Family > Aryan Sub-Family > Indo-Aryan Branch > Outer Sub-Branch > Eastern Group > Assamese,Assamese,0,734,495,500,15,United Provinces of Agra and Oudh,222,111,111
A. Vernaculars of India > Indo-European Family > Aryan Sub-Family > Indo-Aryan Branch > Outer Sub-Branch > Eastern Group > Assamese,Assamese,0,734,495,500,16,Assam States,1718,898,820
A. Vernaculars of India > Indo-European Family > Aryan Sub-Family > Indo-Aryan Branch > Outer Sub-Branch > Eastern Group > Assamese,Assamese,0,734,495,500,19,Bengal States,1319,921,398
A. Vernaculars of India > Indo-European Family > Aryan Sub-Family > Indo-Aryan Branch > Outer Sub-Branch > Eastern Group > Assamese,Assamese,0,734,495,500,20,Bihar and Orissa States,1,1,
A. Vernaculars of India > Indo-European Family > Aryan Sub-Family > Indo-Aryan Branch > Outer Sub-Branch > Eastern Group > Assamese,Assamese,0,734,495,500,21,Bombay States,53,10,43
A. Vernaculars of India > Indo-European Family > Aryan Sub-Family > Indo-Aryan Branch > Outer Sub-Branch > Eastern Group > Assamese,Assamese,0,734,495,500,25,Hyderabad State,2,2,
A. Vernaculars of India > Indo-European Family > Aryan Sub-Family > Indo-Aryan Branch > Outer Sub-Branch > Eastern Group > Assamese,Assamese,0,734,495,500,32,Rajputana Agency,3,3,
A. Vernaculars of India > Indo-European Family > Aryan Sub-Family > Indo-Aryan Branch > Mediate Sub-Branch,Mediate Sub-Branch,1,,,,INDIA,India,7867103,4210310,3656793
A. Vernaculars of India > Indo-European Family > Aryan Sub-Family > Indo-Aryan Branch > Mediate Sub-Branch,Mediate Sub-Branch,1,,,,PROV,Provinces,5463602,3017571,2446031
A. Vernaculars of India > Indo-European Family > Aryan Sub-Family > Indo-Aryan Branch > Mediate Sub-Branch,Mediate Sub-Branch,1,,,,STATES,States and Agencies,2403501,1192739,1210762
A. Vernaculars of India > Indo-European Family > Aryan Sub-Family > Indo-Aryan Branch > Mediate Sub-Branch,Mediate Sub-Branch,1,,,,1,Ajmer-Merwara,855,504,351
A. Vernaculars of India > Indo-European Family > Aryan Sub-Family > Indo-Aryan Branch > Mediate Sub-Branch,Mediate Sub-Branch,1,,,,3,Assam,587234,334233,253001
A. Vernaculars of India > Indo-European Family > Aryan Sub-Family > Indo-Aryan Branch > Mediate Sub-Branch,Mediate Sub-Branch,1,,,,4,Baluchistan (Districts and Administered Territories),39,26,13
A. Vernaculars of India > Indo-European Family > Aryan Sub-Family > Indo-Aryan Branch > Mediate Sub-Branch,Mediate Sub-Branch,1,,,,5,Bengal,1612016,1084709,527307
A. Vernaculars of India > Indo-European Family > Aryan Sub-Family > Indo-Aryan Branch > Mediate Sub-Branch,Mediate Sub-Branch,1,,,,7,Bombay (including Aden),20929,10381,10548
A. Vernaculars of India > Indo-European Family > Aryan Sub-Family > Indo-Aryan Branch > Mediate Sub-Branch,Mediate Sub-Branch,1,,,,9,Central Provinces and Berar,3239030,1585999,1653031
A. Vernaculars of India > Indo-European Family > Aryan Sub-Family > Indo-Aryan Branch > Mediate Sub-Branch,Mediate Sub-Branch,1,,,,12,Madras,3278,1568,1710
A. Vernaculars of India > Indo-European Family > Aryan Sub-Family > Indo-Aryan Branch > Mediate Sub-Branch,Mediate Sub-Branch,1,,,,13,North-West Frontier Province (Districts and Administered Territories),221,151,70
A. Vernaculars of India > Indo-European Family > Aryan Sub-Family > Indo-Aryan Branch > Mediate Sub-Branch,Mediate Sub-Branch,1,,,,16,Assam States,2607,1654,951
A. Vernaculars of India > Indo-European Family > Aryan Sub-Family > Indo-Aryan Branch > Mediate Sub-Branch,Mediate Sub-Branch,1,,,,18,Baroda State,3,3,0
A. Vernaculars of India > Indo-European Family > Aryan Sub-Family > Indo-Aryan Branch > Mediate Sub-Branch,Mediate Sub-Branch,1,,,,19,Bengal States,23276,14014,9262
A. Vernaculars of India > Indo-European Family > Aryan Sub-Family > Indo-Aryan Branch > Mediate Sub-Branch,Mediate Sub-Branch,1,,,,21,Bombay States,1120,710,410
A. Vernaculars of India > Indo-European Family > Aryan Sub-Family > Indo-Aryan Branch > Mediate Sub-Branch,Mediate Sub-Branch,1,,,,22,Central India Agency,1490431,745909,744522
A. Vernaculars of India > Indo-European Family > Aryan Sub-Family > Indo-Aryan Branch > Mediate Sub-Branch,Mediate Sub-Branch,1,,,,23,Central Provinces States,868727,421184,447543
A. Vernaculars of India > Indo-European Family > Aryan Sub-Family > Indo-Aryan Branch > Mediate Sub-Branch,Mediate Sub-Branch,1,,,,24,Gwalior State,7707,3654,4053
A. Vernaculars of India > Indo-European Family > Aryan Sub-Family > Indo-Aryan Branch > Mediate Sub-Branch,Mediate Sub-Branch,1,,,,25,Hyderabad State,540,315,225
A. Vernaculars of India > Indo-European Family > Aryan Sub-Family > Indo-Aryan Branch > Mediate Sub-Branch,Mediate Sub-Branch,1,,,,26,Jammu and Kashmir State,3,1,2
A. Vernaculars of India > Indo-European Family > Aryan Sub-Family > Indo-Aryan Branch > Mediate Sub-Branch,Mediate Sub-Branch,1,,,,28,Mysore State,6915,3909,3006
A. Vernaculars of India > Indo-European Family > Aryan Sub-Family > Indo-Aryan Branch > Mediate Sub-Branch,Mediate Sub-Branch,1,,,,29,North-West Frontier Province (Agencies and Tribal Areas),7,7,0
A. Vernaculars of India > Indo-European Family > Aryan Sub-Family > Indo-Aryan Branch > Mediate Sub-Branch,Mediate Sub-Branch,1,,,,32,Rajputana Agency,1715,1007,708
A. Vernaculars of India > Indo-European Family > Aryan Sub-Family > Indo-Aryan Branch > Mediate Sub-Branch,Mediate Sub-Branch,1,,,,33,Sikkim State,450,370,80
A. Vernaculars of India > Indo-European Family > Aryan Sub-Family > Indo-Aryan Branch > Mediate Sub-Branch > Mediate Group,Mediate Group,1,,,,INDIA,India,7867103,4210310,3656793
A. Vernaculars of India > Indo-European Family > Aryan Sub-Family > Indo-Aryan Branch > Mediate Sub-Branch > Mediate Group,Mediate Group,1,,,,PROV,Provinces,5463602,3017571,2446031
A. Vernaculars of India > Indo-European Family > Aryan Sub-Family > Indo-Aryan Branch > Mediate Sub-Branch > Mediate Group,Mediate Group,1,,,,STATES,States and Agencies,2403501,1192739,1210762
A. Vernaculars of India > Indo-European Family > Aryan Sub-Family > Indo-Aryan Branch > Mediate Sub-Branch > Mediate Group,Mediate Group,1,,,,1,Ajmer-Merwara,855,504,351
A. Vernaculars of India > Indo-European Family > Aryan Sub-Family > Indo-Aryan Branch > Mediate Sub-Branch > Mediate Group,Mediate Group,1,,,,3,Assam,587234,334233,253001
A. Vernaculars of India > Indo-European Family > Aryan Sub-Family > Indo-Aryan Branch > Mediate Sub-Branch > Mediate Group,Mediate Group,1,,,,4,Baluchistan (Districts and Administered Territories),39,26,13
A. Vernaculars of India > Indo-European Family > Aryan Sub-Family > Indo-Aryan Branch > Mediate Sub-Branch > Mediate Group,Mediate Group,1,,,,5,Bengal,1612016,1084709,527307
A. Vernaculars of India > Indo-European Family > Aryan Sub-Family > Indo-Aryan Branch > Mediate Sub-Branch > Mediate Group,Mediate Group,1,,,,7,Bombay (including Aden),20929,10381,10548
A. Vernaculars of India > Indo-European Family > Aryan Sub-Family > Indo-Aryan Branch > Mediate Sub-Branch > Mediate Group,Mediate Group,1,,,,9,Central Provinces and Berar,3239030,1585999,1653031
A. Vernaculars of India > Indo-European Family > Aryan Sub-Family > Indo-Aryan Branch > Mediate Sub-Branch > Mediate Group,Mediate Group,1,,,,12,Madras,3278,1568,1710
A. Vernaculars of India > Indo-European Family > Aryan Sub-Family > Indo-Aryan Branch > Mediate Sub-Branch > Mediate Group,Mediate Group,1,,,,13,North-West Frontier Province (Districts and Administered Territories),221,151,70
A. Vernaculars of India > Indo-European Family > Aryan Sub-Family > Indo-Aryan Branch > Mediate Sub-Branch > Mediate Group,Mediate Group,1,,,,16,Assam States,2607,1654,951
A. Vernaculars of India > Indo-European Family > Aryan Sub-Family > Indo-Aryan Branch > Mediate Sub-Branch > Mediate Group,Mediate Group,1,,,,18,Baroda State,3,3,0
A. Vernaculars of India > Indo-European Family > Aryan Sub-Family > Indo-Aryan Branch > Mediate Sub-Branch > Mediate Group,Mediate Group,1,,,,19,Bengal States,23276,14014,9262
A. Vernaculars of India > Indo-European Family > Aryan Sub-Family > Indo-Aryan Branch > Mediate Sub-Branch > Mediate Group,Mediate Group,1,,,,21,Bombay States,1120,710,410
A. Vernaculars of India > Indo-European Family > Aryan Sub-Family > Indo-Aryan Branch > Mediate Sub-Branch > Mediate Group,Mediate Group,1,,,,22,Central India Agency,1490431,745909,744522
A. Vernaculars of India > Indo-European Family > Aryan Sub-Family > Indo-Aryan Branch > Mediate Sub-Branch > Mediate Group,Mediate Group,1,,,,23,Central Provinces States,868727,421184,447543
A. Vernaculars of India > Indo-European Family > Aryan Sub-Family > Indo-Aryan Branch > Mediate Sub-Branch > Mediate Group,Mediate Group,1,,,,24,Gwalior State,7707,3654,4053
A. Vernaculars of India > Indo-European Family > Aryan Sub-Family > Indo-Aryan Branch > Mediate Sub-Branch > Mediate Group,Mediate Group,1,,,,25,Hyderabad State,540,315,225
A. Vernaculars of India > Indo-European Family > Aryan Sub-Family > Indo-Aryan Branch > Mediate Sub-Branch > Mediate Group,Mediate Group,1,,,,26,Jammu and Kashmir State,3,1,2
A. Vernaculars of India > Indo-European Family > Aryan Sub-Family > Indo-Aryan Branch > Mediate Sub-Branch > Mediate Group,Mediate Group,1,,,,28,Mysore State,6915,3909,3006
A. Vernaculars of India > Indo-European Family > Aryan Sub-Family > Indo-Aryan Branch > Mediate Sub-Branch > Mediate Group,Mediate Group,1,,,,29,North-West Frontier Province (Agencies and Tribal Areas),7,7,0
A. Vernaculars of India > Indo-European Family > Aryan Sub-Family > Indo-Aryan Branch > Mediate Sub-Branch > Mediate Group,Mediate Group,1,,,,32,Rajputana Agency,1715,1007,708
A. Vernaculars of India > Indo-European Family > Aryan Sub-Family > Indo-Aryan Branch > Mediate Sub-Branch > Mediate Group,Mediate Group,1,,,,33,Sikkim State,450,370,80
A. Vernaculars of India > Indo-European Family > Aryan Sub-Family > Indo-Aryan Branch > Mediate Sub-Branch > Mediate Group > Eastern Hindi,Eastern Hindi,0,737,495,500,INDIA,India,7867103,4210310,3656793
A. Vernaculars of India > Indo-European Family > Aryan Sub-Family > Indo-Aryan Branch > Mediate Sub-Branch > Mediate Group > Eastern Hindi,Eastern Hindi,0,737,495,500,PROV,Provinces,5463602,3017571,2446031
A. Vernaculars of India > Indo-European Family > Aryan Sub-Family > Indo-Aryan Branch > Mediate Sub-Branch > Mediate Group > Eastern Hindi,Eastern Hindi,0,737,495,500,STATES,States and Agencies,2403501,1192739,1210762
A. Vernaculars of India > Indo-European Family > Aryan Sub-Family > Indo-Aryan Branch > Mediate Sub-Branch > Mediate Group > Eastern Hindi,Eastern Hindi,0,737,495,500,1,Ajmer-Merwara,855,504,351
A. Vernaculars of India > Indo-European Family > Aryan Sub-Family > Indo-Aryan Branch > Mediate Sub-Branch > Mediate Group > Eastern Hindi,Eastern Hindi,0,737,495,500,3,Assam,587234,334233,253001
A. Vernaculars of India > Indo-European Family > Aryan Sub-Family > Indo-Aryan Branch > Mediate Sub-Branch > Mediate Group > Eastern Hindi,Eastern Hindi,0,737,495,500,4,Baluchistan (Districts and Administered Territories),39,26,13
A. Vernaculars of India > Indo-European Family > Aryan Sub-Family > Indo-Aryan Branch > Mediate Sub-Branch > Mediate Group > Eastern Hindi,Eastern Hindi,0,737,495,500,5,Bengal,1612016,1084709,527307
A. Vernaculars of India > Indo-European Family > Aryan Sub-Family > Indo-Aryan Branch > Mediate Sub-Branch > Mediate Group > Eastern Hindi,Eastern Hindi,0,737,495,500,7,Bombay (including Aden),20929,10381,10548
A. Vernaculars of India > Indo-European Family > Aryan Sub-Family > Indo-Aryan Branch > Mediate Sub-Branch > Mediate Group > Eastern Hindi,Eastern Hindi,0,737,495,500,9,Central Provinces and Berar,3239030,1585999,1653031
A. Vernaculars of India > Indo-European Family > Aryan Sub-Family > Indo-Aryan Branch > Mediate Sub-Branch > Mediate Group > Eastern Hindi,Eastern Hindi,0,737,495,500,12,Madras,3278,1568,1710
A. Vernaculars of India > Indo-European Family > Aryan Sub-Family > Indo-Aryan Branch > Mediate Sub-Branch > Mediate Group > Eastern Hindi,Eastern Hindi,0,737,495,500,13,North-West Frontier Province (Districts and Administered Territories),221,151,70
A. Vernaculars of India > Indo-European Family > Aryan Sub-Family > Indo-Aryan Branch > Mediate Sub-Branch > Mediate Group > Eastern Hindi,Eastern Hindi,0,737,495,500,16,Assam States,2607,1654,951
A. Vernaculars of India > Indo-European Family > Aryan Sub-Family > Indo-Aryan Branch > Mediate Sub-Branch > Mediate Group > Eastern Hindi,Eastern Hindi,0,737,495,500,18,Baroda State,3,3,
A. Vernaculars of India > Indo-European Family > Aryan Sub-Family > Indo-Aryan Branch > Mediate Sub-Branch > Mediate Group > Eastern Hindi,Eastern Hindi,0,737,495,500,19,Bengal States,23276,14014,9262
A. Vernaculars of India > Indo-European Family > Aryan Sub-Family > Indo-Aryan Branch > Mediate Sub-Branch > Mediate Group > Eastern Hindi,Eastern Hindi,0,737,495,500,21,Bombay States,1120,710,410
A. Vernaculars of India > Indo-European Family > Aryan Sub-Family > Indo-Aryan Branch > Mediate Sub-Branch > Mediate Group > Eastern Hindi,Eastern Hindi,0,737,495,500,22,Central India Agency,1490431,745909,744522
A. Vernaculars of India > Indo-European Family > Aryan Sub-Family > Indo-Aryan Branch > Mediate Sub-Branch > Mediate Group > Eastern Hindi,Eastern Hindi,0,737,495,500,23,Central Provinces States,868727,421184,447543
A. Vernaculars of India > Indo-European Family > Aryan Sub-Family > Indo-Aryan Branch > Mediate Sub-Branch > Mediate Group > Eastern Hindi,Eastern Hindi,0,737,495,500,24,Gwalior State,7707,3654,4053
A. Vernaculars of India > Indo-European Family > Aryan Sub-Family > Indo-Aryan Branch > Mediate Sub-Branch > Mediate Group > Eastern Hindi,Eastern Hindi,0,737,495,500,25,Hyderabad State,540,315,225
A. Vernaculars of India > Indo-European Family > Aryan Sub-Family > Indo-Aryan Branch > Mediate Sub-Branch > Mediate Group > Eastern Hindi,Eastern Hindi,0,737,495,500,26,Jammu and Kashmir State,3,1,2
A. Vernaculars of India > Indo-European Family > Aryan Sub-Family > Indo-Aryan Branch > Mediate Sub-Branch > Mediate Group > Eastern Hindi,Eastern Hindi,0,737,495,500,28,Mysore State,6915,3909,3006
A. Vernaculars of India > Indo-European Family > Aryan Sub-Family > Indo-Aryan Branch > Mediate Sub-Branch > Mediate Group > Eastern Hindi,Eastern Hindi,0,737,495,500,29,North-West Frontier Province (Agencies and Tribal Areas),7,7,
A. Vernaculars of India > Indo-European Family > Aryan Sub-Family > Indo-Aryan Branch > Mediate Sub-Branch > Mediate Group > Eastern Hindi,Eastern Hindi,0,737,495,500,32,Rajputana Agency,1715,1007,708
A. Vernaculars of India > Indo-European Family > Aryan Sub-Family > Indo-Aryan Branch > Mediate Sub-Branch > Mediate Group > Eastern Hindi,Eastern Hindi,0,737,495,500,33,Sikkim State,450,370,80
A. Vernaculars of India > Indo-European Family > Aryan Sub-Family > Indo-Aryan Branch > Inner Sub-Branch,Inner Sub-Branch,1,740,495,500,INDIA,India,117309178,62124448,55184730
A. Vernaculars of India > Indo-European Family > Aryan Sub-Family > Indo-Aryan Branch > Inner Sub-Branch,Inner Sub-Branch,1,740,495,500,PROV,Provinces,79818038,42505821,37312217
A. Vernaculars of India > Indo-European Family > Aryan Sub-Family > Indo-Aryan Branch > Inner Sub-Branch,Inner Sub-Branch,1,740,495,500,STATES,States and Agencies,37491140,19618627,17872513
A. Vernaculars of India > Indo-European Family > Aryan Sub-Family > Indo-Aryan Branch > Inner Sub-Branch,Inner Sub-Branch,1,740,495,500,1,Ajmer-Merwara,553627,291883,261744
A. Vernaculars of India > Indo-European Family > Aryan Sub-Family > Indo-Aryan Branch > Inner Sub-Branch,Inner Sub-Branch,1,740,495,500,2,Andaman and Nicobar Islands,9306,6691,2615
A. Vernaculars of India > Indo-European Family > Aryan Sub-Family > Indo-Aryan Branch > Inner Sub-Branch,Inner Sub-Branch,1,740,495,500,3,Assam,145441,90490,54951
A. Vernaculars of India > Indo-European Family > Aryan Sub-Family > Indo-Aryan Branch > Inner Sub-Branch,Inner Sub-Branch,1,740,495,500,4,Baluchistan (Districts and Administered Territories),45215,33186,12029
A. Vernaculars of India > Indo-European Family > Aryan Sub-Family > Indo-Aryan Branch > Inner Sub-Branch,Inner Sub-Branch,1,740,495,500,5,Bengal,426722,262884,163838
A. Vernaculars of India > Indo-European Family > Aryan Sub-Family > Indo-Aryan Branch > Inner Sub-Branch,Inner Sub-Branch,1,740,495,500,6,Bihar and Orissa,39090,24277,14813
A. Vernaculars of India > Indo-European Family > Aryan Sub-Family > Indo-Aryan Branch > Inner Sub-Branch,Inner Sub-Branch,1,740,495,500,7,Bombay (including Aden),5797429,3133972,2663457
A. Vernaculars of India > Indo-European Family > Aryan Sub-Family > Indo-Aryan Branch > Inner Sub-Branch,Inner Sub-Branch,1,740,495,500,7a,Aden,7741,4739,3002
A. Vernaculars of India > Indo-European Family > Aryan Sub-Family > Indo-Aryan Branch > Inner Sub-Branch,Inner Sub-Branch,1,740,495,500,8,Burma,279720,207158,72562
A. Vernaculars of India > Indo-European Family > Aryan Sub-Family > Indo-Aryan Branch > Inner Sub-Branch,Inner Sub-Branch,1,740,495,500,9,Central Provinces and Berar,5259506,2666627,2592879
A. Vernaculars of India > Indo-European Family > Aryan Sub-Family > Indo-Aryan Branch > Inner Sub-Branch,Inner Sub-Branch,1,740,495,500,10,Coorg,4446,2449,1997
A. Vernaculars of India > Indo-European Family > Aryan Sub-Family > Indo-Aryan Branch > Inner Sub-Branch,Inner Sub-Branch,1,740,495,500,11,Delhi,619841,359069,260772
A. Vernaculars of India > Indo-European Family > Aryan Sub-Family > Indo-Aryan Branch > Inner Sub-Branch,Inner Sub-Branch,1,740,495,500,12,Madras,1403292,719315,683977
A. Vernaculars of India > Indo-European Family > Aryan Sub-Family > Indo-Aryan Branch > Inner Sub-Branch,Inner Sub-Branch,1,740,495,500,13,North-West Frontier Province (Districts and Administered Territories),93164,68468,24696
A. Vernaculars of India > Indo-European Family > Aryan Sub-Family > Indo-Aryan Branch > Inner Sub-Branch,Inner Sub-Branch,1,740,495,500,14,Punjab,16809753,9241705,7568048
A. Vernaculars of India > Indo-European Family > Aryan Sub-Family > Indo-Aryan Branch > Inner Sub-Branch,Inner Sub-Branch,1,740,495,500,15,United Provinces of Agra and Oudh,48331486,25397647,22933839
A. Vernaculars of India > Indo-European Family > Aryan Sub-Family > Indo-Aryan Branch > Inner Sub-Branch,Inner Sub-Branch,1,740,495,500,16,Assam States,13056,8861,4195
A. Vernaculars of India > Indo-European Family > Aryan Sub-Family > Indo-Aryan Branch > Inner Sub-Branch,Inner Sub-Branch,1,740,495,500,17,Baluchistan States,441,310,131
A. Vernaculars of India > Indo-European Family > Aryan Sub-Family > Indo-Aryan Branch > Inner Sub-Branch,Inner Sub-Branch,1,740,495,500,18,Baroda State,2386479,1227654,1158825
A. Vernaculars of India > Indo-European Family > Aryan Sub-Family > Indo-Aryan Branch > Inner Sub-Branch,Inner Sub-Branch,1,740,495,500,19,Bengal States,3504,2373,1131
A. Vernaculars of India > Indo-European Family > Aryan Sub-Family > Indo-Aryan Branch > Inner Sub-Branch,Inner Sub-Branch,1,740,495,500,20,Bihar and Orissa States,5656,2915,2741
A. Vernaculars of India > Indo-European Family > Aryan Sub-Family > Indo-Aryan Branch > Inner Sub-Branch,Inner Sub-Branch,1,740,495,500,21,Bombay States,1839644,947666,891978
A. Vernaculars of India > Indo-European Family > Aryan Sub-Family > Indo-Aryan Branch > Inner Sub-Branch,Inner Sub-Branch,1,740,495,500,22,Central India Agency,4715008,2441754,2273254
A. Vernaculars of India > Indo-European Family > Aryan Sub-Family > Indo-Aryan Branch > Inner Sub-Branch,Inner Sub-Branch,1,740,495,500,23,Central Provinces States,791683,400083,391600
A. Vernaculars of India > Indo-European Family > Aryan Sub-Family > Indo-Aryan Branch > Inner Sub-Branch,Inner Sub-Branch,1,740,495,500,24,Gwalior State,3469648,1837453,1632195
A. Vernaculars of India > Indo-European Family > Aryan Sub-Family > Indo-Aryan Branch > Inner Sub-Branch,Inner Sub-Branch,1,740,495,500,25,Hyderabad State,1899258,990796,908462
A. Vernaculars of India > Indo-European Family > Aryan Sub-Family > Indo-Aryan Branch > Inner Sub-Branch,Inner Sub-Branch,1,740,495,500,26,Jammu and Kashmir State,1841456,972371,869085
A. Vernaculars of India > Indo-European Family > Aryan Sub-Family > Indo-Aryan Branch > Inner Sub-Branch,Inner Sub-Branch,1,740,495,500,27,Madras States Agency,25078,12880,12198
A. Vernaculars of India > Indo-European Family > Aryan Sub-Family > Indo-Aryan Branch > Inner Sub-Branch,Inner Sub-Branch,1,740,495,500,27a,Cochin State,3827,2034,1793
A. Vernaculars of India > Indo-European Family > Aryan Sub-Family > Indo-Aryan Branch > Inner Sub-Branch,Inner Sub-Branch,1,740,495,500,27b,Travancore State,6904,3666,3238
A. Vernaculars of India > Indo-European Family > Aryan Sub-Family > Indo-Aryan Branch > Inner Sub-Branch,Inner Sub-Branch,1,740,495,500,27c,Other Madras States,14347,7180,7167
A. Vernaculars of India > Indo-European Family > Aryan Sub-Family > Indo-Aryan Branch > Inner Sub-Branch,Inner Sub-Branch,1,740,495,500,28,Mysore State,447483,236189,211294
A. Vernaculars of India > Indo-European Family > Aryan Sub-Family > Indo-Aryan Branch > Inner Sub-Branch,Inner Sub-Branch,1,740,495,500,29,North-West Frontier Province (Agencies and Tribal Areas),28486,27909,577
A. Vernaculars of India > Indo-European Family > Aryan Sub-Family > Indo-Aryan Branch > Inner Sub-Branch,Inner Sub-Branch,1,740,495,500,30,Punjab States,407604,215077,192527
A. Vernaculars of India > Indo-European Family > Aryan Sub-Family > Indo-Aryan Branch > Inner Sub-Branch,Inner Sub-Branch,1,740,495,500,31,Punjab States Agency,3603815,1972671,1631144
A. Vernaculars of India > Indo-European Family > Aryan Sub-Family > Indo-Aryan Branch > Inner Sub-Branch,Inner Sub-Branch,1,740,495,500,32,Rajputana Agency,11193610,5868459,5325151
A. Vernaculars of India > Indo-European Family > Aryan Sub-Family > Indo-Aryan Branch > Inner Sub-Branch,Inner Sub-Branch,1,740,495,500,33,Sikkim State,39234,20001,19233
A. Vernaculars of India > Indo-European Family > Aryan Sub-Family > Indo-Aryan Branch > Inner Sub-Branch,Inner Sub-Branch,1,740,495,500,34,United Provinces States,1205649,617813,587836
A. Vernaculars of India > Indo-European Family > Aryan Sub-Family > Indo-Aryan Branch > Inner Sub-Branch,Inner Sub-Branch,1,740,495,500,35,Western India States Agency,3574348,1815392,1758956
A. Vernaculars of India > Indo-European Family > Aryan Sub-Family > Indo-Aryan Branch > Inner Sub-Branch > Central Group,Central Group,1,743,495,500,INDIA,India,114556746,60652042,53904704
A. Vernaculars of India > Indo-European Family > Aryan Sub-Family > Indo-Aryan Branch > Inner Sub-Branch > Central Group,Central Group,1,743,495,500,PROV,Provinces,78666945,41871403,36795542
A. Vernaculars of India > Indo-European Family > Aryan Sub-Family > Indo-Aryan Branch > Inner Sub-Branch > Central Group,Central Group,1,743,495,500,STATES,States and Agencies,35889801,18780639,17109162
A. Vernaculars of India > Indo-European Family > Aryan Sub-Family > Indo-Aryan Branch > Inner Sub-Branch > Central Group,Central Group,1,743,495,500,1,Ajmer-Merwara,553442,291738,261704
A. Vernaculars of India > Indo-European Family > Aryan Sub-Family > Indo-Aryan Branch > Inner Sub-Branch > Central Group,Central Group,1,743,495,500,2,Andaman and Nicobar Islands,9300,6685,2615
A. Vernaculars of India > Indo-European Family > Aryan Sub-Family > Indo-Aryan Branch > Inner Sub-Branch > Central Group,Central Group,1,743,495,500,3,Assam,21609,15361,6248
A. Vernaculars of India > Indo-European Family > Aryan Sub-Family > Indo-Aryan Branch > Inner Sub-Branch > Central Group,Central Group,1,743,495,500,4,Baluchistan (Districts and Administered Territories),37351,26937,10414
A. Vernaculars of India > Indo-European Family > Aryan Sub-Family > Indo-Aryan Branch > Inner Sub-Branch > Central Group,Central Group,1,743,495,500,5,Bengal,293571,191351,102220
A. Vernaculars of India > Indo-European Family > Aryan Sub-Family > Indo-Aryan Branch > Inner Sub-Branch > Central Group,Central Group,1,743,495,500,6,Bihar and Orissa,31679,19295,12384
A. Vernaculars of India > Indo-European Family > Aryan Sub-Family > Indo-Aryan Branch > Inner Sub-Branch > Central Group,Central Group,1,743,495,500,7,Bombay (including Aden),5792184,3130917,2661267
A. Vernaculars of India > Indo-European Family > Aryan Sub-Family > Indo-Aryan Branch > Inner Sub-Branch > Central Group,Central Group,1,743,495,500,7a,Aden,7741,4739,3002
A. Vernaculars of India > Indo-European Family > Aryan Sub-Family > Indo-Aryan Branch > Inner Sub-Branch > Central Group,Central Group,1,743,495,500,8,Burma,238370,178892,59478
A. Vernaculars of India > Indo-European Family > Aryan Sub-Family > Indo-Aryan Branch > Inner Sub-Branch > Central Group,Central Group,1,743,495,500,9,Central Provinces and Berar,5258720,2666134,2592586
A. Vernaculars of India > Indo-European Family > Aryan Sub-Family > Indo-Aryan Branch > Inner Sub-Branch > Central Group,Central Group,1,743,495,500,10,Coorg,4446,2449,1997
A. Vernaculars of India > Indo-European Family > Aryan Sub-Family > Indo-Aryan Branch > Inner Sub-Branch > Central Group,Central Group,1,743,495,500,11,Delhi,618039,357647,260392
A. Vernaculars of India > Indo-European Family > Aryan Sub-Family > Indo-Aryan Branch > Inner Sub-Branch > Central Group,Central Group,1,743,495,500,12,Madras,1403102,719185,683917
A. Vernaculars of India > Indo-European Family > Aryan Sub-Family > Indo-Aryan Branch > Inner Sub-Branch > Central Group,Central Group,1,743,495,500,13,North-West Frontier Province (Districts and Administered Territories),87992,64506,23486
A. Vernaculars of India > Indo-European Family > Aryan Sub-Family > Indo-Aryan Branch > Inner Sub-Branch > Central Group,Central Group,1,743,495,500,14,Punjab,16016674,8826956,7189718
A. Vernaculars of India > Indo-European Family > Aryan Sub-Family > Indo-Aryan Branch > Inner Sub-Branch > Central Group,Central Group,1,743,495,500,15,United Provinces of Agra and Oudh,48300466,25373350,22927116
A. Vernaculars of India > Indo-European Family > Aryan Sub-Family > Indo-Aryan Branch > Inner Sub-Branch > Central Group,Central Group,1,743,495,500,16,Assam States,706,483,223
A. Vernaculars of India > Indo-European Family > Aryan Sub-Family > Indo-Aryan Branch > Inner Sub-Branch > Central Group,Central Group,1,743,495,500,17,Baluchistan States,404,273,131
A. Vernaculars of India > Indo-European Family > Aryan Sub-Family > Indo-Aryan Branch > Inner Sub-Branch > Central Group,Central Group,1,743,495,500,18,Baroda State,2386327,1227529,1158798
A. Vernaculars of India > Indo-European Family > Aryan Sub-Family > Indo-Aryan Branch > Inner Sub-Branch > Central Group,Central Group,1,743,495,500,19,Bengal States,2508,1799,709
A. Vernaculars of India > Indo-European Family > Aryan Sub-Family > Indo-Aryan Branch > Inner Sub-Branch > Central Group,Central Group,1,743,495,500,20,Bihar and Orissa States,5574,2857,2717
A. Vernaculars of India > Indo-European Family > Aryan Sub-Family > Indo-Aryan Branch > Inner Sub-Branch > Central Group,Central Group,1,743,495,500,21,Bombay States,1838093,946729,891364
A. Vernaculars of India > Indo-European Family > Aryan Sub-Family > Indo-Aryan Branch > Inner Sub-Branch > Central Group,Central Group,1,743,495,500,22,Central India Agency,4714652,2441487,2273165
A. Vernaculars of India > Indo-European Family > Aryan Sub-Family > Indo-Aryan Branch > Inner Sub-Branch > Central Group,Central Group,1,743,495,500,23,Central Provinces States,791524,400007,391517
A. Vernaculars of India > Indo-European Family > Aryan Sub-Family > Indo-Aryan Branch > Inner Sub-Branch > Central Group,Central Group,1,743,495,500,24,Gwalior State,3469350,1837272,1632078
A. Vernaculars of India > Indo-European Family > Aryan Sub-Family > Indo-Aryan Branch > Inner Sub-Branch > Central Group,Central Group,1,743,495,500,25,Hyderabad State,1899258,990796,908462
A. Vernaculars of India > Indo-European Family > Aryan Sub-Family > Indo-Aryan Branch > Inner Sub-Branch > Central Group,Central Group,1,743,495,500,26,Jammu and Kashmir State,1207007,644622,562385
A. Vernaculars of India > Indo-European Family > Aryan Sub-Family > Indo-Aryan Branch > Inner Sub-Branch > Central Group,Central Group,1,743,495,500,27,Madras States Agency,25077,12879,12198
A. Vernaculars of India > Indo-European Family > Aryan Sub-Family > Indo-Aryan Branch > Inner Sub-Branch > Central Group,Central Group,1,743,495,500,27a,Cochin State,3827,2034,1793
A. Vernaculars of India > Indo-European Family > Aryan Sub-Family > Indo-Aryan Branch > Inner Sub-Branch > Central Group,Central Group,1,743,495,500,27b,Travancore State,6903,3665,3238
A. Vernaculars of India > Indo-European Family > Aryan Sub-Family > Indo-Aryan Branch > Inner Sub-Branch > Central Group,Central Group,1,743,495,500,27c,Other Madras States,14347,7180,7167
A. Vernaculars of India > Indo-European Family > Aryan Sub-Family > Indo-Aryan Branch > Inner Sub-Branch > Central Group,Central Group,1,743,495,500,28,Mysore State,447473,236186,211287
A. Vernaculars of India > Indo-European Family > Aryan Sub-Family > Indo-Aryan Branch > Inner Sub-Branch > Central Group,Central Group,1,743,495,500,29,North-West Frontier Province (Agencies and Tribal Areas),23309,22732,577
A. Vernaculars of India > Indo-European Family > Aryan Sub-Family > Indo-Aryan Branch > Inner Sub-Branch > Central Group,Central Group,1,743,495,500,30,Punjab States,143258,77969,65289
A. Vernaculars of India > Indo-European Family > Aryan Sub-Family > Indo-Aryan Branch > Inner Sub-Branch > Central Group,Central Group,1,743,495,500,31,Punjab States Agency,2962088,1635608,1326480
A. Vernaculars of India > Indo-European Family > Aryan Sub-Family > Indo-Aryan Branch > Inner Sub-Branch > Central Group,Central Group,1,743,495,500,32,Rajputana Agency,11192931,5867963,5324968
A. Vernaculars of India > Indo-European Family > Aryan Sub-Family > Indo-Aryan Branch > Inner Sub-Branch > Central Group,Central Group,1,743,495,500,33,Sikkim State,368,308,60
A. Vernaculars of India > Indo-European Family > Aryan Sub-Family > Indo-Aryan Branch > Inner Sub-Branch > Central Group,Central Group,1,743,495,500,34,United Provinces States,1205602,617788,587814
A. Vernaculars of India > Indo-European Family > Aryan Sub-Family > Indo-Aryan Branch > Inner Sub-Branch > Central Group,Central Group,1,743,495,500,35,Western India States Agency,3574292,1815352,1758940
A. Vernaculars of India > Indo-European Family > Aryan Sub-Family > Indo-Aryan Branch > Inner Sub-Branch > Central Group > Western Hindi,Western Hindi,0,746,496,501,INDIA,India,71547071,37743130,33803941
A. Vernaculars of India > Indo-European Family > Aryan Sub-Family > Indo-Aryan Branch > Inner Sub-Branch > Central Group > Western Hindi,Western Hindi,0,746,496,501,PROV,Provinces,60348239,31854631,28493608
A. Vernaculars of India > Indo-European Family > Aryan Sub-Family > Indo-Aryan Branch > Inner Sub-Branch > Central Group > Western Hindi,Western Hindi,0,746,496,501,STATES,States and Agencies,11198832,5888499,5310333
A. Vernaculars of India > Indo-European Family > Aryan Sub-Family > Indo-Aryan Branch > Inner Sub-Branch > Central Group > Western Hindi,Western Hindi,0,746,496,501,1,Ajmer-Merwara,122848,67097,55751
A. Vernaculars of India > Indo-European Family > Aryan Sub-Family > Indo-Aryan Branch > Inner Sub-Branch > Central Group > Western Hindi,Western Hindi,0,746,496,501,2,Andaman and Nicobar Islands,6929,4814,2115
A. Vernaculars of India > Indo-European Family > Aryan Sub-Family > Indo-Aryan Branch > Inner Sub-Branch > Central Group > Western Hindi,Western Hindi,0,746,496,501,4,Baluchistan (Districts and Administered Territories),16939,12521,4418
A. Vernaculars of India > Indo-European Family > Aryan Sub-Family > Indo-Aryan Branch > Inner Sub-Branch > Central Group > Western Hindi,Western Hindi,0,746,496,501,5,Bengal,253674,163372,90302
A. Vernaculars of India > Indo-European Family > Aryan Sub-Family > Indo-Aryan Branch > Inner Sub-Branch > Central Group > Western Hindi,Western Hindi,0,746,496,501,7,Bombay (including Aden),1399277,804949,594328
A. Vernaculars of India > Indo-European Family > Aryan Sub-Family > Indo-Aryan Branch > Inner Sub-Branch > Central Group > Western Hindi,Western Hindi,0,746,496,501,7a,Aden,4946,2893,2053
A. Vernaculars of India > Indo-European Family > Aryan Sub-Family > Indo-Aryan Branch > Inner Sub-Branch > Central Group > Western Hindi,Western Hindi,0,746,496,501,8,Burma,192567,145589,46978
A. Vernaculars of India > Indo-European Family > Aryan Sub-Family > Indo-Aryan Branch > Inner Sub-Branch > Central Group > Western Hindi,Western Hindi,0,746,496,501,9,Central Provinces and Berar,4825293,2432735,2392558
A. Vernaculars of India > Indo-European Family > Aryan Sub-Family > Indo-Aryan Branch > Inner Sub-Branch > Central Group > Western Hindi,Western Hindi,0,746,496,501,10,Coorg,4382,2405,1977
A. Vernaculars of India > Indo-European Family > Aryan Sub-Family > Indo-Aryan Branch > Inner Sub-Branch > Central Group > Western Hindi,Western Hindi,0,746,496,501,11,Delhi,586967,336827,250140
A. Vernaculars of India > Indo-European Family > Aryan Sub-Family > Indo-Aryan Branch > Inner Sub-Branch > Central Group > Western Hindi,Western Hindi,0,746,496,501,12,Madras,1237523,635599,601924
A. Vernaculars of India > Indo-European Family > Aryan Sub-Family > Indo-Aryan Branch > Inner Sub-Branch > Central Group > Western Hindi,Western Hindi,0,746,496,501,13,North-West Frontier Province (Districts and Administered Territories),19221,13915,5306
A. Vernaculars of India > Indo-European Family > Aryan Sub-Family > Indo-Aryan Branch > Inner Sub-Branch > Central Group > Western Hindi,Western Hindi,0,746,496,501,14,Punjab,3431393,1893670,1537723
A. Vernaculars of India > Indo-European Family > Aryan Sub-Family > Indo-Aryan Branch > Inner Sub-Branch > Central Group > Western Hindi,Western Hindi,0,746,496,501,15,United Provinces of Agra and Oudh,48251226,25341138,22910088
A. Vernaculars of India > Indo-European Family > Aryan Sub-Family > Indo-Aryan Branch > Inner Sub-Branch > Central Group > Western Hindi,Western Hindi,0,746,496,501,17,Baluchistan States,153,109,44
A. Vernaculars of India > Indo-European Family > Aryan Sub-Family > Indo-Aryan Branch > Inner Sub-Branch > Central Group > Western Hindi,Western Hindi,0,746,496,501,18,Baroda State,78188,42684,35504
A. Vernaculars of India > Indo-European Family > Aryan Sub-Family > Indo-Aryan Branch > Inner Sub-Branch > Central Group > Western Hindi,Western Hindi,0,746,496,501,19,Bengal States,1692,1177,515
A. Vernaculars of India > Indo-European Family > Aryan Sub-Family > Indo-Aryan Branch > Inner Sub-Branch > Central Group > Western Hindi,Western Hindi,0,746,496,501,21,Bombay States,167075,85545,81530
A. Vernaculars of India > Indo-European Family > Aryan Sub-Family > Indo-Aryan Branch > Inner Sub-Branch > Central Group > Western Hindi,Western Hindi,0,746,496,501,22,Central India Agency,2405677,1253929,1151748
A. Vernaculars of India > Indo-European Family > Aryan Sub-Family > Indo-Aryan Branch > Inner Sub-Branch > Central Group > Western Hindi,Western Hindi,0,746,496,501,23,Central Provinces States,780168,393842,386326
A. Vernaculars of India > Indo-European Family > Aryan Sub-Family > Indo-Aryan Branch > Inner Sub-Branch > Central Group > Western Hindi,Western Hindi,0,746,496,501,24,Gwalior State,2228829,1192752,1036077
A. Vernaculars of India > Indo-European Family > Aryan Sub-Family > Indo-Aryan Branch > Inner Sub-Branch > Central Group > Western Hindi,Western Hindi,0,746,496,501,25,Hyderabad State,1573630,819138,754492
A. Vernaculars of India > Indo-European Family > Aryan Sub-Family > Indo-Aryan Branch > Inner Sub-Branch > Central Group > Western Hindi,Western Hindi,0,746,496,501,26,Jammu and Kashmir State,6257,3499,2758
A. Vernaculars of India > Indo-European Family > Aryan Sub-Family > Indo-Aryan Branch > Inner Sub-Branch > Central Group > Western Hindi,Western Hindi,0,746,496,501,27,Madras States Agency,19647,10063,9584
A. Vernaculars of India > Indo-European Family > Aryan Sub-Family > Indo-Aryan Branch > Inner Sub-Branch > Central Group > Western Hindi,Western Hindi,0,746,496,501,27a,Cochin State,2565,1340,1225
A. Vernaculars of India > Indo-European Family > Aryan Sub-Family > Indo-Aryan Branch > Inner Sub-Branch > Central Group > Western Hindi,Western Hindi,0,746,496,501,27b,Travancore State,4552,2426,2126
A. Vernaculars of India > Indo-European Family > Aryan Sub-Family > Indo-Aryan Branch > Inner Sub-Branch > Central Group > Western Hindi,Western Hindi,0,746,496,501,27c,Other Madras States,12530,6297,6233
A. Vernaculars of India > Indo-European Family > Aryan Sub-Family > Indo-Aryan Branch > Inner Sub-Branch > Central Group > Western Hindi,Western Hindi,0,746,496,501,28,Mysore State,382876,202493,180383
A. Vernaculars of India > Indo-European Family > Aryan Sub-Family > Indo-Aryan Branch > Inner Sub-Branch > Central Group > Western Hindi,Western Hindi,0,746,496,501,29,North-West Frontier Province (Agencies and Tribal Areas),4521,4436,85
A. Vernaculars of India > Indo-European Family > Aryan Sub-Family > Indo-Aryan Branch > Inner Sub-Branch > Central Group > Western Hindi,Western Hindi,0,746,496,501,30,Punjab States,97185,52422,44763
A. Vernaculars of India > Indo-European Family > Aryan Sub-Family > Indo-Aryan Branch > Inner Sub-Branch > Central Group > Western Hindi,Western Hindi,0,746,496,501,31,Punjab States Agency,459445,246529,212916
A. Vernaculars of India > Indo-European Family > Aryan Sub-Family > Indo-Aryan Branch > Inner Sub-Branch > Central Group > Western Hindi,Western Hindi,0,746,496,501,32,Rajputana Agency,1721186,926351,794835
A. Vernaculars of India > Indo-European Family > Aryan Sub-Family > Indo-Aryan Branch > Inner Sub-Branch > Central Group > Western Hindi,Western Hindi,0,746,496,501,33,Sikkim State,86,84,2
A. Vernaculars of India > Indo-European Family > Aryan Sub-Family > Indo-Aryan Branch > Inner Sub-Branch > Central Group > Western Hindi,Western Hindi,0,746,496,501,34,United Provinces States,1205101,617474,587627
A. Vernaculars of India > Indo-European Family > Aryan Sub-Family > Indo-Aryan Branch > Inner Sub-Branch > Central Group > Western Hindi,Western Hindi,0,746,496,501,35,Western India States Agency,67116,35972,31144
A. Vernaculars of India > Indo-European Family > Aryan Sub-Family > Indo-Aryan Branch > Inner Sub-Branch > Central Group > Rajasthani,Rajasthani,0,749,496,501,INDIA,India,13897896,7271204,6626692
A. Vernaculars of India > Indo-European Family > Aryan Sub-Family > Indo-Aryan Branch > Inner Sub-Branch > Central Group > Rajasthani,Rajasthani,0,749,496,501,PROV,Provinces,1619771,865151,754620
A. Vernaculars of India > Indo-European Family > Aryan Sub-Family > Indo-Aryan Branch > Inner Sub-Branch > Central Group > Rajasthani,Rajasthani,0,749,496,501,STATES,States and Agencies,12278125,6406053,5872072
A. Vernaculars of India > Indo-European Family > Aryan Sub-Family > Indo-Aryan Branch > Inner Sub-Branch > Central Group > Rajasthani,Rajasthani,0,749,496,501,1,Ajmer-Merwara,427691,222725,204966
A. Vernaculars of India > Indo-European Family > Aryan Sub-Family > Indo-Aryan Branch > Inner Sub-Branch > Central Group > Rajasthani,Rajasthani,0,749,496,501,3,Assam,15854,11376,4478
A. Vernaculars of India > Indo-European Family > Aryan Sub-Family > Indo-Aryan Branch > Inner Sub-Branch > Central Group > Rajasthani,Rajasthani,0,749,496,501,4,Baluchistan (Districts and Administered Territories),524,323,201
A. Vernaculars of India > Indo-European Family > Aryan Sub-Family > Indo-Aryan Branch > Inner Sub-Branch > Central Group > Rajasthani,Rajasthani,0,749,496,501,5,Bengal,18876,12397,6479
A. Vernaculars of India > Indo-European Family > Aryan Sub-Family > Indo-Aryan Branch > Inner Sub-Branch > Central Group > Rajasthani,Rajasthani,0,749,496,501,6,Bihar and Orissa,17945,10132,7813
A. Vernaculars of India > Indo-European Family > Aryan Sub-Family > Indo-Aryan Branch > Inner Sub-Branch > Central Group > Rajasthani,Rajasthani,0,749,496,501,7,Bombay (including Aden),293422,167957,125465
A. Vernaculars of India > Indo-European Family > Aryan Sub-Family > Indo-Aryan Branch > Inner Sub-Branch > Central Group > Rajasthani,Rajasthani,0,749,496,501,8,Burma,388,153,235
A. Vernaculars of India > Indo-European Family > Aryan Sub-Family > Indo-Aryan Branch > Inner Sub-Branch > Central Group > Rajasthani,Rajasthani,0,749,496,501,9,Central Provinces and Berar,336648,178179,158469
A. Vernaculars of India > Indo-European Family > Aryan Sub-Family > Indo-Aryan Branch > Inner Sub-Branch > Central Group > Rajasthani,Rajasthani,0,749,496,501,10,Coorg,7,7,
A. Vernaculars of India > Indo-European Family > Aryan Sub-Family > Indo-Aryan Branch > Inner Sub-Branch > Central Group > Rajasthani,Rajasthani,0,749,496,501,11,Delhi,6730,3796,2934
A. Vernaculars of India > Indo-European Family > Aryan Sub-Family > Indo-Aryan Branch > Inner Sub-Branch > Central Group > Rajasthani,Rajasthani,0,749,496,501,12,Madras,53784,28116,25668
A. Vernaculars of India > Indo-European Family > Aryan Sub-Family > Indo-Aryan Branch > Inner Sub-Branch > Central Group > Rajasthani,Rajasthani,0,749,496,501,13,North-West Frontier Province (Districts and Administered Territories),596,309,287
A. Vernaculars of India > Indo-European Family > Aryan Sub-Family > Indo-Aryan Branch > Inner Sub-Branch > Central Group > Rajasthani,Rajasthani,0,749,496,501,14,Punjab,428894,218515,210379
A. Vernaculars of India > Indo-European Family > Aryan Sub-Family > Indo-Aryan Branch > Inner Sub-Branch > Central Group > Rajasthani,Rajasthani,0,749,496,501,15,United Provinces of Agra and Oudh,18412,11166,7246
A. Vernaculars of India > Indo-European Family > Aryan Sub-Family > Indo-Aryan Branch > Inner Sub-Branch > Central Group > Rajasthani,Rajasthani,0,749,496,501,16,Assam States,391,237,154
A. Vernaculars of India > Indo-European Family > Aryan Sub-Family > Indo-Aryan Branch > Inner Sub-Branch > Central Group > Rajasthani,Rajasthani,0,749,496,501,17,Baluchistan States,6,2,4
A. Vernaculars of India > Indo-European Family > Aryan Sub-Family > Indo-Aryan Branch > Inner Sub-Branch > Central Group > Rajasthani,Rajasthani,0,749,496,501,18,Baroda State,7246,4389,2857
A. Vernaculars of India > Indo-European Family > Aryan Sub-Family > Indo-Aryan Branch > Inner Sub-Branch > Central Group > Rajasthani,Rajasthani,0,749,496,501,19,Bengal States,698,528,170
A. Vernaculars of India > Indo-European Family > Aryan Sub-Family > Indo-Aryan Branch > Inner Sub-Branch > Central Group > Rajasthani,Rajasthani,0,749,496,501,20,Bihar and Orissa States,4339,2052,2287
A. Vernaculars of India > Indo-European Family > Aryan Sub-Family > Indo-Aryan Branch > Inner Sub-Branch > Central Group > Rajasthani,Rajasthani,0,749,496,501,21,Bombay States,9517,5555,3962
A. Vernaculars of India > Indo-European Family > Aryan Sub-Family > Indo-Aryan Branch > Inner Sub-Branch > Central Group > Rajasthani,Rajasthani,0,749,496,501,22,Central India Agency,1646881,850226,796655
A. Vernaculars of India > Indo-European Family > Aryan Sub-Family > Indo-Aryan Branch > Inner Sub-Branch > Central Group > Rajasthani,Rajasthani,0,749,496,501,23,Central Provinces States,9900,5243,4657
A. Vernaculars of India > Indo-European Family > Aryan Sub-Family > Indo-Aryan Branch > Inner Sub-Branch > Central Group > Rajasthani,Rajasthani,0,749,496,501,24,Gwalior State,1133081,588288,544793
A. Vernaculars of India > Indo-European Family > Aryan Sub-Family > Indo-Aryan Branch > Inner Sub-Branch > Central Group > Rajasthani,Rajasthani,0,749,496,501,25,Hyderabad State,270868,141034,129834
A. Vernaculars of India > Indo-European Family > Aryan Sub-Family > Indo-Aryan Branch > Inner Sub-Branch > Central Group > Rajasthani,Rajasthani,0,749,496,501,26,Jammu and Kashmir State,320345,171917,148428
A. Vernaculars of India > Indo-European Family > Aryan Sub-Family > Indo-Aryan Branch > Inner Sub-Branch > Central Group > Rajasthani,Rajasthani,0,749,496,501,27,Madras States Agency,639,312,327
A. Vernaculars of India > Indo-European Family > Aryan Sub-Family > Indo-Aryan Branch > Inner Sub-Branch > Central Group > Rajasthani,Rajasthani,0,749,496,501,27a,Cochin State,1,1,
A. Vernaculars of India > Indo-European Family > Aryan Sub-Family > Indo-Aryan Branch > Inner Sub-Branch > Central Group > Rajasthani,Rajasthani,0,749,496,501,27c,Other Madras States,638,311,327
A. Vernaculars of India > Indo-European Family > Aryan Sub-Family > Indo-Aryan Branch > Inner Sub-Branch > Central Group > Rajasthani,Rajasthani,0,749,496,501,28,Mysore State,59711,30845,28866
A. Vernaculars of India > Indo-European Family > Aryan Sub-Family > Indo-Aryan Branch > Inner Sub-Branch > Central Group > Rajasthani,Rajasthani,0,749,496,501,30,Punjab States,44,23,21
A. Vernaculars of India > Indo-European Family > Aryan Sub-Family > Indo-Aryan Branch > Inner Sub-Branch > Central Group > Rajasthani,Rajasthani,0,749,496,501,31,Punjab States Agency,184506,97016,87490
A. Vernaculars of India > Indo-European Family > Aryan Sub-Family > Indo-Aryan Branch > Inner Sub-Branch > Central Group > Rajasthani,Rajasthani,0,749,496,501,32,Rajputana Agency,8606659,4496024,4110635
A. Vernaculars of India > Indo-European Family > Aryan Sub-Family > Indo-Aryan Branch > Inner Sub-Branch > Central Group > Rajasthani,Rajasthani,0,749,496,501,33,Sikkim State,264,210,54
A. Vernaculars of India > Indo-European Family > Aryan Sub-Family > Indo-Aryan Branch > Inner Sub-Branch > Central Group > Rajasthani,Rajasthani,0,749,496,501,34,United Provinces States,8,7,1
A. Vernaculars of India > Indo-European Family > Aryan Sub-Family > Indo-Aryan Branch > Inner Sub-Branch > Central Group > Rajasthani,Rajasthani,0,749,496,501,35,Western India States Agency,23022,12145,10877
A. Vernaculars of India > Indo-European Family > Aryan Sub-Family > Indo-Aryan Branch > Inner Sub-Branch > Central Group > Gujarati,Gujarati,0,752,496,501,INDIA,India,10849984,5610012,5239972
A. Vernaculars of India > Indo-European Family > Aryan Sub-Family > Indo-Aryan Branch > Inner Sub-Branch > Central Group > Gujarati,Gujarati,0,752,496,501,PROV,Provinces,3635598,1921675,1713923
A. Vernaculars of India > Indo-European Family > Aryan Sub-Family > Indo-Aryan Branch > Inner Sub-Branch > Central Group > Gujarati,Gujarati,0,752,496,501,STATES,States and Agencies,7214386,3688337,3526049
A. Vernaculars of India > Indo-European Family > Aryan Sub-Family > Indo-Aryan Branch > Inner Sub-Branch > Central Group > Gujarati,Gujarati,0,752,496,501,1,Ajmer-Merwara,1626,969,657
A. Vernaculars of India > Indo-European Family > Aryan Sub-Family > Indo-Aryan Branch > Inner Sub-Branch > Central Group > Gujarati,Gujarati,0,752,496,501,2,Andaman and Nicobar Islands,139,122,17
A. Vernaculars of India > Indo-European Family > Aryan Sub-Family > Indo-Aryan Branch > Inner Sub-Branch > Central Group > Gujarati,Gujarati,0,752,496,501,3,Assam,2033,1138,895
A. Vernaculars of India > Indo-European Family > Aryan Sub-Family > Indo-Aryan Branch > Inner Sub-Branch > Central Group > Gujarati,Gujarati,0,752,496,501,4,Baluchistan (Districts and Administered Territories),615,405,210
A. Vernaculars of India > Indo-European Family > Aryan Sub-Family > Indo-Aryan Branch > Inner Sub-Branch > Central Group > Gujarati,Gujarati,0,752,496,501,5,Bengal,6505,4462,2043
A. Vernaculars of India > Indo-European Family > Aryan Sub-Family > Indo-Aryan Branch > Inner Sub-Branch > Central Group > Gujarati,Gujarati,0,752,496,501,6,Bihar and Orissa,5304,3412,1892
A. Vernaculars of India > Indo-European Family > Aryan Sub-Family > Indo-Aryan Branch > Inner Sub-Branch > Central Group > Gujarati,Gujarati,0,752,496,501,7,Bombay (including Aden),3426127,1805811,1620316
A. Vernaculars of India > Indo-European Family > Aryan Sub-Family > Indo-Aryan Branch > Inner Sub-Branch > Central Group > Gujarati,Gujarati,0,752,496,501,7a,Aden,2618,1702,916
A. Vernaculars of India > Indo-European Family > Aryan Sub-Family > Indo-Aryan Branch > Inner Sub-Branch > Central Group > Gujarati,Gujarati,0,752,496,501,8,Burma,17706,12511,5195
A. Vernaculars of India > Indo-European Family > Aryan Sub-Family > Indo-Aryan Branch > Inner Sub-Branch > Central Group > Gujarati,Gujarati,0,752,496,501,9,Central Provinces and Berar,56249,32686,23563
A. Vernaculars of India > Indo-European Family > Aryan Sub-Family > Indo-Aryan Branch > Inner Sub-Branch > Central Group > Gujarati,Gujarati,0,752,496,501,10,Coorg,53,33,20
A. Vernaculars of India > Indo-European Family > Aryan Sub-Family > Indo-Aryan Branch > Inner Sub-Branch > Central Group > Gujarati,Gujarati,0,752,496,501,11,Delhi,833,535,298
A. Vernaculars of India > Indo-European Family > Aryan Sub-Family > Indo-Aryan Branch > Inner Sub-Branch > Central Group > Gujarati,Gujarati,0,752,496,501,12,Madras,111770,55456,56314
A. Vernaculars of India > Indo-European Family > Aryan Sub-Family > Indo-Aryan Branch > Inner Sub-Branch > Central Group > Gujarati,Gujarati,0,752,496,501,13,North-West Frontier Province (Districts and Administered Territories),144,56,88
A. Vernaculars of India > Indo-European Family > Aryan Sub-Family > Indo-Aryan Branch > Inner Sub-Branch > Central Group > Gujarati,Gujarati,0,752,496,501,14,Punjab,2382,1640,742
A. Vernaculars of India > Indo-European Family > Aryan Sub-Family > Indo-Aryan Branch > Inner Sub-Branch > Central Group > Gujarati,Gujarati,0,752,496,501,15,United Provinces of Agra and Oudh,4112,2439,1673
A. Vernaculars of India > Indo-European Family > Aryan Sub-Family > Indo-Aryan Branch > Inner Sub-Branch > Central Group > Gujarati,Gujarati,0,752,496,501,16,Assam States,2,1,1
A. Vernaculars of India > Indo-European Family > Aryan Sub-Family > Indo-Aryan Branch > Inner Sub-Branch > Central Group > Gujarati,Gujarati,0,752,496,501,17,Baluchistan States,3,3,
A. Vernaculars of India > Indo-European Family > Aryan Sub-Family > Indo-Aryan Branch > Inner Sub-Branch > Central Group > Gujarati,Gujarati,0,752,496,501,18,Baroda State,2119551,1088238,1031313
A. Vernaculars of India > Indo-European Family > Aryan Sub-Family > Indo-Aryan Branch > Inner Sub-Branch > Central Group > Gujarati,Gujarati,0,752,496,501,19,Bengal States,89,71,18
A. Vernaculars of India > Indo-European Family > Aryan Sub-Family > Indo-Aryan Branch > Inner Sub-Branch > Central Group > Gujarati,Gujarati,0,752,496,501,20,Bihar and Orissa States,900,570,330
A. Vernaculars of India > Indo-European Family > Aryan Sub-Family > Indo-Aryan Branch > Inner Sub-Branch > Central Group > Gujarati,Gujarati,0,752,496,501,21,Bombay States,1453228,748110,705118
A. Vernaculars of India > Indo-European Family > Aryan Sub-Family > Indo-Aryan Branch > Inner Sub-Branch > Central Group > Gujarati,Gujarati,0,752,496,501,22,Central India Agency,63292,33071,30221
A. Vernaculars of India > Indo-European Family > Aryan Sub-Family > Indo-Aryan Branch > Inner Sub-Branch > Central Group > Gujarati,Gujarati,0,752,496,501,23,Central Provinces States,1062,662,400
A. Vernaculars of India > Indo-European Family > Aryan Sub-Family > Indo-Aryan Branch > Inner Sub-Branch > Central Group > Gujarati,Gujarati,0,752,496,501,24,Gwalior State,28661,17093,11568
A. Vernaculars of India > Indo-European Family > Aryan Sub-Family > Indo-Aryan Branch > Inner Sub-Branch > Central Group > Gujarati,Gujarati,0,752,496,501,25,Hyderabad State,33915,18069,15846
A. Vernaculars of India > Indo-European Family > Aryan Sub-Family > Indo-Aryan Branch > Inner Sub-Branch > Central Group > Gujarati,Gujarati,0,752,496,501,26,Jammu and Kashmir State,289,235,54
A. Vernaculars of India > Indo-European Family > Aryan Sub-Family > Indo-Aryan Branch > Inner Sub-Branch > Central Group > Gujarati,Gujarati,0,752,496,501,27,Madras States Agency,4710,2437,2273
A. Vernaculars of India > Indo-European Family > Aryan Sub-Family > Indo-Aryan Branch > Inner Sub-Branch > Central Group > Gujarati,Gujarati,0,752,496,501,27a,Cochin State,1261,693,568
A. Vernaculars of India > Indo-European Family > Aryan Sub-Family > Indo-Aryan Branch > Inner Sub-Branch > Central Group > Gujarati,Gujarati,0,752,496,501,27b,Travancore State,2275,1175,1100
A. Vernaculars of India > Indo-European Family > Aryan Sub-Family > Indo-Aryan Branch > Inner Sub-Branch > Central Group > Gujarati,Gujarati,0,752,496,501,27c,Other Madras States,1174,569,605
A. Vernaculars of India > Indo-European Family > Aryan Sub-Family > Indo-Aryan Branch > Inner Sub-Branch > Central Group > Gujarati,Gujarati,0,752,496,501,28,Mysore State,4600,2604,1996
A. Vernaculars of India > Indo-European Family > Aryan Sub-Family > Indo-Aryan Branch > Inner Sub-Branch > Central Group > Gujarati,Gujarati,0,752,496,501,29,North-West Frontier Province (Agencies and Tribal Areas),93,93,
A. Vernaculars of India > Indo-European Family > Aryan Sub-Family > Indo-Aryan Branch > Inner Sub-Branch > Central Group > Gujarati,Gujarati,0,752,496,501,30,Punjab States,7,3,4
A. Vernaculars of India > Indo-European Family > Aryan Sub-Family > Indo-Aryan Branch > Inner Sub-Branch > Central Group > Gujarati,Gujarati,0,752,496,501,31,Punjab States Agency,132,91,41
A. Vernaculars of India > Indo-European Family > Aryan Sub-Family > Indo-Aryan Branch > Inner Sub-Branch > Central Group > Gujarati,Gujarati,0,752,496,501,32,Rajputana Agency,20064,9971,10093
A. Vernaculars of India > Indo-European Family > Aryan Sub-Family > Indo-Aryan Branch > Inner Sub-Branch > Central Group > Gujarati,Gujarati,0,752,496,501,34,United Provinces States,2,2,
A. Vernaculars of India > Indo-European Family > Aryan Sub-Family > Indo-Aryan Branch > Inner Sub-Branch > Central Group > Gujarati,Gujarati,0,752,496,501,35,Western India States Agency,3483786,1767013,1716773
A. Vernaculars of India > Indo-European Family > Aryan Sub-Family > Indo-Aryan Branch > Inner Sub-Branch > Central Group > Bhili,Bhili,0,755,496,501,INDIA,India,2189531,1110410,1079121
A. Vernaculars of India > Indo-European Family > Aryan Sub-Family > Indo-Aryan Branch > Inner Sub-Branch > Central Group > Bhili,Bhili,0,755,496,501,PROV,Provinces,403491,203491,200000
A. Vernaculars of India > Indo-European Family > Aryan Sub-Family > Indo-Aryan Branch > Inner Sub-Branch > Central Group > Bhili,Bhili,0,755,496,501,STATES,States and Agencies,1786040,906919,879121
A. Vernaculars of India > Indo-European Family > Aryan Sub-Family > Indo-Aryan Branch > Inner Sub-Branch > Central Group > Bhili,Bhili,0,755,496,501,1,Ajmer-Merwara,20,16,4
A. Vernaculars of India > Indo-European Family > Aryan Sub-Family > Indo-Aryan Branch > Inner Sub-Branch > Central Group > Bhili,Bhili,0,755,496,501,3,Assam,448,269,179
A. Vernaculars of India > Indo-European Family > Aryan Sub-Family > Indo-Aryan Branch > Inner Sub-Branch > Central Group > Bhili,Bhili,0,755,496,501,7,Bombay (including Aden),372160,187749,184411
A. Vernaculars of India > Indo-European Family > Aryan Sub-Family > Indo-Aryan Branch > Inner Sub-Branch > Central Group > Bhili,Bhili,0,755,496,501,9,Central Provinces and Berar,30732,15383,15349
A. Vernaculars of India > Indo-European Family > Aryan Sub-Family > Indo-Aryan Branch > Inner Sub-Branch > Central Group > Bhili,Bhili,0,755,496,501,12,Madras,25,14,11
A. Vernaculars of India > Indo-European Family > Aryan Sub-Family > Indo-Aryan Branch > Inner Sub-Branch > Central Group > Bhili,Bhili,0,755,496,501,14,Punjab,4,3,1
A. Vernaculars of India > Indo-European Family > Aryan Sub-Family > Indo-Aryan Branch > Inner Sub-Branch > Central Group > Bhili,Bhili,0,755,496,501,15,United Provinces of Agra and Oudh,102,57,45
A. Vernaculars of India > Indo-European Family > Aryan Sub-Family > Indo-Aryan Branch > Inner Sub-Branch > Central Group > Bhili,Bhili,0,755,496,501,18,Baroda State,180384,91427,88957
A. Vernaculars of India > Indo-European Family > Aryan Sub-Family > Indo-Aryan Branch > Inner Sub-Branch > Central Group > Bhili,Bhili,0,755,496,501,21,Bombay States,207168,106796,100372
A. Vernaculars of India > Indo-European Family > Aryan Sub-Family > Indo-Aryan Branch > Inner Sub-Branch > Central Group > Bhili,Bhili,0,755,496,501,22,Central India Agency,584014,296018,287996
A. Vernaculars of India > Indo-European Family > Aryan Sub-Family > Indo-Aryan Branch > Inner Sub-Branch > Central Group > Bhili,Bhili,0,755,496,501,23,Central Provinces States,24,14,10
A. Vernaculars of India > Indo-European Family > Aryan Sub-Family > Indo-Aryan Branch > Inner Sub-Branch > Central Group > Bhili,Bhili,0,755,496,501,24,Gwalior State,75469,37200,38269
A. Vernaculars of India > Indo-European Family > Aryan Sub-Family > Indo-Aryan Branch > Inner Sub-Branch > Central Group > Bhili,Bhili,0,755,496,501,25,Hyderabad State,16285,8925,7360
A. Vernaculars of India > Indo-European Family > Aryan Sub-Family > Indo-Aryan Branch > Inner Sub-Branch > Central Group > Bhili,Bhili,0,755,496,501,26,Jammu and Kashmir State,66,31,35
A. Vernaculars of India > Indo-European Family > Aryan Sub-Family > Indo-Aryan Branch > Inner Sub-Branch > Central Group > Bhili,Bhili,0,755,496,501,28,Mysore State,11,6,5
A. Vernaculars of India > Indo-European Family > Aryan Sub-Family > Indo-Aryan Branch > Inner Sub-Branch > Central Group > Bhili,Bhili,0,755,496,501,31,Punjab States Agency,2938,1652,1286
A. Vernaculars of India > Indo-European Family > Aryan Sub-Family > Indo-Aryan Branch > Inner Sub-Branch > Central Group > Bhili,Bhili,0,755,496,501,32,Rajputana Agency,719640,364830,354810
A. Vernaculars of India > Indo-European Family > Aryan Sub-Family > Indo-Aryan Branch > Inner Sub-Branch > Central Group > Bhili,Bhili,0,755,496,501,35,Western India States Agency,41,20,21
A. Vernaculars of India > Indo-European Family > Aryan Sub-Family > Indo-Aryan Branch > Inner Sub-Branch > Central Group > Khandesi,Khandesi,0,758,496,501,INDIA,India,233010,118252,114758
A. Vernaculars of India > Indo-European Family > Aryan Sub-Family > Indo-Aryan Branch > Inner Sub-Branch > Central Group > Khandesi,Khandesi,0,758,496,501,PROV,Provinces,222207,112796,109411
A. Vernaculars of India > Indo-European Family > Aryan Sub-Family > Indo-Aryan Branch > Inner Sub-Branch > Central Group > Khandesi,Khandesi,0,758,496,501,STATES,States and Agencies,10803,5456,5347
A. Vernaculars of India > Indo-European Family > Aryan Sub-Family > Indo-Aryan Branch > Inner Sub-Branch > Central Group > Khandesi,Khandesi,0,758,496,501,1,Ajmer-Merwara,1,,1
A. Vernaculars of India > Indo-European Family > Aryan Sub-Family > Indo-Aryan Branch > Inner Sub-Branch > Central Group > Khandesi,Khandesi,0,758,496,501,7,Bombay (including Aden),222168,112771,109397
A. Vernaculars of India > Indo-European Family > Aryan Sub-Family > Indo-Aryan Branch > Inner Sub-Branch > Central Group > Khandesi,Khandesi,0,758,496,501,9,Central Provinces and Berar,38,25,13
A. Vernaculars of India > Indo-European Family > Aryan Sub-Family > Indo-Aryan Branch > Inner Sub-Branch > Central Group > Khandesi,Khandesi,0,758,496,501,18,Baroda State,38,12,26
A. Vernaculars of India > Indo-European Family > Aryan Sub-Family > Indo-Aryan Branch > Inner Sub-Branch > Central Group > Khandesi,Khandesi,0,758,496,501,22,Central India Agency,10680,5402,5278
A. Vernaculars of India > Indo-European Family > Aryan Sub-Family > Indo-Aryan Branch > Inner Sub-Branch > Central Group > Khandesi,Khandesi,0,758,496,501,32,Rajputana Agency,85,42,43
A. Vernaculars of India > Indo-European Family > Aryan Sub-Family > Indo-Aryan Branch > Inner Sub-Branch > Central Group > Panjabi,Panjabi,0,761,497,502,INDIA,India,15839254,8799034,7040220
A. Vernaculars of India > Indo-European Family > Aryan Sub-Family > Indo-Aryan Branch > Inner Sub-Branch > Central Group > Panjabi,Panjabi,0,761,497,502,PROV,Provinces,12437639,6913659,5523980
A. Vernaculars of India > Indo-European Family > Aryan Sub-Family > Indo-Aryan Branch > Inner Sub-Branch > Central Group > Panjabi,Panjabi,0,761,497,502,STATES,States and Agencies,3401615,1885375,1516240
A. Vernaculars of India > Indo-European Family > Aryan Sub-Family > Indo-Aryan Branch > Inner Sub-Branch > Central Group > Panjabi,Panjabi,0,761,497,502,1,Ajmer-Merwara,1256,931,325
A. Vernaculars of India > Indo-European Family > Aryan Sub-Family > Indo-Aryan Branch > Inner Sub-Branch > Central Group > Panjabi,Panjabi,0,761,497,502,2,Andaman and Nicobar Islands,2232,1749,483
A. Vernaculars of India > Indo-European Family > Aryan Sub-Family > Indo-Aryan Branch > Inner Sub-Branch > Central Group > Panjabi,Panjabi,0,761,497,502,3,Assam,3274,2578,696
A. Vernaculars of India > Indo-European Family > Aryan Sub-Family > Indo-Aryan Branch > Inner Sub-Branch > Central Group > Panjabi,Panjabi,0,761,497,502,4,Baluchistan (Districts and Administered Territories),19273,13688,5585
A. Vernaculars of India > Indo-European Family > Aryan Sub-Family > Indo-Aryan Branch > Inner Sub-Branch > Central Group > Panjabi,Panjabi,0,761,497,502,5,Bengal,14516,11120,3396
A. Vernaculars of India > Indo-European Family > Aryan Sub-Family > Indo-Aryan Branch > Inner Sub-Branch > Central Group > Panjabi,Panjabi,0,761,497,502,6,Bihar and Orissa,8430,5751,2679
A. Vernaculars of India > Indo-European Family > Aryan Sub-Family > Indo-Aryan Branch > Inner Sub-Branch > Central Group > Panjabi,Panjabi,0,761,497,502,7,Bombay (including Aden),79030,51680,27350
A. Vernaculars of India > Indo-European Family > Aryan Sub-Family > Indo-Aryan Branch > Inner Sub-Branch > Central Group > Panjabi,Panjabi,0,761,497,502,7a,Aden,177,144,33
A. Vernaculars of India > Indo-European Family > Aryan Sub-Family > Indo-Aryan Branch > Inner Sub-Branch > Central Group > Panjabi,Panjabi,0,761,497,502,8,Burma,27709,20639,7070
A. Vernaculars of India > Indo-European Family > Aryan Sub-Family > Indo-Aryan Branch > Inner Sub-Branch > Central Group > Panjabi,Panjabi,0,761,497,502,9,Central Provinces and Berar,9760,7126,2634
A. Vernaculars of India > Indo-European Family > Aryan Sub-Family > Indo-Aryan Branch > Inner Sub-Branch > Central Group > Panjabi,Panjabi,0,761,497,502,10,Coorg,4,4,
A. Vernaculars of India > Indo-European Family > Aryan Sub-Family > Indo-Aryan Branch > Inner Sub-Branch > Central Group > Panjabi,Panjabi,0,761,497,502,11,Delhi,23509,16489,7020
A. Vernaculars of India > Indo-European Family > Aryan Sub-Family > Indo-Aryan Branch > Inner Sub-Branch > Central Group > Panjabi,Panjabi,0,761,497,502,13,North-West Frontier Province (Districts and Administered Territories),68031,50226,17805
A. Vernaculars of India > Indo-European Family > Aryan Sub-Family > Indo-Aryan Branch > Inner Sub-Branch > Central Group > Panjabi,Panjabi,0,761,497,502,14,Punjab,12154001,6713128,5440873
A. Vernaculars of India > Indo-European Family > Aryan Sub-Family > Indo-Aryan Branch > Inner Sub-Branch > Central Group > Panjabi,Panjabi,0,761,497,502,15,United Provinces of Agra and Oudh,26614,18550,8064
A. Vernaculars of India > Indo-European Family > Aryan Sub-Family > Indo-Aryan Branch > Inner Sub-Branch > Central Group > Panjabi,Panjabi,0,761,497,502,16,Assam States,313,245,68
A. Vernaculars of India > Indo-European Family > Aryan Sub-Family > Indo-Aryan Branch > Inner Sub-Branch > Central Group > Panjabi,Panjabi,0,761,497,502,17,Baluchistan States,242,159,83
A. Vernaculars of India > Indo-European Family > Aryan Sub-Family > Indo-Aryan Branch > Inner Sub-Branch > Central Group > Panjabi,Panjabi,0,761,497,502,18,Baroda State,920,779,141
A. Vernaculars of India > Indo-European Family > Aryan Sub-Family > Indo-Aryan Branch > Inner Sub-Branch > Central Group > Panjabi,Panjabi,0,761,497,502,19,Bengal States,29,23,6
A. Vernaculars of India > Indo-European Family > Aryan Sub-Family > Indo-Aryan Branch > Inner Sub-Branch > Central Group > Panjabi,Panjabi,0,761,497,502,20,Bihar and Orissa States,335,235,100
A. Vernaculars of India > Indo-European Family > Aryan Sub-Family > Indo-Aryan Branch > Inner Sub-Branch > Central Group > Panjabi,Panjabi,0,761,497,502,21,Bombay States,1105,723,382
A. Vernaculars of India > Indo-European Family > Aryan Sub-Family > Indo-Aryan Branch > Inner Sub-Branch > Central Group > Panjabi,Panjabi,0,761,497,502,22,Central India Agency,4108,2841,1267
A. Vernaculars of India > Indo-European Family > Aryan Sub-Family > Indo-Aryan Branch > Inner Sub-Branch > Central Group > Panjabi,Panjabi,0,761,497,502,23,Central Provinces States,370,246,124
A. Vernaculars of India > Indo-European Family > Aryan Sub-Family > Indo-Aryan Branch > Inner Sub-Branch > Central Group > Panjabi,Panjabi,0,761,497,502,24,Gwalior State,3310,1939,1371
A. Vernaculars of India > Indo-European Family > Aryan Sub-Family > Indo-Aryan Branch > Inner Sub-Branch > Central Group > Panjabi,Panjabi,0,761,497,502,25,Hyderabad State,4560,3630,930
A. Vernaculars of India > Indo-European Family > Aryan Sub-Family > Indo-Aryan Branch > Inner Sub-Branch > Central Group > Panjabi,Panjabi,0,761,497,502,26,Jammu and Kashmir State,880050,468940,411110
A. Vernaculars of India > Indo-European Family > Aryan Sub-Family > Indo-Aryan Branch > Inner Sub-Branch > Central Group > Panjabi,Panjabi,0,761,497,502,27,Madras States Agency,81,67,14
A. Vernaculars of India > Indo-European Family > Aryan Sub-Family > Indo-Aryan Branch > Inner Sub-Branch > Central Group > Panjabi,Panjabi,0,761,497,502,27b,Travancore State,76,64,12
A. Vernaculars of India > Indo-European Family > Aryan Sub-Family > Indo-Aryan Branch > Inner Sub-Branch > Central Group > Panjabi,Panjabi,0,761,497,502,27c,Other Madras States,5,3,2
A. Vernaculars of India > Indo-European Family > Aryan Sub-Family > Indo-Aryan Branch > Inner Sub-Branch > Central Group > Panjabi,Panjabi,0,761,497,502,28,Mysore State,275,238,37
A. Vernaculars of India > Indo-European Family > Aryan Sub-Family > Indo-Aryan Branch > Inner Sub-Branch > Central Group > Panjabi,Panjabi,0,761,497,502,29,North-West Frontier Province (Agencies and Tribal Areas),18695,18203,492
A. Vernaculars of India > Indo-European Family > Aryan Sub-Family > Indo-Aryan Branch > Inner Sub-Branch > Central Group > Panjabi,Panjabi,0,761,497,502,30,Punjab States,46022,25521,20501
A. Vernaculars of India > Indo-European Family > Aryan Sub-Family > Indo-Aryan Branch > Inner Sub-Branch > Central Group > Panjabi,Panjabi,0,761,497,502,31,Punjab States Agency,2315067,1290320,1024747
A. Vernaculars of India > Indo-European Family > Aryan Sub-Family > Indo-Aryan Branch > Inner Sub-Branch > Central Group > Panjabi,Panjabi,0,761,497,502,32,Rajputana Agency,125297,70745,54552
A. Vernaculars of India > Indo-European Family > Aryan Sub-Family > Indo-Aryan Branch > Inner Sub-Branch > Central Group > Panjabi,Panjabi,0,761,497,502,33,Sikkim State,18,14,4
A. Vernaculars of India > Indo-European Family > Aryan Sub-Family > Indo-Aryan Branch > Inner Sub-Branch > Central Group > Panjabi,Panjabi,0,761,497,502,34,United Provinces States,491,305,186
A. Vernaculars of India > Indo-European Family > Aryan Sub-Family > Indo-Aryan Branch > Inner Sub-Branch > Central Group > Panjabi,Panjabi,0,761,497,502,35,Western India States Agency,327,202,125
A. Vernaculars of India > Indo-European Family > Aryan Sub-Family > Indo-Aryan Branch > Inner Sub-Branch > Pahari Group,Pahari Group,1,764,497,502,INDIA,India,2752432,1472406,1280026
A. Vernaculars of India > Indo-European Family > Aryan Sub-Family > Indo-Aryan Branch > Inner Sub-Branch > Pahari Group,Pahari Group,1,764,497,502,PROV,Provinces,1151093,634418,516675
A. Vernaculars of India > Indo-European Family > Aryan Sub-Family > Indo-Aryan Branch > Inner Sub-Branch > Pahari Group,Pahari Group,1,764,497,502,STATES,States and Agencies,1601339,837988,763351
A. Vernaculars of India > Indo-European Family > Aryan Sub-Family > Indo-Aryan Branch > Inner Sub-Branch > Pahari Group,Pahari Group,1,764,497,502,1,Ajmer-Merwara,185,145,40
A. Vernaculars of India > Indo-European Family > Aryan Sub-Family > Indo-Aryan Branch > Inner Sub-Branch > Pahari Group,Pahari Group,1,764,497,502,2,Andaman and Nicobar Islands,6,6,
A. Vernaculars of India > Indo-European Family > Aryan Sub-Family > Indo-Aryan Branch > Inner Sub-Branch > Pahari Group,Pahari Group,1,764,497,502,3,Assam,123832,75129,48703
A. Vernaculars of India > Indo-European Family > Aryan Sub-Family > Indo-Aryan Branch > Inner Sub-Branch > Pahari Group,Pahari Group,1,764,497,502,4,Baluchistan (Districts and Administered Territories),7864,6249,1615
A. Vernaculars of India > Indo-European Family > Aryan Sub-Family > Indo-Aryan Branch > Inner Sub-Branch > Pahari Group,Pahari Group,1,764,497,502,5,Bengal,133151,71533,61618
A. Vernaculars of India > Indo-European Family > Aryan Sub-Family > Indo-Aryan Branch > Inner Sub-Branch > Pahari Group,Pahari Group,1,764,497,502,6,Bihar and Orissa,7411,4982,2429
A. Vernaculars of India > Indo-European Family > Aryan Sub-Family > Indo-Aryan Branch > Inner Sub-Branch > Pahari Group,Pahari Group,1,764,497,502,7,Bombay (including Aden),5245,3055,2190
A. Vernaculars of India > Indo-European Family > Aryan Sub-Family > Indo-Aryan Branch > Inner Sub-Branch > Pahari Group,Pahari Group,1,764,497,502,8,Burma,41350,28266,13084
A. Vernaculars of India > Indo-European Family > Aryan Sub-Family > Indo-Aryan Branch > Inner Sub-Branch > Pahari Group,Pahari Group,1,764,497,502,9,Central Provinces and Berar,786,493,293
A. Vernaculars of India > Indo-European Family > Aryan Sub-Family > Indo-Aryan Branch > Inner Sub-Branch > Pahari Group,Pahari Group,1,764,497,502,11,Delhi,1802,1422,380
A. Vernaculars of India > Indo-European Family > Aryan Sub-Family > Indo-Aryan Branch > Inner Sub-Branch > Pahari Group,Pahari Group,1,764,497,502,12,Madras,190,130,60
A. Vernaculars of India > Indo-European Family > Aryan Sub-Family > Indo-Aryan Branch > Inner Sub-Branch > Pahari Group,Pahari Group,1,764,497,502,13,North-West Frontier Province (Districts and Administered Territories),5172,3962,1210
A. Vernaculars of India > Indo-European Family > Aryan Sub-Family > Indo-Aryan Branch > Inner Sub-Branch > Pahari Group,Pahari Group,1,764,497,502,14,Punjab,793079,414749,378330
A. Vernaculars of India > Indo-European Family > Aryan Sub-Family > Indo-Aryan Branch > Inner Sub-Branch > Pahari Group,Pahari Group,1,764,497,502,15,United Provinces of Agra and Oudh,31020,24297,6723
A. Vernaculars of India > Indo-European Family > Aryan Sub-Family > Indo-Aryan Branch > Inner Sub-Branch > Pahari Group,Pahari Group,1,764,497,502,16,Assam States,12350,8378,3972
A. Vernaculars of India > Indo-European Family > Aryan Sub-Family > Indo-Aryan Branch > Inner Sub-Branch > Pahari Group,Pahari Group,1,764,497,502,17,Baluchistan States,37,37,
A. Vernaculars of India > Indo-European Family > Aryan Sub-Family > Indo-Aryan Branch > Inner Sub-Branch > Pahari Group,Pahari Group,1,764,497,502,18,Baroda State,152,125,27
A. Vernaculars of India > Indo-European Family > Aryan Sub-Family > Indo-Aryan Branch > Inner Sub-Branch > Pahari Group,Pahari Group,1,764,497,502,19,Bengal States,996,574,422
A. Vernaculars of India > Indo-European Family > Aryan Sub-Family > Indo-Aryan Branch > Inner Sub-Branch > Pahari Group,Pahari Group,1,764,497,502,20,Bihar and Orissa States,82,58,24
A. Vernaculars of India > Indo-European Family > Aryan Sub-Family > Indo-Aryan Branch > Inner Sub-Branch > Pahari Group,Pahari Group,1,764,497,502,21,Bombay States,1551,937,614
A. Vernaculars of India > Indo-European Family > Aryan Sub-Family > Indo-Aryan Branch > Inner Sub-Branch > Pahari Group,Pahari Group,1,764,497,502,22,Central India Agency,356,267,89
A. Vernaculars of India > Indo-European Family > Aryan Sub-Family > Indo-Aryan Branch > Inner Sub-Branch > Pahari Group,Pahari Group,1,764,497,502,23,Central Provinces States,159,76,83
A. Vernaculars of India > Indo-European Family > Aryan Sub-Family > Indo-Aryan Branch > Inner Sub-Branch > Pahari Group,Pahari Group,1,764,497,502,24,Gwalior State,298,181,117
A. Vernaculars of India > Indo-European Family > Aryan Sub-Family > Indo-Aryan Branch > Inner Sub-Branch > Pahari Group,Pahari Group,1,764,497,502,26,Jammu and Kashmir State,634449,327749,306700
A. Vernaculars of India > Indo-European Family > Aryan Sub-Family > Indo-Aryan Branch > Inner Sub-Branch > Pahari Group,Pahari Group,1,764,497,502,27,Madras States Agency,1,1,
A. Vernaculars of India > Indo-European Family > Aryan Sub-Family > Indo-Aryan Branch > Inner Sub-Branch > Pahari Group,Pahari Group,1,764,497,502,27b,Travancore State,1,1,
A. Vernaculars of India > Indo-European Family > Aryan Sub-Family > Indo-Aryan Branch > Inner Sub-Branch > Pahari Group,Pahari Group,1,764,497,502,28,Mysore State,10,3,7
A. Vernaculars of India > Indo-European Family > Aryan Sub-Family > Indo-Aryan Branch > Inner Sub-Branch > Pahari Group,Pahari Group,1,764,497,502,29,North-West Frontier Province (Agencies and Tribal Areas),5177,5177,
A. Vernaculars of India > Indo-European Family > Aryan Sub-Family > Indo-Aryan Branch > Inner Sub-Branch > Pahari Group,Pahari Group,1,764,497,502,30,Punjab States,264346,137108,127238
A. Vernaculars of India > Indo-European Family > Aryan Sub-Family > Indo-Aryan Branch > Inner Sub-Branch > Pahari Group,Pahari Group,1,764,497,502,31,Punjab States Agency,641727,337063,304664
A. Vernaculars of India > Indo-European Family > Aryan Sub-Family > Indo-Aryan Branch > Inner Sub-Branch > Pahari Group,Pahari Group,1,764,497,502,32,Rajputana Agency,679,496,183
A. Vernaculars of India > Indo-European Family > Aryan Sub-Family > Indo-Aryan Branch > Inner Sub-Branch > Pahari Group,Pahari Group,1,764,497,502,33,Sikkim State,38866,19693,19173
A. Vernaculars of India > Indo-European Family > Aryan Sub-Family > Indo-Aryan Branch > Inner Sub-Branch > Pahari Group,Pahari Group,1,764,497,502,34,United Provinces States,47,25,22
A. Vernaculars of India > Indo-European Family > Aryan Sub-Family > Indo-Aryan Branch > Inner Sub-Branch > Pahari Group,Pahari Group,1,764,497,502,35,Western India States Agency,56,40,16
A. Vernaculars of India > Indo-European Family > Aryan Sub-Family > Indo-Aryan Branch > Inner Sub-Branch > Pahari Group > Central Pahari,Central Pahari,0,767,497,502,INDIA,India,7170,6180,990
A. Vernaculars of India > Indo-European Family > Aryan Sub-Family > Indo-Aryan Branch > Inner Sub-Branch > Pahari Group > Central Pahari,Central Pahari,0,767,497,502,PROV,Provinces,6720,5853,867
A. Vernaculars of India > Indo-European Family > Aryan Sub-Family > Indo-Aryan Branch > Inner Sub-Branch > Pahari Group > Central Pahari,Central Pahari,0,767,497,502,STATES,States and Agencies,450,327,123
A. Vernaculars of India > Indo-European Family > Aryan Sub-Family > Indo-Aryan Branch > Inner Sub-Branch > Pahari Group > Central Pahari,Central Pahari,0,767,497,502,1,Ajmer-Merwara,48,48,
A. Vernaculars of India > Indo-European Family > Aryan Sub-Family > Indo-Aryan Branch > Inner Sub-Branch > Pahari Group > Central Pahari,Central Pahari,0,767,497,502,3,Assam,44,36,8
A. Vernaculars of India > Indo-European Family > Aryan Sub-Family > Indo-Aryan Branch > Inner Sub-Branch > Pahari Group > Central Pahari,Central Pahari,0,767,497,502,4,Baluchistan (Districts and Administered Territories),3132,2866,266
A. Vernaculars of India > Indo-European Family > Aryan Sub-Family > Indo-Aryan Branch > Inner Sub-Branch > Pahari Group > Central Pahari,Central Pahari,0,767,497,502,8,Burma,2969,2542,427
A. Vernaculars of India > Indo-European Family > Aryan Sub-Family > Indo-Aryan Branch > Inner Sub-Branch > Pahari Group > Central Pahari,Central Pahari,0,767,497,502,9,Central Provinces and Berar,256,129,127
A. Vernaculars of India > Indo-European Family > Aryan Sub-Family > Indo-Aryan Branch > Inner Sub-Branch > Pahari Group > Central Pahari,Central Pahari,0,767,497,502,11,Delhi,12,12,
A. Vernaculars of India > Indo-European Family > Aryan Sub-Family > Indo-Aryan Branch > Inner Sub-Branch > Pahari Group > Central Pahari,Central Pahari,0,767,497,502,14,Punjab,259,220,39
A. Vernaculars of India > Indo-European Family > Aryan Sub-Family > Indo-Aryan Branch > Inner Sub-Branch > Pahari Group > Central Pahari,Central Pahari,0,767,497,502,16,Assam States,32,22,10
A. Vernaculars of India > Indo-European Family > Aryan Sub-Family > Indo-Aryan Branch > Inner Sub-Branch > Pahari Group > Central Pahari,Central Pahari,0,767,497,502,17,Baluchistan States,37,37,
A. Vernaculars of India > Indo-European Family > Aryan Sub-Family > Indo-Aryan Branch > Inner Sub-Branch > Pahari Group > Central Pahari,Central Pahari,0,767,497,502,22,Central India Agency,132,95,37
A. Vernaculars of India > Indo-European Family > Aryan Sub-Family > Indo-Aryan Branch > Inner Sub-Branch > Pahari Group > Central Pahari,Central Pahari,0,767,497,502,26,Jammu and Kashmir State,3,3,
A. Vernaculars of India > Indo-European Family > Aryan Sub-Family > Indo-Aryan Branch > Inner Sub-Branch > Pahari Group > Central Pahari,Central Pahari,0,767,497,502,30,Punjab States,2,,2
A. Vernaculars of India > Indo-European Family > Aryan Sub-Family > Indo-Aryan Branch > Inner Sub-Branch > Pahari Group > Central Pahari,Central Pahari,0,767,497,502,31,Punjab States Agency,193,123,70
A. Vernaculars of India > Indo-European Family > Aryan Sub-Family > Indo-Aryan Branch > Inner Sub-Branch > Pahari Group > Central Pahari,Central Pahari,0,767,497,502,32,Rajputana Agency,51,47,4
"A. Vernaculars of India > Indo-European Family > Aryan Sub-Family > Indo-Aryan Branch > Inner Sub-Branch > Pahari Group > Eastern Pahari, Khas-Kura or Naipali","Eastern Pahari, Khas-Kura or Naipali",0,770,497,502,INDIA,India,412951,251266,161685
"A. Vernaculars of India > Indo-European Family > Aryan Sub-Family > Indo-Aryan Branch > Inner Sub-Branch > Pahari Group > Eastern Pahari, Khas-Kura or Naipali","Eastern Pahari, Khas-Kura or Naipali",0,770,497,502,PROV,Provinces,351617,214803,136814
"A. Vernaculars of India > Indo-European Family > Aryan Sub-Family > Indo-Aryan Branch > Inner Sub-Branch > Pahari Group > Eastern Pahari, Khas-Kura or Naipali","Eastern Pahari, Khas-Kura or Naipali",0,770,497,502,STATES,States and Agencies,61334,36463,24871
"A. Vernaculars of India > Indo-European Family > Aryan Sub-Family > Indo-Aryan Branch > Inner Sub-Branch > Pahari Group > Eastern Pahari, Khas-Kura or Naipali","Eastern Pahari, Khas-Kura or Naipali",0,770,497,502,1,Ajmer-Merwara,84,51,33
"A. Vernaculars of India > Indo-European Family > Aryan Sub-Family > Indo-Aryan Branch > Inner Sub-Branch > Pahari Group > Eastern Pahari, Khas-Kura or Naipali","Eastern Pahari, Khas-Kura or Naipali",0,770,497,502,2,Andaman and Nicobar Islands,2,2,
"A. Vernaculars of India > Indo-European Family > Aryan Sub-Family > Indo-Aryan Branch > Inner Sub-Branch > Pahari Group > Eastern Pahari, Khas-Kura or Naipali","Eastern Pahari, Khas-Kura or Naipali",0,770,497,502,3,Assam,123788,75093,48695
"A. Vernaculars of India > Indo-European Family > Aryan Sub-Family > Indo-Aryan Branch > Inner Sub-Branch > Pahari Group > Eastern Pahari, Khas-Kura or Naipali","Eastern Pahari, Khas-Kura or Naipali",0,770,497,502,4,Baluchistan (Districts and Administered Territories),4653,3309,1344
"A. Vernaculars of India > Indo-European Family > Aryan Sub-Family > Indo-Aryan Branch > Inner Sub-Branch > Pahari Group > Eastern Pahari, Khas-Kura or Naipali","Eastern Pahari, Khas-Kura or Naipali",0,770,497,502,5,Bengal,133151,71533,61618
"A. Vernaculars of India > Indo-European Family > Aryan Sub-Family > Indo-Aryan Branch > Inner Sub-Branch > Pahari Group > Eastern Pahari, Khas-Kura or Naipali","Eastern Pahari, Khas-Kura or Naipali",0,770,497,502,6,Bihar and Orissa,7411,4982,2429
"A. Vernaculars of India > Indo-European Family > Aryan Sub-Family > Indo-Aryan Branch > Inner Sub-Branch > Pahari Group > Eastern Pahari, Khas-Kura or Naipali","Eastern Pahari, Khas-Kura or Naipali",0,770,497,502,7,Bombay (including Aden),1413,1024,389
"A. Vernaculars of India > Indo-European Family > Aryan Sub-Family > Indo-Aryan Branch > Inner Sub-Branch > Pahari Group > Eastern Pahari, Khas-Kura or Naipali","Eastern Pahari, Khas-Kura or Naipali",0,770,497,502,8,Burma,38381,25724,12657
"A. Vernaculars of India > Indo-European Family > Aryan Sub-Family > Indo-Aryan Branch > Inner Sub-Branch > Pahari Group > Eastern Pahari, Khas-Kura or Naipali","Eastern Pahari, Khas-Kura or Naipali",0,770,497,502,9,Central Provinces and Berar,476,324,152
"A. Vernaculars of India > Indo-European Family > Aryan Sub-Family > Indo-Aryan Branch > Inner Sub-Branch > Pahari Group > Eastern Pahari, Khas-Kura or Naipali","Eastern Pahari, Khas-Kura or Naipali",0,770,497,502,11,Delhi,146,72,74
"A. Vernaculars of India > Indo-European Family > Aryan Sub-Family > Indo-Aryan Branch > Inner Sub-Branch > Pahari Group > Eastern Pahari, Khas-Kura or Naipali","Eastern Pahari, Khas-Kura or Naipali",0,770,497,502,12,Madras,190,130,60
"A. Vernaculars of India > Indo-European Family > Aryan Sub-Family > Indo-Aryan Branch > Inner Sub-Branch > Pahari Group > Eastern Pahari, Khas-Kura or Naipali","Eastern Pahari, Khas-Kura or Naipali",0,770,497,502,13,North-West Frontier Province (Districts and Administered Territories),5140,3934,1206
"A. Vernaculars of India > Indo-European Family > Aryan Sub-Family > Indo-Aryan Branch > Inner Sub-Branch > Pahari Group > Eastern Pahari, Khas-Kura or Naipali","Eastern Pahari, Khas-Kura or Naipali",0,770,497,502,14,Punjab,5762,4328,1434
"A. Vernaculars of India > Indo-European Family > Aryan Sub-Family > Indo-Aryan Branch > Inner Sub-Branch > Pahari Group > Eastern Pahari, Khas-Kura or Naipali","Eastern Pahari, Khas-Kura or Naipali",0,770,497,502,15,United Provinces of Agra and Oudh,31020,24297,6723
"A. Vernaculars of India > Indo-European Family > Aryan Sub-Family > Indo-Aryan Branch > Inner Sub-Branch > Pahari Group > Eastern Pahari, Khas-Kura or Naipali","Eastern Pahari, Khas-Kura or Naipali",0,770,497,502,16,Assam States,12318,8356,3962
"A. Vernaculars of India > Indo-European Family > Aryan Sub-Family > Indo-Aryan Branch > Inner Sub-Branch > Pahari Group > Eastern Pahari, Khas-Kura or Naipali","Eastern Pahari, Khas-Kura or Naipali",0,770,497,502,18,Baroda State,152,125,27
"A. Vernaculars of India > Indo-European Family > Aryan Sub-Family > Indo-Aryan Branch > Inner Sub-Branch > Pahari Group > Eastern Pahari, Khas-Kura or Naipali","Eastern Pahari, Khas-Kura or Naipali",0,770,497,502,19,Bengal States,996,574,422
"A. Vernaculars of India > Indo-European Family > Aryan Sub-Family > Indo-Aryan Branch > Inner Sub-Branch > Pahari Group > Eastern Pahari, Khas-Kura or Naipali","Eastern Pahari, Khas-Kura or Naipali",0,770,497,502,20,Bihar and Orissa States,82,58,24
"A. Vernaculars of India > Indo-European Family > Aryan Sub-Family > Indo-Aryan Branch > Inner Sub-Branch > Pahari Group > Eastern Pahari, Khas-Kura or Naipali","Eastern Pahari, Khas-Kura or Naipali",0,770,497,502,21,Bombay States,200,134,66
"A. Vernaculars of India > Indo-European Family > Aryan Sub-Family > Indo-Aryan Branch > Inner Sub-Branch > Pahari Group > Eastern Pahari, Khas-Kura or Naipali","Eastern Pahari, Khas-Kura or Naipali",0,770,497,502,22,Central India Agency,224,172,52
"A. Vernaculars of India > Indo-European Family > Aryan Sub-Family > Indo-Aryan Branch > Inner Sub-Branch > Pahari Group > Eastern Pahari, Khas-Kura or Naipali","Eastern Pahari, Khas-Kura or Naipali",0,770,497,502,23,Central Provinces States,159,76,83
"A. Vernaculars of India > Indo-European Family > Aryan Sub-Family > Indo-Aryan Branch > Inner Sub-Branch > Pahari Group > Eastern Pahari, Khas-Kura or Naipali","Eastern Pahari, Khas-Kura or Naipali",0,770,497,502,24,Gwalior State,53,39,14
"A. Vernaculars of India > Indo-European Family > Aryan Sub-Family > Indo-Aryan Branch > Inner Sub-Branch > Pahari Group > Eastern Pahari, Khas-Kura or Naipali","Eastern Pahari, Khas-Kura or Naipali",0,770,497,502,26,Jammu and Kashmir State,1120,810,310
"A. Vernaculars of India > Indo-European Family > Aryan Sub-Family > Indo-Aryan Branch > Inner Sub-Branch > Pahari Group > Eastern Pahari, Khas-Kura or Naipali","Eastern Pahari, Khas-Kura or Naipali",0,770,497,502,27,Madras States Agency,1,1,
"A. Vernaculars of India > Indo-European Family > Aryan Sub-Family > Indo-Aryan Branch > Inner Sub-Branch > Pahari Group > Eastern Pahari, Khas-Kura or Naipali","Eastern Pahari, Khas-Kura or Naipali",0,770,497,502,27b,Travancore State,1,1,
"A. Vernaculars of India > Indo-European Family > Aryan Sub-Family > Indo-Aryan Branch > Inner Sub-Branch > Pahari Group > Eastern Pahari, Khas-Kura or Naipali","Eastern Pahari, Khas-Kura or Naipali",0,770,497,502,29,North-West Frontier Province (Agencies and Tribal Areas),4591,4591,
"A. Vernaculars of India > Indo-European Family > Aryan Sub-Family > Indo-Aryan Branch > Inner Sub-Branch > Pahari Group > Eastern Pahari, Khas-Kura or Naipali","Eastern Pahari, Khas-Kura or Naipali",0,770,497,502,30,Punjab States,217,187,30
"A. Vernaculars of India > Indo-European Family > Aryan Sub-Family > Indo-Aryan Branch > Inner Sub-Branch > Pahari Group > Eastern Pahari, Khas-Kura or Naipali","Eastern Pahari, Khas-Kura or Naipali",0,770,497,502,31,Punjab States Agency,2043,1494,549
"A. Vernaculars of India > Indo-European Family > Aryan Sub-Family > Indo-Aryan Branch > Inner Sub-Branch > Pahari Group > Eastern Pahari, Khas-Kura or Naipali","Eastern Pahari, Khas-Kura or Naipali",0,770,497,502,32,Rajputana Agency,245,120,125
"A. Vernaculars of India > Indo-European Family > Aryan Sub-Family > Indo-Aryan Branch > Inner Sub-Branch > Pahari Group > Eastern Pahari, Khas-Kura or Naipali","Eastern Pahari, Khas-Kura or Naipali",0,770,497,502,33,Sikkim State,38866,19693,19173
"A. Vernaculars of India > Indo-European Family > Aryan Sub-Family > Indo-Aryan Branch > Inner Sub-Branch > Pahari Group > Eastern Pahari, Khas-Kura or Naipali","Eastern Pahari, Khas-Kura or Naipali",0,770,497,502,34,United Provinces States,47,25,22
"A. Vernaculars of India > Indo-European Family > Aryan Sub-Family > Indo-Aryan Branch > Inner Sub-Branch > Pahari Group > Eastern Pahari, Khas-Kura or Naipali","Eastern Pahari, Khas-Kura or Naipali",0,770,497,502,35,Western India States Agency,20,8,12
A. Vernaculars of India > Indo-European Family > Aryan Sub-Family > Indo-Aryan Branch > Inner Sub-Branch > Pahari Group > Western Pahari,Western Pahari,0,773,497,502,INDIA,India,2325916,1211008,1114908
A. Vernaculars of India > Indo-European Family > Aryan Sub-Family > Indo-Aryan Branch > Inner Sub-Branch > Pahari Group > Western Pahari,Western Pahari,0,773,497,502,PROV,Provinces,788727,411563,377164
A. Vernaculars of India > Indo-European Family > Aryan Sub-Family > Indo-Aryan Branch > Inner Sub-Branch > Pahari Group > Western Pahari,Western Pahari,0,773,497,502,STATES,States and Agencies,1537189,799445,737744
A. Vernaculars of India > Indo-European Family > Aryan Sub-Family > Indo-Aryan Branch > Inner Sub-Branch > Pahari Group > Western Pahari,Western Pahari,0,773,497,502,4,Baluchistan (Districts and Administered Territories),25,24,1
A. Vernaculars of India > Indo-European Family > Aryan Sub-Family > Indo-Aryan Branch > Inner Sub-Branch > Pahari Group > Western Pahari,Western Pahari,0,773,497,502,11,Delhi,1644,1338,306
A. Vernaculars of India > Indo-European Family > Aryan Sub-Family > Indo-Aryan Branch > Inner Sub-Branch > Pahari Group > Western Pahari,Western Pahari,0,773,497,502,14,Punjab,787058,410201,376857
A. Vernaculars of India > Indo-European Family > Aryan Sub-Family > Indo-Aryan Branch > Inner Sub-Branch > Pahari Group > Western Pahari,Western Pahari,0,773,497,502,24,Gwalior State,245,142,103
A. Vernaculars of India > Indo-European Family > Aryan Sub-Family > Indo-Aryan Branch > Inner Sub-Branch > Pahari Group > Western Pahari,Western Pahari,0,773,497,502,26,Jammu and Kashmir State,633326,326936,306390
A. Vernaculars of India > Indo-European Family > Aryan Sub-Family > Indo-Aryan Branch > Inner Sub-Branch > Pahari Group > Western Pahari,Western Pahari,0,773,497,502,30,Punjab States,264127,136921,127206
A. Vernaculars of India > Indo-European Family > Aryan Sub-Family > Indo-Aryan Branch > Inner Sub-Branch > Pahari Group > Western Pahari,Western Pahari,0,773,497,502,31,Punjab States Agency,639491,335446,304045
A. Vernaculars of India > Indo-European Family > Aryan Sub-Family > Indo-Aryan Branch > Inner Sub-Branch > Pahari Group > Pahari (Unspecified),Pahari (Unspecified),0,776,497,502,INDIA,India,6395,3952,2443
A. Vernaculars of India > Indo-European Family > Aryan Sub-Family > Indo-Aryan Branch > Inner Sub-Branch > Pahari Group > Pahari (Unspecified),Pahari (Unspecified),0,776,497,502,PROV,Provinces,4029,2199,1830
A. Vernaculars of India > Indo-European Family > Aryan Sub-Family > Indo-Aryan Branch > Inner Sub-Branch > Pahari Group > Pahari (Unspecified),Pahari (Unspecified),0,776,497,502,STATES,States and Agencies,2366,1753,613
A. Vernaculars of India > Indo-European Family > Aryan Sub-Family > Indo-Aryan Branch > Inner Sub-Branch > Pahari Group > Pahari (Unspecified),Pahari (Unspecified),0,776,497,502,1,Ajmer-Merwara,53,46,7
A. Vernaculars of India > Indo-European Family > Aryan Sub-Family > Indo-Aryan Branch > Inner Sub-Branch > Pahari Group > Pahari (Unspecified),Pahari (Unspecified),0,776,497,502,2,Andaman and Nicobar Islands,4,4,
A. Vernaculars of India > Indo-European Family > Aryan Sub-Family > Indo-Aryan Branch > Inner Sub-Branch > Pahari Group > Pahari (Unspecified),Pahari (Unspecified),0,776,497,502,4,Baluchistan (Districts and Administered Territories),54,50,4
A. Vernaculars of India > Indo-European Family > Aryan Sub-Family > Indo-Aryan Branch > Inner Sub-Branch > Pahari Group > Pahari (Unspecified),Pahari (Unspecified),0,776,497,502,7,Bombay (including Aden),3832,2031,1801
A. Vernaculars of India > Indo-European Family > Aryan Sub-Family > Indo-Aryan Branch > Inner Sub-Branch > Pahari Group > Pahari (Unspecified),Pahari (Unspecified),0,776,497,502,9,Central Provinces and Berar,54,40,14
A. Vernaculars of India > Indo-European Family > Aryan Sub-Family > Indo-Aryan Branch > Inner Sub-Branch > Pahari Group > Pahari (Unspecified),Pahari (Unspecified),0,776,497,502,13,North-West Frontier Province (Districts and Administered Territories),32,28,4
A. Vernaculars of India > Indo-European Family > Aryan Sub-Family > Indo-Aryan Branch > Inner Sub-Branch > Pahari Group > Pahari (Unspecified),Pahari (Unspecified),0,776,497,502,21,Bombay States,1351,803,548
A. Vernaculars of India > Indo-European Family > Aryan Sub-Family > Indo-Aryan Branch > Inner Sub-Branch > Pahari Group > Pahari (Unspecified),Pahari (Unspecified),0,776,497,502,28,Mysore State,10,3,7
A. Vernaculars of India > Indo-European Family > Aryan Sub-Family > Indo-Aryan Branch > Inner Sub-Branch > Pahari Group > Pahari (Unspecified),Pahari (Unspecified),0,776,497,502,29,North-West Frontier Province (Agencies and Tribal Areas),586,586,
A. Vernaculars of India > Indo-European Family > Aryan Sub-Family > Indo-Aryan Branch > Inner Sub-Branch > Pahari Group > Pahari (Unspecified),Pahari (Unspecified),0,776,497,502,32,Rajputana Agency,383,329,54
A. Vernaculars of India > Indo-European Family > Aryan Sub-Family > Indo-Aryan Branch > Inner Sub-Branch > Pahari Group > Pahari (Unspecified),Pahari (Unspecified),0,776,497,502,35,Western India States Agency,36,32,4
A. Vernaculars of India > Unclassed Languages,Unclassed Languages,1,779,498,503,INDIA,India,54453,29322,25131
A. Vernaculars of India > Unclassed Languages,Unclassed Languages,1,779,498,503,PROV,Provinces,16040,8435,7605
A. Vernaculars of India > Unclassed Languages,Unclassed Languages,1,779,498,503,STATES,States and Agencies,38413,20887,17526
A. Vernaculars of India > Unclassed Languages,Unclassed Languages,1,779,498,503,1,Ajmer-Merwara,306,175,131
A. Vernaculars of India > Unclassed Languages,Unclassed Languages,1,779,498,503,2,Andaman and Nicobar Islands,691,473,218
A. Vernaculars of India > Unclassed Languages,Unclassed Languages,1,779,498,503,4,Baluchistan (Districts and Administered Territories),58,33,25
A. Vernaculars of India > Unclassed Languages,Unclassed Languages,1,779,498,503,6,Bihar and Orissa,603,279,324
A. Vernaculars of India > Unclassed Languages,Unclassed Languages,1,779,498,503,7,Bombay (including Aden),5060,2669,2391
A. Vernaculars of India > Unclassed Languages,Unclassed Languages,1,779,498,503,9,Central Provinces and Berar,4055,1979,2076
A. Vernaculars of India > Unclassed Languages,Unclassed Languages,1,779,498,503,12,Madras,18,2,16
A. Vernaculars of India > Unclassed Languages,Unclassed Languages,1,779,498,503,14,Punjab,4952,2629,2323
A. Vernaculars of India > Unclassed Languages,Unclassed Languages,1,779,498,503,15,United Provinces of Agra and Oudh,297,196,101
A. Vernaculars of India > Unclassed Languages,Unclassed Languages,1,779,498,503,17,Baluchistan States,59,33,26
A. Vernaculars of India > Unclassed Languages,Unclassed Languages,1,779,498,503,18,Baroda State,121,68,53
A. Vernaculars of India > Unclassed Languages,Unclassed Languages,1,779,498,503,20,Bihar and Orissa States,84,48,36
A. Vernaculars of India > Unclassed Languages,Unclassed Languages,1,779,498,503,21,Bombay States,90,45,45
A. Vernaculars of India > Unclassed Languages,Unclassed Languages,1,779,498,503,22,Central India Agency,2404,1229,1175
A. Vernaculars of India > Unclassed Languages,Unclassed Languages,1,779,498,503,23,Central Provinces States,12,7,5
A. Vernaculars of India > Unclassed Languages,Unclassed Languages,1,779,498,503,25,Hyderabad State,475,232,243
A. Vernaculars of India > Unclassed Languages,Unclassed Languages,1,779,498,503,26,Jammu and Kashmir State,26177,14732,11445
A. Vernaculars of India > Unclassed Languages,Unclassed Languages,1,779,498,503,27,Madras States Agency,126,88,38
A. Vernaculars of India > Unclassed Languages,Unclassed Languages,1,779,498,503,27a,Cochin State,13,11,2
A. Vernaculars of India > Unclassed Languages,Unclassed Languages,1,779,498,503,27b,Travancore State,113,77,36
A. Vernaculars of India > Unclassed Languages,Unclassed Languages,1,779,498,503,28,Mysore State,31,17,14
A. Vernaculars of India > Unclassed Languages,Unclassed Languages,1,779,498,503,32,Rajputana Agency,8766,4370,4396
A. Vernaculars of India > Unclassed Languages,Unclassed Languages,1,779,498,503,35,Western India States Agency,68,18,50
A. Vernaculars of India > Unclassed Languages > Andamanese,Andamanese,0,782,498,503,INDIA,India,466,251,215
A. Vernaculars of India > Unclassed Languages > Andamanese,Andamanese,0,782,498,503,PROV,Provinces,466,251,215
A. Vernaculars of India > Unclassed Languages > Andamanese,Andamanese,0,782,498,503,2,Andaman and Nicobar Islands,466,251,215
A. Vernaculars of India > Unclassed Languages > Burushaski,Burushaski,0,782,498,503,INDIA,India,26076,14678,11398
A. Vernaculars of India > Unclassed Languages > Burushaski,Burushaski,0,782,498,503,STATES,States and Agencies,26076,14678,11398
A. Vernaculars of India > Unclassed Languages > Burushaski,Burushaski,0,782,498,503,26,Jammu and Kashmir State,26076,14678,11398
A. Vernaculars of India > Unclassed Languages > Gipsy Languages,Gipsy Languages,0,785,498,503,INDIA,India,25999,13079,12920
A. Vernaculars of India > Unclassed Languages > Gipsy Languages,Gipsy Languages,0,785,498,503,PROV,Provinces,13845,6989,6856
A. Vernaculars of India > Unclassed Languages > Gipsy Languages,Gipsy Languages,0,785,498,503,STATES,States and Agencies,12154,6090,6064
A. Vernaculars of India > Unclassed Languages > Gipsy Languages,Gipsy Languages,0,785,498,503,1,Ajmer-Merwara,306,175,131
A. Vernaculars of India > Unclassed Languages > Gipsy Languages,Gipsy Languages,0,785,498,503,4,Baluchistan (Districts and Administered Territories),58,33,25
A. Vernaculars of India > Unclassed Languages > Gipsy Languages,Gipsy Languages,0,785,498,503,6,Bihar and Orissa,603,279,324
A. Vernaculars of India > Unclassed Languages > Gipsy Languages,Gipsy Languages,0,785,498,503,7,Bombay (including Aden),3563,1699,1864
A. Vernaculars of India > Unclassed Languages > Gipsy Languages,Gipsy Languages,0,785,498,503,9,Central Provinces and Berar,4048,1976,2072
A. Vernaculars of India > Unclassed Languages > Gipsy Languages,Gipsy Languages,0,785,498,503,12,Madras,18,2,16
A. Vernaculars of India > Unclassed Languages > Gipsy Languages,Gipsy Languages,0,785,498,503,14,Punjab,4952,2629,2323
A. Vernaculars of India > Unclassed Languages > Gipsy Languages,Gipsy Languages,0,785,498,503,15,United Provinces of Agra and Oudh,297,196,101
A. Vernaculars of India > Unclassed Languages > Gipsy Languages,Gipsy Languages,0,785,498,503,17,Baluchistan States,59,33,26
A. Vernaculars of India > Unclassed Languages > Gipsy Languages,Gipsy Languages,0,785,498,503,18,Baroda State,121,68,53
A. Vernaculars of India > Unclassed Languages > Gipsy Languages,Gipsy Languages,0,785,498,503,20,Bihar and Orissa States,84,48,36
A. Vernaculars of India > Unclassed Languages > Gipsy Languages,Gipsy Languages,0,785,498,503,21,Bombay States,90,45,45
A. Vernaculars of India > Unclassed Languages > Gipsy Languages,Gipsy Languages,0,785,498,503,22,Central India Agency,2404,1229,1175
A. Vernaculars of India > Unclassed Languages > Gipsy Languages,Gipsy Languages,0,785,498,503,23,Central Provinces States,11,6,5
A. Vernaculars of India > Unclassed Languages > Gipsy Languages,Gipsy Languages,0,785,498,503,25,Hyderabad State,421,202,219
A. Vernaculars of India > Unclassed Languages > Gipsy Languages,Gipsy Languages,0,785,498,503,26,Jammu and Kashmir State,101,54,47
A. Vernaculars of India > Unclassed Languages > Gipsy Languages,Gipsy Languages,0,785,498,503,28,Mysore State,31,17,14
A. Vernaculars of India > Unclassed Languages > Gipsy Languages,Gipsy Languages,0,785,498,503,32,Rajputana Agency,8766,4370,4396
A. Vernaculars of India > Unclassed Languages > Gipsy Languages,Gipsy Languages,0,785,498,503,35,Western India States Agency,66,18,48
A. Vernaculars of India > Unclassed Languages > Others (Indian unspecified or Language not returned),Others (Indian unspecified or Language not returned),0,788,498,503,INDIA,India,1912,1314,598
A. Vernaculars of India > Unclassed Languages > Others (Indian unspecified or Language not returned),Others (Indian unspecified or Language not returned),0,788,498,503,PROV,Provinces,1729,1195,534
A. Vernaculars of India > Unclassed Languages > Others (Indian unspecified or Language not returned),Others (Indian unspecified or Language not returned),0,788,498,503,STATES,States and Agencies,183,119,64
A. Vernaculars of India > Unclassed Languages > Others (Indian unspecified or Language not returned),Others (Indian unspecified or Language not returned),0,788,498,503,2,Andaman and Nicobar Islands,225,222,3
A. Vernaculars of India > Unclassed Languages > Others (Indian unspecified or Language not returned),Others (Indian unspecified or Language not returned),0,788,498,503,7,Bombay (including Aden),1497,970,527
A. Vernaculars of India > Unclassed Languages > Others (Indian unspecified or Language not returned),Others (Indian unspecified or Language not returned),0,788,498,503,9,Central Provinces and Berar,7,3,4
A. Vernaculars of India > Unclassed Languages > Others (Indian unspecified or Language not returned),Others (Indian unspecified or Language not returned),0,788,498,503,23,Central Provinces States,1,1,
A. Vernaculars of India > Unclassed Languages > Others (Indian unspecified or Language not returned),Others (Indian unspecified or Language not returned),0,788,498,503,25,Hyderabad State,54,30,24
A. Vernaculars of India > Unclassed Languages > Others (Indian unspecified or Language not returned),Others (Indian unspecified or Language not returned),0,788,498,503,27,Madras States Agency,126,88,38
A. Vernaculars of India > Unclassed Languages > Others (Indian unspecified or Language not returned),Others (Indian unspecified or Language not returned),0,788,498,503,27a,Cochin State,13,11,2
A. Vernaculars of India > Unclassed Languages > Others (Indian unspecified or Language not returned),Others (Indian unspecified or Language not returned),0,788,498,503,27b,Travancore State,113,77,36
A. Vernaculars of India > Unclassed Languages > Others (Indian unspecified or Language not returned),Others (Indian unspecified or Language not returned),0,788,498,503,35,Western India States Agency,2,,2
B. Vernaculars of other Asiatic countries and Africa,B. Vernaculars of other Asiatic countries and Africa,1,791,498,503,INDIA,India,302324,197655,104669
B. Vernaculars of other Asiatic countries and Africa,B. Vernaculars of other Asiatic countries and Africa,1,791,498,503,PROV,Provinces,287701,188922,98779
B. Vernaculars of other Asiatic countries and Africa,B. Vernaculars of other Asiatic countries and Africa,1,791,498,503,STATES,States and Agencies,14623,8733,5890
B. Vernaculars of other Asiatic countries and Africa,B. Vernaculars of other Asiatic countries and Africa,1,791,498,503,1,Ajmer-Merwara,54,36,18
B. Vernaculars of other Asiatic countries and Africa,B. Vernaculars of other Asiatic countries and Africa,1,791,498,503,2,Andaman and Nicobar Islands,329,316,13
B. Vernaculars of other Asiatic countries and Africa,B. Vernaculars of other Asiatic countries and Africa,1,791,498,503,3,Assam,872,697,175
B. Vernaculars of other Asiatic countries and Africa,B. Vernaculars of other Asiatic countries and Africa,1,791,498,503,4,Baluchistan (Districts and Administered Territories),4967,3415,1552
B. Vernaculars of other Asiatic countries and Africa,B. Vernaculars of other Asiatic countries and Africa,1,791,498,503,5,Bengal,9693,6995,2698
B. Vernaculars of other Asiatic countries and Africa,B. Vernaculars of other Asiatic countries and Africa,1,791,498,503,6,Bihar and Orissa,376,274,102
B. Vernaculars of other Asiatic countries and Africa,B. Vernaculars of other Asiatic countries and Africa,1,791,498,503,7,Bombay (including Aden),70632,45829,24803
B. Vernaculars of other Asiatic countries and Africa,B. Vernaculars of other Asiatic countries and Africa,1,791,498,503,7a,Aden,40768,25231,15537
B. Vernaculars of other Asiatic countries and Africa,B. Vernaculars of other Asiatic countries and Africa,1,791,498,503,8,Burma,181145,120257,60888
B. Vernaculars of other Asiatic countries and Africa,B. Vernaculars of other Asiatic countries and Africa,1,791,498,503,9,Central Provinces and Berar,1156,749,407
B. Vernaculars of other Asiatic countries and Africa,B. Vernaculars of other Asiatic countries and Africa,1,791,498,503,10,Coorg,19,11,8
B. Vernaculars of other Asiatic countries and Africa,B. Vernaculars of other Asiatic countries and Africa,1,791,498,503,11,Delhi,162,114,48
B. Vernaculars of other Asiatic countries and Africa,B. Vernaculars of other Asiatic countries and Africa,1,791,498,503,12,Madras,6730,3516,3214
B. Vernaculars of other Asiatic countries and Africa,B. Vernaculars of other Asiatic countries and Africa,1,791,498,503,13,North-West Frontier Province (Districts and Administered Territories),6122,3664,2458
B. Vernaculars of other Asiatic countries and Africa,B. Vernaculars of other Asiatic countries and Africa,1,791,498,503,14,Punjab,4662,2538,2124
B. Vernaculars of other Asiatic countries and Africa,B. Vernaculars of other Asiatic countries and Africa,1,791,498,503,15,United Provinces of Agra and Oudh,782,511,271
B. Vernaculars of other Asiatic countries and Africa,B. Vernaculars of other Asiatic countries and Africa,1,791,498,503,16,Assam States,25,21,4
B. Vernaculars of other Asiatic countries and Africa,B. Vernaculars of other Asiatic countries and Africa,1,791,498,503,17,Baluchistan States,112,64,48
B. Vernaculars of other Asiatic countries and Africa,B. Vernaculars of other Asiatic countries and Africa,1,791,498,503,18,Baroda State,147,116,31
B. Vernaculars of other Asiatic countries and Africa,B. Vernaculars of other Asiatic countries and Africa,1,791,498,503,19,Bengal States,94,71,23
B. Vernaculars of other Asiatic countries and Africa,B. Vernaculars of other Asiatic countries and Africa,1,791,498,503,20,Bihar and Orissa States,49,34,15
B. Vernaculars of other Asiatic countries and Africa,B. Vernaculars of other Asiatic countries and Africa,1,791,498,503,21,Bombay States,400,240,160
B. Vernaculars of other Asiatic countries and Africa,B. Vernaculars of other Asiatic countries and Africa,1,791,498,503,22,Central India Agency,513,281,232
B. Vernaculars of other Asiatic countries and Africa,B. Vernaculars of other Asiatic countries and Africa,1,791,498,503,23,Central Provinces States,17,8,9
B. Vernaculars of other Asiatic countries and Africa,B. Vernaculars of other Asiatic countries and Africa,1,791,498,503,24,Gwalior State,445,340,105
B. Vernaculars of other Asiatic countries and Africa,B. Vernaculars of other Asiatic countries and Africa,1,791,498,503,25,Hyderabad State,3486,2110,1376
B. Vernaculars of other Asiatic countries and Africa,B. Vernaculars of other Asiatic countries and Africa,1,791,498,503,26,Jammu and Kashmir State,400,285,115
B. Vernaculars of other Asiatic countries and Africa,B. Vernaculars of other Asiatic countries and Africa,1,791,498,503,27,Madras States Agency,4136,2281,1855
B. Vernaculars of other Asiatic countries and Africa,B. Vernaculars of other Asiatic countries and Africa,1,791,498,503,27a,Cochin State,515,273,242
B. Vernaculars of other Asiatic countries and Africa,B. Vernaculars of other Asiatic countries and Africa,1,791,498,503,27b,Travancore State,3596,1993,1603
B. Vernaculars of other Asiatic countries and Africa,B. Vernaculars of other Asiatic countries and Africa,1,791,498,503,27c,Other Madras States,25,15,10
B. Vernaculars of other Asiatic countries and Africa,B. Vernaculars of other Asiatic countries and Africa,1,791,498,503,28,Mysore State,1095,783,312
B. Vernaculars of other Asiatic countries and Africa,B. Vernaculars of other Asiatic countries and Africa,1,791,498,503,29,North-West Frontier Province (Agencies and Tribal Areas),350,210,140
B. Vernaculars of other Asiatic countries and Africa,B. Vernaculars of other Asiatic countries and Africa,1,791,498,503,30,Punjab States,12,3,9
B. Vernaculars of other Asiatic countries and Africa,B. Vernaculars of other Asiatic countries and Africa,1,791,498,503,31,Punjab States Agency,202,173,29
B. Vernaculars of other Asiatic countries and Africa,B. Vernaculars of other Asiatic countries and Africa,1,791,498,503,32,Rajputana Agency,127,86,41
B. Vernaculars of other Asiatic countries and Africa,B. Vernaculars of other Asiatic countries and Africa,1,791,498,503,33,Sikkim State,29,17,12
B. Vernaculars of other Asiatic countries and Africa,B. Vernaculars of other Asiatic countries and Africa,1,791,498,503,34,United Provinces States,3,3,
B. Vernaculars of other Asiatic countries and Africa,B. Vernaculars of other Asiatic countries and Africa,1,791,498,503,35,Western India States Agency,2981,1607,1374
B. Vernaculars of other Asiatic countries and Africa > Indo-European Family,Indo-European Family,1,,,,INDIA,India,39224,25359,13865
B. Vernaculars of other Asiatic countries and Africa > Indo-European Family,Indo-European Family,1,,,,PROV,Provinces,34939,22856,12083
B. Vernaculars of other Asiatic countries and Africa > Indo-European Family,Indo-European Family,1,,,,STATES,States and Agencies,4285,2503,1782
B. Vernaculars of other Asiatic countries and Africa > Indo-European Family,Indo-European Family,1,,,,1,Ajmer-Merwara,19,16,3
B. Vernaculars of other Asiatic countries and Africa > Indo-European Family,Indo-European Family,1,,,,3,Assam,268,215,53
B. Vernaculars of other Asiatic countries and Africa > Indo-European Family,Indo-European Family,1,,,,4,Baluchistan (Districts and Administered Territories),4911,3383,1528
B. Vernaculars of other Asiatic countries and Africa > Indo-European Family,Indo-European Family,1,,,,5,Bengal,1754,1106,648
B. Vernaculars of other Asiatic countries and Africa > Indo-European Family,Indo-European Family,1,,,,6,Bihar and Orissa,172,133,39
B. Vernaculars of other Asiatic countries and Africa > Indo-European Family,Indo-European Family,1,,,,7,Bombay (including Aden),12105,9247,2858
B. Vernaculars of other Asiatic countries and Africa > Indo-European Family,Indo-European Family,1,,,,7a,Aden,57,40,17
B. Vernaculars of other Asiatic countries and Africa > Indo-European Family,Indo-European Family,1,,,,8,Burma,1063,665,398
B. Vernaculars of other Asiatic countries and Africa > Indo-European Family,Indo-European Family,1,,,,9,Central Provinces and Berar,670,387,283
B. Vernaculars of other Asiatic countries and Africa > Indo-European Family,Indo-European Family,1,,,,11,Delhi,105,69,36
B. Vernaculars of other Asiatic countries and Africa > Indo-European Family,Indo-European Family,1,,,,12,Madras,3423,1626,1797
B. Vernaculars of other Asiatic countries and Africa > Indo-European Family,Indo-European Family,1,,,,13,North-West Frontier Province (Districts and Administered Territories),6030,3615,2415
B. Vernaculars of other Asiatic countries and Africa > Indo-European Family,Indo-European Family,1,,,,14,Punjab,3833,2009,1824
B. Vernaculars of other Asiatic countries and Africa > Indo-European Family,Indo-European Family,1,,,,15,United Provinces of Agra and Oudh,586,385,201
B. Vernaculars of other Asiatic countries and Africa > Indo-European Family,Indo-European Family,1,,,,17,Baluchistan States,110,62,48
B. Vernaculars of other Asiatic countries and Africa > Indo-European Family,Indo-European Family,1,,,,18,Baroda State,1,1,0
B. Vernaculars of other Asiatic countries and Africa > Indo-European Family,Indo-European Family,1,,,,19,Bengal States,87,64,23
B. Vernaculars of other Asiatic countries and Africa > Indo-European Family,Indo-European Family,1,,,,20,Bihar and Orissa States,24,21,3
B. Vernaculars of other Asiatic countries and Africa > Indo-European Family,Indo-European Family,1,,,,21,Bombay States,34,23,11
B. Vernaculars of other Asiatic countries and Africa > Indo-European Family,Indo-European Family,1,,,,22,Central India Agency,216,126,90
B. Vernaculars of other Asiatic countries and Africa > Indo-European Family,Indo-European Family,1,,,,23,Central Provinces States,7,3,4
B. Vernaculars of other Asiatic countries and Africa > Indo-European Family,Indo-European Family,1,,,,24,Gwalior State,190,152,38
B. Vernaculars of other Asiatic countries and Africa > Indo-European Family,Indo-European Family,1,,,,25,Hyderabad State,292,165,127
B. Vernaculars of other Asiatic countries and Africa > Indo-European Family,Indo-European Family,1,,,,26,Jammu and Kashmir State,296,196,100
B. Vernaculars of other Asiatic countries and Africa > Indo-European Family,Indo-European Family,1,,,,27,Madras States Agency,103,75,28
B. Vernaculars of other Asiatic countries and Africa > Indo-European Family,Indo-European Family,1,,,,27a,Cochin State,8,3,5
B. Vernaculars of other Asiatic countries and Africa > Indo-European Family,Indo-European Family,1,,,,27b,Travancore State,94,71,23
B. Vernaculars of other Asiatic countries and Africa > Indo-European Family,Indo-European Family,1,,,,27c,Other Madras States,1,1,0
B. Vernaculars of other Asiatic countries and Africa > Indo-European Family,Indo-European Family,1,,,,28,Mysore State,319,179,140
B. Vernaculars of other Asiatic countries and Africa > Indo-European Family,Indo-European Family,1,,,,29,North-West Frontier Province (Agencies and Tribal Areas),350,210,140
B. Vernaculars of other Asiatic countries and Africa > Indo-European Family,Indo-European Family,1,,,,30,Punjab States,11,3,8
B. Vernaculars of other Asiatic countries and Africa > Indo-European Family,Indo-European Family,1,,,,31,Punjab States Agency,157,147,10
B. Vernaculars of other Asiatic countries and Africa > Indo-European Family,Indo-European Family,1,,,,32,Rajputana Agency,99,71,28
B. Vernaculars of other Asiatic countries and Africa > Indo-European Family,Indo-European Family,1,,,,34,United Provinces States,3,3,0
B. Vernaculars of other Asiatic countries and Africa > Indo-European Family,Indo-European Family,1,,,,35,Western India States Agency,1986,1002,984
B. Vernaculars of other Asiatic countries and Africa > Indo-European Family > Aryan Sub-Family,Aryan Sub-Family,1,794,499,504,INDIA,India,39224,25359,13865
B. Vernaculars of other Asiatic countries and Africa > Indo-European Family > Aryan Sub-Family,Aryan Sub-Family,1,794,499,504,PROV,Provinces,34939,22856,12083
B. Vernaculars of other Asiatic countries and Africa > Indo-European Family > Aryan Sub-Family,Aryan Sub-Family,1,794,499,504,STATES,States and Agencies,4285,2503,1782
B. Vernaculars of other Asiatic countries and Africa > Indo-European Family > Aryan Sub-Family,Aryan Sub-Family,1,794,499,504,1,Ajmer-Merwara,19,16,3
B. Vernaculars of other Asiatic countries and Africa > Indo-European Family > Aryan Sub-Family,Aryan Sub-Family,1,794,499,504,3,Assam,268,215,53
B. Vernaculars of other Asiatic countries and Africa > Indo-European Family > Aryan Sub-Family,Aryan Sub-Family,1,794,499,504,4,Baluchistan (Districts and Administered Territories),4911,3383,1528
B. Vernaculars of other Asiatic countries and Africa > Indo-European Family > Aryan Sub-Family,Aryan Sub-Family,1,794,499,504,5,Bengal,1754,1106,648
B. Vernaculars of other Asiatic countries and Africa > Indo-European Family > Aryan Sub-Family,Aryan Sub-Family,1,794,499,504,6,Bihar and Orissa,172,133,39
B. Vernaculars of other Asiatic countries and Africa > Indo-European Family > Aryan Sub-Family,Aryan Sub-Family,1,794,499,504,7,Bombay (including Aden),12105,9247,2858
B. Vernaculars of other Asiatic countries and Africa > Indo-European Family > Aryan Sub-Family,Aryan Sub-Family,1,794,499,504,7a,Aden,57,40,17
B. Vernaculars of other Asiatic countries and Africa > Indo-European Family > Aryan Sub-Family,Aryan Sub-Family,1,794,499,504,8,Burma,1063,665,398
B. Vernaculars of other Asiatic countries and Africa > Indo-European Family > Aryan Sub-Family,Aryan Sub-Family,1,794,499,504,9,Central Provinces and Berar,670,387,283
B. Vernaculars of other Asiatic countries and Africa > Indo-European Family > Aryan Sub-Family,Aryan Sub-Family,1,794,499,504,11,Delhi,105,69,36
B. Vernaculars of other Asiatic countries and Africa > Indo-European Family > Aryan Sub-Family,Aryan Sub-Family,1,794,499,504,12,Madras,3423,1626,1797
B. Vernaculars of other Asiatic countries and Africa > Indo-European Family > Aryan Sub-Family,Aryan Sub-Family,1,794,499,504,13,North-West Frontier Province (Districts and Administered Territories),6030,3615,2415
B. Vernaculars of other Asiatic countries and Africa > Indo-European Family > Aryan Sub-Family,Aryan Sub-Family,1,794,499,504,14,Punjab,3833,2009,1824
B. Vernaculars of other Asiatic countries and Africa > Indo-European Family > Aryan Sub-Family,Aryan Sub-Family,1,794,499,504,15,United Provinces of Agra and Oudh,586,385,201
B. Vernaculars of other Asiatic countries and Africa > Indo-European Family > Aryan Sub-Family,Aryan Sub-Family,1,794,499,504,17,Baluchistan States,110,62,48
B. Vernaculars of other Asiatic countries and Africa > Indo-European Family > Aryan Sub-Family,Aryan Sub-Family,1,794,499,504,18,Baroda State,1,1,
B. Vernaculars of other Asiatic countries and Africa > Indo-European Family > Aryan Sub-Family,Aryan Sub-Family,1,794,499,504,19,Bengal States,87,64,23
B. Vernaculars of other Asiatic countries and Africa > Indo-European Family > Aryan Sub-Family,Aryan Sub-Family,1,794,499,504,20,Bihar and Orissa States,24,21,3
B. Vernaculars of other Asiatic countries and Africa > Indo-European Family > Aryan Sub-Family,Aryan Sub-Family,1,794,499,504,21,Bombay States,34,23,11
B. Vernaculars of other Asiatic countries and Africa > Indo-European Family > Aryan Sub-Family,Aryan Sub-Family,1,794,499,504,22,Central India Agency,216,126,90
B. Vernaculars of other Asiatic countries and Africa > Indo-European Family > Aryan Sub-Family,Aryan Sub-Family,1,794,499,504,23,Central Provinces States,7,3,4
B. Vernaculars of other Asiatic countries and Africa > Indo-European Family > Aryan Sub-Family,Aryan Sub-Family,1,794,499,504,24,Gwalior State,190,152,38
B. Vernaculars of other Asiatic countries and Africa > Indo-European Family > Aryan Sub-Family,Aryan Sub-Family,1,794,499,504,25,Hyderabad State,292,165,127
B. Vernaculars of other Asiatic countries and Africa > Indo-European Family > Aryan Sub-Family,Aryan Sub-Family,1,794,499,504,26,Jammu and Kashmir State,296,196,100
B. Vernaculars of other Asiatic countries and Africa > Indo-European Family > Aryan Sub-Family,Aryan Sub-Family,1,794,499,504,27,Madras States Agency,103,75,28
B. Vernaculars of other Asiatic countries and Africa > Indo-European Family > Aryan Sub-Family,Aryan Sub-Family,1,794,499,504,27a,Cochin State,8,3,5
B. Vernaculars of other Asiatic countries and Africa > Indo-European Family > Aryan Sub-Family,Aryan Sub-Family,1,794,499,504,27b,Travancore State,94,71,23
B. Vernaculars of other Asiatic countries and Africa > Indo-European Family > Aryan Sub-Family,Aryan Sub-Family,1,794,499,504,27c,Other Madras States,1,1,
B. Vernaculars of other Asiatic countries and Africa > Indo-European Family > Aryan Sub-Family,Aryan Sub-Family,1,794,499,504,28,Mysore State,319,179,140
B. Vernaculars of other Asiatic countries and Africa > Indo-European Family > Aryan Sub-Family,Aryan Sub-Family,1,794,499,504,29,North-West Frontier Province (Agencies and Tribal Areas),350,210,140
B. Vernaculars of other Asiatic countries and Africa > Indo-European Family > Aryan Sub-Family,Aryan Sub-Family,1,794,499,504,30,Punjab States,11,3,8
B. Vernaculars of other Asiatic countries and Africa > Indo-European Family > Aryan Sub-Family,Aryan Sub-Family,1,794,499,504,31,Punjab States Agency,157,147,10
B. Vernaculars of other Asiatic countries and Africa > Indo-European Family > Aryan Sub-Family,Aryan Sub-Family,1,794,499,504,32,Rajputana Agency,99,71,28
B. Vernaculars of other Asiatic countries and Africa > Indo-European Family > Aryan Sub-Family,Aryan Sub-Family,1,794,499,504,34,United Provinces States,3,3,
B. Vernaculars of other Asiatic countries and Africa > Indo-European Family > Aryan Sub-Family,Aryan Sub-Family,1,794,499,504,35,Western India States Agency,1986,1002,984
B. Vernaculars of other Asiatic countries and Africa > Indo-European Family > Aryan Sub-Family > Indo-Aryan Branch,Indo-Aryan Branch,1,,,,INDIA,India,3849,2006,1843
B. Vernaculars of other Asiatic countries and Africa > Indo-European Family > Aryan Sub-Family > Indo-Aryan Branch,Indo-Aryan Branch,1,,,,PROV,Provinces,3744,1941,1803
B. Vernaculars of other Asiatic countries and Africa > Indo-European Family > Aryan Sub-Family > Indo-Aryan Branch,Indo-Aryan Branch,1,,,,STATES,States and Agencies,105,65,40
B. Vernaculars of other Asiatic countries and Africa > Indo-European Family > Aryan Sub-Family > Indo-Aryan Branch,Indo-Aryan Branch,1,,,,1,Ajmer-Merwara,1,1,0
B. Vernaculars of other Asiatic countries and Africa > Indo-European Family > Aryan Sub-Family > Indo-Aryan Branch,Indo-Aryan Branch,1,,,,5,Bengal,25,25,0
B. Vernaculars of other Asiatic countries and Africa > Indo-European Family > Aryan Sub-Family > Indo-Aryan Branch,Indo-Aryan Branch,1,,,,7,Bombay (including Aden),271,241,30
B. Vernaculars of other Asiatic countries and Africa > Indo-European Family > Aryan Sub-Family > Indo-Aryan Branch,Indo-Aryan Branch,1,,,,7a,Aden,6,6,0
B. Vernaculars of other Asiatic countries and Africa > Indo-European Family > Aryan Sub-Family > Indo-Aryan Branch,Indo-Aryan Branch,1,,,,8,Burma,152,128,24
B. Vernaculars of other Asiatic countries and Africa > Indo-European Family > Aryan Sub-Family > Indo-Aryan Branch,Indo-Aryan Branch,1,,,,9,Central Provinces and Berar,7,3,4
B. Vernaculars of other Asiatic countries and Africa > Indo-European Family > Aryan Sub-Family > Indo-Aryan Branch,Indo-Aryan Branch,1,,,,12,Madras,3284,1541,1743
B. Vernaculars of other Asiatic countries and Africa > Indo-European Family > Aryan Sub-Family > Indo-Aryan Branch,Indo-Aryan Branch,1,,,,14,Punjab,1,1,0
B. Vernaculars of other Asiatic countries and Africa > Indo-European Family > Aryan Sub-Family > Indo-Aryan Branch,Indo-Aryan Branch,1,,,,15,United Provinces of Agra and Oudh,3,1,2
B. Vernaculars of other Asiatic countries and Africa > Indo-European Family > Aryan Sub-Family > Indo-Aryan Branch,Indo-Aryan Branch,1,,,,18,Baroda State,1,1,0
B. Vernaculars of other Asiatic countries and Africa > Indo-European Family > Aryan Sub-Family > Indo-Aryan Branch,Indo-Aryan Branch,1,,,,25,Hyderabad State,3,3,0
B. Vernaculars of other Asiatic countries and Africa > Indo-European Family > Aryan Sub-Family > Indo-Aryan Branch,Indo-Aryan Branch,1,,,,27,Madras States Agency,62,34,28
B. Vernaculars of other Asiatic countries and Africa > Indo-European Family > Aryan Sub-Family > Indo-Aryan Branch,Indo-Aryan Branch,1,,,,27a,Cochin State,7,2,5
B. Vernaculars of other Asiatic countries and Africa > Indo-European Family > Aryan Sub-Family > Indo-Aryan Branch,Indo-Aryan Branch,1,,,,27b,Travancore State,54,31,23
B. Vernaculars of other Asiatic countries and Africa > Indo-European Family > Aryan Sub-Family > Indo-Aryan Branch,Indo-Aryan Branch,1,,,,27c,Other Madras States,1,1,0
B. Vernaculars of other Asiatic countries and Africa > Indo-European Family > Aryan Sub-Family > Indo-Aryan Branch,Indo-Aryan Branch,1,,,,28,Mysore State,39,27,12
B. Vernaculars of other Asiatic countries and Africa > Indo-European Family > Aryan Sub-Family > Indo-Aryan Branch > Outer Sub-Branch,Outer Sub-Branch,1,,,,INDIA,India,3849,2006,1843
B. Vernaculars of other Asiatic countries and Africa > Indo-European Family > Aryan Sub-Family > Indo-Aryan Branch > Outer Sub-Branch,Outer Sub-Branch,1,,,,PROV,Provinces,3744,1941,1803
B. Vernaculars of other Asiatic countries and Africa > Indo-European Family > Aryan Sub-Family > Indo-Aryan Branch > Outer Sub-Branch,Outer Sub-Branch,1,,,,STATES,States and Agencies,105,65,40
B. Vernaculars of other Asiatic countries and Africa > Indo-European Family > Aryan Sub-Family > Indo-Aryan Branch > Outer Sub-Branch,Outer Sub-Branch,1,,,,1,Ajmer-Merwara,1,1,0
B. Vernaculars of other Asiatic countries and Africa > Indo-European Family > Aryan Sub-Family > Indo-Aryan Branch > Outer Sub-Branch,Outer Sub-Branch,1,,,,5,Bengal,25,25,0
B. Vernaculars of other Asiatic countries and Africa > Indo-European Family > Aryan Sub-Family > Indo-Aryan Branch > Outer Sub-Branch,Outer Sub-Branch,1,,,,7,Bombay (including Aden),271,241,30
B. Vernaculars of other Asiatic countries and Africa > Indo-European Family > Aryan Sub-Family > Indo-Aryan Branch > Outer Sub-Branch,Outer Sub-Branch,1,,,,7a,Aden,6,6,0
B. Vernaculars of other Asiatic countries and Africa > Indo-European Family > Aryan Sub-Family > Indo-Aryan Branch > Outer Sub-Branch,Outer Sub-Branch,1,,,,8,Burma,152,128,24
B. Vernaculars of other Asiatic countries and Africa > Indo-European Family > Aryan Sub-Family > Indo-Aryan Branch > Outer Sub-Branch,Outer Sub-Branch,1,,,,9,Central Provinces and Berar,7,3,4
B. Vernaculars of other Asiatic countries and Africa > Indo-European Family > Aryan Sub-Family > Indo-Aryan Branch > Outer Sub-Branch,Outer Sub-Branch,1,,,,12,Madras,3284,1541,1743
B. Vernaculars of other Asiatic countries and Africa > Indo-European Family > Aryan Sub-Family > Indo-Aryan Branch > Outer Sub-Branch,Outer Sub-Branch,1,,,,14,Punjab,1,1,0
B. Vernaculars of other Asiatic countries and Africa > Indo-European Family > Aryan Sub-Family > Indo-Aryan Branch > Outer Sub-Branch,Outer Sub-Branch,1,,,,15,United Provinces of Agra and Oudh,3,1,2
B. Vernaculars of other Asiatic countries and Africa > Indo-European Family > Aryan Sub-Family > Indo-Aryan Branch > Outer Sub-Branch,Outer Sub-Branch,1,,,,18,Baroda State,1,1,0
B. Vernaculars of other Asiatic countries and Africa > Indo-European Family > Aryan Sub-Family > Indo-Aryan Branch > Outer Sub-Branch,Outer Sub-Branch,1,,,,25,Hyderabad State,3,3,0
B. Vernaculars of other Asiatic countries and Africa > Indo-European Family > Aryan Sub-Family > Indo-Aryan Branch > Outer Sub-Branch,Outer Sub-Branch,1,,,,27,Madras States Agency,62,34,28
B. Vernaculars of other Asiatic countries and Africa > Indo-European Family > Aryan Sub-Family > Indo-Aryan Branch > Outer Sub-Branch,Outer Sub-Branch,1,,,,27a,Cochin State,7,2,5
B. Vernaculars of other Asiatic countries and Africa > Indo-European Family > Aryan Sub-Family > Indo-Aryan Branch > Outer Sub-Branch,Outer Sub-Branch,1,,,,27b,Travancore State,54,31,23
B. Vernaculars of other Asiatic countries and Africa > Indo-European Family > Aryan Sub-Family > Indo-Aryan Branch > Outer Sub-Branch,Outer Sub-Branch,1,,,,27c,Other Madras States,1,1,0
B. Vernaculars of other Asiatic countries and Africa > Indo-European Family > Aryan Sub-Family > Indo-Aryan Branch > Outer Sub-Branch,Outer Sub-Branch,1,,,,28,Mysore State,39,27,12
B. Vernaculars of other Asiatic countries and Africa > Indo-European Family > Aryan Sub-Family > Indo-Aryan Branch > Outer Sub-Branch > Southern Group,Southern Group,1,797,499,504,INDIA,India,3849,2006,1843
B. Vernaculars of other Asiatic countries and Africa > Indo-European Family > Aryan Sub-Family > Indo-Aryan Branch > Outer Sub-Branch > Southern Group,Southern Group,1,797,499,504,PROV,Provinces,3744,1941,1803
B. Vernaculars of other Asiatic countries and Africa > Indo-European Family > Aryan Sub-Family > Indo-Aryan Branch > Outer Sub-Branch > Southern Group,Southern Group,1,797,499,504,STATES,States and Agencies,105,65,40
B. Vernaculars of other Asiatic countries and Africa > Indo-European Family > Aryan Sub-Family > Indo-Aryan Branch > Outer Sub-Branch > Southern Group,Southern Group,1,797,499,504,1,Ajmer-Merwara,1,1,
B. Vernaculars of other Asiatic countries and Africa > Indo-European Family > Aryan Sub-Family > Indo-Aryan Branch > Outer Sub-Branch > Southern Group,Southern Group,1,797,499,504,5,Bengal,25,25,
B. Vernaculars of other Asiatic countries and Africa > Indo-European Family > Aryan Sub-Family > Indo-Aryan Branch > Outer Sub-Branch > Southern Group,Southern Group,1,797,499,504,7,Bombay (including Aden),271,241,30
B. Vernaculars of other Asiatic countries and Africa > Indo-European Family > Aryan Sub-Family > Indo-Aryan Branch > Outer Sub-Branch > Southern Group,Southern Group,1,797,499,504,7a,Aden,6,6,
B. Vernaculars of other Asiatic countries and Africa > Indo-European Family > Aryan Sub-Family > Indo-Aryan Branch > Outer Sub-Branch > Southern Group,Southern Group,1,797,499,504,8,Burma,152,128,24
B. Vernaculars of other Asiatic countries and Africa > Indo-European Family > Aryan Sub-Family > Indo-Aryan Branch > Outer Sub-Branch > Southern Group,Southern Group,1,797,499,504,9,Central Provinces and Berar,7,3,4
B. Vernaculars of other Asiatic countries and Africa > Indo-European Family > Aryan Sub-Family > Indo-Aryan Branch > Outer Sub-Branch > Southern Group,Southern Group,1,797,499,504,12,Madras,3284,1541,1743
B. Vernaculars of other Asiatic countries and Africa > Indo-European Family > Aryan Sub-Family > Indo-Aryan Branch > Outer Sub-Branch > Southern Group,Southern Group,1,797,499,504,14,Punjab,1,1,
B. Vernaculars of other Asiatic countries and Africa > Indo-European Family > Aryan Sub-Family > Indo-Aryan Branch > Outer Sub-Branch > Southern Group,Southern Group,1,797,499,504,15,United Provinces of Agra and Oudh,3,1,2
B. Vernaculars of other Asiatic countries and Africa > Indo-European Family > Aryan Sub-Family > Indo-Aryan Branch > Outer Sub-Branch > Southern Group,Southern Group,1,797,499,504,18,Baroda State,1,1,
B. Vernaculars of other Asiatic countries and Africa > Indo-European Family > Aryan Sub-Family > Indo-Aryan Branch > Outer Sub-Branch > Southern Group,Southern Group,1,797,499,504,25,Hyderabad State,3,3,
B. Vernaculars of other Asiatic countries and Africa > Indo-European Family > Aryan Sub-Family > Indo-Aryan Branch > Outer Sub-Branch > Southern Group,Southern Group,1,797,499,504,27,Madras States Agency,62,34,28
B. Vernaculars of other Asiatic countries and Africa > Indo-European Family > Aryan Sub-Family > Indo-Aryan Branch > Outer Sub-Branch > Southern Group,Southern Group,1,797,499,504,27a,Cochin State,7,2,5
B. Vernaculars of other Asiatic countries and Africa > Indo-European Family > Aryan Sub-Family > Indo-Aryan Branch > Outer Sub-Branch > Southern Group,Southern Group,1,797,499,504,27b,Travancore State,54,31,23
B. Vernaculars of other Asiatic countries and Africa > Indo-European Family > Aryan Sub-Family > Indo-Aryan Branch > Outer Sub-Branch > Southern Group,Southern Group,1,797,499,504,27c,Other Madras States,1,1,
B. Vernaculars of other Asiatic countries and Africa > Indo-European Family > Aryan Sub-Family > Indo-Aryan Branch > Outer Sub-Branch > Southern Group,Southern Group,1,797,499,504,28,Mysore State,39,27,12
B. Vernaculars of other Asiatic countries and Africa > Indo-European Family > Aryan Sub-Family > Indo-Aryan Branch > Outer Sub-Branch > Southern Group > Sinhalese,Sinhalese,0,800,499,504,INDIA,India,3849,2006,1843
B. Vernaculars of other Asiatic countries and Africa > Indo-European Family > Aryan Sub-Family > Indo-Aryan Branch > Outer Sub-Branch > Southern Group > Sinhalese,Sinhalese,0,800,499,504,PROV,Provinces,3744,1941,1803
B. Vernaculars of other Asiatic countries and Africa > Indo-European Family > Aryan Sub-Family > Indo-Aryan Branch > Outer Sub-Branch > Southern Group > Sinhalese,Sinhalese,0,800,499,504,STATES,States and Agencies,105,65,40
B. Vernaculars of other Asiatic countries and Africa > Indo-European Family > Aryan Sub-Family > Indo-Aryan Branch > Outer Sub-Branch > Southern Group > Sinhalese,Sinhalese,0,800,499,504,1,Ajmer-Merwara,1,1,
B. Vernaculars of other Asiatic countries and Africa > Indo-European Family > Aryan Sub-Family > Indo-Aryan Branch > Outer Sub-Branch > Southern Group > Sinhalese,Sinhalese,0,800,499,504,5,Bengal,25,25,
B. Vernaculars of other Asiatic countries and Africa > Indo-European Family > Aryan Sub-Family > Indo-Aryan Branch > Outer Sub-Branch > Southern Group > Sinhalese,Sinhalese,0,800,499,504,7,Bombay (including Aden),271,241,30
B. Vernaculars of other Asiatic countries and Africa > Indo-European Family > Aryan Sub-Family > Indo-Aryan Branch > Outer Sub-Branch > Southern Group > Sinhalese,Sinhalese,0,800,499,504,7a,Aden,6,6,
B. Vernaculars of other Asiatic countries and Africa > Indo-European Family > Aryan Sub-Family > Indo-Aryan Branch > Outer Sub-Branch > Southern Group > Sinhalese,Sinhalese,0,800,499,504,8,Burma,155,128,24
B. Vernaculars of other Asiatic countries and Africa > Indo-European Family > Aryan Sub-Family > Indo-Aryan Branch > Outer Sub-Branch > Southern Group > Sinhalese,Sinhalese,0,800,499,504,9,Central Provinces and Berar,7,3,4
B. Vernaculars of other Asiatic countries and Africa > Indo-European Family > Aryan Sub-Family > Indo-Aryan Branch > Outer Sub-Branch > Southern Group > Sinhalese,Sinhalese,0,800,499,504,12,Madras,3284,1541,1743
B. Vernaculars of other Asiatic countries and Africa > Indo-European Family > Aryan Sub-Family > Indo-Aryan Branch > Outer Sub-Branch > Southern Group > Sinhalese,Sinhalese,0,800,499,504,14,Punjab,1,1,
B. Vernaculars of other Asiatic countries and Africa > Indo-European Family > Aryan Sub-Family > Indo-Aryan Branch > Outer Sub-Branch > Southern Group > Sinhalese,Sinhalese,0,800,499,504,15,United Provinces of Agra and Oudh,3,1,2
B. Vernaculars of other Asiatic countries and Africa > Indo-European Family > Aryan Sub-Family > Indo-Aryan Branch > Outer Sub-Branch > Southern Group > Sinhalese,Sinhalese,0,800,499,504,18,Baroda State,1,1,
B. Vernaculars of other Asiatic countries and Africa > Indo-European Family > Aryan Sub-Family > Indo-Aryan Branch > Outer Sub-Branch > Southern Group > Sinhalese,Sinhalese,0,800,499,504,25,Hyderabad State,3,3,
B. Vernaculars of other Asiatic countries and Africa > Indo-European Family > Aryan Sub-Family > Indo-Aryan Branch > Outer Sub-Branch > Southern Group > Sinhalese,Sinhalese,0,800,499,504,27,Madras States Agency,62,34,28
B. Vernaculars of other Asiatic countries and Africa > Indo-European Family > Aryan Sub-Family > Indo-Aryan Branch > Outer Sub-Branch > Southern Group > Sinhalese,Sinhalese,0,800,499,504,27a,Cochin State,7,2,5
B. Vernaculars of other Asiatic countries and Africa > Indo-European Family > Aryan Sub-Family > Indo-Aryan Branch > Outer Sub-Branch > Southern Group > Sinhalese,Sinhalese,0,800,499,504,27b,Travancore State,54,31,23
B. Vernaculars of other Asiatic countries and Africa > Indo-European Family > Aryan Sub-Family > Indo-Aryan Branch > Outer Sub-Branch > Southern Group > Sinhalese,Sinhalese,0,800,499,504,27c,Other Madras States,1,1,
B. Vernaculars of other Asiatic countries and Africa > Indo-European Family > Aryan Sub-Family > Indo-Aryan Branch > Outer Sub-Branch > Southern Group > Sinhalese,Sinhalese,0,800,499,504,28,Mysore State,39,27,12
B. Vernaculars of other Asiatic countries and Africa > Indo-European Family > Aryan Sub-Family > Eranian Branch,Eranian Branch,1,803,499,504,INDIA,India,35375,23353,12022
B. Vernaculars of other Asiatic countries and Africa > Indo-European Family > Aryan Sub-Family > Eranian Branch,Eranian Branch,1,803,499,504,PROV,Provinces,31195,20915,10280
B. Vernaculars of other Asiatic countries and Africa > Indo-European Family > Aryan Sub-Family > Eranian Branch,Eranian Branch,1,803,499,504,STATES,States and Agencies,4180,2438,1742
B. Vernaculars of other Asiatic countries and Africa > Indo-European Family > Aryan Sub-Family > Eranian Branch,Eranian Branch,1,803,499,504,1,Ajmer-Merwara,18,15,3
B. Vernaculars of other Asiatic countries and Africa > Indo-European Family > Aryan Sub-Family > Eranian Branch,Eranian Branch,1,803,499,504,3,Assam,268,215,53
B. Vernaculars of other Asiatic countries and Africa > Indo-European Family > Aryan Sub-Family > Eranian Branch,Eranian Branch,1,803,499,504,4,Baluchistan (Districts and Administered Territories),4911,3383,1528
B. Vernaculars of other Asiatic countries and Africa > Indo-European Family > Aryan Sub-Family > Eranian Branch,Eranian Branch,1,803,499,504,5,Bengal,1729,1081,648
B. Vernaculars of other Asiatic countries and Africa > Indo-European Family > Aryan Sub-Family > Eranian Branch,Eranian Branch,1,803,499,504,6,Bihar and Orissa,172,133,39
B. Vernaculars of other Asiatic countries and Africa > Indo-European Family > Aryan Sub-Family > Eranian Branch,Eranian Branch,1,803,499,504,7,Bombay (including Aden),11834,9006,2828
B. Vernaculars of other Asiatic countries and Africa > Indo-European Family > Aryan Sub-Family > Eranian Branch,Eranian Branch,1,803,499,504,7a,Aden,51,34,17
B. Vernaculars of other Asiatic countries and Africa > Indo-European Family > Aryan Sub-Family > Eranian Branch,Eranian Branch,1,803,499,504,8,Burma,911,537,374
B. Vernaculars of other Asiatic countries and Africa > Indo-European Family > Aryan Sub-Family > Eranian Branch,Eranian Branch,1,803,499,504,9,Central Provinces and Berar,663,384,279
B. Vernaculars of other Asiatic countries and Africa > Indo-European Family > Aryan Sub-Family > Eranian Branch,Eranian Branch,1,803,499,504,11,Delhi,105,69,36
B. Vernaculars of other Asiatic countries and Africa > Indo-European Family > Aryan Sub-Family > Eranian Branch,Eranian Branch,1,803,499,504,12,Madras,139,85,54
B. Vernaculars of other Asiatic countries and Africa > Indo-European Family > Aryan Sub-Family > Eranian Branch,Eranian Branch,1,803,499,504,13,North-West Frontier Province (Districts and Administered Territories),6030,3615,2415
B. Vernaculars of other Asiatic countries and Africa > Indo-European Family > Aryan Sub-Family > Eranian Branch,Eranian Branch,1,803,499,504,14,Punjab,3832,2008,1824
B. Vernaculars of other Asiatic countries and Africa > Indo-European Family > Aryan Sub-Family > Eranian Branch,Eranian Branch,1,803,499,504,15,United Provinces of Agra and Oudh,583,384,199
B. Vernaculars of other Asiatic countries and Africa > Indo-European Family > Aryan Sub-Family > Eranian Branch,Eranian Branch,1,803,499,504,17,Baluchistan States,110,62,48
B. Vernaculars of other Asiatic countries and Africa > Indo-European Family > Aryan Sub-Family > Eranian Branch,Eranian Branch,1,803,499,504,19,Bengal States,87,64,23
B. Vernaculars of other Asiatic countries and Africa > Indo-European Family > Aryan Sub-Family > Eranian Branch,Eranian Branch,1,803,499,504,20,Bihar and Orissa States,24,21,3
B. Vernaculars of other Asiatic countries and Africa > Indo-European Family > Aryan Sub-Family > Eranian Branch,Eranian Branch,1,803,499,504,21,Bombay States,34,23,11
B. Vernaculars of other Asiatic countries and Africa > Indo-European Family > Aryan Sub-Family > Eranian Branch,Eranian Branch,1,803,499,504,22,Central India Agency,216,126,90
B. Vernaculars of other Asiatic countries and Africa > Indo-European Family > Aryan Sub-Family > Eranian Branch,Eranian Branch,1,803,499,504,23,Central Provinces States,7,3,4
B. Vernaculars of other Asiatic countries and Africa > Indo-European Family > Aryan Sub-Family > Eranian Branch,Eranian Branch,1,803,499,504,24,Gwalior State,190,152,38
B. Vernaculars of other Asiatic countries and Africa > Indo-European Family > Aryan Sub-Family > Eranian Branch,Eranian Branch,1,803,499,504,25,Hyderabad State,289,162,127
B. Vernaculars of other Asiatic countries and Africa > Indo-European Family > Aryan Sub-Family > Eranian Branch,Eranian Branch,1,803,499,504,26,Jammu and Kashmir State,296,196,100
B. Vernaculars of other Asiatic countries and Africa > Indo-European Family > Aryan Sub-Family > Eranian Branch,Eranian Branch,1,803,499,504,27,Madras States Agency,41,41,
B. Vernaculars of other Asiatic countries and Africa > Indo-European Family > Aryan Sub-Family > Eranian Branch,Eranian Branch,1,803,499,504,27a,Cochin State,1,1,
B. Vernaculars of other Asiatic countries and Africa > Indo-European Family > Aryan Sub-Family > Eranian Branch,Eranian Branch,1,803,499,504,27b,Travancore State,40,40,
B. Vernaculars of other Asiatic countries and Africa > Indo-European Family > Aryan Sub-Family > Eranian Branch,Eranian Branch,1,803,499,504,28,Mysore State,280,152,128
B. Vernaculars of other Asiatic countries and Africa > Indo-European Family > Aryan Sub-Family > Eranian Branch,Eranian Branch,1,803,499,504,29,North-West Frontier Province (Agencies and Tribal Areas),350,210,140
B. Vernaculars of other Asiatic countries and Africa > Indo-European Family > Aryan Sub-Family > Eranian Branch,Eranian Branch,1,803,499,504,30,Punjab States,11,3,8
B. Vernaculars of other Asiatic countries and Africa > Indo-European Family > Aryan Sub-Family > Eranian Branch,Eranian Branch,1,803,499,504,31,Punjab States Agency,157,147,10
B. Vernaculars of other Asiatic countries and Africa > Indo-European Family > Aryan Sub-Family > Eranian Branch,Eranian Branch,1,803,499,504,32,Rajputana Agency,99,71,28
B. Vernaculars of other Asiatic countries and Africa > Indo-European Family > Aryan Sub-Family > Eranian Branch,Eranian Branch,1,803,499,504,34,United Provinces States,3,3,
B. Vernaculars of other Asiatic countries and Africa > Indo-European Family > Aryan Sub-Family > Eranian Branch,Eranian Branch,1,803,499,504,35,Western India States Agency,1986,1002,984
B. Vernaculars of other Asiatic countries and Africa > Indo-European Family > Aryan Sub-Family > Eranian Branch > Persian Group,Persian Group,1,,,,INDIA,India,34361,22826,11535
B. Vernaculars of other Asiatic countries and Africa > Indo-European Family > Aryan Sub-Family > Eranian Branch > Persian Group,Persian Group,1,,,,PROV,Provinces,30200,20403,9797
B. Vernaculars of other Asiatic countries and Africa > Indo-European Family > Aryan Sub-Family > Eranian Branch > Persian Group,Persian Group,1,,,,STATES,States and Agencies,4161,2423,1738
B. Vernaculars of other Asiatic countries and Africa > Indo-European Family > Aryan Sub-Family > Eranian Branch > Persian Group,Persian Group,1,,,,1,Ajmer-Merwara,18,15,3
B. Vernaculars of other Asiatic countries and Africa > Indo-European Family > Aryan Sub-Family > Eranian Branch > Persian Group,Persian Group,1,,,,3,Assam,268,215,53
B. Vernaculars of other Asiatic countries and Africa > Indo-European Family > Aryan Sub-Family > Eranian Branch > Persian Group,Persian Group,1,,,,4,Baluchistan (Districts and Administered Territories),4911,3383,1528
B. Vernaculars of other Asiatic countries and Africa > Indo-European Family > Aryan Sub-Family > Eranian Branch > Persian Group,Persian Group,1,,,,5,Bengal,1029,753,276
B. Vernaculars of other Asiatic countries and Africa > Indo-European Family > Aryan Sub-Family > Eranian Branch > Persian Group,Persian Group,1,,,,6,Bihar and Orissa,87,83,4
B. Vernaculars of other Asiatic countries and Africa > Indo-European Family > Aryan Sub-Family > Eranian Branch > Persian Group,Persian Group,1,,,,7,Bombay (including Aden),11822,8997,2825
B. Vernaculars of other Asiatic countries and Africa > Indo-European Family > Aryan Sub-Family > Eranian Branch > Persian Group,Persian Group,1,,,,7a,Aden,50,33,17
B. Vernaculars of other Asiatic countries and Africa > Indo-European Family > Aryan Sub-Family > Eranian Branch > Persian Group,Persian Group,1,,,,8,Burma,724,421,303
B. Vernaculars of other Asiatic countries and Africa > Indo-European Family > Aryan Sub-Family > Eranian Branch > Persian Group,Persian Group,1,,,,9,Central Provinces and Berar,663,384,279
B. Vernaculars of other Asiatic countries and Africa > Indo-European Family > Aryan Sub-Family > Eranian Branch > Persian Group,Persian Group,1,,,,11,Delhi,105,69,36
B. Vernaculars of other Asiatic countries and Africa > Indo-European Family > Aryan Sub-Family > Eranian Branch > Persian Group,Persian Group,1,,,,12,Madras,132,80,52
B. Vernaculars of other Asiatic countries and Africa > Indo-European Family > Aryan Sub-Family > Eranian Branch > Persian Group,Persian Group,1,,,,13,North-West Frontier Province (Districts and Administered Territories),6030,3615,2415
B. Vernaculars of other Asiatic countries and Africa > Indo-European Family > Aryan Sub-Family > Eranian Branch > Persian Group,Persian Group,1,,,,14,Punjab,3832,2008,1824
B. Vernaculars of other Asiatic countries and Africa > Indo-European Family > Aryan Sub-Family > Eranian Branch > Persian Group,Persian Group,1,,,,15,United Provinces of Agra and Oudh,579,380,199
B. Vernaculars of other Asiatic countries and Africa > Indo-European Family > Aryan Sub-Family > Eranian Branch > Persian Group,Persian Group,1,,,,17,Baluchistan States,109,61,48
B. Vernaculars of other Asiatic countries and Africa > Indo-European Family > Aryan Sub-Family > Eranian Branch > Persian Group,Persian Group,1,,,,19,Bengal States,87,64,23
B. Vernaculars of other Asiatic countries and Africa > Indo-European Family > Aryan Sub-Family > Eranian Branch > Persian Group,Persian Group,1,,,,20,Bihar and Orissa States,18,16,2
B. Vernaculars of other Asiatic countries and Africa > Indo-European Family > Aryan Sub-Family > Eranian Branch > Persian Group,Persian Group,1,,,,21,Bombay States,34,23,11
B. Vernaculars of other Asiatic countries and Africa > Indo-European Family > Aryan Sub-Family > Eranian Branch > Persian Group,Persian Group,1,,,,22,Central India Agency,216,126,90
B. Vernaculars of other Asiatic countries and Africa > Indo-European Family > Aryan Sub-Family > Eranian Branch > Persian Group,Persian Group,1,,,,23,Central Provinces States,7,3,4
B. Vernaculars of other Asiatic countries and Africa > Indo-European Family > Aryan Sub-Family > Eranian Branch > Persian Group,Persian Group,1,,,,24,Gwalior State,190,152,38
B. Vernaculars of other Asiatic countries and Africa > Indo-European Family > Aryan Sub-Family > Eranian Branch > Persian Group,Persian Group,1,,,,25,Hyderabad State,282,156,126
B. Vernaculars of other Asiatic countries and Africa > Indo-European Family > Aryan Sub-Family > Eranian Branch > Persian Group,Persian Group,1,,,,26,Jammu and Kashmir State,296,196,100
B. Vernaculars of other Asiatic countries and Africa > Indo-European Family > Aryan Sub-Family > Eranian Branch > Persian Group,Persian Group,1,,,,27,Madras States Agency,41,41,0
B. Vernaculars of other Asiatic countries and Africa > Indo-European Family > Aryan Sub-Family > Eranian Branch > Persian Group,Persian Group,1,,,,27a,Cochin State,1,1,0
B. Vernaculars of other Asiatic countries and Africa > Indo-European Family > Aryan Sub-Family > Eranian Branch > Persian Group,Persian Group,1,,,,27b,Travancore State,40,40,0
B. Vernaculars of other Asiatic countries and Africa > Indo-European Family > Aryan Sub-Family > Eranian Branch > Persian Group,Persian Group,1,,,,28,Mysore State,275,149,126
B. Vernaculars of other Asiatic countries and Africa > Indo-European Family > Aryan Sub-Family > Eranian Branch > Persian Group,Persian Group,1,,,,29,North-West Frontier Province (Agencies and Tribal Areas),350,210,140
B. Vernaculars of other Asiatic countries and Africa > Indo-European Family > Aryan Sub-Family > Eranian Branch > Persian Group,Persian Group,1,,,,30,Punjab States,11,3,8
B. Vernaculars of other Asiatic countries and Africa > Indo-European Family > Aryan Sub-Family > Eranian Branch > Persian Group,Persian Group,1,,,,31,Punjab States Agency,157,147,10
B. Vernaculars of other Asiatic countries and Africa > Indo-European Family > Aryan Sub-Family > Eranian Branch > Persian Group,Persian Group,1,,,,32,Rajputana Agency,99,71,28
B. Vernaculars of other Asiatic countries and Africa > Indo-European Family > Aryan Sub-Family > Eranian Branch > Persian Group,Persian Group,1,,,,34,United Provinces States,3,3,0
B. Vernaculars of other Asiatic countries and Africa > Indo-European Family > Aryan Sub-Family > Eranian Branch > Persian Group,Persian Group,1,,,,35,Western India States Agency,1986,1002,984
B. Vernaculars of other Asiatic countries and Africa > Indo-European Family > Aryan Sub-Family > Eranian Branch > Persian Group > Persian,Persian,0,806,499,504,INDIA,India,34361,22826,11535
B. Vernaculars of other Asiatic countries and Africa > Indo-European Family > Aryan Sub-Family > Eranian Branch > Persian Group > Persian,Persian,0,806,499,504,PROV,Provinces,30200,20403,9797
B. Vernaculars of other Asiatic countries and Africa > Indo-European Family > Aryan Sub-Family > Eranian Branch > Persian Group > Persian,Persian,0,806,499,504,STATES,States and Agencies,4161,2423,1738
B. Vernaculars of other Asiatic countries and Africa > Indo-European Family > Aryan Sub-Family > Eranian Branch > Persian Group > Persian,Persian,0,806,499,504,1,Ajmer-Merwara,18,15,3
B. Vernaculars of other Asiatic countries and Africa > Indo-European Family > Aryan Sub-Family > Eranian Branch > Persian Group > Persian,Persian,0,806,499,504,3,Assam,268,215,53
B. Vernaculars of other Asiatic countries and Africa > Indo-European Family > Aryan Sub-Family > Eranian Branch > Persian Group > Persian,Persian,0,806,499,504,4,Baluchistan (Districts and Administered Territories),4911,3383,1528
B. Vernaculars of other Asiatic countries and Africa > Indo-European Family > Aryan Sub-Family > Eranian Branch > Persian Group > Persian,Persian,0,806,499,504,5,Bengal,1029,753,276
B. Vernaculars of other Asiatic countries and Africa > Indo-European Family > Aryan Sub-Family > Eranian Branch > Persian Group > Persian,Persian,0,806,499,504,6,Bihar and Orissa,87,83,4
B. Vernaculars of other Asiatic countries and Africa > Indo-European Family > Aryan Sub-Family > Eranian Branch > Persian Group > Persian,Persian,0,806,499,504,7,Bombay (including Aden),11822,8997,2825
B. Vernaculars of other Asiatic countries and Africa > Indo-European Family > Aryan Sub-Family > Eranian Branch > Persian Group > Persian,Persian,0,806,499,504,7a,Aden,50,33,17
B. Vernaculars of other Asiatic countries and Africa > Indo-European Family > Aryan Sub-Family > Eranian Branch > Persian Group > Persian,Persian,0,806,499,504,8,Burma,724,421,303
B. Vernaculars of other Asiatic countries and Africa > Indo-European Family > Aryan Sub-Family > Eranian Branch > Persian Group > Persian,Persian,0,806,499,504,9,Central Provinces and Berar,663,384,279
B. Vernaculars of other Asiatic countries and Africa > Indo-European Family > Aryan Sub-Family > Eranian Branch > Persian Group > Persian,Persian,0,806,499,504,11,Delhi,105,69,36
B. Vernaculars of other Asiatic countries and Africa > Indo-European Family > Aryan Sub-Family > Eranian Branch > Persian Group > Persian,Persian,0,806,499,504,12,Madras,132,80,52
B. Vernaculars of other Asiatic countries and Africa > Indo-European Family > Aryan Sub-Family > Eranian Branch > Persian Group > Persian,Persian,0,806,499,504,13,North-West Frontier Province (Districts and Administered Territories),6030,3615,2415
B. Vernaculars of other Asiatic countries and Africa > Indo-European Family > Aryan Sub-Family > Eranian Branch > Persian Group > Persian,Persian,0,806,499,504,14,Punjab,3832,2008,1824
B. Vernaculars of other Asiatic countries and Africa > Indo-European Family > Aryan Sub-Family > Eranian Branch > Persian Group > Persian,Persian,0,806,499,504,15,United Provinces of Agra and Oudh,579,380,199
B. Vernaculars of other Asiatic countries and Africa > Indo-European Family > Aryan Sub-Family > Eranian Branch > Persian Group > Persian,Persian,0,806,499,504,17,Baluchistan States,109,61,48
B. Vernaculars of other Asiatic countries and Africa > Indo-European Family > Aryan Sub-Family > Eranian Branch > Persian Group > Persian,Persian,0,806,499,504,19,Bengal States,87,64,23
B. Vernaculars of other Asiatic countries and Africa > Indo-European Family > Aryan Sub-Family > Eranian Branch > Persian Group > Persian,Persian,0,806,499,504,20,Bihar and Orissa States,18,16,2
B. Vernaculars of other Asiatic countries and Africa > Indo-European Family > Aryan Sub-Family > Eranian Branch > Persian Group > Persian,Persian,0,806,499,504,21,Bombay States,34,23,11
B. Vernaculars of other Asiatic countries and Africa > Indo-European Family > Aryan Sub-Family > Eranian Branch > Persian Group > Persian,Persian,0,806,499,504,22,Central India Agency,216,126,90
B. Vernaculars of other Asiatic countries and Africa > Indo-European Family > Aryan Sub-Family > Eranian Branch > Persian Group > Persian,Persian,0,806,499,504,23,Central Provinces States,7,3,4
B. Vernaculars of other Asiatic countries and Africa > Indo-European Family > Aryan Sub-Family > Eranian Branch > Persian Group > Persian,Persian,0,806,499,504,24,Gwalior State,190,152,38
B. Vernaculars of other Asiatic countries and Africa > Indo-European Family > Aryan Sub-Family > Eranian Branch > Persian Group > Persian,Persian,0,806,499,504,25,Hyderabad State,282,156,126
B. Vernaculars of other Asiatic countries and Africa > Indo-European Family > Aryan Sub-Family > Eranian Branch > Persian Group > Persian,Persian,0,806,499,504,26,Jammu and Kashmir State,296,196,100
B. Vernaculars of other Asiatic countries and Africa > Indo-European Family > Aryan Sub-Family > Eranian Branch > Persian Group > Persian,Persian,0,806,499,504,27,Madras States Agency,41,41,
B. Vernaculars of other Asiatic countries and Africa > Indo-European Family > Aryan Sub-Family > Eranian Branch > Persian Group > Persian,Persian,0,806,499,504,27a,Cochin State,1,1,
B. Vernaculars of other Asiatic countries and Africa > Indo-European Family > Aryan Sub-Family > Eranian Branch > Persian Group > Persian,Persian,0,806,499,504,27b,Travancore State,40,40,
B. Vernaculars of other Asiatic countries and Africa > Indo-European Family > Aryan Sub-Family > Eranian Branch > Persian Group > Persian,Persian,0,806,499,504,28,Mysore State,275,149,126
B. Vernaculars of other Asiatic countries and Africa > Indo-European Family > Aryan Sub-Family > Eranian Branch > Persian Group > Persian,Persian,0,806,499,504,29,North-West Frontier Province (Agencies and Tribal Areas),350,210,140
B. Vernaculars of other Asiatic countries and Africa > Indo-European Family > Aryan Sub-Family > Eranian Branch > Persian Group > Persian,Persian,0,806,499,504,30,Punjab States,11,3,8
B. Vernaculars of other Asiatic countries and Africa > Indo-European Family > Aryan Sub-Family > Eranian Branch > Persian Group > Persian,Persian,0,806,499,504,31,Punjab States Agency,157,147,10
B. Vernaculars of other Asiatic countries and Africa > Indo-European Family > Aryan Sub-Family > Eranian Branch > Persian Group > Persian,Persian,0,806,499,504,32,Rajputana Agency,99,71,28
B. Vernaculars of other Asiatic countries and Africa > Indo-European Family > Aryan Sub-Family > Eranian Branch > Persian Group > Persian,Persian,0,806,499,504,34,United Provinces States,3,3,
B. Vernaculars of other Asiatic countries and Africa > Indo-European Family > Aryan Sub-Family > Eranian Branch > Persian Group > Persian,Persian,0,806,499,504,35,Western India States Agency,1986,1002,984
B. Vernaculars of other Asiatic countries and Africa > Indo-European Family > Aryan Sub-Family > Eranian Branch > Armenian Group,Armenian Group,1,,,,INDIA,India,1014,527,487
B. Vernaculars of other Asiatic countries and Africa > Indo-European Family > Aryan Sub-Family > Eranian Branch > Armenian Group,Armenian Group,1,,,,PROV,Provinces,995,512,483
B. Vernaculars of other Asiatic countries and Africa > Indo-European Family > Aryan Sub-Family > Eranian Branch > Armenian Group,Armenian Group,1,,,,STATES,States and Agencies,19,15,4
B. Vernaculars of other Asiatic countries and Africa > Indo-European Family > Aryan Sub-Family > Eranian Branch > Armenian Group,Armenian Group,1,,,,5,Bengal,700,328,372
B. Vernaculars of other Asiatic countries and Africa > Indo-European Family > Aryan Sub-Family > Eranian Branch > Armenian Group,Armenian Group,1,,,,6,Bihar and Orissa,85,50,35
B. Vernaculars of other Asiatic countries and Africa > Indo-European Family > Aryan Sub-Family > Eranian Branch > Armenian Group,Armenian Group,1,,,,7,Bombay (including Aden),12,9,3
B. Vernaculars of other Asiatic countries and Africa > Indo-European Family > Aryan Sub-Family > Eranian Branch > Armenian Group,Armenian Group,1,,,,7a,Aden,1,1,0
B. Vernaculars of other Asiatic countries and Africa > Indo-European Family > Aryan Sub-Family > Eranian Branch > Armenian Group,Armenian Group,1,,,,8,Burma,187,116,71
B. Vernaculars of other Asiatic countries and Africa > Indo-European Family > Aryan Sub-Family > Eranian Branch > Armenian Group,Armenian Group,1,,,,12,Madras,7,5,2
B. Vernaculars of other Asiatic countries and Africa > Indo-European Family > Aryan Sub-Family > Eranian Branch > Armenian Group,Armenian Group,1,,,,15,United Provinces of Agra and Oudh,4,4,0
B. Vernaculars of other Asiatic countries and Africa > Indo-European Family > Aryan Sub-Family > Eranian Branch > Armenian Group,Armenian Group,1,,,,17,Baluchistan States,1,1,0
B. Vernaculars of other Asiatic countries and Africa > Indo-European Family > Aryan Sub-Family > Eranian Branch > Armenian Group,Armenian Group,1,,,,20,Bihar and Orissa States,6,5,1
B. Vernaculars of other Asiatic countries and Africa > Indo-European Family > Aryan Sub-Family > Eranian Branch > Armenian Group,Armenian Group,1,,,,25,Hyderabad State,7,6,1
B. Vernaculars of other Asiatic countries and Africa > Indo-European Family > Aryan Sub-Family > Eranian Branch > Armenian Group,Armenian Group,1,,,,28,Mysore State,5,3,2
B. Vernaculars of other Asiatic countries and Africa > Indo-European Family > Aryan Sub-Family > Eranian Branch > Armenian Group > Armenian,Armenian,0,809,500,505,INDIA,India,1014,527,487
B. Vernaculars of other Asiatic countries and Africa > Indo-European Family > Aryan Sub-Family > Eranian Branch > Armenian Group > Armenian,Armenian,0,809,500,505,PROV,Provinces,995,512,483
B. Vernaculars of other Asiatic countries and Africa > Indo-European Family > Aryan Sub-Family > Eranian Branch > Armenian Group > Armenian,Armenian,0,809,500,505,STATES,States and Agencies,19,15,4
B. Vernaculars of other Asiatic countries and Africa > Indo-European Family > Aryan Sub-Family > Eranian Branch > Armenian Group > Armenian,Armenian,0,809,500,505,5,Bengal,700,328,372
B. Vernaculars of other Asiatic countries and Africa > Indo-European Family > Aryan Sub-Family > Eranian Branch > Armenian Group > Armenian,Armenian,0,809,500,505,6,Bihar and Orissa,85,50,35
B. Vernaculars of other Asiatic countries and Africa > Indo-European Family > Aryan Sub-Family > Eranian Branch > Armenian Group > Armenian,Armenian,0,809,500,505,7,Bombay (including Aden),12,9,3
B. Vernaculars of other Asiatic countries and Africa > Indo-European Family > Aryan Sub-Family > Eranian Branch > Armenian Group > Armenian,Armenian,0,809,500,505,7a,Aden,1,1,
B. Vernaculars of other Asiatic countries and Africa > Indo-European Family > Aryan Sub-Family > Eranian Branch > Armenian Group > Armenian,Armenian,0,809,500,505,8,Burma,187,116,71
B. Vernaculars of other Asiatic countries and Africa > Indo-European Family > Aryan Sub-Family > Eranian Branch > Armenian Group > Armenian,Armenian,0,809,500,505,12,Madras,7,5,2
B. Vernaculars of other Asiatic countries and Africa > Indo-European Family > Aryan Sub-Family > Eranian Branch > Armenian Group > Armenian,Armenian,0,809,500,505,15,United Provinces of Agra and Oudh,4,4,
B. Vernaculars of other Asiatic countries and Africa > Indo-European Family > Aryan Sub-Family > Eranian Branch > Armenian Group > Armenian,Armenian,0,809,500,505,17,Baluchistan States,1,1,
B. Vernaculars of other Asiatic countries and Africa > Indo-European Family > Aryan Sub-Family > Eranian Branch > Armenian Group > Armenian,Armenian,0,809,500,505,20,Bihar and Orissa States,6,5,1
B. Vernaculars of other Asiatic countries and Africa > Indo-European Family > Aryan Sub-Family > Eranian Branch > Armenian Group > Armenian,Armenian,0,809,500,505,25,Hyderabad State,7,6,1
B. Vernaculars of other Asiatic countries and Africa > Indo-European Family > Aryan Sub-Family > Eranian Branch > Armenian Group > Armenian,Armenian,0,809,500,505,28,Mysore State,5,3,2
B. Vernaculars of other Asiatic countries and Africa > Tibeto-Chinese Family,Tibeto-Chinese Family,1,812,500,505,INDIA,India,185822,124284,61538
B. Vernaculars of other Asiatic countries and Africa > Tibeto-Chinese Family,Tibeto-Chinese Family,1,812,500,505,PROV,Provinces,185673,124184,61489
B. Vernaculars of other Asiatic countries and Africa > Tibeto-Chinese Family,Tibeto-Chinese Family,1,812,500,505,STATES,States and Agencies,149,100,49
B. Vernaculars of other Asiatic countries and Africa > Tibeto-Chinese Family,Tibeto-Chinese Family,1,812,500,505,1,Ajmer-Merwara,8,6,2
B. Vernaculars of other Asiatic countries and Africa > Tibeto-Chinese Family,Tibeto-Chinese Family,1,812,500,505,2,Andaman and Nicobar Islands,199,187,12
B. Vernaculars of other Asiatic countries and Africa > Tibeto-Chinese Family,Tibeto-Chinese Family,1,812,500,505,3,Assam,507,408,99
B. Vernaculars of other Asiatic countries and Africa > Tibeto-Chinese Family,Tibeto-Chinese Family,1,812,500,505,4,Baluchistan (Districts and Administered Territories),40,21,19
B. Vernaculars of other Asiatic countries and Africa > Tibeto-Chinese Family,Tibeto-Chinese Family,1,812,500,505,5,Bengal,4645,3723,922
B. Vernaculars of other Asiatic countries and Africa > Tibeto-Chinese Family,Tibeto-Chinese Family,1,812,500,505,6,Bihar and Orissa,78,59,19
B. Vernaculars of other Asiatic countries and Africa > Tibeto-Chinese Family,Tibeto-Chinese Family,1,812,500,505,7,Bombay (including Aden),1524,1024,500
B. Vernaculars of other Asiatic countries and Africa > Tibeto-Chinese Family,Tibeto-Chinese Family,1,812,500,505,7a,Aden,32,27,5
B. Vernaculars of other Asiatic countries and Africa > Tibeto-Chinese Family,Tibeto-Chinese Family,1,812,500,505,8,Burma,178324,118507,59817
B. Vernaculars of other Asiatic countries and Africa > Tibeto-Chinese Family,Tibeto-Chinese Family,1,812,500,505,9,Central Provinces and Berar,24,16,8
B. Vernaculars of other Asiatic countries and Africa > Tibeto-Chinese Family,Tibeto-Chinese Family,1,812,500,505,11,Delhi,13,12,1
B. Vernaculars of other Asiatic countries and Africa > Tibeto-Chinese Family,Tibeto-Chinese Family,1,812,500,505,12,Madras,102,86,16
B. Vernaculars of other Asiatic countries and Africa > Tibeto-Chinese Family,Tibeto-Chinese Family,1,812,500,505,13,North-West Frontier Province (Districts and Administered Territories),5,,5
B. Vernaculars of other Asiatic countries and Africa > Tibeto-Chinese Family,Tibeto-Chinese Family,1,812,500,505,14,Punjab,124,87,37
B. Vernaculars of other Asiatic countries and Africa > Tibeto-Chinese Family,Tibeto-Chinese Family,1,812,500,505,15,United Provinces of Agra and Oudh,80,48,32
B. Vernaculars of other Asiatic countries and Africa > Tibeto-Chinese Family,Tibeto-Chinese Family,1,812,500,505,16,Assam States,25,21,4
B. Vernaculars of other Asiatic countries and Africa > Tibeto-Chinese Family,Tibeto-Chinese Family,1,812,500,505,21,Bombay States,6,,6
B. Vernaculars of other Asiatic countries and Africa > Tibeto-Chinese Family,Tibeto-Chinese Family,1,812,500,505,22,Central India Agency,14,14,
B. Vernaculars of other Asiatic countries and Africa > Tibeto-Chinese Family,Tibeto-Chinese Family,1,812,500,505,23,Central Provinces States,3,1,2
B. Vernaculars of other Asiatic countries and Africa > Tibeto-Chinese Family,Tibeto-Chinese Family,1,812,500,505,25,Hyderabad State,12,8,4
B. Vernaculars of other Asiatic countries and Africa > Tibeto-Chinese Family,Tibeto-Chinese Family,1,812,500,505,26,Jammu and Kashmir State,3,2,1
B. Vernaculars of other Asiatic countries and Africa > Tibeto-Chinese Family,Tibeto-Chinese Family,1,812,500,505,27,Madras States Agency,4,4,
B. Vernaculars of other Asiatic countries and Africa > Tibeto-Chinese Family,Tibeto-Chinese Family,1,812,500,505,27a,Cochin State,1,1,
B. Vernaculars of other Asiatic countries and Africa > Tibeto-Chinese Family,Tibeto-Chinese Family,1,812,500,505,27b,Travancore State,3,3,
B. Vernaculars of other Asiatic countries and Africa > Tibeto-Chinese Family,Tibeto-Chinese Family,1,812,500,505,28,Mysore State,16,15,1
B. Vernaculars of other Asiatic countries and Africa > Tibeto-Chinese Family,Tibeto-Chinese Family,1,812,500,505,31,Punjab States Agency,37,18,19
B. Vernaculars of other Asiatic countries and Africa > Tibeto-Chinese Family,Tibeto-Chinese Family,1,812,500,505,33,Sikkim State,26,14,12
B. Vernaculars of other Asiatic countries and Africa > Tibeto-Chinese Family,Tibeto-Chinese Family,1,812,500,505,35,Western India States Agency,3,3,
B. Vernaculars of other Asiatic countries and Africa > Tibeto-Chinese Family > Tai-Chinese Sub-Family,Tai-Chinese Sub-Family,1,,,,INDIA,India,185822,124284,61538
B. Vernaculars of other Asiatic countries and Africa > Tibeto-Chinese Family > Tai-Chinese Sub-Family,Tai-Chinese Sub-Family,1,,,,PROV,Provinces,185673,124184,61489
B. Vernaculars of other Asiatic countries and Africa > Tibeto-Chinese Family > Tai-Chinese Sub-Family,Tai-Chinese Sub-Family,1,,,,STATES,States and Agencies,149,100,49
B. Vernaculars of other Asiatic countries and Africa > Tibeto-Chinese Family > Tai-Chinese Sub-Family,Tai-Chinese Sub-Family,1,,,,1,Ajmer-Merwara,8,6,2
B. Vernaculars of other Asiatic countries and Africa > Tibeto-Chinese Family > Tai-Chinese Sub-Family,Tai-Chinese Sub-Family,1,,,,2,Andaman and Nicobar Islands,199,187,12
B. Vernaculars of other Asiatic countries and Africa > Tibeto-Chinese Family > Tai-Chinese Sub-Family,Tai-Chinese Sub-Family,1,,,,3,Assam,507,408,99
B. Vernaculars of other Asiatic countries and Africa > Tibeto-Chinese Family > Tai-Chinese Sub-Family,Tai-Chinese Sub-Family,1,,,,4,Baluchistan (Districts and Administered Territories),40,21,19
B. Vernaculars of other Asiatic countries and Africa > Tibeto-Chinese Family > Tai-Chinese Sub-Family,Tai-Chinese Sub-Family,1,,,,5,Bengal,4645,3723,922
B. Vernaculars of other Asiatic countries and Africa > Tibeto-Chinese Family > Tai-Chinese Sub-Family,Tai-Chinese Sub-Family,1,,,,6,Bihar and Orissa,78,59,19
B. Vernaculars of other Asiatic countries and Africa > Tibeto-Chinese Family > Tai-Chinese Sub-Family,Tai-Chinese Sub-Family,1,,,,7,Bombay (including Aden),1524,1024,500
B. Vernaculars of other Asiatic countries and Africa > Tibeto-Chinese Family > Tai-Chinese Sub-Family,Tai-Chinese Sub-Family,1,,,,7a,Aden,32,27,5
B. Vernaculars of other Asiatic countries and Africa > Tibeto-Chinese Family > Tai-Chinese Sub-Family,Tai-Chinese Sub-Family,1,,,,8,Burma,178324,118507,59817
B. Vernaculars of other Asiatic countries and Africa > Tibeto-Chinese Family > Tai-Chinese Sub-Family,Tai-Chinese Sub-Family,1,,,,9,Central Provinces and Berar,24,16,8
B. Vernaculars of other Asiatic countries and Africa > Tibeto-Chinese Family > Tai-Chinese Sub-Family,Tai-Chinese Sub-Family,1,,,,11,Delhi,13,12,1
B. Vernaculars of other Asiatic countries and Africa > Tibeto-Chinese Family > Tai-Chinese Sub-Family,Tai-Chinese Sub-Family,1,,,,12,Madras,102,86,16
B. Vernaculars of other Asiatic countries and Africa > Tibeto-Chinese Family > Tai-Chinese Sub-Family,Tai-Chinese Sub-Family,1,,,,13,North-West Frontier Province (Districts and Administered Territories),5,0,5
B. Vernaculars of other Asiatic countries and Africa > Tibeto-Chinese Family > Tai-Chinese Sub-Family,Tai-Chinese Sub-Family,1,,,,14,Punjab,124,87,37
B. Vernaculars of other Asiatic countries and Africa > Tibeto-Chinese Family > Tai-Chinese Sub-Family,Tai-Chinese Sub-Family,1,,,,15,United Provinces of Agra and Oudh,80,48,32
B. Vernaculars of other Asiatic countries and Africa > Tibeto-Chinese Family > Tai-Chinese Sub-Family,Tai-Chinese Sub-Family,1,,,,16,Assam States,25,21,4
B. Vernaculars of other Asiatic countries and Africa > Tibeto-Chinese Family > Tai-Chinese Sub-Family,Tai-Chinese Sub-Family,1,,,,21,Bombay States,6,0,6
B. Vernaculars of other Asiatic countries and Africa > Tibeto-Chinese Family > Tai-Chinese Sub-Family,Tai-Chinese Sub-Family,1,,,,22,Central India Agency,14,14,0
B. Vernaculars of other Asiatic countries and Africa > Tibeto-Chinese Family > Tai-Chinese Sub-Family,Tai-Chinese Sub-Family,1,,,,23,Central Provinces States,3,1,2
B. Vernaculars of other Asiatic countries and Africa > Tibeto-Chinese Family > Tai-Chinese Sub-Family,Tai-Chinese Sub-Family,1,,,,25,Hyderabad State,12,8,4
B. Vernaculars of other Asiatic countries and Africa > Tibeto-Chinese Family > Tai-Chinese Sub-Family,Tai-Chinese Sub-Family,1,,,,26,Jammu and Kashmir State,3,2,1
B. Vernaculars of other Asiatic countries and Africa > Tibeto-Chinese Family > Tai-Chinese Sub-Family,Tai-Chinese Sub-Family,1,,,,27,Madras States Agency,4,4,0
B. Vernaculars of other Asiatic countries and Africa > Tibeto-Chinese Family > Tai-Chinese Sub-Family,Tai-Chinese Sub-Family,1,,,,27a,Cochin State,1,1,0
B. Vernaculars of other Asiatic countries and Africa > Tibeto-Chinese Family > Tai-Chinese Sub-Family,Tai-Chinese Sub-Family,1,,,,27b,Travancore State,3,3,0
B. Vernaculars of other Asiatic countries and Africa > Tibeto-Chinese Family > Tai-Chinese Sub-Family,Tai-Chinese Sub-Family,1,,,,28,Mysore State,16,15,1
B. Vernaculars of other Asiatic countries and Africa > Tibeto-Chinese Family > Tai-Chinese Sub-Family,Tai-Chinese Sub-Family,1,,,,31,Punjab States Agency,37,18,19
B. Vernaculars of other Asiatic countries and Africa > Tibeto-Chinese Family > Tai-Chinese Sub-Family,Tai-Chinese Sub-Family,1,,,,33,Sikkim State,26,14,12
B. Vernaculars of other Asiatic countries and Africa > Tibeto-Chinese Family > Tai-Chinese Sub-Family,Tai-Chinese Sub-Family,1,,,,35,Western India States Agency,3,3,0
B. Vernaculars of other Asiatic countries and Africa > Tibeto-Chinese Family > Tai-Chinese Sub-Family > Chinese Branch,Chinese Branch,1,,,,INDIA,India,185815,124282,61533
B. Vernaculars of other Asiatic countries and Africa > Tibeto-Chinese Family > Tai-Chinese Sub-Family > Chinese Branch,Chinese Branch,1,,,,PROV,Provinces,185666,124182,61484
B. Vernaculars of other Asiatic countries and Africa > Tibeto-Chinese Family > Tai-Chinese Sub-Family > Chinese Branch,Chinese Branch,1,,,,STATES,States and Agencies,149,100,49
B. Vernaculars of other Asiatic countries and Africa > Tibeto-Chinese Family > Tai-Chinese Sub-Family > Chinese Branch,Chinese Branch,1,,,,1,Ajmer-Merwara,8,6,2
B. Vernaculars of other Asiatic countries and Africa > Tibeto-Chinese Family > Tai-Chinese Sub-Family > Chinese Branch,Chinese Branch,1,,,,2,Andaman and Nicobar Islands,199,187,12
B. Vernaculars of other Asiatic countries and Africa > Tibeto-Chinese Family > Tai-Chinese Sub-Family > Chinese Branch,Chinese Branch,1,,,,3,Assam,507,408,99
B. Vernaculars of other Asiatic countries and Africa > Tibeto-Chinese Family > Tai-Chinese Sub-Family > Chinese Branch,Chinese Branch,1,,,,4,Baluchistan (Districts and Administered Territories),40,21,19
B. Vernaculars of other Asiatic countries and Africa > Tibeto-Chinese Family > Tai-Chinese Sub-Family > Chinese Branch,Chinese Branch,1,,,,5,Bengal,4643,3723,920
B. Vernaculars of other Asiatic countries and Africa > Tibeto-Chinese Family > Tai-Chinese Sub-Family > Chinese Branch,Chinese Branch,1,,,,6,Bihar and Orissa,78,59,19
B. Vernaculars of other Asiatic countries and Africa > Tibeto-Chinese Family > Tai-Chinese Sub-Family > Chinese Branch,Chinese Branch,1,,,,7,Bombay (including Aden),1524,1024,500
B. Vernaculars of other Asiatic countries and Africa > Tibeto-Chinese Family > Tai-Chinese Sub-Family > Chinese Branch,Chinese Branch,1,,,,7a,Aden,32,27,5
B. Vernaculars of other Asiatic countries and Africa > Tibeto-Chinese Family > Tai-Chinese Sub-Family > Chinese Branch,Chinese Branch,1,,,,8,Burma,178324,118507,59817
B. Vernaculars of other Asiatic countries and Africa > Tibeto-Chinese Family > Tai-Chinese Sub-Family > Chinese Branch,Chinese Branch,1,,,,9,Central Provinces and Berar,24,16,8
B. Vernaculars of other Asiatic countries and Africa > Tibeto-Chinese Family > Tai-Chinese Sub-Family > Chinese Branch,Chinese Branch,1,,,,11,Delhi,13,12,1
B. Vernaculars of other Asiatic countries and Africa > Tibeto-Chinese Family > Tai-Chinese Sub-Family > Chinese Branch,Chinese Branch,1,,,,12,Madras,98,84,14
B. Vernaculars of other Asiatic countries and Africa > Tibeto-Chinese Family > Tai-Chinese Sub-Family > Chinese Branch,Chinese Branch,1,,,,13,North-West Frontier Province (Districts and Administered Territories),5,0,5
B. Vernaculars of other Asiatic countries and Africa > Tibeto-Chinese Family > Tai-Chinese Sub-Family > Chinese Branch,Chinese Branch,1,,,,14,Punjab,123,87,36
B. Vernaculars of other Asiatic countries and Africa > Tibeto-Chinese Family > Tai-Chinese Sub-Family > Chinese Branch,Chinese Branch,1,,,,15,United Provinces of Agra and Oudh,80,48,32
B. Vernaculars of other Asiatic countries and Africa > Tibeto-Chinese Family > Tai-Chinese Sub-Family > Chinese Branch,Chinese Branch,1,,,,16,Assam States,25,21,4
B. Vernaculars of other Asiatic countries and Africa > Tibeto-Chinese Family > Tai-Chinese Sub-Family > Chinese Branch,Chinese Branch,1,,,,21,Bombay States,6,0,6
B. Vernaculars of other Asiatic countries and Africa > Tibeto-Chinese Family > Tai-Chinese Sub-Family > Chinese Branch,Chinese Branch,1,,,,22,Central India Agency,14,14,0
B. Vernaculars of other Asiatic countries and Africa > Tibeto-Chinese Family > Tai-Chinese Sub-Family > Chinese Branch,Chinese Branch,1,,,,23,Central Provinces States,3,1,2
B. Vernaculars of other Asiatic countries and Africa > Tibeto-Chinese Family > Tai-Chinese Sub-Family > Chinese Branch,Chinese Branch,1,,,,25,Hyderabad State,12,8,4
B. Vernaculars of other Asiatic countries and Africa > Tibeto-Chinese Family > Tai-Chinese Sub-Family > Chinese Branch,Chinese Branch,1,,,,26,Jammu and Kashmir State,3,2,1
B. Vernaculars of other Asiatic countries and Africa > Tibeto-Chinese Family > Tai-Chinese Sub-Family > Chinese Branch,Chinese Branch,1,,,,27,Madras States Agency,4,4,0
B. Vernaculars of other Asiatic countries and Africa > Tibeto-Chinese Family > Tai-Chinese Sub-Family > Chinese Branch,Chinese Branch,1,,,,27a,Cochin State,1,1,0
B. Vernaculars of other Asiatic countries and Africa > Tibeto-Chinese Family > Tai-Chinese Sub-Family > Chinese Branch,Chinese Branch,1,,,,27b,Travancore State,3,3,0
B. Vernaculars of other Asiatic countries and Africa > Tibeto-Chinese Family > Tai-Chinese Sub-Family > Chinese Branch,Chinese Branch,1,,,,28,Mysore State,16,15,1
B. Vernaculars of other Asiatic countries and Africa > Tibeto-Chinese Family > Tai-Chinese Sub-Family > Chinese Branch,Chinese Branch,1,,,,31,Punjab States Agency,37,18,19
B. Vernaculars of other Asiatic countries and Africa > Tibeto-Chinese Family > Tai-Chinese Sub-Family > Chinese Branch,Chinese Branch,1,,,,33,Sikkim State,26,14,12
B. Vernaculars of other Asiatic countries and Africa > Tibeto-Chinese Family > Tai-Chinese Sub-Family > Chinese Branch,Chinese Branch,1,,,,35,Western India States Agency,3,3,0
B. Vernaculars of other Asiatic countries and Africa > Tibeto-Chinese Family > Tai-Chinese Sub-Family > Chinese Branch > Chinese Group,Chinese Group,1,815,500,505,INDIA,India,185815,124282,61533
B. Vernaculars of other Asiatic countries and Africa > Tibeto-Chinese Family > Tai-Chinese Sub-Family > Chinese Branch > Chinese Group,Chinese Group,1,815,500,505,PROV,Provinces,185666,124182,61484
B. Vernaculars of other Asiatic countries and Africa > Tibeto-Chinese Family > Tai-Chinese Sub-Family > Chinese Branch > Chinese Group,Chinese Group,1,815,500,505,STATES,States and Agencies,149,100,49
B. Vernaculars of other Asiatic countries and Africa > Tibeto-Chinese Family > Tai-Chinese Sub-Family > Chinese Branch > Chinese Group,Chinese Group,1,815,500,505,1,Ajmer-Merwara,8,6,2
B. Vernaculars of other Asiatic countries and Africa > Tibeto-Chinese Family > Tai-Chinese Sub-Family > Chinese Branch > Chinese Group,Chinese Group,1,815,500,505,2,Andaman and Nicobar Islands,199,187,12
B. Vernaculars of other Asiatic countries and Africa > Tibeto-Chinese Family > Tai-Chinese Sub-Family > Chinese Branch > Chinese Group,Chinese Group,1,815,500,505,3,Assam,507,408,99
B. Vernaculars of other Asiatic countries and Africa > Tibeto-Chinese Family > Tai-Chinese Sub-Family > Chinese Branch > Chinese Group,Chinese Group,1,815,500,505,4,Baluchistan (Districts and Administered Territories),40,21,19
B. Vernaculars of other Asiatic countries and Africa > Tibeto-Chinese Family > Tai-Chinese Sub-Family > Chinese Branch > Chinese Group,Chinese Group,1,815,500,505,5,Bengal,4643,3723,920
B. Vernaculars of other Asiatic countries and Africa > Tibeto-Chinese Family > Tai-Chinese Sub-Family > Chinese Branch > Chinese Group,Chinese Group,1,815,500,505,6,Bihar and Orissa,78,59,19
B. Vernaculars of other Asiatic countries and Africa > Tibeto-Chinese Family > Tai-Chinese Sub-Family > Chinese Branch > Chinese Group,Chinese Group,1,815,500,505,7,Bombay (including Aden),1524,1024,500
B. Vernaculars of other Asiatic countries and Africa > Tibeto-Chinese Family > Tai-Chinese Sub-Family > Chinese Branch > Chinese Group,Chinese Group,1,815,500,505,7a,Aden,32,27,5
B. Vernaculars of other Asiatic countries and Africa > Tibeto-Chinese Family > Tai-Chinese Sub-Family > Chinese Branch > Chinese Group,Chinese Group,1,815,500,505,8,Burma,178324,118507,59817
B. Vernaculars of other Asiatic countries and Africa > Tibeto-Chinese Family > Tai-Chinese Sub-Family > Chinese Branch > Chinese Group,Chinese Group,1,815,500,505,9,Central Provinces and Berar,24,16,8
B. Vernaculars of other Asiatic countries and Africa > Tibeto-Chinese Family > Tai-Chinese Sub-Family > Chinese Branch > Chinese Group,Chinese Group,1,815,500,505,11,Delhi,13,12,1
B. Vernaculars of other Asiatic countries and Africa > Tibeto-Chinese Family > Tai-Chinese Sub-Family > Chinese Branch > Chinese Group,Chinese Group,1,815,500,505,12,Madras,98,84,14
B. Vernaculars of other Asiatic countries and Africa > Tibeto-Chinese Family > Tai-Chinese Sub-Family > Chinese Branch > Chinese Group,Chinese Group,1,815,500,505,13,North-West Frontier Province (Districts and Administered Territories),5,,5
B. Vernaculars of other Asiatic countries and Africa > Tibeto-Chinese Family > Tai-Chinese Sub-Family > Chinese Branch > Chinese Group,Chinese Group,1,815,500,505,14,Punjab,123,87,36
B. Vernaculars of other Asiatic countries and Africa > Tibeto-Chinese Family > Tai-Chinese Sub-Family > Chinese Branch > Chinese Group,Chinese Group,1,815,500,505,15,United Provinces of Agra and Oudh,80,48,32
B. Vernaculars of other Asiatic countries and Africa > Tibeto-Chinese Family > Tai-Chinese Sub-Family > Chinese Branch > Chinese Group,Chinese Group,1,815,500,505,16,Assam States,25,21,4
B. Vernaculars of other Asiatic countries and Africa > Tibeto-Chinese Family > Tai-Chinese Sub-Family > Chinese Branch > Chinese Group,Chinese Group,1,815,500,505,21,Bombay States,6,,6
B. Vernaculars of other Asiatic countries and Africa > Tibeto-Chinese Family > Tai-Chinese Sub-Family > Chinese Branch > Chinese Group,Chinese Group,1,815,500,505,22,Central India Agency,14,14,
B. Vernaculars of other Asiatic countries and Africa > Tibeto-Chinese Family > Tai-Chinese Sub-Family > Chinese Branch > Chinese Group,Chinese Group,1,815,500,505,23,Central Provinces States,3,1,2
B. Vernaculars of other Asiatic countries and Africa > Tibeto-Chinese Family > Tai-Chinese Sub-Family > Chinese Branch > Chinese Group,Chinese Group,1,815,500,505,25,Hyderabad State,12,8,4
B. Vernaculars of other Asiatic countries and Africa > Tibeto-Chinese Family > Tai-Chinese Sub-Family > Chinese Branch > Chinese Group,Chinese Group,1,815,500,505,26,Jammu and Kashmir State,3,2,1
B. Vernaculars of other Asiatic countries and Africa > Tibeto-Chinese Family > Tai-Chinese Sub-Family > Chinese Branch > Chinese Group,Chinese Group,1,815,500,505,27,Madras States Agency,4,4,
B. Vernaculars of other Asiatic countries and Africa > Tibeto-Chinese Family > Tai-Chinese Sub-Family > Chinese Branch > Chinese Group,Chinese Group,1,815,500,505,27a,Cochin State,1,1,
B. Vernaculars of other Asiatic countries and Africa > Tibeto-Chinese Family > Tai-Chinese Sub-Family > Chinese Branch > Chinese Group,Chinese Group,1,815,500,505,27b,Travancore State,3,3,
B. Vernaculars of other Asiatic countries and Africa > Tibeto-Chinese Family > Tai-Chinese Sub-Family > Chinese Branch > Chinese Group,Chinese Group,1,815,500,505,28,Mysore State,16,15,1
B. Vernaculars of other Asiatic countries and Africa > Tibeto-Chinese Family > Tai-Chinese Sub-Family > Chinese Branch > Chinese Group,Chinese Group,1,815,500,505,31,Punjab States Agency,37,18,19
B. Vernaculars of other Asiatic countries and Africa > Tibeto-Chinese Family > Tai-Chinese Sub-Family > Chinese Branch > Chinese Group,Chinese Group,1,815,500,505,33,Sikkim State,26,14,12
B. Vernaculars of other Asiatic countries and Africa > Tibeto-Chinese Family > Tai-Chinese Sub-Family > Chinese Branch > Chinese Group,Chinese Group,1,815,500,505,35,Western India States Agency,3,3,
B. Vernaculars of other Asiatic countries and Africa > Tibeto-Chinese Family > Tai-Chinese Sub-Family > Chinese Branch > Chinese Group > Yunnanese,Yunnanese,0,818,500,505,INDIA,India,67235,40487,26748
B. Vernaculars of other Asiatic countries and Africa > Tibeto-Chinese Family > Tai-Chinese Sub-Family > Chinese Branch > Chinese Group > Yunnanese,Yunnanese,0,818,500,505,PROV,Provinces,67235,40487,26748
B. Vernaculars of other Asiatic countries and Africa > Tibeto-Chinese Family > Tai-Chinese Sub-Family > Chinese Branch > Chinese Group > Yunnanese,Yunnanese,0,818,500,505,8,Burma,67235,40487,26748
B. Vernaculars of other Asiatic countries and Africa > Tibeto-Chinese Family > Tai-Chinese Sub-Family > Chinese Branch > Chinese Group > Other Chinese Languages,Other Chinese Languages,0,821,501,506,INDIA,India,118572,83792,34780
B. Vernaculars of other Asiatic countries and Africa > Tibeto-Chinese Family > Tai-Chinese Sub-Family > Chinese Branch > Chinese Group > Other Chinese Languages,Other Chinese Languages,0,821,501,506,PROV,Provinces,118423,83692,34731
B. Vernaculars of other Asiatic countries and Africa > Tibeto-Chinese Family > Tai-Chinese Sub-Family > Chinese Branch > Chinese Group > Other Chinese Languages,Other Chinese Languages,0,821,501,506,STATES,States and Agencies,149,100,49
B. Vernaculars of other Asiatic countries and Africa > Tibeto-Chinese Family > Tai-Chinese Sub-Family > Chinese Branch > Chinese Group > Other Chinese Languages,Other Chinese Languages,0,821,501,506,1,Ajmer-Merwara,8,6,2
B. Vernaculars of other Asiatic countries and Africa > Tibeto-Chinese Family > Tai-Chinese Sub-Family > Chinese Branch > Chinese Group > Other Chinese Languages,Other Chinese Languages,0,821,501,506,2,Andaman and Nicobar Islands,199,177,12
B. Vernaculars of other Asiatic countries and Africa > Tibeto-Chinese Family > Tai-Chinese Sub-Family > Chinese Branch > Chinese Group > Other Chinese Languages,Other Chinese Languages,0,821,501,506,3,Assam,507,408,99
B. Vernaculars of other Asiatic countries and Africa > Tibeto-Chinese Family > Tai-Chinese Sub-Family > Chinese Branch > Chinese Group > Other Chinese Languages,Other Chinese Languages,0,821,501,506,4,Baluchistan (Districts and Administered Territories),40,21,19
B. Vernaculars of other Asiatic countries and Africa > Tibeto-Chinese Family > Tai-Chinese Sub-Family > Chinese Branch > Chinese Group > Other Chinese Languages,Other Chinese Languages,0,821,501,506,5,Bengal,4643,3723,920
B. Vernaculars of other Asiatic countries and Africa > Tibeto-Chinese Family > Tai-Chinese Sub-Family > Chinese Branch > Chinese Group > Other Chinese Languages,Other Chinese Languages,0,821,501,506,6,Bihar and Orissa,78,59,19
B. Vernaculars of other Asiatic countries and Africa > Tibeto-Chinese Family > Tai-Chinese Sub-Family > Chinese Branch > Chinese Group > Other Chinese Languages,Other Chinese Languages,0,821,501,506,7,Bombay (including Aden),1524,1024,500
B. Vernaculars of other Asiatic countries and Africa > Tibeto-Chinese Family > Tai-Chinese Sub-Family > Chinese Branch > Chinese Group > Other Chinese Languages,Other Chinese Languages,0,821,501,506,7a,Aden,32,27,5
B. Vernaculars of other Asiatic countries and Africa > Tibeto-Chinese Family > Tai-Chinese Sub-Family > Chinese Branch > Chinese Group > Other Chinese Languages,Other Chinese Languages,0,821,501,506,8,Burma,111081,78017,33064
B. Vernaculars of other Asiatic countries and Africa > Tibeto-Chinese Family > Tai-Chinese Sub-Family > Chinese Branch > Chinese Group > Other Chinese Languages,Other Chinese Languages,0,821,501,506,9,Central Provinces and Berar,24,16,8
B. Vernaculars of other Asiatic countries and Africa > Tibeto-Chinese Family > Tai-Chinese Sub-Family > Chinese Branch > Chinese Group > Other Chinese Languages,Other Chinese Languages,0,821,501,506,11,Delhi,13,12,1
B. Vernaculars of other Asiatic countries and Africa > Tibeto-Chinese Family > Tai-Chinese Sub-Family > Chinese Branch > Chinese Group > Other Chinese Languages,Other Chinese Languages,0,821,501,506,12,Madras,98,84,14
B. Vernaculars of other Asiatic countries and Africa > Tibeto-Chinese Family > Tai-Chinese Sub-Family > Chinese Branch > Chinese Group > Other Chinese Languages,Other Chinese Languages,0,821,501,506,13,North-West Frontier Province (Districts and Administered Territories),5,,5
B. Vernaculars of other Asiatic countries and Africa > Tibeto-Chinese Family > Tai-Chinese Sub-Family > Chinese Branch > Chinese Group > Other Chinese Languages,Other Chinese Languages,0,821,501,506,14,Punjab,123,87,36
B. Vernaculars of other Asiatic countries and Africa > Tibeto-Chinese Family > Tai-Chinese Sub-Family > Chinese Branch > Chinese Group > Other Chinese Languages,Other Chinese Languages,0,821,501,506,15,United Provinces of Agra and Oudh,80,48,32
B. Vernaculars of other Asiatic countries and Africa > Tibeto-Chinese Family > Tai-Chinese Sub-Family > Chinese Branch > Chinese Group > Other Chinese Languages,Other Chinese Languages,0,821,501,506,16,Assam States,25,21,4
B. Vernaculars of other Asiatic countries and Africa > Tibeto-Chinese Family > Tai-Chinese Sub-Family > Chinese Branch > Chinese Group > Other Chinese Languages,Other Chinese Languages,0,821,501,506,21,Bombay States,6,,6
B. Vernaculars of other Asiatic countries and Africa > Tibeto-Chinese Family > Tai-Chinese Sub-Family > Chinese Branch > Chinese Group > Other Chinese Languages,Other Chinese Languages,0,821,501,506,22,Central India Agency,14,14,
B. Vernaculars of other Asiatic countries and Africa > Tibeto-Chinese Family > Tai-Chinese Sub-Family > Chinese Branch > Chinese Group > Other Chinese Languages,Other Chinese Languages,0,821,501,506,23,Central Provinces States,3,1,2
B. Vernaculars of other Asiatic countries and Africa > Tibeto-Chinese Family > Tai-Chinese Sub-Family > Chinese Branch > Chinese Group > Other Chinese Languages,Other Chinese Languages,0,821,501,506,25,Hyderabad State,12,8,4
B. Vernaculars of other Asiatic countries and Africa > Tibeto-Chinese Family > Tai-Chinese Sub-Family > Chinese Branch > Chinese Group > Other Chinese Languages,Other Chinese Languages,0,821,501,506,26,Jammu and Kashmir State,3,2,1
B. Vernaculars of other Asiatic countries and Africa > Tibeto-Chinese Family > Tai-Chinese Sub-Family > Chinese Branch > Chinese Group > Other Chinese Languages,Other Chinese Languages,0,821,501,506,27,Madras States Agency,4,4,
B. Vernaculars of other Asiatic countries and Africa > Tibeto-Chinese Family > Tai-Chinese Sub-Family > Chinese Branch > Chinese Group > Other Chinese Languages,Other Chinese Languages,0,821,501,506,27a,Cochin State,1,1,
B. Vernaculars of other Asiatic countries and Africa > Tibeto-Chinese Family > Tai-Chinese Sub-Family > Chinese Branch > Chinese Group > Other Chinese Languages,Other Chinese Languages,0,821,501,506,27b,Travancore State,3,3,
B. Vernaculars of other Asiatic countries and Africa > Tibeto-Chinese Family > Tai-Chinese Sub-Family > Chinese Branch > Chinese Group > Other Chinese Languages,Other Chinese Languages,0,821,501,506,28,Mysore State,16,15,1
B. Vernaculars of other Asiatic countries and Africa > Tibeto-Chinese Family > Tai-Chinese Sub-Family > Chinese Branch > Chinese Group > Other Chinese Languages,Other Chinese Languages,0,821,501,506,31,Punjab States Agency,37,18,19
B. Vernaculars of other Asiatic countries and Africa > Tibeto-Chinese Family > Tai-Chinese Sub-Family > Chinese Branch > Chinese Group > Other Chinese Languages,Other Chinese Languages,0,821,501,506,33,Sikkim State,26,14,12
B. Vernaculars of other Asiatic countries and Africa > Tibeto-Chinese Family > Tai-Chinese Sub-Family > Chinese Branch > Chinese Group > Other Chinese Languages,Other Chinese Languages,0,821,501,506,35,Western India States Agency,3,3,
B. Vernaculars of other Asiatic countries and Africa > Tibeto-Chinese Family > Tai-Chinese Sub-Family > Chinese Branch > Chinese Group > Others (Anamese),Others (Anamese),0,824,501,506,INDIA,India,8,3,5
B. Vernaculars of other Asiatic countries and Africa > Tibeto-Chinese Family > Tai-Chinese Sub-Family > Chinese Branch > Chinese Group > Others (Anamese),Others (Anamese),0,824,501,506,PROV,Provinces,8,3,5
B. Vernaculars of other Asiatic countries and Africa > Tibeto-Chinese Family > Tai-Chinese Sub-Family > Chinese Branch > Chinese Group > Others (Anamese),Others (Anamese),0,824,501,506,8,Burma,8,3,5
B. Vernaculars of other Asiatic countries and Africa > Tibeto-Chinese Family > Tai-Chinese Sub-Family > Tai Branch,Tai Branch,1,,,,INDIA,India,7,2,5
B. Vernaculars of other Asiatic countries and Africa > Tibeto-Chinese Family > Tai-Chinese Sub-Family > Tai Branch,Tai Branch,1,,,,PROV,Provinces,7,2,5
B. Vernaculars of other Asiatic countries and Africa > Tibeto-Chinese Family > Tai-Chinese Sub-Family > Tai Branch,Tai Branch,1,,,,5,Bengal,2,0,2
B. Vernaculars of other Asiatic countries and Africa > Tibeto-Chinese Family > Tai-Chinese Sub-Family > Tai Branch,Tai Branch,1,,,,12,Madras,4,2,2
B. Vernaculars of other Asiatic countries and Africa > Tibeto-Chinese Family > Tai-Chinese Sub-Family > Tai Branch,Tai Branch,1,,,,14,Punjab,1,0,1
B. Vernaculars of other Asiatic countries and Africa > Tibeto-Chinese Family > Tai-Chinese Sub-Family > Tai Branch > Tai Group,Tai Group,1,,,,INDIA,India,7,2,5
B. Vernaculars of other Asiatic countries and Africa > Tibeto-Chinese Family > Tai-Chinese Sub-Family > Tai Branch > Tai Group,Tai Group,1,,,,PROV,Provinces,7,2,5
B. Vernaculars of other Asiatic countries and Africa > Tibeto-Chinese Family > Tai-Chinese Sub-Family > Tai Branch > Tai Group,Tai Group,1,,,,5,Bengal,2,0,2
B. Vernaculars of other Asiatic countries and Africa > Tibeto-Chinese Family > Tai-Chinese Sub-Family > Tai Branch > Tai Group,Tai Group,1,,,,12,Madras,4,2,2
B. Vernaculars of other Asiatic countries and Africa > Tibeto-Chinese Family > Tai-Chinese Sub-Family > Tai Branch > Tai Group,Tai Group,1,,,,14,Punjab,1,0,1
B. Vernaculars of other Asiatic countries and Africa > Tibeto-Chinese Family > Tai-Chinese Sub-Family > Tai Branch > Tai Group > Siamese,Siamese,0,827,501,506,INDIA,India,7,2,5
B. Vernaculars of other Asiatic countries and Africa > Tibeto-Chinese Family > Tai-Chinese Sub-Family > Tai Branch > Tai Group > Siamese,Siamese,0,827,501,506,PROV,Provinces,7,2,5
B. Vernaculars of other Asiatic countries and Africa > Tibeto-Chinese Family > Tai-Chinese Sub-Family > Tai Branch > Tai Group > Siamese,Siamese,0,827,501,506,5,Bengal,2,,2
B. Vernaculars of other Asiatic countries and Africa > Tibeto-Chinese Family > Tai-Chinese Sub-Family > Tai Branch > Tai Group > Siamese,Siamese,0,827,501,506,12,Madras,4,2,2
B. Vernaculars of other Asiatic countries and Africa > Tibeto-Chinese Family > Tai-Chinese Sub-Family > Tai Branch > Tai Group > Siamese,Siamese,0,827,501,506,14,Punjab,1,,1
B. Vernaculars of other Asiatic countries and Africa > Semitic Family,Semitic Family,1,830,501,506,INDIA,India,59954,37052,22902
B. Vernaculars of other Asiatic countries and Africa > Semitic Family,Semitic Family,1,830,501,506,PROV,Provinces,49982,31098,18884
B. Vernaculars of other Asiatic countries and Africa > Semitic Family,Semitic Family,1,830,501,506,STATES,States and Agencies,9972,5954,4018
B. Vernaculars of other Asiatic countries and Africa > Semitic Family,Semitic Family,1,830,501,506,1,Ajmer-Merwara,23,12,11
B. Vernaculars of other Asiatic countries and Africa > Semitic Family,Semitic Family,1,830,501,506,2,Andaman and Nicobar Islands,1,,1
B. Vernaculars of other Asiatic countries and Africa > Semitic Family,Semitic Family,1,830,501,506,3,Assam,96,74,22
B. Vernaculars of other Asiatic countries and Africa > Semitic Family,Semitic Family,1,830,501,506,4,Baluchistan (Districts and Administered Territories),9,5,4
B. Vernaculars of other Asiatic countries and Africa > Semitic Family,Semitic Family,1,830,501,506,5,Bengal,2743,1751,992
B. Vernaculars of other Asiatic countries and Africa > Semitic Family,Semitic Family,1,830,501,506,6,Bihar and Orissa,126,82,44
B. Vernaculars of other Asiatic countries and Africa > Semitic Family,Semitic Family,1,830,501,506,7,Bombay (including Aden),41597,26059,15538
B. Vernaculars of other Asiatic countries and Africa > Semitic Family,Semitic Family,1,830,501,506,7a,Aden,36154,22668,13486
B. Vernaculars of other Asiatic countries and Africa > Semitic Family,Semitic Family,1,830,501,506,8,Burma,1081,590,491
B. Vernaculars of other Asiatic countries and Africa > Semitic Family,Semitic Family,1,830,501,506,9,Central Provinces and Berar,441,333,108
B. Vernaculars of other Asiatic countries and Africa > Semitic Family,Semitic Family,1,830,501,506,10,Coorg,19,11,8
B. Vernaculars of other Asiatic countries and Africa > Semitic Family,Semitic Family,1,830,501,506,11,Delhi,33,25,8
B. Vernaculars of other Asiatic countries and Africa > Semitic Family,Semitic Family,1,830,501,506,12,Madras,3038,1674,1364
B. Vernaculars of other Asiatic countries and Africa > Semitic Family,Semitic Family,1,830,501,506,13,North-West Frontier Province (Districts and Administered Territories),24,14,10
B. Vernaculars of other Asiatic countries and Africa > Semitic Family,Semitic Family,1,830,501,506,14,Punjab,668,419,249
B. Vernaculars of other Asiatic countries and Africa > Semitic Family,Semitic Family,1,830,501,506,15,United Provinces of Agra and Oudh,83,49,34
B. Vernaculars of other Asiatic countries and Africa > Semitic Family,Semitic Family,1,830,501,506,17,Baluchistan States,1,1,
B. Vernaculars of other Asiatic countries and Africa > Semitic Family,Semitic Family,1,830,501,506,18,Baroda State,91,65,26
B. Vernaculars of other Asiatic countries and Africa > Semitic Family,Semitic Family,1,830,501,506,19,Bengal States,7,7,
B. Vernaculars of other Asiatic countries and Africa > Semitic Family,Semitic Family,1,830,501,506,20,Bihar and Orissa States,25,13,12
B. Vernaculars of other Asiatic countries and Africa > Semitic Family,Semitic Family,1,830,501,506,21,Bombay States,348,213,135
B. Vernaculars of other Asiatic countries and Africa > Semitic Family,Semitic Family,1,830,501,506,22,Central India Agency,276,135,141
B. Vernaculars of other Asiatic countries and Africa > Semitic Family,Semitic Family,1,830,501,506,23,Central Provinces States,7,4,3
B. Vernaculars of other Asiatic countries and Africa > Semitic Family,Semitic Family,1,830,501,506,24,Gwalior State,255,188,67
B. Vernaculars of other Asiatic countries and Africa > Semitic Family,Semitic Family,1,830,501,506,25,Hyderabad State,3172,1932,1240
B. Vernaculars of other Asiatic countries and Africa > Semitic Family,Semitic Family,1,830,501,506,26,Jammu and Kashmir State,11,7,4
B. Vernaculars of other Asiatic countries and Africa > Semitic Family,Semitic Family,1,830,501,506,27,Madras States Agency,4028,2201,1827
B. Vernaculars of other Asiatic countries and Africa > Semitic Family,Semitic Family,1,830,501,506,27a,Cochin State,505,268,237
B. Vernaculars of other Asiatic countries and Africa > Semitic Family,Semitic Family,1,830,501,506,27b,Travancore State,3499,1919,1580
B. Vernaculars of other Asiatic countries and Africa > Semitic Family,Semitic Family,1,830,501,506,27c,Other Madras States,24,14,10
B. Vernaculars of other Asiatic countries and Africa > Semitic Family,Semitic Family,1,830,501,506,28,Mysore State,755,586,169
B. Vernaculars of other Asiatic countries and Africa > Semitic Family,Semitic Family,1,830,501,506,30,Punjab States,1,,1
B. Vernaculars of other Asiatic countries and Africa > Semitic Family,Semitic Family,1,830,501,506,31,Punjab States Agency,7,7,
B. Vernaculars of other Asiatic countries and Africa > Semitic Family,Semitic Family,1,830,501,506,32,Rajputana Agency,17,10,7
B. Vernaculars of other Asiatic countries and Africa > Semitic Family,Semitic Family,1,830,501,506,33,Sikkim State,3,3,
B. Vernaculars of other Asiatic countries and Africa > Semitic Family,Semitic Family,1,830,501,506,35,Western India States Agency,968,582,386
B. Vernaculars of other Asiatic countries and Africa > Semitic Family > Arabic,Arabic,0,833,501,506,INDIA,India,54788,34374,20414
B. Vernaculars of other Asiatic countries and Africa > Semitic Family > Arabic,Arabic,0,833,501,506,PROV,Provinces,45299,28665,16634
B. Vernaculars of other Asiatic countries and Africa > Semitic Family > Arabic,Arabic,0,833,501,506,STATES,States and Agencies,9489,5709,3780
B. Vernaculars of other Asiatic countries and Africa > Semitic Family > Arabic,Arabic,0,833,501,506,1,Ajmer-Merwara,16,8,8
B. Vernaculars of other Asiatic countries and Africa > Semitic Family > Arabic,Arabic,0,833,501,506,2,Andaman and Nicobar Islands,1,,1
B. Vernaculars of other Asiatic countries and Africa > Semitic Family > Arabic,Arabic,0,833,501,506,3,Assam,82,67,15
B. Vernaculars of other Asiatic countries and Africa > Semitic Family > Arabic,Arabic,0,833,501,506,4,Baluchistan (Districts and Administered Territories),9,5,4
B. Vernaculars of other Asiatic countries and Africa > Semitic Family > Arabic,Arabic,0,833,501,506,5,Bengal,1535,1148,387
B. Vernaculars of other Asiatic countries and Africa > Semitic Family > Arabic,Arabic,0,833,501,506,6,Bihar and Orissa,123,81,42
B. Vernaculars of other Asiatic countries and Africa > Semitic Family > Arabic,Arabic,0,833,501,506,7,Bombay (including Aden),38654,24505,14149
B. Vernaculars of other Asiatic countries and Africa > Semitic Family > Arabic,Arabic,0,833,501,506,7a,Aden,33483,21272,12211
B. Vernaculars of other Asiatic countries and Africa > Semitic Family > Arabic,Arabic,0,833,501,506,8,Burma,579,329,250
B. Vernaculars of other Asiatic countries and Africa > Semitic Family > Arabic,Arabic,0,833,501,506,9,Central Provinces and Berar,440,333,107
B. Vernaculars of other Asiatic countries and Africa > Semitic Family > Arabic,Arabic,0,833,501,506,10,Coorg,19,11,8
B. Vernaculars of other Asiatic countries and Africa > Semitic Family > Arabic,Arabic,0,833,501,506,11,Delhi,33,25,8
B. Vernaculars of other Asiatic countries and Africa > Semitic Family > Arabic,Arabic,0,833,501,506,12,Madras,3035,1672,1363
B. Vernaculars of other Asiatic countries and Africa > Semitic Family > Arabic,Arabic,0,833,501,506,13,North-West Frontier Province (Districts and Administered Territories),24,14,10
B. Vernaculars of other Asiatic countries and Africa > Semitic Family > Arabic,Arabic,0,833,501,506,14,Punjab,667,419,248
B. Vernaculars of other Asiatic countries and Africa > Semitic Family > Arabic,Arabic,0,833,501,506,15,United Provinces of Agra and Oudh,82,48,34
B. Vernaculars of other Asiatic countries and Africa > Semitic Family > Arabic,Arabic,0,833,501,506,18,Baroda State,86,61,25
B. Vernaculars of other Asiatic countries and Africa > Semitic Family > Arabic,Arabic,0,833,501,506,19,Bengal States,7,7,
B. Vernaculars of other Asiatic countries and Africa > Semitic Family > Arabic,Arabic,0,833,501,506,20,Bihar and Orissa States,25,13,12
B. Vernaculars of other Asiatic countries and Africa > Semitic Family > Arabic,Arabic,0,833,501,506,21,Bombay States,192,144,48
B. Vernaculars of other Asiatic countries and Africa > Semitic Family > Arabic,Arabic,0,833,501,506,22,Central India Agency,276,135,141
B. Vernaculars of other Asiatic countries and Africa > Semitic Family > Arabic,Arabic,0,833,501,506,23,Central Provinces States,7,4,3
B. Vernaculars of other Asiatic countries and Africa > Semitic Family > Arabic,Arabic,0,833,501,506,24,Gwalior State,255,188,67
B. Vernaculars of other Asiatic countries and Africa > Semitic Family > Arabic,Arabic,0,833,501,506,25,Hyderabad State,3172,1932,1240
B. Vernaculars of other Asiatic countries and Africa > Semitic Family > Arabic,Arabic,0,833,501,506,26,Jammu and Kashmir State,11,7,4
B. Vernaculars of other Asiatic countries and Africa > Semitic Family > Arabic,Arabic,0,833,501,506,27,Madras States Agency,3718,2034,1684
B. Vernaculars of other Asiatic countries and Africa > Semitic Family > Arabic,Arabic,0,833,501,506,27a,Cochin State,236,129,107
B. Vernaculars of other Asiatic countries and Africa > Semitic Family > Arabic,Arabic,0,833,501,506,27b,Travancore State,3458,1891,1567
B. Vernaculars of other Asiatic countries and Africa > Semitic Family > Arabic,Arabic,0,833,501,506,27c,Other Madras States,24,14,10
B. Vernaculars of other Asiatic countries and Africa > Semitic Family > Arabic,Arabic,0,833,501,506,28,Mysore State,746,584,162
B. Vernaculars of other Asiatic countries and Africa > Semitic Family > Arabic,Arabic,0,833,501,506,30,Punjab States,1,,1
B. Vernaculars of other Asiatic countries and Africa > Semitic Family > Arabic,Arabic,0,833,501,506,31,Punjab States Agency,7,7,
B. Vernaculars of other Asiatic countries and Africa > Semitic Family > Arabic,Arabic,0,833,501,506,32,Rajputana Agency,16,9,7
B. Vernaculars of other Asiatic countries and Africa > Semitic Family > Arabic,Arabic,0,833,501,506,33,Sikkim State,2,2,
B. Vernaculars of other Asiatic countries and Africa > Semitic Family > Arabic,Arabic,0,833,501,506,35,Western India States Agency,968,582,386
B. Vernaculars of other Asiatic countries and Africa > Semitic Family > Hebrew,Hebrew,0,836,502,507,INDIA,India,5156,2672,2484
B. Vernaculars of other Asiatic countries and Africa > Semitic Family > Hebrew,Hebrew,0,836,502,507,PROV,Provinces,4678,2432,2246
B. Vernaculars of other Asiatic countries and Africa > Semitic Family > Hebrew,Hebrew,0,836,502,507,STATES,States and Agencies,478,240,238
B. Vernaculars of other Asiatic countries and Africa > Semitic Family > Hebrew,Hebrew,0,836,502,507,1,Ajmer-Merwara,7,4,3
B. Vernaculars of other Asiatic countries and Africa > Semitic Family > Hebrew,Hebrew,0,836,502,507,3,Assam,14,7,7
B. Vernaculars of other Asiatic countries and Africa > Semitic Family > Hebrew,Hebrew,0,836,502,507,5,Bengal,1208,603,605
B. Vernaculars of other Asiatic countries and Africa > Semitic Family > Hebrew,Hebrew,0,836,502,507,6,Bihar and Orissa,3,1,2
B. Vernaculars of other Asiatic countries and Africa > Semitic Family > Hebrew,Hebrew,0,836,502,507,7,Bombay (including Aden),2943,1554,1389
B. Vernaculars of other Asiatic countries and Africa > Semitic Family > Hebrew,Hebrew,0,836,502,507,7a,Aden,2671,1396,1275
B. Vernaculars of other Asiatic countries and Africa > Semitic Family > Hebrew,Hebrew,0,836,502,507,8,Burma,498,260,238
B. Vernaculars of other Asiatic countries and Africa > Semitic Family > Hebrew,Hebrew,0,836,502,507,9,Central Provinces and Berar,1,,1
B. Vernaculars of other Asiatic countries and Africa > Semitic Family > Hebrew,Hebrew,0,836,502,507,12,Madras,3,2,1
B. Vernaculars of other Asiatic countries and Africa > Semitic Family > Hebrew,Hebrew,0,836,502,507,15,United Provinces of Agra and Oudh,1,1,
B. Vernaculars of other Asiatic countries and Africa > Semitic Family > Hebrew,Hebrew,0,836,502,507,17,Baluchistan States,1,1,
B. Vernaculars of other Asiatic countries and Africa > Semitic Family > Hebrew,Hebrew,0,836,502,507,18,Baroda State,5,4,1
B. Vernaculars of other Asiatic countries and Africa > Semitic Family > Hebrew,Hebrew,0,836,502,507,21,Bombay States,156,69,87
B. Vernaculars of other Asiatic countries and Africa > Semitic Family > Hebrew,Hebrew,0,836,502,507,27,Madras States Agency,305,162,143
B. Vernaculars of other Asiatic countries and Africa > Semitic Family > Hebrew,Hebrew,0,836,502,507,27a,Cochin State,266,136,130
B. Vernaculars of other Asiatic countries and Africa > Semitic Family > Hebrew,Hebrew,0,836,502,507,27b,Travancore State,39,26,13
B. Vernaculars of other Asiatic countries and Africa > Semitic Family > Hebrew,Hebrew,0,836,502,507,28,Mysore State,9,2,7
B. Vernaculars of other Asiatic countries and Africa > Semitic Family > Hebrew,Hebrew,0,836,502,507,32,Rajputana Agency,1,1,
B. Vernaculars of other Asiatic countries and Africa > Semitic Family > Hebrew,Hebrew,0,836,502,507,33,Sikkim State,1,1,
B. Vernaculars of other Asiatic countries and Africa > Semitic Family > Maltese,Maltese,0,839,502,507,INDIA,India,4,1,3
B. Vernaculars of other Asiatic countries and Africa > Semitic Family > Maltese,Maltese,0,839,502,507,PROV,Provinces,4,1,3
B. Vernaculars of other Asiatic countries and Africa > Semitic Family > Maltese,Maltese,0,839,502,507,8,Burma,4,1,3
B. Vernaculars of other Asiatic countries and Africa > Semitic Family > Syriac,Syriac,0,842,502,507,INDIA,India,6,5,1
B. Vernaculars of other Asiatic countries and Africa > Semitic Family > Syriac,Syriac,0,842,502,507,PROV,Provinces,1,,1
B. Vernaculars of other Asiatic countries and Africa > Semitic Family > Syriac,Syriac,0,842,502,507,STATES,States and Agencies,5,5,
B. Vernaculars of other Asiatic countries and Africa > Semitic Family > Syriac,Syriac,0,842,502,507,14,Punjab,1,,1
B. Vernaculars of other Asiatic countries and Africa > Semitic Family > Syriac,Syriac,0,842,502,507,27,Madras States Agency,5,5,
B. Vernaculars of other Asiatic countries and Africa > Semitic Family > Syriac,Syriac,0,842,502,507,27a,Cochin State,3,3,
B. Vernaculars of other Asiatic countries and Africa > Semitic Family > Syriac,Syriac,0,842,502,507,27b,Travancore State,2,2,
B. Vernaculars of other Asiatic countries and Africa > Hamitic Family,Hamitic Family,1,845,502,507,INDIA,India,5039,2946,2093
B. Vernaculars of other Asiatic countries and Africa > Hamitic Family,Hamitic Family,1,845,502,507,PROV,Provinces,5014,2928,2086
B. Vernaculars of other Asiatic countries and Africa > Hamitic Family,Hamitic Family,1,845,502,507,STATES,States and Agencies,25,18,7
B. Vernaculars of other Asiatic countries and Africa > Hamitic Family,Hamitic Family,1,845,502,507,1,Ajmer-Merwara,2,,2
B. Vernaculars of other Asiatic countries and Africa > Hamitic Family,Hamitic Family,1,845,502,507,5,Bengal,1,,1
B. Vernaculars of other Asiatic countries and Africa > Hamitic Family,Hamitic Family,1,845,502,507,7,Bombay (including Aden),4995,2916,2079
B. Vernaculars of other Asiatic countries and Africa > Hamitic Family,Hamitic Family,1,845,502,507,7a,Aden,4438,2416,2022
B. Vernaculars of other Asiatic countries and Africa > Hamitic Family,Hamitic Family,1,845,502,507,8,Burma,9,9,
B. Vernaculars of other Asiatic countries and Africa > Hamitic Family,Hamitic Family,1,845,502,507,14,Punjab,7,3,4
B. Vernaculars of other Asiatic countries and Africa > Hamitic Family,Hamitic Family,1,845,502,507,18,Baroda State,9,5,4
B. Vernaculars of other Asiatic countries and Africa > Hamitic Family,Hamitic Family,1,845,502,507,22,Central India Agency,1,1,
B. Vernaculars of other Asiatic countries and Africa > Hamitic Family,Hamitic Family,1,845,502,507,32,Rajputana Agency,3,,3
B. Vernaculars of other Asiatic countries and Africa > Hamitic Family,Hamitic Family,1,845,502,507,35,Western India States Agency,12,12,
B. Vernaculars of other Asiatic countries and Africa > Hamitic Family > Ethiopic Group,Ethiopic Group,1,848,502,507,INDIA,India,5019,2938,2081
B. Vernaculars of other Asiatic countries and Africa > Hamitic Family > Ethiopic Group,Ethiopic Group,1,848,502,507,PROV,Provinces,5006,2925,2081
B. Vernaculars of other Asiatic countries and Africa > Hamitic Family > Ethiopic Group,Ethiopic Group,1,848,502,507,STATES,States and Agencies,13,13,
B. Vernaculars of other Asiatic countries and Africa > Hamitic Family > Ethiopic Group,Ethiopic Group,1,848,502,507,1,Ajmer-Merwara,2,,2
B. Vernaculars of other Asiatic countries and Africa > Hamitic Family > Ethiopic Group,Ethiopic Group,1,848,502,507,7,Bombay (including Aden),4995,2916,2079
B. Vernaculars of other Asiatic countries and Africa > Hamitic Family > Ethiopic Group,Ethiopic Group,1,848,502,507,7a,Aden,4438,2416,2022
B. Vernaculars of other Asiatic countries and Africa > Hamitic Family > Ethiopic Group,Ethiopic Group,1,848,502,507,8,Burma,9,9,
B. Vernaculars of other Asiatic countries and Africa > Hamitic Family > Ethiopic Group,Ethiopic Group,1,848,502,507,22,Central India Agency,1,1,
B. Vernaculars of other Asiatic countries and Africa > Hamitic Family > Ethiopic Group,Ethiopic Group,1,848,502,507,35,Western India States Agency,12,12,
B. Vernaculars of other Asiatic countries and Africa > Hamitic Family > Ethiopic Group > Somali,Somali,0,851,503,508,INDIA,India,4522,2476,2046
B. Vernaculars of other Asiatic countries and Africa > Hamitic Family > Ethiopic Group > Somali,Somali,0,851,503,508,PROV,Provinces,4521,2475,2046
B. Vernaculars of other Asiatic countries and Africa > Hamitic Family > Ethiopic Group > Somali,Somali,0,851,503,508,STATES,States and Agencies,1,1,
B. Vernaculars of other Asiatic countries and Africa > Hamitic Family > Ethiopic Group > Somali,Somali,0,851,503,508,1,Ajmer-Merwara,2,,2
B. Vernaculars of other Asiatic countries and Africa > Hamitic Family > Ethiopic Group > Somali,Somali,0,851,503,508,7,Bombay (including Aden),4519,2475,2044
B. Vernaculars of other Asiatic countries and Africa > Hamitic Family > Ethiopic Group > Somali,Somali,0,851,503,508,7a,Aden,4438,2416,2022
B. Vernaculars of other Asiatic countries and Africa > Hamitic Family > Ethiopic Group > Somali,Somali,0,851,503,508,22,Central India Agency,1,1,
"B. Vernaculars of other Asiatic countries and Africa > Hamitic Family > Ethiopic Group > Egyptian, Abyssinian and others","Egyptian, Abyssinian and others",0,854,503,508,INDIA,India,497,462,35
"B. Vernaculars of other Asiatic countries and Africa > Hamitic Family > Ethiopic Group > Egyptian, Abyssinian and others","Egyptian, Abyssinian and others",0,854,503,508,PROV,Provinces,485,450,35
"B. Vernaculars of other Asiatic countries and Africa > Hamitic Family > Ethiopic Group > Egyptian, Abyssinian and others","Egyptian, Abyssinian and others",0,854,503,508,STATES,States and Agencies,12,12,
"B. Vernaculars of other Asiatic countries and Africa > Hamitic Family > Ethiopic Group > Egyptian, Abyssinian and others","Egyptian, Abyssinian and others",0,854,503,508,7,Bombay (including Aden),476,441,35
"B. Vernaculars of other Asiatic countries and Africa > Hamitic Family > Ethiopic Group > Egyptian, Abyssinian and others","Egyptian, Abyssinian and others",0,854,503,508,8,Burma,9,9,
"B. Vernaculars of other Asiatic countries and Africa > Hamitic Family > Ethiopic Group > Egyptian, Abyssinian and others","Egyptian, Abyssinian and others",0,854,503,508,35,Western India States Agency,12,12,
B. Vernaculars of other Asiatic countries and Africa > Mongolian Family,Mongolian Family,1,857,503,508,INDIA,India,11943,7806,4137
B. Vernaculars of other Asiatic countries and Africa > Mongolian Family,Mongolian Family,1,857,503,508,PROV,Provinces,11757,7649,4108
B. Vernaculars of other Asiatic countries and Africa > Mongolian Family,Mongolian Family,1,857,503,508,STATES,States and Agencies,186,157,29
B. Vernaculars of other Asiatic countries and Africa > Mongolian Family,Mongolian Family,1,857,503,508,1,Ajmer-Merwara,2,2,
B. Vernaculars of other Asiatic countries and Africa > Mongolian Family,Mongolian Family,1,857,503,508,2,Andaman and Nicobar Islands,129,129,
B. Vernaculars of other Asiatic countries and Africa > Mongolian Family,Mongolian Family,1,857,503,508,3,Assam,1,,1
B. Vernaculars of other Asiatic countries and Africa > Mongolian Family,Mongolian Family,1,857,503,508,4,Baluchistan (Districts and Administered Territories),7,6,1
B. Vernaculars of other Asiatic countries and Africa > Mongolian Family,Mongolian Family,1,857,503,508,5,Bengal,550,415,135
B. Vernaculars of other Asiatic countries and Africa > Mongolian Family,Mongolian Family,1,857,503,508,7,Bombay (including Aden),10145,6426,3719
B. Vernaculars of other Asiatic countries and Africa > Mongolian Family,Mongolian Family,1,857,503,508,7a,Aden,85,80,5
B. Vernaculars of other Asiatic countries and Africa > Mongolian Family,Mongolian Family,1,857,503,508,8,Burma,617,447,170
B. Vernaculars of other Asiatic countries and Africa > Mongolian Family,Mongolian Family,1,857,503,508,9,Central Provinces and Berar,21,13,8
B. Vernaculars of other Asiatic countries and Africa > Mongolian Family,Mongolian Family,1,857,503,508,11,Delhi,9,7,2
B. Vernaculars of other Asiatic countries and Africa > Mongolian Family,Mongolian Family,1,857,503,508,12,Madras,161,127,34
B. Vernaculars of other Asiatic countries and Africa > Mongolian Family,Mongolian Family,1,857,503,508,13,North-West Frontier Province (Districts and Administered Territories),63,35,28
B. Vernaculars of other Asiatic countries and Africa > Mongolian Family,Mongolian Family,1,857,503,508,14,Punjab,20,13,7
B. Vernaculars of other Asiatic countries and Africa > Mongolian Family,Mongolian Family,1,857,503,508,15,United Provinces of Agra and Oudh,32,29,3
B. Vernaculars of other Asiatic countries and Africa > Mongolian Family,Mongolian Family,1,857,503,508,18,Baroda State,46,45,1
B. Vernaculars of other Asiatic countries and Africa > Mongolian Family,Mongolian Family,1,857,503,508,21,Bombay States,12,4,8
B. Vernaculars of other Asiatic countries and Africa > Mongolian Family,Mongolian Family,1,857,503,508,22,Central India Agency,6,5,1
B. Vernaculars of other Asiatic countries and Africa > Mongolian Family,Mongolian Family,1,857,503,508,25,Hyderabad State,10,5,5
B. Vernaculars of other Asiatic countries and Africa > Mongolian Family,Mongolian Family,1,857,503,508,26,Jammu and Kashmir State,86,80,6
B. Vernaculars of other Asiatic countries and Africa > Mongolian Family,Mongolian Family,1,857,503,508,27,Madras States Agency,1,1,
B. Vernaculars of other Asiatic countries and Africa > Mongolian Family,Mongolian Family,1,857,503,508,27a,Cochin State,1,1,
B. Vernaculars of other Asiatic countries and Africa > Mongolian Family,Mongolian Family,1,857,503,508,28,Mysore State,5,3,2
B. Vernaculars of other Asiatic countries and Africa > Mongolian Family,Mongolian Family,1,857,503,508,31,Punjab States Agency,1,1,
B. Vernaculars of other Asiatic countries and Africa > Mongolian Family,Mongolian Family,1,857,503,508,32,Rajputana Agency,7,5,2
B. Vernaculars of other Asiatic countries and Africa > Mongolian Family,Mongolian Family,1,857,503,508,35,Western India States Agency,12,8,4
B. Vernaculars of other Asiatic countries and Africa > Mongolian Family > Ural-Altaic Group,Ural-Altaic Group,1,,,,INDIA,India,7630,4596,3034
B. Vernaculars of other Asiatic countries and Africa > Mongolian Family > Ural-Altaic Group,Ural-Altaic Group,1,,,,PROV,Provinces,7502,4487,3015
B. Vernaculars of other Asiatic countries and Africa > Mongolian Family > Ural-Altaic Group,Ural-Altaic Group,1,,,,STATES,States and Agencies,128,109,19
B. Vernaculars of other Asiatic countries and Africa > Mongolian Family > Ural-Altaic Group,Ural-Altaic Group,1,,,,1,Ajmer-Merwara,2,2,0
B. Vernaculars of other Asiatic countries and Africa > Mongolian Family > Ural-Altaic Group,Ural-Altaic Group,1,,,,3,Assam,1,0,1
B. Vernaculars of other Asiatic countries and Africa > Mongolian Family > Ural-Altaic Group,Ural-Altaic Group,1,,,,4,Baluchistan (Districts and Administered Territories),7,6,1
B. Vernaculars of other Asiatic countries and Africa > Mongolian Family > Ural-Altaic Group,Ural-Altaic Group,1,,,,5,Bengal,3,0,3
B. Vernaculars of other Asiatic countries and Africa > Mongolian Family > Ural-Altaic Group,Ural-Altaic Group,1,,,,7,Bombay (including Aden),7305,4358,2947
B. Vernaculars of other Asiatic countries and Africa > Mongolian Family > Ural-Altaic Group,Ural-Altaic Group,1,,,,7a,Aden,13,9,4
B. Vernaculars of other Asiatic countries and Africa > Mongolian Family > Ural-Altaic Group,Ural-Altaic Group,1,,,,8,Burma,10,9,1
B. Vernaculars of other Asiatic countries and Africa > Mongolian Family > Ural-Altaic Group,Ural-Altaic Group,1,,,,9,Central Provinces and Berar,4,2,2
B. Vernaculars of other Asiatic countries and Africa > Mongolian Family > Ural-Altaic Group,Ural-Altaic Group,1,,,,11,Delhi,3,2,0
B. Vernaculars of other Asiatic countries and Africa > Mongolian Family > Ural-Altaic Group,Ural-Altaic Group,1,,,,12,Madras,64,38,26
B. Vernaculars of other Asiatic countries and Africa > Mongolian Family > Ural-Altaic Group,Ural-Altaic Group,1,,,,13,North-West Frontier Province (Districts and Administered Territories),62,35,27
B. Vernaculars of other Asiatic countries and Africa > Mongolian Family > Ural-Altaic Group,Ural-Altaic Group,1,,,,14,Punjab,16,11,5
B. Vernaculars of other Asiatic countries and Africa > Mongolian Family > Ural-Altaic Group,Ural-Altaic Group,1,,,,15,United Provinces of Agra and Oudh,25,23,2
B. Vernaculars of other Asiatic countries and Africa > Mongolian Family > Ural-Altaic Group,Ural-Altaic Group,1,,,,18,Baroda State,6,6,0
B. Vernaculars of other Asiatic countries and Africa > Mongolian Family > Ural-Altaic Group,Ural-Altaic Group,1,,,,21,Bombay States,1,0,1
B. Vernaculars of other Asiatic countries and Africa > Mongolian Family > Ural-Altaic Group,Ural-Altaic Group,1,,,,22,Central India Agency,6,5,1
B. Vernaculars of other Asiatic countries and Africa > Mongolian Family > Ural-Altaic Group,Ural-Altaic Group,1,,,,25,Hyderabad State,9,4,5
B. Vernaculars of other Asiatic countries and Africa > Mongolian Family > Ural-Altaic Group,Ural-Altaic Group,1,,,,26,Jammu and Kashmir State,86,80,6
B. Vernaculars of other Asiatic countries and Africa > Mongolian Family > Ural-Altaic Group,Ural-Altaic Group,1,,,,31,Punjab States Agency,1,1,0
B. Vernaculars of other Asiatic countries and Africa > Mongolian Family > Ural-Altaic Group,Ural-Altaic Group,1,,,,32,Rajputana Agency,7,5,2
B. Vernaculars of other Asiatic countries and Africa > Mongolian Family > Ural-Altaic Group,Ural-Altaic Group,1,,,,35,Western India States Agency,12,8,4
B. Vernaculars of other Asiatic countries and Africa > Mongolian Family > Ural-Altaic Group > Turkish,Turkish,0,860,503,508,INDIA,India,7630,4596,3034
B. Vernaculars of other Asiatic countries and Africa > Mongolian Family > Ural-Altaic Group > Turkish,Turkish,0,860,503,508,PROV,Provinces,7502,4487,3015
B. Vernaculars of other Asiatic countries and Africa > Mongolian Family > Ural-Altaic Group > Turkish,Turkish,0,860,503,508,STATES,States and Agencies,128,109,19
B. Vernaculars of other Asiatic countries and Africa > Mongolian Family > Ural-Altaic Group > Turkish,Turkish,0,860,503,508,1,Ajmer-Merwara,2,2,
B. Vernaculars of other Asiatic countries and Africa > Mongolian Family > Ural-Altaic Group > Turkish,Turkish,0,860,503,508,3,Assam,1,,1
B. Vernaculars of other Asiatic countries and Africa > Mongolian Family > Ural-Altaic Group > Turkish,Turkish,0,860,503,508,4,Baluchistan (Districts and Administered Territories),7,6,1
B. Vernaculars of other Asiatic countries and Africa > Mongolian Family > Ural-Altaic Group > Turkish,Turkish,0,860,503,508,5,Bengal,3,,3
B. Vernaculars of other Asiatic countries and Africa > Mongolian Family > Ural-Altaic Group > Turkish,Turkish,0,860,503,508,7,Bombay (including Aden),7305,4358,2947
B. Vernaculars of other Asiatic countries and Africa > Mongolian Family > Ural-Altaic Group > Turkish,Turkish,0,860,503,508,7a,Aden,13,9,4
B. Vernaculars of other Asiatic countries and Africa > Mongolian Family > Ural-Altaic Group > Turkish,Turkish,0,860,503,508,8,Burma,10,9,1
B. Vernaculars of other Asiatic countries and Africa > Mongolian Family > Ural-Altaic Group > Turkish,Turkish,0,860,503,508,9,Central Provinces and Berar,4,2,2
B. Vernaculars of other Asiatic countries and Africa > Mongolian Family > Ural-Altaic Group > Turkish,Turkish,0,860,503,508,11,Delhi,3,2,
B. Vernaculars of other Asiatic countries and Africa > Mongolian Family > Ural-Altaic Group > Turkish,Turkish,0,860,503,508,12,Madras,64,38,26
B. Vernaculars of other Asiatic countries and Africa > Mongolian Family > Ural-Altaic Group > Turkish,Turkish,0,860,503,508,13,North-West Frontier Province (Districts and Administered Territories),62,35,27
B. Vernaculars of other Asiatic countries and Africa > Mongolian Family > Ural-Altaic Group > Turkish,Turkish,0,860,503,508,14,Punjab,16,11,5
B. Vernaculars of other Asiatic countries and Africa > Mongolian Family > Ural-Altaic Group > Turkish,Turkish,0,860,503,508,15,United Provinces of Agra and Oudh,25,23,2
B. Vernaculars of other Asiatic countries and Africa > Mongolian Family > Ural-Altaic Group > Turkish,Turkish,0,860,503,508,18,Baroda State,6,6,
B. Vernaculars of other Asiatic countries and Africa > Mongolian Family > Ural-Altaic Group > Turkish,Turkish,0,860,503,508,21,Bombay States,1,,1
B. Vernaculars of other Asiatic countries and Africa > Mongolian Family > Ural-Altaic Group > Turkish,Turkish,0,860,503,508,22,Central India Agency,6,5,1
B. Vernaculars of other Asiatic countries and Africa > Mongolian Family > Ural-Altaic Group > Turkish,Turkish,0,860,503,508,25,Hyderabad State,9,4,5
B. Vernaculars of other Asiatic countries and Africa > Mongolian Family > Ural-Altaic Group > Turkish,Turkish,0,860,503,508,26,Jammu and Kashmir State,86,80,6
B. Vernaculars of other Asiatic countries and Africa > Mongolian Family > Ural-Altaic Group > Turkish,Turkish,0,860,503,508,31,Punjab States Agency,1,1,
B. Vernaculars of other Asiatic countries and Africa > Mongolian Family > Ural-Altaic Group > Turkish,Turkish,0,860,503,508,32,Rajputana Agency,7,5,2
B. Vernaculars of other Asiatic countries and Africa > Mongolian Family > Ural-Altaic Group > Turkish,Turkish,0,860,503,508,35,Western India States Agency,12,8,4
B. Vernaculars of other Asiatic countries and Africa > Mongolian Family > Japanese Group,Japanese Group,1,,,,INDIA,India,4304,3206,1098
B. Vernaculars of other Asiatic countries and Africa > Mongolian Family > Japanese Group,Japanese Group,1,,,,PROV,Provinces,4246,3158,1088
B. Vernaculars of other Asiatic countries and Africa > Mongolian Family > Japanese Group,Japanese Group,1,,,,STATES,States and Agencies,58,48,10
B. Vernaculars of other Asiatic countries and Africa > Mongolian Family > Japanese Group,Japanese Group,1,,,,2,Andaman and Nicobar Islands,129,129,0
B. Vernaculars of other Asiatic countries and Africa > Mongolian Family > Japanese Group,Japanese Group,1,,,,5,Bengal,547,415,132
B. Vernaculars of other Asiatic countries and Africa > Mongolian Family > Japanese Group,Japanese Group,1,,,,7,Bombay (including Aden),2840,2068,772
B. Vernaculars of other Asiatic countries and Africa > Mongolian Family > Japanese Group,Japanese Group,1,,,,7a,Aden,72,71,1
B. Vernaculars of other Asiatic countries and Africa > Mongolian Family > Japanese Group,Japanese Group,1,,,,8,Burma,607,438,169
B. Vernaculars of other Asiatic countries and Africa > Mongolian Family > Japanese Group,Japanese Group,1,,,,9,Central Provinces and Berar,8,7,1
B. Vernaculars of other Asiatic countries and Africa > Mongolian Family > Japanese Group,Japanese Group,1,,,,11,Delhi,6,4,2
B. Vernaculars of other Asiatic countries and Africa > Mongolian Family > Japanese Group,Japanese Group,1,,,,12,Madras,97,89,8
B. Vernaculars of other Asiatic countries and Africa > Mongolian Family > Japanese Group,Japanese Group,1,,,,13,North-West Frontier Province (Districts and Administered Territories),1,0,1
B. Vernaculars of other Asiatic countries and Africa > Mongolian Family > Japanese Group,Japanese Group,1,,,,14,Punjab,4,2,2
B. Vernaculars of other Asiatic countries and Africa > Mongolian Family > Japanese Group,Japanese Group,1,,,,15,United Provinces of Agra and Oudh,7,6,1
B. Vernaculars of other Asiatic countries and Africa > Mongolian Family > Japanese Group,Japanese Group,1,,,,18,Baroda State,40,39,1
B. Vernaculars of other Asiatic countries and Africa > Mongolian Family > Japanese Group,Japanese Group,1,,,,21,Bombay States,11,4,7
B. Vernaculars of other Asiatic countries and Africa > Mongolian Family > Japanese Group,Japanese Group,1,,,,25,Hyderabad State,1,1,0
B. Vernaculars of other Asiatic countries and Africa > Mongolian Family > Japanese Group,Japanese Group,1,,,,27,Madras States Agency,1,1,0
B. Vernaculars of other Asiatic countries and Africa > Mongolian Family > Japanese Group,Japanese Group,1,,,,27a,Cochin State,1,1,0
B. Vernaculars of other Asiatic countries and Africa > Mongolian Family > Japanese Group,Japanese Group,1,,,,28,Mysore State,5,3,2
B. Vernaculars of other Asiatic countries and Africa > Mongolian Family > Japanese Group > Japanese,Japanese,0,863,503,508,INDIA,India,4304,3206,1098
B. Vernaculars of other Asiatic countries and Africa > Mongolian Family > Japanese Group > Japanese,Japanese,0,863,503,508,PROV,Provinces,4246,3158,1088
B. Vernaculars of other Asiatic countries and Africa > Mongolian Family > Japanese Group > Japanese,Japanese,0,863,503,508,STATES,States and Agencies,58,48,10
B. Vernaculars of other Asiatic countries and Africa > Mongolian Family > Japanese Group > Japanese,Japanese,0,863,503,508,2,Andaman and Nicobar Islands,129,129,
B. Vernaculars of other Asiatic countries and Africa > Mongolian Family > Japanese Group > Japanese,Japanese,0,863,503,508,5,Bengal,547,415,132
B. Vernaculars of other Asiatic countries and Africa > Mongolian Family > Japanese Group > Japanese,Japanese,0,863,503,508,7,Bombay (including Aden),2840,2068,772
B. Vernaculars of other Asiatic countries and Africa > Mongolian Family > Japanese Group > Japanese,Japanese,0,863,503,508,7a,Aden,72,71,1
B. Vernaculars of other Asiatic countries and Africa > Mongolian Family > Japanese Group > Japanese,Japanese,0,863,503,508,8,Burma,607,438,169
B. Vernaculars of other Asiatic countries and Africa > Mongolian Family > Japanese Group > Japanese,Japanese,0,863,503,508,9,Central Provinces and Berar,8,7,1
B. Vernaculars of other Asiatic countries and Africa > Mongolian Family > Japanese Group > Japanese,Japanese,0,863,503,508,11,Delhi,6,4,2
B. Vernaculars of other Asiatic countries and Africa > Mongolian Family > Japanese Group > Japanese,Japanese,0,863,503,508,12,Madras,97,89,8
B. Vernaculars of other Asiatic countries and Africa > Mongolian Family > Japanese Group > Japanese,Japanese,0,863,503,508,13,North-West Frontier Province (Districts and Administered Territories),1,,1
B. Vernaculars of other Asiatic countries and Africa > Mongolian Family > Japanese Group > Japanese,Japanese,0,863,503,508,14,Punjab,4,2,2
B. Vernaculars of other Asiatic countries and Africa > Mongolian Family > Japanese Group > Japanese,Japanese,0,863,503,508,15,United Provinces of Agra and Oudh,7,6,1
B. Vernaculars of other Asiatic countries and Africa > Mongolian Family > Japanese Group > Japanese,Japanese,0,863,503,508,18,Baroda State,40,39,1
B. Vernaculars of other Asiatic countries and Africa > Mongolian Family > Japanese Group > Japanese,Japanese,0,863,503,508,21,Bombay States,11,4,7
B. Vernaculars of other Asiatic countries and Africa > Mongolian Family > Japanese Group > Japanese,Japanese,0,863,503,508,25,Hyderabad State,1,1,
B. Vernaculars of other Asiatic countries and Africa > Mongolian Family > Japanese Group > Japanese,Japanese,0,863,503,508,27,Madras States Agency,1,1,
B. Vernaculars of other Asiatic countries and Africa > Mongolian Family > Japanese Group > Japanese,Japanese,0,863,503,508,27a,Cochin State,1,1,
B. Vernaculars of other Asiatic countries and Africa > Mongolian Family > Japanese Group > Japanese,Japanese,0,863,503,508,28,Mysore State,5,3,2
B. Vernaculars of other Asiatic countries and Africa > Mongolian Family > Other Mongolian,Other Mongolian,0,866,504,509,INDIA,India,9,4,5
B. Vernaculars of other Asiatic countries and Africa > Mongolian Family > Other Mongolian,Other Mongolian,0,866,504,509,PROV,Provinces,9,4,5
B. Vernaculars of other Asiatic countries and Africa > Mongolian Family > Other Mongolian,Other Mongolian,0,866,504,509,9,Central Provinces and Berar,9,4,5
B. Vernaculars of other Asiatic countries and Africa > Malayo-Polynesian Family,Malayo-Polynesian Family,1,,,,INDIA,India,342,208,134
B. Vernaculars of other Asiatic countries and Africa > Malayo-Polynesian Family,Malayo-Polynesian Family,1,,,,PROV,Provinces,336,207,129
B. Vernaculars of other Asiatic countries and Africa > Malayo-Polynesian Family,Malayo-Polynesian Family,1,,,,STATES,States and Agencies,6,1,5
B. Vernaculars of other Asiatic countries and Africa > Malayo-Polynesian Family,Malayo-Polynesian Family,1,,,,7,Bombay (including Aden),266,157,109
B. Vernaculars of other Asiatic countries and Africa > Malayo-Polynesian Family,Malayo-Polynesian Family,1,,,,7a,Aden,2,0,2
B. Vernaculars of other Asiatic countries and Africa > Malayo-Polynesian Family,Malayo-Polynesian Family,1,,,,8,Burma,51,39,12
B. Vernaculars of other Asiatic countries and Africa > Malayo-Polynesian Family,Malayo-Polynesian Family,1,,,,11,Delhi,2,1,1
B. Vernaculars of other Asiatic countries and Africa > Malayo-Polynesian Family,Malayo-Polynesian Family,1,,,,12,Madras,6,3,3
B. Vernaculars of other Asiatic countries and Africa > Malayo-Polynesian Family,Malayo-Polynesian Family,1,,,,14,Punjab,10,7,3
B. Vernaculars of other Asiatic countries and Africa > Malayo-Polynesian Family,Malayo-Polynesian Family,1,,,,15,United Provinces of Agra and Oudh,1,0,1
B. Vernaculars of other Asiatic countries and Africa > Malayo-Polynesian Family,Malayo-Polynesian Family,1,,,,17,Baluchistan States,1,1,0
B. Vernaculars of other Asiatic countries and Africa > Malayo-Polynesian Family,Malayo-Polynesian Family,1,,,,26,Jammu and Kashmir State,4,0,4
B. Vernaculars of other Asiatic countries and Africa > Malayo-Polynesian Family,Malayo-Polynesian Family,1,,,,32,Rajputana Agency,1,0,1
B. Vernaculars of other Asiatic countries and Africa > Malayo-Polynesian Family > Malayan Group,Malayan Group,1,869,504,509,INDIA,India,342,208,134
B. Vernaculars of other Asiatic countries and Africa > Malayo-Polynesian Family > Malayan Group,Malayan Group,1,869,504,509,PROV,Provinces,336,207,129
B. Vernaculars of other Asiatic countries and Africa > Malayo-Polynesian Family > Malayan Group,Malayan Group,1,869,504,509,STATES,States and Agencies,6,1,5
B. Vernaculars of other Asiatic countries and Africa > Malayo-Polynesian Family > Malayan Group,Malayan Group,1,869,504,509,7,Bombay (including Aden),266,157,109
B. Vernaculars of other Asiatic countries and Africa > Malayo-Polynesian Family > Malayan Group,Malayan Group,1,869,504,509,7a,Aden,2,,2
B. Vernaculars of other Asiatic countries and Africa > Malayo-Polynesian Family > Malayan Group,Malayan Group,1,869,504,509,8,Burma,51,39,12
B. Vernaculars of other Asiatic countries and Africa > Malayo-Polynesian Family > Malayan Group,Malayan Group,1,869,504,509,11,Delhi,2,1,1
B. Vernaculars of other Asiatic countries and Africa > Malayo-Polynesian Family > Malayan Group,Malayan Group,1,869,504,509,12,Madras,6,3,3
B. Vernaculars of other Asiatic countries and Africa > Malayo-Polynesian Family > Malayan Group,Malayan Group,1,869,504,509,14,Punjab,10,7,3
B. Vernaculars of other Asiatic countries and Africa > Malayo-Polynesian Family > Malayan Group,Malayan Group,1,869,504,509,15,United Provinces of Agra and Oudh,1,,1
B. Vernaculars of other Asiatic countries and Africa > Malayo-Polynesian Family > Malayan Group,Malayan Group,1,869,504,509,17,Baluchistan States,1,1,
B. Vernaculars of other Asiatic countries and Africa > Malayo-Polynesian Family > Malayan Group,Malayan Group,1,869,504,509,26,Jammu and Kashmir State,4,,4
B. Vernaculars of other Asiatic countries and Africa > Malayo-Polynesian Family > Malayan Group,Malayan Group,1,869,504,509,32,Rajputana Agency,1,,1
B. Vernaculars of other Asiatic countries and Africa > Malayo-Polynesian Family > Malayan Group > Tagalog and other Philippine Languages,Tagalog and other Philippine Languages,0,872,504,509,INDIA,India,48,38,10
B. Vernaculars of other Asiatic countries and Africa > Malayo-Polynesian Family > Malayan Group > Tagalog and other Philippine Languages,Tagalog and other Philippine Languages,0,872,504,509,PROV,Provinces,48,38,10
B. Vernaculars of other Asiatic countries and Africa > Malayo-Polynesian Family > Malayan Group > Tagalog and other Philippine Languages,Tagalog and other Philippine Languages,0,872,504,509,8,Burma,48,38,10
B. Vernaculars of other Asiatic countries and Africa > Malayo-Polynesian Family > Malayan Group > Javanese and other Malayan Languages,Javanese and other Malayan Languages,0,875,504,509,INDIA,India,294,170,124
B. Vernaculars of other Asiatic countries and Africa > Malayo-Polynesian Family > Malayan Group > Javanese and other Malayan Languages,Javanese and other Malayan Languages,0,875,504,509,PROV,Provinces,288,169,119
B. Vernaculars of other Asiatic countries and Africa > Malayo-Polynesian Family > Malayan Group > Javanese and other Malayan Languages,Javanese and other Malayan Languages,0,875,504,509,STATES,States and Agencies,6,1,5
B. Vernaculars of other Asiatic countries and Africa > Malayo-Polynesian Family > Malayan Group > Javanese and other Malayan Languages,Javanese and other Malayan Languages,0,875,504,509,7,Bombay (including Aden),266,157,109
B. Vernaculars of other Asiatic countries and Africa > Malayo-Polynesian Family > Malayan Group > Javanese and other Malayan Languages,Javanese and other Malayan Languages,0,875,504,509,7a,Aden,2,,2
B. Vernaculars of other Asiatic countries and Africa > Malayo-Polynesian Family > Malayan Group > Javanese and other Malayan Languages,Javanese and other Malayan Languages,0,875,504,509,8,Burma,3,1,2
B. Vernaculars of other Asiatic countries and Africa > Malayo-Polynesian Family > Malayan Group > Javanese and other Malayan Languages,Javanese and other Malayan Languages,0,875,504,509,11,Delhi,2,1,1
B. Vernaculars of other Asiatic countries and Africa > Malayo-Polynesian Family > Malayan Group > Javanese and other Malayan Languages,Javanese and other Malayan Languages,0,875,504,509,12,Madras,6,3,3
B. Vernaculars of other Asiatic countries and Africa > Malayo-Polynesian Family > Malayan Group > Javanese and other Malayan Languages,Javanese and other Malayan Languages,0,875,504,509,14,Punjab,10,7,3
B. Vernaculars of other Asiatic countries and Africa > Malayo-Polynesian Family > Malayan Group > Javanese and other Malayan Languages,Javanese and other Malayan Languages,0,875,504,509,15,United Provinces of Agra and Oudh,1,,1
B. Vernaculars of other Asiatic countries and Africa > Malayo-Polynesian Family > Malayan Group > Javanese and other Malayan Languages,Javanese and other Malayan Languages,0,875,504,509,17,Baluchistan States,1,1,
B. Vernaculars of other Asiatic countries and Africa > Malayo-Polynesian Family > Malayan Group > Javanese and other Malayan Languages,Javanese and other Malayan Languages,0,875,504,509,26,Jammu and Kashmir State,4,,4
B. Vernaculars of other Asiatic countries and Africa > Malayo-Polynesian Family > Malayan Group > Javanese and other Malayan Languages,Javanese and other Malayan Languages,0,875,504,509,32,Rajputana Agency,1,,1
C. European languages,C. European languages,1,878,505,510,INDIA,India,339706,208314,131392
C. European languages,C. European languages,1,878,505,510,PROV,Provinces,296362,180310,116052
C. European languages,C. European languages,1,878,505,510,STATES,States and Agencies,43344,28004,15340
C. European languages,C. European languages,1,878,505,510,1,Ajmer-Merwara,3162,2075,1087
C. European languages,C. European languages,1,878,505,510,2,Andaman and Nicobar Islands,301,228,73
C. European languages,C. European languages,1,878,505,510,3,Assam,3690,2542,1148
C. European languages,C. European languages,1,878,505,510,4,Baluchistan (Districts and Administered Territories),5495,4057,1438
C. European languages,C. European languages,1,878,505,510,5,Bengal,49920,28385,21535
C. European languages,C. European languages,1,878,505,510,6,Bihar and Orissa,13304,7341,5963
C. European languages,C. European languages,1,878,505,510,7,Bombay (including Aden),64656,39093,25563
C. European languages,C. European languages,1,878,505,510,7a,Aden,2108,1660,448
C. European languages,C. European languages,1,878,505,510,8,Burma,27895,16069,11826
C. European languages,C. European languages,1,878,505,510,9,Central Provinces and Berar,11615,7212,4403
C. European languages,C. European languages,1,878,505,510,10,Coorg,310,171,139
C. European languages,C. European languages,1,878,505,510,11,Delhi,5201,3328,1873
C. European languages,C. European languages,1,878,505,510,12,Madras,41469,21455,20014
C. European languages,C. European languages,1,878,505,510,13,North-West Frontier Province (Districts and Administered Territories),7901,6428,1473
C. European languages,C. European languages,1,878,505,510,14,Punjab,26080,18322,7758
C. European languages,C. European languages,1,878,505,510,15,United Provinces of Agra and Oudh,35363,23604,11759
C. European languages,C. European languages,1,878,505,510,16,Assam States,323,193,130
C. European languages,C. European languages,1,878,505,510,17,Baluchistan States,8,7,1
C. European languages,C. European languages,1,878,505,510,18,Baroda State,250,158,92
C. European languages,C. European languages,1,878,505,510,19,Bengal States,16,9,7
C. European languages,C. European languages,1,878,505,510,20,Bihar and Orissa States,201,127,74
C. European languages,C. European languages,1,878,505,510,21,Bombay States,449,278,171
C. European languages,C. European languages,1,878,505,510,22,Central India Agency,3487,2380,1107
C. European languages,C. European languages,1,878,505,510,23,Central Provinces States,399,215,184
C. European languages,C. European languages,1,878,505,510,24,Gwalior State,244,165,79
C. European languages,C. European languages,1,878,505,510,25,Hyderabad State,14070,10327,3743
C. European languages,C. European languages,1,878,505,510,26,Jammu and Kashmir State,335,148,187
C. European languages,C. European languages,1,878,505,510,27,Madras States Agency,2191,1177,1014
C. European languages,C. European languages,1,878,505,510,27a,Cochin State,770,340,430
C. European languages,C. European languages,1,878,505,510,27b,Travancore State,1371,807,564
C. European languages,C. European languages,1,878,505,510,27c,Other Madras States,50,30,20
C. European languages,C. European languages,1,878,505,510,28,Mysore State,14370,7237,7133
C. European languages,C. European languages,1,878,505,510,29,North-West Frontier Province (Agencies and Tribal Areas),3814,3801,13
C. European languages,C. European languages,1,878,505,510,30,Punjab States,79,27,52
C. European languages,C. European languages,1,878,505,510,31,Punjab States Agency,445,265,180
C. European languages,C. European languages,1,878,505,510,32,Rajputana Agency,1909,1050,859
C. European languages,C. European languages,1,878,505,510,33,Sikkim State,10,4,6
C. European languages,C. European languages,1,878,505,510,34,United Provinces States,38,17,21
C. European languages,C. European languages,1,878,505,510,35,Western India States Agency,706,419,287
C. European languages > Indo-European Family,Indo-European Family,1,881,505,510,INDIA,India,339660,208290,131370
C. European languages > Indo-European Family,Indo-European Family,1,881,505,510,PROV,Provinces,296318,180286,116032
C. European languages > Indo-European Family,Indo-European Family,1,881,505,510,STATES,States and Agencies,43342,28004,15338
C. European languages > Indo-European Family,Indo-European Family,1,881,505,510,1,Ajmer-Merwara,3162,2075,1087
C. European languages > Indo-European Family,Indo-European Family,1,881,505,510,2,Andaman and Nicobar Islands,301,228,73
C. European languages > Indo-European Family,Indo-European Family,1,881,505,510,3,Assam,3690,2542,1148
C. European languages > Indo-European Family,Indo-European Family,1,881,505,510,4,Baluchistan (Districts and Administered Territories),5495,4057,1438
C. European languages > Indo-European Family,Indo-European Family,1,881,505,510,5,Bengal,49910,28382,21528
C. European languages > Indo-European Family,Indo-European Family,1,881,505,510,6,Bihar and Orissa,13304,7341,5963
C. European languages > Indo-European Family,Indo-European Family,1,881,505,510,7,Bombay (including Aden),64656,39093,25563
C. European languages > Indo-European Family,Indo-European Family,1,881,505,510,7a,Aden,2108,1660,448
C. European languages > Indo-European Family,Indo-European Family,1,881,505,510,8,Burma,27895,16069,11826
C. European languages > Indo-European Family,Indo-European Family,1,881,505,510,9,Central Provinces and Berar,11614,7212,4402
C. European languages > Indo-European Family,Indo-European Family,1,881,505,510,10,Coorg,310,171,139
C. European languages > Indo-European Family,Indo-European Family,1,881,505,510,11,Delhi,5201,3328,1873
C. European languages > Indo-European Family,Indo-European Family,1,881,505,510,12,Madras,41436,21434,20002
C. European languages > Indo-European Family,Indo-European Family,1,881,505,510,13,North-West Frontier Province (Districts and Administered Territories),7901,6428,1473
C. European languages > Indo-European Family,Indo-European Family,1,881,505,510,14,Punjab,26080,18322,7758
C. European languages > Indo-European Family,Indo-European Family,1,881,505,510,15,United Provinces of Agra and Oudh,35363,23604,11759
C. European languages > Indo-European Family,Indo-European Family,1,881,505,510,16,Assam States,323,193,130
C. European languages > Indo-European Family,Indo-European Family,1,881,505,510,17,Baluchistan States,8,7,1
C. European languages > Indo-European Family,Indo-European Family,1,881,505,510,18,Baroda State,250,158,92
C. European languages > Indo-European Family,Indo-European Family,1,881,505,510,19,Bengal States,16,9,7
C. European languages > Indo-European Family,Indo-European Family,1,881,505,510,20,Bihar and Orissa States,201,127,74
C. European languages > Indo-European Family,Indo-European Family,1,881,505,510,21,Bombay States,449,278,171
C. European languages > Indo-European Family,Indo-European Family,1,881,505,510,22,Central India Agency,3487,2380,1107
C. European languages > Indo-European Family,Indo-European Family,1,881,505,510,23,Central Provinces States,399,215,184
C. European languages > Indo-European Family,Indo-European Family,1,881,505,510,24,Gwalior State,244,165,79
C. European languages > Indo-European Family,Indo-European Family,1,881,505,510,25,Hyderabad State,14070,10327,3743
C. European languages > Indo-European Family,Indo-European Family,1,881,505,510,26,Jammu and Kashmir State,335,148,187
C. European languages > Indo-European Family,Indo-European Family,1,881,505,510,27,Madras States Agency,2191,1177,1014
C. European languages > Indo-European Family,Indo-European Family,1,881,505,510,27a,Cochin State,770,340,430
C. European languages > Indo-European Family,Indo-European Family,1,881,505,510,27b,Travancore State,1371,807,564
C. European languages > Indo-European Family,Indo-European Family,1,881,505,510,27c,Other Madras States,50,30,20
C. European languages > Indo-European Family,Indo-European Family,1,881,505,510,28,Mysore State,14369,7237,7132
C. European languages > Indo-European Family,Indo-European Family,1,881,505,510,29,North-West Frontier Province (Agencies and Tribal Areas),3814,3801,13
C. European languages > Indo-European Family,Indo-European Family,1,881,505,510,30,Punjab States,79,27,52
C. European languages > Indo-European Family,Indo-European Family,1,881,505,510,31,Punjab States Agency,445,265,180
C. European languages > Indo-European Family,Indo-European Family,1,881,505,510,32,Rajputana Agency,1909,1050,859
C. European languages > Indo-European Family,Indo-European Family,1,881,505,510,33,Sikkim State,9,4,5
C. European languages > Indo-European Family,Indo-European Family,1,881,505,510,34,United Provinces States,38,17,21
C. European languages > Indo-European Family,Indo-European Family,1,881,505,510,35,Western India States Agency,706,419,287
C. European languages > Indo-European Family > Greek Group,Greek Group,1,,,,INDIA,India,352,234,118
C. European languages > Indo-European Family > Greek Group,Greek Group,1,,,,PROV,Provinces,342,225,117
C. European languages > Indo-European Family > Greek Group,Greek Group,1,,,,STATES,States and Agencies,10,9,1
C. European languages > Indo-European Family > Greek Group,Greek Group,1,,,,1,Ajmer-Merwara,1,1,0
C. European languages > Indo-European Family > Greek Group,Greek Group,1,,,,5,Bengal,68,25,43
C. European languages > Indo-European Family > Greek Group,Greek Group,1,,,,6,Bihar and Orissa,7,7,0
C. European languages > Indo-European Family > Greek Group,Greek Group,1,,,,7,Bombay (including Aden),210,150,60
C. European languages > Indo-European Family > Greek Group,Greek Group,1,,,,7a,Aden,83,55,28
C. European languages > Indo-European Family > Greek Group,Greek Group,1,,,,8,Burma,37,29,8
C. European languages > Indo-European Family > Greek Group,Greek Group,1,,,,9,Central Provinces and Berar,5,3,2
C. European languages > Indo-European Family > Greek Group,Greek Group,1,,,,11,Delhi,1,1,0
C. European languages > Indo-European Family > Greek Group,Greek Group,1,,,,12,Madras,9,8,1
C. European languages > Indo-European Family > Greek Group,Greek Group,1,,,,13,North-West Frontier Province (Districts and Administered Territories),2,1,1
C. European languages > Indo-European Family > Greek Group,Greek Group,1,,,,15,United Provinces of Agra and Oudh,2,0,2
C. European languages > Indo-European Family > Greek Group,Greek Group,1,,,,22,Central India Agency,2,2,0
C. European languages > Indo-European Family > Greek Group,Greek Group,1,,,,25,Hyderabad State,7,6,1
C. European languages > Indo-European Family > Greek Group,Greek Group,1,,,,32,Rajputana Agency,1,1,0
C. European languages > Indo-European Family > Greek Group > Greek (Romaic.),Greek (Romaic.),0,884,505,510,INDIA,India,352,234,118
C. European languages > Indo-European Family > Greek Group > Greek (Romaic.),Greek (Romaic.),0,884,505,510,PROV,Provinces,342,225,117
C. European languages > Indo-European Family > Greek Group > Greek (Romaic.),Greek (Romaic.),0,884,505,510,STATES,States and Agencies,10,9,1
C. European languages > Indo-European Family > Greek Group > Greek (Romaic.),Greek (Romaic.),0,884,505,510,1,Ajmer-Merwara,1,1,
C. European languages > Indo-European Family > Greek Group > Greek (Romaic.),Greek (Romaic.),0,884,505,510,5,Bengal,68,25,43
C. European languages > Indo-European Family > Greek Group > Greek (Romaic.),Greek (Romaic.),0,884,505,510,6,Bihar and Orissa,7,7,
C. European languages > Indo-European Family > Greek Group > Greek (Romaic.),Greek (Romaic.),0,884,505,510,7,Bombay (including Aden),210,150,60
C. European languages > Indo-European Family > Greek Group > Greek (Romaic.),Greek (Romaic.),0,884,505,510,7a,Aden,83,55,28
C. European languages > Indo-European Family > Greek Group > Greek (Romaic.),Greek (Romaic.),0,884,505,510,8,Burma,37,29,8
C. European languages > Indo-European Family > Greek Group > Greek (Romaic.),Greek (Romaic.),0,884,505,510,9,Central Provinces and Berar,5,3,2
C. European languages > Indo-European Family > Greek Group > Greek (Romaic.),Greek (Romaic.),0,884,505,510,11,Delhi,1,1,
C. European languages > Indo-European Family > Greek Group > Greek (Romaic.),Greek (Romaic.),0,884,505,510,12,Madras,9,8,1
C. European languages > Indo-European Family > Greek Group > Greek (Romaic.),Greek (Romaic.),0,884,505,510,13,North-West Frontier Province (Districts and Administered Territories),2,1,1
C. European languages > Indo-European Family > Greek Group > Greek (Romaic.),Greek (Romaic.),0,884,505,510,15,United Provinces of Agra and Oudh,2,,2
C. European languages > Indo-European Family > Greek Group > Greek (Romaic.),Greek (Romaic.),0,884,505,510,22,Central India Agency,2,2,
C. European languages > Indo-European Family > Greek Group > Greek (Romaic.),Greek (Romaic.),0,884,505,510,25,Hyderabad State,7,6,1
C. European languages > Indo-European Family > Greek Group > Greek (Romaic.),Greek (Romaic.),0,884,505,510,32,Rajputana Agency,1,1,
C. European languages > Indo-European Family > Romance Group,Romance Group,1,887,505,510,INDIA,India,15430,9210,6220
C. European languages > Indo-European Family > Romance Group,Romance Group,1,887,505,510,PROV,Provinces,13670,8152,5518
C. European languages > Indo-European Family > Romance Group,Romance Group,1,887,505,510,STATES,States and Agencies,1760,1058,702
C. European languages > Indo-European Family > Romance Group,Romance Group,1,887,505,510,1,Ajmer-Merwara,184,110,74
C. European languages > Indo-European Family > Romance Group,Romance Group,1,887,505,510,2,Andaman and Nicobar Islands,1,1,
C. European languages > Indo-European Family > Romance Group,Romance Group,1,887,505,510,3,Assam,35,22,13
C. European languages > Indo-European Family > Romance Group,Romance Group,1,887,505,510,4,Baluchistan (Districts and Administered Territories),68,51,17
C. European languages > Indo-European Family > Romance Group,Romance Group,1,887,505,510,5,Bengal,661,408,253
C. European languages > Indo-European Family > Romance Group,Romance Group,1,887,505,510,6,Bihar and Orissa,232,132,100
C. European languages > Indo-European Family > Romance Group,Romance Group,1,887,505,510,7,Bombay (including Aden),9218,5507,3711
C. European languages > Indo-European Family > Romance Group,Romance Group,1,887,505,510,7a,Aden,471,370,101
C. European languages > Indo-European Family > Romance Group,Romance Group,1,887,505,510,8,Burma,712,468,244
C. European languages > Indo-European Family > Romance Group,Romance Group,1,887,505,510,9,Central Provinces and Berar,407,205,202
C. European languages > Indo-European Family > Romance Group,Romance Group,1,887,505,510,10,Coorg,55,24,31
C. European languages > Indo-European Family > Romance Group,Romance Group,1,887,505,510,11,Delhi,63,46,17
C. European languages > Indo-European Family > Romance Group,Romance Group,1,887,505,510,12,Madras,1647,913,734
C. European languages > Indo-European Family > Romance Group,Romance Group,1,887,505,510,13,North-West Frontier Province (Districts and Administered Territories),23,13,10
C. European languages > Indo-European Family > Romance Group,Romance Group,1,887,505,510,14,Punjab,142,97,45
C. European languages > Indo-European Family > Romance Group,Romance Group,1,887,505,510,15,United Provinces of Agra and Oudh,222,155,67
C. European languages > Indo-European Family > Romance Group,Romance Group,1,887,505,510,16,Assam States,73,72,1
C. European languages > Indo-European Family > Romance Group,Romance Group,1,887,505,510,18,Baroda State,42,27,15
C. European languages > Indo-European Family > Romance Group,Romance Group,1,887,505,510,19,Bengal States,1,,1
C. European languages > Indo-European Family > Romance Group,Romance Group,1,887,505,510,20,Bihar and Orissa States,17,12,5
C. European languages > Indo-European Family > Romance Group,Romance Group,1,887,505,510,21,Bombay States,138,105,33
C. European languages > Indo-European Family > Romance Group,Romance Group,1,887,505,510,22,Central India Agency,216,116,100
C. European languages > Indo-European Family > Romance Group,Romance Group,1,887,505,510,23,Central Provinces States,8,7,1
C. European languages > Indo-European Family > Romance Group,Romance Group,1,887,505,510,24,Gwalior State,14,14,
C. European languages > Indo-European Family > Romance Group,Romance Group,1,887,505,510,25,Hyderabad State,204,125,79
C. European languages > Indo-European Family > Romance Group,Romance Group,1,887,505,510,26,Jammu and Kashmir State,19,6,13
C. European languages > Indo-European Family > Romance Group,Romance Group,1,887,505,510,27,Madras States Agency,254,161,93
C. European languages > Indo-European Family > Romance Group,Romance Group,1,887,505,510,27a,Cochin State,134,75,59
C. European languages > Indo-European Family > Romance Group,Romance Group,1,887,505,510,27b,Travancore State,119,85,34
C. European languages > Indo-European Family > Romance Group,Romance Group,1,887,505,510,27c,Other Madras States,1,1,
C. European languages > Indo-European Family > Romance Group,Romance Group,1,887,505,510,28,Mysore State,493,226,267
C. European languages > Indo-European Family > Romance Group,Romance Group,1,887,505,510,30,Punjab States,3,,3
C. European languages > Indo-European Family > Romance Group,Romance Group,1,887,505,510,31,Punjab States Agency,20,14,6
C. European languages > Indo-European Family > Romance Group,Romance Group,1,887,505,510,32,Rajputana Agency,61,39,22
C. European languages > Indo-European Family > Romance Group,Romance Group,1,887,505,510,35,Western India States Agency,197,134,63
C. European languages > Indo-European Family > Romance Group > Italian,Italian,0,890,505,510,INDIA,India,1239,905,334
C. European languages > Indo-European Family > Romance Group > Italian,Italian,0,890,505,510,PROV,Provinces,1049,759,290
C. European languages > Indo-European Family > Romance Group > Italian,Italian,0,890,505,510,STATES,States and Agencies,190,146,44
C. European languages > Indo-European Family > Romance Group > Italian,Italian,0,890,505,510,3,Assam,27,17,10
C. European languages > Indo-European Family > Romance Group > Italian,Italian,0,890,505,510,4,Baluchistan (Districts and Administered Territories),1,1,
C. European languages > Indo-European Family > Romance Group > Italian,Italian,0,890,505,510,5,Bengal,286,236,50
C. European languages > Indo-European Family > Romance Group > Italian,Italian,0,890,505,510,6,Bihar and Orissa,81,40,41
C. European languages > Indo-European Family > Romance Group > Italian,Italian,0,890,505,510,7,Bombay (including Aden),283,239,44
C. European languages > Indo-European Family > Romance Group > Italian,Italian,0,890,505,510,7a,Aden,189,177,12
C. European languages > Indo-European Family > Romance Group > Italian,Italian,0,890,505,510,8,Burma,125,72,53
C. European languages > Indo-European Family > Romance Group > Italian,Italian,0,890,505,510,9,Central Provinces and Berar,2,1,1
C. European languages > Indo-European Family > Romance Group > Italian,Italian,0,890,505,510,11,Delhi,8,4,4
C. European languages > Indo-European Family > Romance Group > Italian,Italian,0,890,505,510,12,Madras,167,96,71
C. European languages > Indo-European Family > Romance Group > Italian,Italian,0,890,505,510,14,Punjab,20,17,3
C. European languages > Indo-European Family > Romance Group > Italian,Italian,0,890,505,510,15,United Provinces of Agra and Oudh,49,36,13
C. European languages > Indo-European Family > Romance Group > Italian,Italian,0,890,505,510,16,Assam States,68,67,1
C. European languages > Indo-European Family > Romance Group > Italian,Italian,0,890,505,510,18,Baroda State,1,1,
C. European languages > Indo-European Family > Romance Group > Italian,Italian,0,890,505,510,25,Hyderabad State,42,23,19
C. European languages > Indo-European Family > Romance Group > Italian,Italian,0,890,505,510,26,Jammu and Kashmir State,5,,5
C. European languages > Indo-European Family > Romance Group > Italian,Italian,0,890,505,510,27,Madras States Agency,16,7,9
C. European languages > Indo-European Family > Romance Group > Italian,Italian,0,890,505,510,27a,Cochin State,9,,9
C. European languages > Indo-European Family > Romance Group > Italian,Italian,0,890,505,510,27b,Travancore State,7,7,
C. European languages > Indo-European Family > Romance Group > Italian,Italian,0,890,505,510,28,Mysore State,49,41,8
C. European languages > Indo-European Family > Romance Group > Italian,Italian,0,890,505,510,31,Punjab States Agency,6,6,
C. European languages > Indo-European Family > Romance Group > Italian,Italian,0,890,505,510,32,Rajputana Agency,3,1,2
C. European languages > Indo-European Family > Romance Group > French,French,0,893,506,511,INDIA,India,2966,1551,1415
C. European languages > Indo-European Family > Romance Group > French,French,0,893,506,511,PROV,Provinces,2648,1407,1241
C. European languages > Indo-European Family > Romance Group > French,French,0,893,506,511,STATES,States and Agencies,318,144,174
C. European languages > Indo-European Family > Romance Group > French,French,0,893,506,511,1,Ajmer-Merwara,45,21,24
C. European languages > Indo-European Family > Romance Group > French,French,0,893,506,511,2,Andaman and Nicobar Islands,1,1,
C. European languages > Indo-European Family > Romance Group > French,French,0,893,506,511,3,Assam,4,2,2
C. European languages > Indo-European Family > Romance Group > French,French,0,893,506,511,4,Baluchistan (Districts and Administered Territories),9,4,5
C. European languages > Indo-European Family > Romance Group > French,French,0,893,506,511,5,Bengal,191,67,124
C. European languages > Indo-European Family > Romance Group > French,French,0,893,506,511,6,Bihar and Orissa,79,44,35
C. European languages > Indo-European Family > Romance Group > French,French,0,893,506,511,7,Bombay (including Aden),1344,783,561
C. European languages > Indo-European Family > Romance Group > French,French,0,893,506,511,7a,Aden,14,5,9
C. European languages > Indo-European Family > Romance Group > French,French,0,893,506,511,8,Burma,179,102,77
C. European languages > Indo-European Family > Romance Group > French,French,0,893,506,511,9,Central Provinces and Berar,97,24,73
C. European languages > Indo-European Family > Romance Group > French,French,0,893,506,511,10,Coorg,5,1,4
C. European languages > Indo-European Family > Romance Group > French,French,0,893,506,511,11,Delhi,4,1,3
C. European languages > Indo-European Family > Romance Group > French,French,0,893,506,511,12,Madras,560,288,272
C. European languages > Indo-European Family > Romance Group > French,French,0,893,506,511,13,North-West Frontier Province (Districts and Administered Territories),9,2,7
C. European languages > Indo-European Family > Romance Group > French,French,0,893,506,511,14,Punjab,77,46,31
C. European languages > Indo-European Family > Romance Group > French,French,0,893,506,511,15,United Provinces of Agra and Oudh,44,21,23
C. European languages > Indo-European Family > Romance Group > French,French,0,893,506,511,18,Baroda State,14,10,4
C. European languages > Indo-European Family > Romance Group > French,French,0,893,506,511,19,Bengal States,1,,1
C. European languages > Indo-European Family > Romance Group > French,French,0,893,506,511,20,Bihar and Orissa States,7,5,2
C. European languages > Indo-European Family > Romance Group > French,French,0,893,506,511,21,Bombay States,16,12,4
C. European languages > Indo-European Family > Romance Group > French,French,0,893,506,511,22,Central India Agency,51,14,37
C. European languages > Indo-European Family > Romance Group > French,French,0,893,506,511,23,Central Provinces States,8,7,1
C. European languages > Indo-European Family > Romance Group > French,French,0,893,506,511,25,Hyderabad State,64,44,20
C. European languages > Indo-European Family > Romance Group > French,French,0,893,506,511,26,Jammu and Kashmir State,11,6,5
C. European languages > Indo-European Family > Romance Group > French,French,0,893,506,511,27,Madras States Agency,3,2,1
C. European languages > Indo-European Family > Romance Group > French,French,0,893,506,511,27a,Cochin State,1,,1
C. European languages > Indo-European Family > Romance Group > French,French,0,893,506,511,27b,Travancore State,2,2,
C. European languages > Indo-European Family > Romance Group > French,French,0,893,506,511,28,Mysore State,127,38,89
C. European languages > Indo-European Family > Romance Group > French,French,0,893,506,511,30,Punjab States,3,,3
C. European languages > Indo-European Family > Romance Group > French,French,0,893,506,511,31,Punjab States Agency,2,1,1
C. European languages > Indo-European Family > Romance Group > French,French,0,893,506,511,32,Rajputana Agency,8,4,4
C. European languages > Indo-European Family > Romance Group > French,French,0,893,506,511,35,Western India States Agency,3,1,2
C. European languages > Indo-European Family > Romance Group > Spanish,Spanish,0,896,506,511,INDIA,India,587,383,204
C. European languages > Indo-European Family > Romance Group > Spanish,Spanish,0,896,506,511,PROV,Provinces,534,840,194
C. European languages > Indo-European Family > Romance Group > Spanish,Spanish,0,896,506,511,STATES,States and Agencies,53,43,10
C. European languages > Indo-European Family > Romance Group > Spanish,Spanish,0,896,506,511,1,Ajmer-Merwara,1,,1
C. European languages > Indo-European Family > Romance Group > Spanish,Spanish,0,896,506,511,3,Assam,1,1,
C. European languages > Indo-European Family > Romance Group > Spanish,Spanish,0,896,506,511,4,Baluchistan (Districts and Administered Territories),3,3,
C. European languages > Indo-European Family > Romance Group > Spanish,Spanish,0,896,506,511,5,Bengal,46,43,3
C. European languages > Indo-European Family > Romance Group > Spanish,Spanish,0,896,506,511,6,Bihar and Orissa,7,7,
C. European languages > Indo-European Family > Romance Group > Spanish,Spanish,0,896,506,511,7,Bombay (including Aden),423,253,170
C. European languages > Indo-European Family > Romance Group > Spanish,Spanish,0,896,506,511,7a,Aden,39,19,20
C. European languages > Indo-European Family > Romance Group > Spanish,Spanish,0,896,506,511,8,Burma,13,4,9
C. European languages > Indo-European Family > Romance Group > Spanish,Spanish,0,896,506,511,11,Delhi,1,,1
C. European languages > Indo-European Family > Romance Group > Spanish,Spanish,0,896,506,511,12,Madras,27,24,3
C. European languages > Indo-European Family > Romance Group > Spanish,Spanish,0,896,506,511,13,North-West Frontier Province (Districts and Administered Territories),1,1,
C. European languages > Indo-European Family > Romance Group > Spanish,Spanish,0,896,506,511,14,Punjab,6,2,4
C. European languages > Indo-European Family > Romance Group > Spanish,Spanish,0,896,506,511,15,United Provinces of Agra and Oudh,5,2,3
C. European languages > Indo-European Family > Romance Group > Spanish,Spanish,0,896,506,511,16,Assam States,5,5,
C. European languages > Indo-European Family > Romance Group > Spanish,Spanish,0,896,506,511,25,Hyderabad State,6,6,
C. European languages > Indo-European Family > Romance Group > Spanish,Spanish,0,896,506,511,26,Jammu and Kashmir State,2,,2
C. European languages > Indo-European Family > Romance Group > Spanish,Spanish,0,896,506,511,27,Madras States Agency,29,29,
C. European languages > Indo-European Family > Romance Group > Spanish,Spanish,0,896,506,511,27a,Cochin State,6,6,
C. European languages > Indo-European Family > Romance Group > Spanish,Spanish,0,896,506,511,27b,Travancore State,22,22,
C. European languages > Indo-European Family > Romance Group > Spanish,Spanish,0,896,506,511,27c,Other Madras States,1,1,
C. European languages > Indo-European Family > Romance Group > Spanish,Spanish,0,896,506,511,28,Mysore State,11,3,8
C. European languages > Indo-European Family > Romance Group > Protuguese,Protuguese,0,899,506,511,INDIA,India,10633,6366,4267
C. European languages > Indo-European Family > Romance Group > Protuguese,Protuguese,0,899,506,511,PROV,Provinces,9438,5645,3793
C. European languages > Indo-European Family > Romance Group > Protuguese,Protuguese,0,899,506,511,STATES,States and Agencies,1195,721,474
C. European languages > Indo-European Family > Romance Group > Protuguese,Protuguese,0,899,506,511,1,Ajmer-Merwara,138,89,49
C. European languages > Indo-European Family > Romance Group > Protuguese,Protuguese,0,899,506,511,3,Assam,3,2,1
C. European languages > Indo-European Family > Romance Group > Protuguese,Protuguese,0,899,506,511,4,Baluchistan (Districts and Administered Territories),55,43,12
C. European languages > Indo-European Family > Romance Group > Protuguese,Protuguese,0,899,506,511,5,Bengal,138,62,76
C. European languages > Indo-European Family > Romance Group > Protuguese,Protuguese,0,899,506,511,6,Bihar and Orissa,64,40,24
C. European languages > Indo-European Family > Romance Group > Protuguese,Protuguese,0,899,506,511,7,Bombay (including Aden),7168,4232,2936
C. European languages > Indo-European Family > Romance Group > Protuguese,Protuguese,0,899,506,511,7a,Aden,229,169,60
C. European languages > Indo-European Family > Romance Group > Protuguese,Protuguese,0,899,506,511,8,Burma,395,290,105
C. European languages > Indo-European Family > Romance Group > Protuguese,Protuguese,0,899,506,511,9,Central Provinces and Berar,308,180,128
C. European languages > Indo-European Family > Romance Group > Protuguese,Protuguese,0,899,506,511,10,Coorg,50,23,27
C. European languages > Indo-European Family > Romance Group > Protuguese,Protuguese,0,899,506,511,11,Delhi,50,41,9
C. European languages > Indo-European Family > Romance Group > Protuguese,Protuguese,0,899,506,511,12,Madras,893,505,388
C. European languages > Indo-European Family > Romance Group > Protuguese,Protuguese,0,899,506,511,13,North-West Frontier Province (Districts and Administered Territories),13,10,3
C. European languages > Indo-European Family > Romance Group > Protuguese,Protuguese,0,899,506,511,14,Punjab,39,32,7
C. European languages > Indo-European Family > Romance Group > Protuguese,Protuguese,0,899,506,511,15,United Provinces of Agra and Oudh,124,96,28
C. European languages > Indo-European Family > Romance Group > Protuguese,Protuguese,0,899,506,511,18,Baroda State,27,16,11
C. European languages > Indo-European Family > Romance Group > Protuguese,Protuguese,0,899,506,511,20,Bihar and Orissa States,10,7,3
C. European languages > Indo-European Family > Romance Group > Protuguese,Protuguese,0,899,506,511,21,Bombay States,122,93,29
C. European languages > Indo-European Family > Romance Group > Protuguese,Protuguese,0,899,506,511,22,Central India Agency,165,102,63
C. European languages > Indo-European Family > Romance Group > Protuguese,Protuguese,0,899,506,511,24,Gwalior State,14,14,
C. European languages > Indo-European Family > Romance Group > Protuguese,Protuguese,0,899,506,511,25,Hyderabad State,92,52,40
C. European languages > Indo-European Family > Romance Group > Protuguese,Protuguese,0,899,506,511,26,Jammu and Kashmir State,1,,1
C. European languages > Indo-European Family > Romance Group > Protuguese,Protuguese,0,899,506,511,27,Madras States Agency,202,119,83
C. European languages > Indo-European Family > Romance Group > Protuguese,Protuguese,0,899,506,511,27a,Cochin State,114,65,49
C. European languages > Indo-European Family > Romance Group > Protuguese,Protuguese,0,899,506,511,27b,Travancore State,88,54,34
C. European languages > Indo-European Family > Romance Group > Protuguese,Protuguese,0,899,506,511,28,Mysore State,306,144,162
C. European languages > Indo-European Family > Romance Group > Protuguese,Protuguese,0,899,506,511,31,Punjab States Agency,12,7,5
C. European languages > Indo-European Family > Romance Group > Protuguese,Protuguese,0,899,506,511,32,Rajputana Agency,50,34,16
C. European languages > Indo-European Family > Romance Group > Protuguese,Protuguese,0,899,506,511,35,Western India States Agency,194,133,61
C. European languages > Indo-European Family > Romance Group > Basque,Basque,0,902,506,511,INDIA,India,5,5,
C. European languages > Indo-European Family > Romance Group > Basque,Basque,0,902,506,511,PROV,Provinces,1,1,
C. European languages > Indo-European Family > Romance Group > Basque,Basque,0,902,506,511,STATES,States and Agencies,4,4,
C. European languages > Indo-European Family > Romance Group > Basque,Basque,0,902,506,511,6,Bihar and Orissa,1,1,
C. European languages > Indo-European Family > Romance Group > Basque,Basque,0,902,506,511,27,Madras States Agency,4,4,
C. European languages > Indo-European Family > Romance Group > Basque,Basque,0,902,506,511,27a,Cochin State,4,4,
C. European languages > Indo-European Family > Celtic Group,Celtic Group,1,905,506,511,INDIA,India,1004,847,157
C. European languages > Indo-European Family > Celtic Group,Celtic Group,1,905,506,511,PROV,Provinces,933,794,139
C. European languages > Indo-European Family > Celtic Group,Celtic Group,1,905,506,511,STATES,States and Agencies,71,53,18
C. European languages > Indo-European Family > Celtic Group,Celtic Group,1,905,506,511,1,Ajmer-Merwara,2,2,
C. European languages > Indo-European Family > Celtic Group,Celtic Group,1,905,506,511,3,Assam,19,9,10
C. European languages > Indo-European Family > Celtic Group,Celtic Group,1,905,506,511,4,Baluchistan (Districts and Administered Territories),25,18,7
C. European languages > Indo-European Family > Celtic Group,Celtic Group,1,905,506,511,5,Bengal,25,17,8
C. European languages > Indo-European Family > Celtic Group,Celtic Group,1,905,506,511,6,Bihar and Orissa,67,33,34
C. European languages > Indo-European Family > Celtic Group,Celtic Group,1,905,506,511,10,Coorg,1,1,
C. European languages > Indo-European Family > Celtic Group,Celtic Group,1,905,506,511,11,Delhi,5,3,2
C. European languages > Indo-European Family > Celtic Group,Celtic Group,1,905,506,511,12,Madras,23,14,9
C. European languages > Indo-European Family > Celtic Group,Celtic Group,1,905,506,511,13,North-West Frontier Province (Districts and Administered Territories),19,17,2
C. European languages > Indo-European Family > Celtic Group,Celtic Group,1,905,506,511,14,Punjab,148,98,50
C. European languages > Indo-European Family > Celtic Group,Celtic Group,1,905,506,511,15,United Provinces of Agra and Oudh,599,582,17
C. European languages > Indo-European Family > Celtic Group,Celtic Group,1,905,506,511,16,Assam States,12,4,8
C. European languages > Indo-European Family > Celtic Group,Celtic Group,1,905,506,511,22,Central India Agency,7,2,5
C. European languages > Indo-European Family > Celtic Group,Celtic Group,1,905,506,511,25,Hyderabad State,23,22,1
C. European languages > Indo-European Family > Celtic Group,Celtic Group,1,905,506,511,26,Jammu and Kashmir State,1,1,
C. European languages > Indo-European Family > Celtic Group,Celtic Group,1,905,506,511,27,Madras States Agency,6,5,1
C. European languages > Indo-European Family > Celtic Group,Celtic Group,1,905,506,511,27a,Cochin State,1,1,
C. European languages > Indo-European Family > Celtic Group,Celtic Group,1,905,506,511,27b,Travancore State,3,2,1
C. European languages > Indo-European Family > Celtic Group,Celtic Group,1,905,506,511,27c,Other Madras States,2,2,
C. European languages > Indo-European Family > Celtic Group,Celtic Group,1,905,506,511,28,Mysore State,13,10,3
C. European languages > Indo-European Family > Celtic Group,Celtic Group,1,905,506,511,29,North-West Frontier Province (Agencies and Tribal Areas),1,1,
C. European languages > Indo-European Family > Celtic Group,Celtic Group,1,905,506,511,30,Punjab States,1,1,
C. European languages > Indo-European Family > Celtic Group,Celtic Group,1,905,506,511,32,Rajputana Agency,7,7,
C. European languages > Indo-European Family > Celtic Group > Welsh,Welsh,0,908,506,511,INDIA,India,53,105,48
C. European languages > Indo-European Family > Celtic Group > Welsh,Welsh,0,908,506,511,PROV,Provinces,125,86,39
C. European languages > Indo-European Family > Celtic Group > Welsh,Welsh,0,908,506,511,STATES,States and Agencies,28,19,9
C. European languages > Indo-European Family > Celtic Group > Welsh,Welsh,0,908,506,511,3,Assam,19,9,10
C. European languages > Indo-European Family > Celtic Group > Welsh,Welsh,0,908,506,511,4,Baluchistan (Districts and Administered Territories),9,9,
C. European languages > Indo-European Family > Celtic Group > Welsh,Welsh,0,908,506,511,5,Bengal,8,6,2
C. European languages > Indo-European Family > Celtic Group > Welsh,Welsh,0,908,506,511,6,Bihar and Orissa,37,19,18
C. European languages > Indo-European Family > Celtic Group > Welsh,Welsh,0,908,506,511,12,Madras,9,5,4
C. European languages > Indo-European Family > Celtic Group > Welsh,Welsh,0,908,506,511,13,North-West Frontier Province (Districts and Administered Territories),18,16,2
C. European languages > Indo-European Family > Celtic Group > Welsh,Welsh,0,908,506,511,14,Punjab,3,1,2
C. European languages > Indo-European Family > Celtic Group > Welsh,Welsh,0,908,506,511,15,United Provinces of Agra and Oudh,22,21,1
C. European languages > Indo-European Family > Celtic Group > Welsh,Welsh,0,908,506,511,16,Assam States,12,4,8
C. European languages > Indo-European Family > Celtic Group > Welsh,Welsh,0,908,506,511,25,Hyderabad State,6,6,
C. European languages > Indo-European Family > Celtic Group > Welsh,Welsh,0,908,506,511,27,Madras States Agency,1,1,
C. European languages > Indo-European Family > Celtic Group > Welsh,Welsh,0,908,506,511,27a,Cochin State,1,1,
C. European languages > Indo-European Family > Celtic Group > Welsh,Welsh,0,908,506,511,28,Mysore State,8,7,1
C. European languages > Indo-European Family > Celtic Group > Welsh,Welsh,0,908,506,511,29,North-West Frontier Province (Agencies and Tribal Areas),1,1,
C. European languages > Indo-European Family > Celtic Group > Gaelic (Scotch),Gaelic (Scotch),0,911,507,512,INDIA,India,681,614,67
C. European languages > Indo-European Family > Celtic Group > Gaelic (Scotch),Gaelic (Scotch),0,911,507,512,PROV,Provinces,671,607,64
C. European languages > Indo-European Family > Celtic Group > Gaelic (Scotch),Gaelic (Scotch),0,911,507,512,STATES,States and Agencies,10,7,3
C. European languages > Indo-European Family > Celtic Group > Gaelic (Scotch),Gaelic (Scotch),0,911,507,512,1,Ajmer-Merwara,2,2,
C. European languages > Indo-European Family > Celtic Group > Gaelic (Scotch),Gaelic (Scotch),0,911,507,512,5,Bengal,9,8,1
C. European languages > Indo-European Family > Celtic Group > Gaelic (Scotch),Gaelic (Scotch),0,911,507,512,6,Bihar and Orissa,26,14,12
C. European languages > Indo-European Family > Celtic Group > Gaelic (Scotch),Gaelic (Scotch),0,911,507,512,11,Delhi,4,3,1
C. European languages > Indo-European Family > Celtic Group > Gaelic (Scotch),Gaelic (Scotch),0,911,507,512,14,Punjab,95,54,41
C. European languages > Indo-European Family > Celtic Group > Gaelic (Scotch),Gaelic (Scotch),0,911,507,512,15,United Provinces of Agra and Oudh,535,526,9
C. European languages > Indo-European Family > Celtic Group > Gaelic (Scotch),Gaelic (Scotch),0,911,507,512,22,Central India Agency,3,1,2
C. European languages > Indo-European Family > Celtic Group > Gaelic (Scotch),Gaelic (Scotch),0,911,507,512,26,Jammu and Kashmir State,1,1,
C. European languages > Indo-European Family > Celtic Group > Gaelic (Scotch),Gaelic (Scotch),0,911,507,512,27,Madras States Agency,3,2,1
C. European languages > Indo-European Family > Celtic Group > Gaelic (Scotch),Gaelic (Scotch),0,911,507,512,27b,Travancore State,3,2,1
C. European languages > Indo-European Family > Celtic Group > Gaelic (Scotch),Gaelic (Scotch),0,911,507,512,32,Rajputana Agency,3,3,
C. European languages > Indo-European Family > Celtic Group > Irish,Irish,0,914,507,512,INDIA,India,179,136,43
C. European languages > Indo-European Family > Celtic Group > Irish,Irish,0,914,507,512,PROV,Provinces,137,101,36
C. European languages > Indo-European Family > Celtic Group > Irish,Irish,0,914,507,512,STATES,States and Agencies,33,27,6
C. European languages > Indo-European Family > Celtic Group > Irish,Irish,0,914,507,512,4,Baluchistan (Districts and Administered Territories),16,9,7
C. European languages > Indo-European Family > Celtic Group > Irish,Irish,0,914,507,512,5,Bengal,8,3,5
C. European languages > Indo-European Family > Celtic Group > Irish,Irish,0,914,507,512,6,Bihar and Orissa,4,,4
C. European languages > Indo-European Family > Celtic Group > Irish,Irish,0,914,507,512,10,Coorg,1,1,
C. European languages > Indo-European Family > Celtic Group > Irish,Irish,0,914,507,512,11,Delhi,1,,1
C. European languages > Indo-European Family > Celtic Group > Irish,Irish,0,914,507,512,12,Madras,14,9,5
C. European languages > Indo-European Family > Celtic Group > Irish,Irish,0,914,507,512,13,North-West Frontier Province (Districts and Administered Territories),1,1,
C. European languages > Indo-European Family > Celtic Group > Irish,Irish,0,914,507,512,14,Punjab,50,43,7
C. European languages > Indo-European Family > Celtic Group > Irish,Irish,0,914,507,512,15,United Provinces of Agra and Oudh,42,35,7
C. European languages > Indo-European Family > Celtic Group > Irish,Irish,0,914,507,512,22,Central India Agency,4,1,3
C. European languages > Indo-European Family > Celtic Group > Irish,Irish,0,914,507,512,25,Hyderabad State,17,16,1
C. European languages > Indo-European Family > Celtic Group > Irish,Irish,0,914,507,512,27,Madras States Agency,2,2,
C. European languages > Indo-European Family > Celtic Group > Irish,Irish,0,914,507,512,27c,Other Madras States,2,2,
C. European languages > Indo-European Family > Celtic Group > Irish,Irish,0,914,507,512,28,Mysore State,5,3,2
C. European languages > Indo-European Family > Celtic Group > Irish,Irish,0,914,507,512,30,Punjab States,1,1,
C. European languages > Indo-European Family > Celtic Group > Irish,Irish,0,914,507,512,32,Rajputana Agency,4,4,
C. European languages > Indo-European Family > Balto-Slavonic Group,Balto-Slavonic Group,1,,,,INDIA,India,188,126,62
C. European languages > Indo-European Family > Balto-Slavonic Group,Balto-Slavonic Group,1,,,,PROV,Provinces,178,120,58
C. European languages > Indo-European Family > Balto-Slavonic Group,Balto-Slavonic Group,1,,,,STATES,States and Agencies,10,6,4
C. European languages > Indo-European Family > Balto-Slavonic Group,Balto-Slavonic Group,1,,,,1,Ajmer-Merwara,1,0,1
C. European languages > Indo-European Family > Balto-Slavonic Group,Balto-Slavonic Group,1,,,,3,Assam,2,2,0
C. European languages > Indo-European Family > Balto-Slavonic Group,Balto-Slavonic Group,1,,,,5,Bengal,39,19,20
C. European languages > Indo-European Family > Balto-Slavonic Group,Balto-Slavonic Group,1,,,,7,Bombay (including Aden),73,45,28
C. European languages > Indo-European Family > Balto-Slavonic Group,Balto-Slavonic Group,1,,,,7a,Aden,2,0,2
C. European languages > Indo-European Family > Balto-Slavonic Group,Balto-Slavonic Group,1,,,,8,Burma,51,45,6
C. European languages > Indo-European Family > Balto-Slavonic Group,Balto-Slavonic Group,1,,,,11,Delhi,1,1,0
C. European languages > Indo-European Family > Balto-Slavonic Group,Balto-Slavonic Group,1,,,,12,Madras,5,4,1
C. European languages > Indo-European Family > Balto-Slavonic Group,Balto-Slavonic Group,1,,,,14,Punjab,3,3,0
C. European languages > Indo-European Family > Balto-Slavonic Group,Balto-Slavonic Group,1,,,,15,United Provinces of Agra and Oudh,3,1,2
C. European languages > Indo-European Family > Balto-Slavonic Group,Balto-Slavonic Group,1,,,,18,Baroda State,1,0,1
C. European languages > Indo-European Family > Balto-Slavonic Group,Balto-Slavonic Group,1,,,,26,Jammu and Kashmir State,4,3,1
C. European languages > Indo-European Family > Balto-Slavonic Group,Balto-Slavonic Group,1,,,,28,Mysore State,1,0,1
C. European languages > Indo-European Family > Balto-Slavonic Group,Balto-Slavonic Group,1,,,,31,Punjab States Agency,3,3,0
C. European languages > Indo-European Family > Balto-Slavonic Group,Balto-Slavonic Group,1,,,,32,Rajputana Agency,1,0,1
"C. European languages > Indo-European Family > Balto-Slavonic Group > Slavonic (Russian, Polish and Others)","Slavonic (Russian, Polish and Others)",0,917,507,512,INDIA,India,188,126,62
"C. European languages > Indo-European Family > Balto-Slavonic Group > Slavonic (Russian, Polish and Others)","Slavonic (Russian, Polish and Others)",0,917,507,512,PROV,Provinces,178,120,58
"C. European languages > Indo-European Family > Balto-Slavonic Group > Slavonic (Russian, Polish and Others)","Slavonic (Russian, Polish and Others)",0,917,507,512,STATES,States and Agencies,10,6,4
"C. European languages > Indo-European Family > Balto-Slavonic Group > Slavonic (Russian, Polish and Others)","Slavonic (Russian, Polish and Others)",0,917,507,512,1,Ajmer-Merwara,1,,1
"C. European languages > Indo-European Family > Balto-Slavonic Group > Slavonic (Russian, Polish and Others)","Slavonic (Russian, Polish and Others)",0,917,507,512,3,Assam,2,2,
"C. European languages > Indo-European Family > Balto-Slavonic Group > Slavonic (Russian, Polish and Others)","Slavonic (Russian, Polish and Others)",0,917,507,512,5,Bengal,39,19,20
"C. European languages > Indo-European Family > Balto-Slavonic Group > Slavonic (Russian, Polish and Others)","Slavonic (Russian, Polish and Others)",0,917,507,512,7,Bombay (including Aden),73,45,28
"C. European languages > Indo-European Family > Balto-Slavonic Group > Slavonic (Russian, Polish and Others)","Slavonic (Russian, Polish and Others)",0,917,507,512,7a,Aden,2,,2
"C. European languages > Indo-European Family > Balto-Slavonic Group > Slavonic (Russian, Polish and Others)","Slavonic (Russian, Polish and Others)",0,917,507,512,8,Burma,51,45,6
"C. European languages > Indo-European Family > Balto-Slavonic Group > Slavonic (Russian, Polish and Others)","Slavonic (Russian, Polish and Others)",0,917,507,512,11,Delhi,1,1,
"C. European languages > Indo-European Family > Balto-Slavonic Group > Slavonic (Russian, Polish and Others)","Slavonic (Russian, Polish and Others)",0,917,507,512,12,Madras,5,4,1
"C. European languages > Indo-European Family > Balto-Slavonic Group > Slavonic (Russian, Polish and Others)","Slavonic (Russian, Polish and Others)",0,917,507,512,14,Punjab,3,3,
"C. European languages > Indo-European Family > Balto-Slavonic Group > Slavonic (Russian, Polish and Others)","Slavonic (Russian, Polish and Others)",0,917,507,512,15,United Provinces of Agra and Oudh,3,1,2
"C. European languages > Indo-European Family > Balto-Slavonic Group > Slavonic (Russian, Polish and Others)","Slavonic (Russian, Polish and Others)",0,917,507,512,18,Baroda State,1,,1
"C. European languages > Indo-European Family > Balto-Slavonic Group > Slavonic (Russian, Polish and Others)","Slavonic (Russian, Polish and Others)",0,917,507,512,26,Jammu and Kashmir State,4,3,1
"C. European languages > Indo-European Family > Balto-Slavonic Group > Slavonic (Russian, Polish and Others)","Slavonic (Russian, Polish and Others)",0,917,507,512,28,Mysore State,1,,1
"C. European languages > Indo-European Family > Balto-Slavonic Group > Slavonic (Russian, Polish and Others)","Slavonic (Russian, Polish and Others)",0,917,507,512,31,Punjab States Agency,3,3,
"C. European languages > Indo-European Family > Balto-Slavonic Group > Slavonic (Russian, Polish and Others)","Slavonic (Russian, Polish and Others)",0,917,507,512,32,Rajputana Agency,1,,1
C. European languages > Indo-European Family > Teutonic Group,Teutonic Group,1,920,507,512,INDIA,India,322686,197873,124813
C. European languages > Indo-European Family > Teutonic Group,Teutonic Group,1,920,507,512,PROV,Provinces,281195,170995,110200
C. European languages > Indo-European Family > Teutonic Group,Teutonic Group,1,920,507,512,STATES,States and Agencies,41491,26878,14613
C. European languages > Indo-European Family > Teutonic Group,Teutonic Group,1,920,507,512,1,Ajmer-Merwara,2974,1962,1012
C. European languages > Indo-European Family > Teutonic Group,Teutonic Group,1,920,507,512,2,Andaman and Nicobar Islands,300,227,73
C. European languages > Indo-European Family > Teutonic Group,Teutonic Group,1,920,507,512,3,Assam,3634,2509,1125
C. European languages > Indo-European Family > Teutonic Group,Teutonic Group,1,920,507,512,4,Baluchistan (Districts and Administered Territories),5402,3988,1414
C. European languages > Indo-European Family > Teutonic Group,Teutonic Group,1,920,507,512,5,Bengal,49117,27913,21204
C. European languages > Indo-European Family > Teutonic Group,Teutonic Group,1,920,507,512,6,Bihar and Orissa,12998,7169,5829
C. European languages > Indo-European Family > Teutonic Group,Teutonic Group,1,920,507,512,7,Bombay (including Aden),55155,33391,21764
C. European languages > Indo-European Family > Teutonic Group,Teutonic Group,1,920,507,512,7a,Aden,1552,1235,317
C. European languages > Indo-European Family > Teutonic Group,Teutonic Group,1,920,507,512,8,Burma,27095,15527,11568
C. European languages > Indo-European Family > Teutonic Group,Teutonic Group,1,920,507,512,9,Central Provinces and Berar,11202,7004,4198
C. European languages > Indo-European Family > Teutonic Group,Teutonic Group,1,920,507,512,10,Coorg,254,146,108
C. European languages > Indo-European Family > Teutonic Group,Teutonic Group,1,920,507,512,11,Delhi,5131,3277,1854
C. European languages > Indo-European Family > Teutonic Group,Teutonic Group,1,920,507,512,12,Madras,39752,20495,19257
C. European languages > Indo-European Family > Teutonic Group,Teutonic Group,1,920,507,512,13,North-West Frontier Province (Districts and Administered Territories),7857,6397,1460
C. European languages > Indo-European Family > Teutonic Group,Teutonic Group,1,920,507,512,14,Punjab,25787,18124,7663
C. European languages > Indo-European Family > Teutonic Group,Teutonic Group,1,920,507,512,15,United Provinces of Agra and Oudh,34537,22866,11671
C. European languages > Indo-European Family > Teutonic Group,Teutonic Group,1,920,507,512,16,Assam States,238,117,121
C. European languages > Indo-European Family > Teutonic Group,Teutonic Group,1,920,507,512,17,Baluchistan States,8,7,1
C. European languages > Indo-European Family > Teutonic Group,Teutonic Group,1,920,507,512,18,Baroda State,207,131,76
C. European languages > Indo-European Family > Teutonic Group,Teutonic Group,1,920,507,512,19,Bengal States,15,9,6
C. European languages > Indo-European Family > Teutonic Group,Teutonic Group,1,920,507,512,20,Bihar and Orissa States,184,115,69
C. European languages > Indo-European Family > Teutonic Group,Teutonic Group,1,920,507,512,21,Bombay States,311,173,138
C. European languages > Indo-European Family > Teutonic Group,Teutonic Group,1,920,507,512,22,Central India Agency,3262,2260,1002
C. European languages > Indo-European Family > Teutonic Group,Teutonic Group,1,920,507,512,23,Central Provinces States,391,208,183
C. European languages > Indo-European Family > Teutonic Group,Teutonic Group,1,920,507,512,24,Gwalior State,230,151,79
C. European languages > Indo-European Family > Teutonic Group,Teutonic Group,1,920,507,512,25,Hyderabad State,13836,10174,3662
C. European languages > Indo-European Family > Teutonic Group,Teutonic Group,1,920,507,512,26,Jammu and Kashmir State,311,138,173
C. European languages > Indo-European Family > Teutonic Group,Teutonic Group,1,920,507,512,27,Madras States Agency,1931,1011,920
C. European languages > Indo-European Family > Teutonic Group,Teutonic Group,1,920,507,512,27a,Cochin State,635,264,371
C. European languages > Indo-European Family > Teutonic Group,Teutonic Group,1,920,507,512,27b,Travancore State,1249,720,529
C. European languages > Indo-European Family > Teutonic Group,Teutonic Group,1,920,507,512,27c,Other Madras States,47,27,20
C. European languages > Indo-European Family > Teutonic Group,Teutonic Group,1,920,507,512,28,Mysore State,13862,7001,6861
C. European languages > Indo-European Family > Teutonic Group,Teutonic Group,1,920,507,512,29,North-West Frontier Province (Agencies and Tribal Areas),3813,3800,13
C. European languages > Indo-European Family > Teutonic Group,Teutonic Group,1,920,507,512,30,Punjab States,75,26,49
C. European languages > Indo-European Family > Teutonic Group,Teutonic Group,1,920,507,512,31,Punjab States Agency,422,248,174
C. European languages > Indo-European Family > Teutonic Group,Teutonic Group,1,920,507,512,32,Rajputana Agency,1839,1003,836
C. European languages > Indo-European Family > Teutonic Group,Teutonic Group,1,920,507,512,33,Sikkim State,9,4,5
C. European languages > Indo-European Family > Teutonic Group,Teutonic Group,1,920,507,512,34,United Provinces States,38,17,21
C. European languages > Indo-European Family > Teutonic Group,Teutonic Group,1,920,507,512,35,Western India States Agency,509,285,224
C. European languages > Indo-European Family > Teutonic Group > English,English,0,923,507,512,INDIA,India,319349,195989,123360
C. European languages > Indo-European Family > Teutonic Group > English,English,0,923,507,512,PROV,Provinces,278033,169186,108847
C. European languages > Indo-European Family > Teutonic Group > English,English,0,923,507,512,STATES,States and Agencies,41316,26803,14513
C. European languages > Indo-European Family > Teutonic Group > English,English,0,923,507,512,1,Ajmer-Merwara,2972,1962,1010
C. European languages > Indo-European Family > Teutonic Group > English,English,0,923,507,512,2,Andaman and Nicobar Islands,298,225,73
C. European languages > Indo-European Family > Teutonic Group > English,English,0,923,507,512,3,Assam,3615,2500,1115
C. European languages > Indo-European Family > Teutonic Group > English,English,0,923,507,512,4,Baluchistan (Districts and Administered Territories),5396,3986,1410
C. European languages > Indo-European Family > Teutonic Group > English,English,0,923,507,512,5,Bengal,48923,27777,21146
C. European languages > Indo-European Family > Teutonic Group > English,English,0,923,507,512,6,Bihar and Orissa,12838,7116,5722
C. European languages > Indo-European Family > Teutonic Group > English,English,0,923,507,512,7,Bombay (including Aden),53429,32386,21043
C. European languages > Indo-European Family > Teutonic Group > English,English,0,923,507,512,7a,Aden,1490,1184,306
C. European languages > Indo-European Family > Teutonic Group > English,English,0,923,507,512,8,Burma,26866,15328,11538
C. European languages > Indo-European Family > Teutonic Group > English,English,0,923,507,512,9,Central Provinces and Berar,11141,6972,4169
C. European languages > Indo-European Family > Teutonic Group > English,English,0,923,507,512,10,Coorg,254,146,108
C. European languages > Indo-European Family > Teutonic Group > English,English,0,923,507,512,11,Delhi,5107,3259,1848
C. European languages > Indo-European Family > Teutonic Group > English,English,0,923,507,512,12,Madras,39223,20219,19004
C. European languages > Indo-European Family > Teutonic Group > English,English,0,923,507,512,13,North-West Frontier Province (Districts and Administered Territories),7853,6397,1456
C. European languages > Indo-European Family > Teutonic Group > English,English,0,923,507,512,14,Punjab,25713,18083,7630
C. European languages > Indo-European Family > Teutonic Group > English,English,0,923,507,512,15,United Provinces of Agra and Oudh,34405,22830,11575
C. European languages > Indo-European Family > Teutonic Group > English,English,0,923,507,512,16,Assam States,237,117,120
C. European languages > Indo-European Family > Teutonic Group > English,English,0,923,507,512,17,Baluchistan States,8,7,1
C. European languages > Indo-European Family > Teutonic Group > English,English,0,923,507,512,18,Baroda State,201,128,73
C. European languages > Indo-European Family > Teutonic Group > English,English,0,923,507,512,19,Bengal States,9,6,3
C. European languages > Indo-European Family > Teutonic Group > English,English,0,923,507,512,20,Bihar and Orissa States,182,115,67
C. European languages > Indo-European Family > Teutonic Group > English,English,0,923,507,512,21,Bombay States,311,173,138
C. European languages > Indo-European Family > Teutonic Group > English,English,0,923,507,512,22,Central India Agency,3253,2257,996
C. European languages > Indo-European Family > Teutonic Group > English,English,0,923,507,512,23,Central Provinces States,388,205,183
C. European languages > Indo-European Family > Teutonic Group > English,English,0,923,507,512,24,Gwalior State,228,151,77
C. European languages > Indo-European Family > Teutonic Group > English,English,0,923,507,512,25,Hyderabad State,13819,10162,3657
C. European languages > Indo-European Family > Teutonic Group > English,English,0,923,507,512,26,Jammu and Kashmir State,300,131,169
C. European languages > Indo-European Family > Teutonic Group > English,English,0,923,507,512,27,Madras States Agency,1875,994,881
C. European languages > Indo-European Family > Teutonic Group > English,English,0,923,507,512,27a,Cochin State,631,264,367
C. European languages > Indo-European Family > Teutonic Group > English,English,0,923,507,512,27b,Travancore State,1199,704,495
C. European languages > Indo-European Family > Teutonic Group > English,English,0,923,507,512,27c,Other Madras States,45,26,19
C. European languages > Indo-European Family > Teutonic Group > English,English,0,923,507,512,28,Mysore State,13825,6987,6838
C. European languages > Indo-European Family > Teutonic Group > English,English,0,923,507,512,29,North-West Frontier Province (Agencies and Tribal Areas),3813,3800,13
C. European languages > Indo-European Family > Teutonic Group > English,English,0,923,507,512,30,Punjab States,70,26,44
C. European languages > Indo-European Family > Teutonic Group > English,English,0,923,507,512,31,Punjab States Agency,421,247,174
C. European languages > Indo-European Family > Teutonic Group > English,English,0,923,507,512,32,Rajputana Agency,1822,993,829
C. European languages > Indo-European Family > Teutonic Group > English,English,0,923,507,512,33,Sikkim State,9,4,5
C. European languages > Indo-European Family > Teutonic Group > English,English,0,923,507,512,34,United Provinces States,38,17,21
C. European languages > Indo-European Family > Teutonic Group > English,English,0,923,507,512,35,Western India States Agency,507,283,224
C. European languages > Indo-European Family > Teutonic Group > Dutch,Dutch,0,926,508,513,INDIA,India,845,512,333
C. European languages > Indo-European Family > Teutonic Group > Dutch,Dutch,0,926,508,513,PROV,Provinces,834,505,329
C. European languages > Indo-European Family > Teutonic Group > Dutch,Dutch,0,926,508,513,STATES,States and Agencies,11,7,4
C. European languages > Indo-European Family > Teutonic Group > Dutch,Dutch,0,926,508,513,5,Bengal,65,57,8
C. European languages > Indo-European Family > Teutonic Group > Dutch,Dutch,0,926,508,513,6,Bihar and Orissa,7,5,2
C. European languages > Indo-European Family > Teutonic Group > Dutch,Dutch,0,926,508,513,7,Bombay (including Aden),547,300,247
C. European languages > Indo-European Family > Teutonic Group > Dutch,Dutch,0,926,508,513,7a,Aden,12,7,5
C. European languages > Indo-European Family > Teutonic Group > Dutch,Dutch,0,926,508,513,8,Burma,52,44,8
C. European languages > Indo-European Family > Teutonic Group > Dutch,Dutch,0,926,508,513,9,Central Provinces and Berar,1,,1
C. European languages > Indo-European Family > Teutonic Group > Dutch,Dutch,0,926,508,513,12,Madras,152,96,56
C. European languages > Indo-European Family > Teutonic Group > Dutch,Dutch,0,926,508,513,13,North-West Frontier Province (Districts and Administered Territories),1,,1
C. European languages > Indo-European Family > Teutonic Group > Dutch,Dutch,0,926,508,513,14,Punjab,1,,1
C. European languages > Indo-European Family > Teutonic Group > Dutch,Dutch,0,926,508,513,15,United Provinces of Agra and Oudh,8,3,5
C. European languages > Indo-European Family > Teutonic Group > Dutch,Dutch,0,926,508,513,18,Baroda State,6,3,3
C. European languages > Indo-European Family > Teutonic Group > Dutch,Dutch,0,926,508,513,26,Jammu and Kashmir State,1,1,
C. European languages > Indo-European Family > Teutonic Group > Dutch,Dutch,0,926,508,513,32,Rajputana Agency,2,1,1
C. European languages > Indo-European Family > Teutonic Group > Dutch,Dutch,0,926,508,513,35,Western India States Agency,2,2,
C. European languages > Indo-European Family > Teutonic Group > Flemish,Flemish,0,929,508,513,INDIA,India,153,79,74
C. European languages > Indo-European Family > Teutonic Group > Flemish,Flemish,0,929,508,513,PROV,Provinces,134,64,70
C. European languages > Indo-European Family > Teutonic Group > Flemish,Flemish,0,929,508,513,STATES,States and Agencies,19,15,4
C. European languages > Indo-European Family > Teutonic Group > Flemish,Flemish,0,929,508,513,5,Bengal,11,10,1
C. European languages > Indo-European Family > Teutonic Group > Flemish,Flemish,0,929,508,513,6,Bihar and Orissa,33,23,10
C. European languages > Indo-European Family > Teutonic Group > Flemish,Flemish,0,929,508,513,8,Burma,1,1,
C. European languages > Indo-European Family > Teutonic Group > Flemish,Flemish,0,929,508,513,12,Madras,45,9,36
C. European languages > Indo-European Family > Teutonic Group > Flemish,Flemish,0,929,508,513,14,Punjab,42,21,21
C. European languages > Indo-European Family > Teutonic Group > Flemish,Flemish,0,929,508,513,15,United Provinces of Agra and Oudh,2,,2
C. European languages > Indo-European Family > Teutonic Group > Flemish,Flemish,0,929,508,513,23,Central Provinces States,3,3,
C. European languages > Indo-European Family > Teutonic Group > Flemish,Flemish,0,929,508,513,27,Madras States Agency,16,12,4
C. European languages > Indo-European Family > Teutonic Group > Flemish,Flemish,0,929,508,513,27a,Cochin State,2,,2
C. European languages > Indo-European Family > Teutonic Group > Flemish,Flemish,0,929,508,513,27b,Travancore State,14,12,2
C. European languages > Indo-European Family > Teutonic Group > Norwegian,Norwegian,0,932,508,513,INDIA,India,71,44,27
C. European languages > Indo-European Family > Teutonic Group > Norwegian,Norwegian,0,932,508,513,PROV,Provinces,68,43,25
C. European languages > Indo-European Family > Teutonic Group > Norwegian,Norwegian,0,932,508,513,STATES,States and Agencies,3,1,2
C. European languages > Indo-European Family > Teutonic Group > Norwegian,Norwegian,0,932,508,513,3,Assam,1,,1
C. European languages > Indo-European Family > Teutonic Group > Norwegian,Norwegian,0,932,508,513,5,Bengal,2,2,
C. European languages > Indo-European Family > Teutonic Group > Norwegian,Norwegian,0,932,508,513,6,Bihar and Orissa,21,8,13
C. European languages > Indo-European Family > Teutonic Group > Norwegian,Norwegian,0,932,508,513,8,Burma,31,31,
C. European languages > Indo-European Family > Teutonic Group > Norwegian,Norwegian,0,932,508,513,12,Madras,1,1,
C. European languages > Indo-European Family > Teutonic Group > Norwegian,Norwegian,0,932,508,513,14,Punjab,3,,3
C. European languages > Indo-European Family > Teutonic Group > Norwegian,Norwegian,0,932,508,513,15,United Provinces of Agra and Oudh,9,1,8
C. European languages > Indo-European Family > Teutonic Group > Norwegian,Norwegian,0,932,508,513,27,Madras States Agency,2,1,1
C. European languages > Indo-European Family > Teutonic Group > Norwegian,Norwegian,0,932,508,513,27b,Travancore State,2,1,1
C. European languages > Indo-European Family > Teutonic Group > Norwegian,Norwegian,0,932,508,513,30,Punjab States,1,,1
C. European languages > Indo-European Family > Teutonic Group > Swedish,Swedish,0,935,508,513,INDIA,India,263,146,117
C. European languages > Indo-European Family > Teutonic Group > Swedish,Swedish,0,935,508,513,PROV,Provinces,257,143,114
C. European languages > Indo-European Family > Teutonic Group > Swedish,Swedish,0,935,508,513,STATES,States and Agencies,7,3,4
C. European languages > Indo-European Family > Teutonic Group > Swedish,Swedish,0,935,508,513,2,Andaman and Nicobar Islands,1,1,
C. European languages > Indo-European Family > Teutonic Group > Swedish,Swedish,0,935,508,513,3,Assam,11,5,6
C. European languages > Indo-European Family > Teutonic Group > Swedish,Swedish,0,935,508,513,5,Bengal,3,,3
C. European languages > Indo-European Family > Teutonic Group > Swedish,Swedish,0,935,508,513,7,Bombay (including Aden),76,45,31
C. European languages > Indo-European Family > Teutonic Group > Swedish,Swedish,0,935,508,513,7a,Aden,1,1,
C. European languages > Indo-European Family > Teutonic Group > Swedish,Swedish,0,935,508,513,8,Burma,23,17,6
C. European languages > Indo-European Family > Teutonic Group > Swedish,Swedish,0,935,508,513,9,Central Provinces and Berar,24,8,16
C. European languages > Indo-European Family > Teutonic Group > Swedish,Swedish,0,935,508,513,12,Madras,82,49,33
C. European languages > Indo-European Family > Teutonic Group > Swedish,Swedish,0,935,508,513,14,Punjab,1,,1
C. European languages > Indo-European Family > Teutonic Group > Swedish,Swedish,0,935,508,513,15,United Provinces of Agra and Oudh,36,18,18
C. European languages > Indo-European Family > Teutonic Group > Swedish,Swedish,0,935,508,513,19,Bengal States,6,3,3
C. European languages > Indo-European Family > Teutonic Group > Swedish,Swedish,0,935,508,513,30,Punjab States,1,,1
C. European languages > Indo-European Family > Teutonic Group > Danish,Danish,0,938,508,513,INDIA,India,137,57,80
C. European languages > Indo-European Family > Teutonic Group > Danish,Danish,0,938,508,513,PROV,Provinces,114,47,67
C. European languages > Indo-European Family > Teutonic Group > Danish,Danish,0,938,508,513,STATES,States and Agencies,23,10,13
C. European languages > Indo-European Family > Teutonic Group > Danish,Danish,0,938,508,513,1,Ajmer-Merwara,1,,1
C. European languages > Indo-European Family > Teutonic Group > Danish,Danish,0,938,508,513,3,Assam,3,1,2
C. European languages > Indo-European Family > Teutonic Group > Danish,Danish,0,938,508,513,4,Baluchistan (Districts and Administered Territories),2,1,1
C. European languages > Indo-European Family > Teutonic Group > Danish,Danish,0,938,508,513,5,Bengal,2,2,
C. European languages > Indo-European Family > Teutonic Group > Danish,Danish,0,938,508,513,6,Bihar and Orissa,31,7,24
C. European languages > Indo-European Family > Teutonic Group > Danish,Danish,0,938,508,513,7,Bombay (including Aden),2,,2
C. European languages > Indo-European Family > Teutonic Group > Danish,Danish,0,938,508,513,7a,Aden,2,,2
C. European languages > Indo-European Family > Teutonic Group > Danish,Danish,0,938,508,513,8,Burma,13,10,3
C. European languages > Indo-European Family > Teutonic Group > Danish,Danish,0,938,508,513,11,Delhi,2,1,1
C. European languages > Indo-European Family > Teutonic Group > Danish,Danish,0,938,508,513,12,Madras,56,24,32
C. European languages > Indo-European Family > Teutonic Group > Danish,Danish,0,938,508,513,14,Punjab,1,1,
C. European languages > Indo-European Family > Teutonic Group > Danish,Danish,0,938,508,513,15,United Provinces of Agra and Oudh,1,,1
C. European languages > Indo-European Family > Teutonic Group > Danish,Danish,0,938,508,513,25,Hyderabad State,6,4,2
C. European languages > Indo-European Family > Teutonic Group > Danish,Danish,0,938,508,513,26,Jammu and Kashmir State,2,1,1
C. European languages > Indo-European Family > Teutonic Group > Danish,Danish,0,938,508,513,27,Madras States Agency,2,1,1
C. European languages > Indo-European Family > Teutonic Group > Danish,Danish,0,938,508,513,27c,Other Madras States,2,1,1
C. European languages > Indo-European Family > Teutonic Group > Danish,Danish,0,938,508,513,28,Mysore State,7,3,4
C. European languages > Indo-European Family > Teutonic Group > Danish,Danish,0,938,508,513,32,Rajputana Agency,6,1,5
C. European languages > Indo-European Family > Teutonic Group > German,German,0,941,508,513,INDIA,India,1867,1046,821
C. European languages > Indo-European Family > Teutonic Group > German,German,0,941,508,513,PROV,Provinces,1755,1007,748
C. European languages > Indo-European Family > Teutonic Group > German,German,0,941,508,513,STATES,States and Agencies,112,39,73
C. European languages > Indo-European Family > Teutonic Group > German,German,0,941,508,513,1,Ajmer-Merwara,1,,1
C. European languages > Indo-European Family > Teutonic Group > German,German,0,941,508,513,2,Andaman and Nicobar Islands,1,1,
C. European languages > Indo-European Family > Teutonic Group > German,German,0,941,508,513,3,Assam,4,3,1
C. European languages > Indo-European Family > Teutonic Group > German,German,0,941,508,513,4,Baluchistan (Districts and Administered Territories),4,1,3
C. European languages > Indo-European Family > Teutonic Group > German,German,0,941,508,513,5,Bengal,111,65,46
C. European languages > Indo-European Family > Teutonic Group > German,German,0,941,508,513,6,Bihar and Orissa,68,10,58
C. European languages > Indo-European Family > Teutonic Group > German,German,0,941,508,513,7,Bombay (including Aden),1101,660,441
C. European languages > Indo-European Family > Teutonic Group > German,German,0,941,508,513,7a,Aden,47,43,4
C. European languages > Indo-European Family > Teutonic Group > German,German,0,941,508,513,8,Burma,109,96,13
C. European languages > Indo-European Family > Teutonic Group > German,German,0,941,508,513,9,Central Provinces and Berar,36,24,12
C. European languages > Indo-European Family > Teutonic Group > German,German,0,941,508,513,11,Delhi,22,17,5
C. European languages > Indo-European Family > Teutonic Group > German,German,0,941,508,513,12,Madras,193,97,96
C. European languages > Indo-European Family > Teutonic Group > German,German,0,941,508,513,13,North-West Frontier Province (Districts and Administered Territories),3,,3
C. European languages > Indo-European Family > Teutonic Group > German,German,0,941,508,513,14,Punjab,26,19,7
C. European languages > Indo-European Family > Teutonic Group > German,German,0,941,508,513,15,United Provinces of Agra and Oudh,76,14,62
C. European languages > Indo-European Family > Teutonic Group > German,German,0,941,508,513,16,Assam States,1,,1
C. European languages > Indo-European Family > Teutonic Group > German,German,0,941,508,513,20,Bihar and Orissa States,2,,2
C. European languages > Indo-European Family > Teutonic Group > German,German,0,941,508,513,22,Central India Agency,9,3,6
C. European languages > Indo-European Family > Teutonic Group > German,German,0,941,508,513,24,Gwalior State,2,,2
C. European languages > Indo-European Family > Teutonic Group > German,German,0,941,508,513,25,Hyderabad State,11,8,3
C. European languages > Indo-European Family > Teutonic Group > German,German,0,941,508,513,26,Jammu and Kashmir State,8,5,3
C. European languages > Indo-European Family > Teutonic Group > German,German,0,941,508,513,27,Madras States Agency,36,3,33
C. European languages > Indo-European Family > Teutonic Group > German,German,0,941,508,513,27a,Cochin State,2,,2
C. European languages > Indo-European Family > Teutonic Group > German,German,0,941,508,513,27b,Travancore State,34,3,31
C. European languages > Indo-European Family > Teutonic Group > German,German,0,941,508,513,28,Mysore State,30,11,19
C. European languages > Indo-European Family > Teutonic Group > German,German,0,941,508,513,30,Punjab States,3,,3
C. European languages > Indo-European Family > Teutonic Group > German,German,0,941,508,513,31,Punjab States Agency,1,1,
C. European languages > Indo-European Family > Teutonic Group > German,German,0,941,508,513,32,Rajputana Agency,9,8,1
C. European languages > Mongolian Family,Mongolian Family,1,944,509,514,INDIA,India,13,3,10
C. European languages > Mongolian Family,Mongolian Family,1,944,509,514,PROV,Provinces,11,3,8
C. European languages > Mongolian Family,Mongolian Family,1,944,509,514,STATES,States and Agencies,2,,2
C. European languages > Mongolian Family,Mongolian Family,1,944,509,514,5,Bengal,10,3,7
C. European languages > Mongolian Family,Mongolian Family,1,944,509,514,9,Central Provinces and Berar,1,,1
C. European languages > Mongolian Family,Mongolian Family,1,944,509,514,28,Mysore State,1,,1
C. European languages > Mongolian Family,Mongolian Family,1,944,509,514,33,Sikkim State,1,,1
C. European languages > Mongolian Family > Ural-Altaic Group,Ural-Altaic Group,1,,,,INDIA,India,13,3,10
C. European languages > Mongolian Family > Ural-Altaic Group,Ural-Altaic Group,1,,,,PROV,Provinces,11,3,8
C. European languages > Mongolian Family > Ural-Altaic Group,Ural-Altaic Group,1,,,,STATES,States and Agencies,2,0,2
C. European languages > Mongolian Family > Ural-Altaic Group,Ural-Altaic Group,1,,,,5,Bengal,10,3,7
C. European languages > Mongolian Family > Ural-Altaic Group,Ural-Altaic Group,1,,,,9,Central Provinces and Berar,1,0,1
C. European languages > Mongolian Family > Ural-Altaic Group,Ural-Altaic Group,1,,,,28,Mysore State,1,0,1
C. European languages > Mongolian Family > Ural-Altaic Group,Ural-Altaic Group,1,,,,33,Sikkim State,1,0,1
C. European languages > Mongolian Family > Ural-Altaic Group > Esthonian,Esthonian,0,947,509,514,INDIA,India,1,1,
C. European languages > Mongolian Family > Ural-Altaic Group > Esthonian,Esthonian,0,947,509,514,PROV,Provinces,1,1,
C. European languages > Mongolian Family > Ural-Altaic Group > Esthonian,Esthonian,0,947,509,514,5,Bengal,1,1,
C. European languages > Mongolian Family > Ural-Altaic Group > Finnish,Finnish,0,950,509,514,INDIA,India,8,,8
C. European languages > Mongolian Family > Ural-Altaic Group > Finnish,Finnish,0,950,509,514,PROV,Provinces,7,,7
C. European languages > Mongolian Family > Ural-Altaic Group > Finnish,Finnish,0,950,509,514,STATES,States and Agencies,1,,1
C. European languages > Mongolian Family > Ural-Altaic Group > Finnish,Finnish,0,950,509,514,5,Bengal,6,,6
C. European languages > Mongolian Family > Ural-Altaic Group > Finnish,Finnish,0,950,509,514,9,Central Provinces and Berar,1,,1
C. European languages > Mongolian Family > Ural-Altaic Group > Finnish,Finnish,0,950,509,514,33,Sikkim State,1,,1
C. European languages > Mongolian Family > Ural-Altaic Group > Hungarian,Hungarian,0,953,509,514,INDIA,India,4,2,2
C. European languages > Mongolian Family > Ural-Altaic Group > Hungarian,Hungarian,0,953,509,514,PROV,Provinces,3,2,1
C. European languages > Mongolian Family > Ural-Altaic Group > Hungarian,Hungarian,0,953,509,514,STATES,States and Agencies,1,,1
C. European languages > Mongolian Family > Ural-Altaic Group > Hungarian,Hungarian,0,953,509,514,5,Bengal,3,2,1
C. European languages > Mongolian Family > Ural-Altaic Group > Hungarian,Hungarian,0,953,509,514,28,Mysore State,1,,1
C. European languages > European Languages unspecified,European Languages unspecified,0,956,509,514,INDIA,India,33,21,12
C. European languages > European Languages unspecified,European Languages unspecified,0,956,509,514,PROV,Provinces,33,21,12
C. European languages > European Languages unspecified,European Languages unspecified,0,956,509,514,12,Madras,33,21,12
