{"type": "FeatureCollection", "features": [{"type": "Feature", "properties": {"POLY_ID": 0, "STATE_NAME": "Coorg", "NATIVE": 0}, "geometry": {"type": "Polygon", "coordinates": [[[75.960818, 12.238172], [75.949675, 12.237931], [75.829999, 12.235335], [75.74662, 12.242428], [75.700618, 12.279303], [75.658928, 12.321837], [75.599988, 12.32042], [75.581299, 12.336012], [75.532422, 12.387025], [75.489295, 12.429519], [75.39729, 12.473413], [75.309598, 12.51163], [75.298097, 12.5371], [75.289472, 12.585196], [75.273659, 12.619134], [75.24922, 12.655889], [75.247782, 12.702522], [75.266471, 12.746312], [75.293785, 12.746312], [75.34985, 12.725126], [75.384352, 12.718063], [75.421729, 12.732188], [75.437542, 12.763259], [75.449043, 12.833842], [75.489295, 12.904383], [75.533859, 12.952325], [75.569799, 12.921306], [75.597112, 12.874761], [75.644552, 12.862064], [75.674741, 12.874761], [75.723619, 12.917075], [75.723619, 12.969242], [75.723619, 13.025611], [75.735119, 13.100258], [75.778246, 13.132638], [75.822811, 13.121376], [75.853, 13.087586], [75.861626, 12.967832], [75.88894, 12.952325], [75.933504, 12.943866], [75.956505, 12.89733], [75.930629, 12.855009], [75.919129, 12.798556], [75.945005, 12.732188], [75.956505, 12.665782], [75.978069, 12.633272], [76.015446, 12.627617], [76.05426, 12.614892], [76.065761, 12.555492], [76.072949, 12.470582], [76.136202, 12.350184], [76.152015, 12.293483], [76.14339, 12.24952], [76.110326, 12.239591], [76.041322, 12.256612], [75.960818, 12.238172]]]}}, {"type": "Feature", "properties": {"POLY_ID": 1, "STATE_NAME": "Mysore", "NATIVE": 1}, "geometry": {"type": "Polygon", "coordinates": [[[76.327781, 12.025856], [76.249433, 12.012354], [76.18618, 12.010933], [76.094894, 12.025856], [76.035954, 12.067774], [76.024453, 12.143755], [75.967669, 12.206915], [75.949675, 12.237931], [75.960818, 12.238172], [76.041322, 12.256612], [76.110326, 12.239591], [76.14339, 12.24952], [76.152015, 12.293483], [76.136202, 12.350184], [76.072949, 12.470582], [76.065761, 12.555492], [76.05426, 12.614892], [76.015446, 12.627617], [75.978069, 12.633272], [75.956505, 12.665782], [75.945005, 12.732188], [75.919129, 12.798556], [75.930629, 12.855009], [75.956505, 12.89733], [75.933504, 12.943866], [75.88894, 12.952325], [75.861626, 12.967832], [75.853, 13.087586], [75.822811, 13.121376], [75.778246, 13.132638], [75.735119, 13.100258], [75.723619, 13.025611], [75.723619, 12.969242], [75.723619, 12.917075], [75.674741, 12.874761], [75.644552, 12.862064], [75.597112, 12.874761], [75.569799, 12.921306], [75.533859, 12.952325], [75.562274, 13.015704], [75.54071, 13.071347], [75.523459, 13.125555], [75.563711, 13.179035], [75.592463, 13.226864], [75.573774, 13.276079], [75.527772, 13.284514], [75.480332, 13.247958], [75.460925, 13.233193], [75.418517, 13.266237], [75.387609, 13.250771], [75.361733, 13.270455], [75.353107, 13.323165], [75.325074, 13.344945], [75.284822, 13.323165], [75.236664, 13.277133], [75.183474, 13.312274], [75.142862, 13.346701], [75.132799, 13.442552], [75.096141, 13.487115], [75.107425, 13.562873], [75.091413, 13.599314], [75.041241, 13.625337], [74.931291, 13.717929], [74.923819, 13.901855], [74.803194, 14.029497], [74.679366, 14.035719], [74.633464, 14.068902], [74.61852, 14.104149], [74.613182, 14.184968], [74.538459, 14.240887], [74.551268, 14.324198], [74.603575, 14.401247], [74.661753, 14.446212], [74.758359, 14.439494], [74.822408, 14.439494], [74.86831, 14.472562], [74.860304, 14.592872], [74.879518, 14.641891], [74.920082, 14.645502], [74.965984, 14.634152], [74.999076, 14.661492], [74.977193, 14.70017], [74.957444, 14.735226], [74.970254, 14.768211], [75.034303, 14.760481], [75.070063, 14.764088], [75.117032, 14.792428], [75.149057, 14.812005], [75.198161, 14.788307], [75.238725, 14.700685], [75.272351, 14.638279], [75.290921, 14.60899], [75.292633, 14.60629], [75.331596, 14.598549], [75.354546, 14.58926], [75.398847, 14.470496], [75.441546, 14.430192], [75.50773, 14.401247], [75.545092, 14.429158], [75.526944, 14.473595], [75.565374, 14.50872], [75.61768, 14.500456], [75.640097, 14.514917], [75.642232, 14.573776], [75.690269, 14.611966], [75.675324, 14.694498], [75.669987, 14.764604], [75.666784, 14.792428], [75.730833, 14.812005], [75.779937, 14.807884], [75.834378, 14.750174], [75.85893, 14.68109], [75.895225, 14.671807], [75.962476, 14.684184], [75.997703, 14.687279], [76.001973, 14.738834], [75.980623, 14.791398], [75.99877, 14.839818], [76.033997, 14.841878], [76.089506, 14.813035], [76.127935, 14.818186], [76.15142, 14.838788], [76.178107, 14.879981], [76.222941, 14.90572], [76.26564, 14.879981], [76.311541, 14.841878], [76.365983, 14.835698], [76.40548, 14.824367], [76.421492, 14.763573], [76.449246, 14.718215], [76.472731, 14.68831], [76.512228, 14.684184], [76.535712, 14.694498], [76.553859, 14.721308], [76.531442, 14.756358], [76.530375, 14.794489], [76.569871, 14.806853], [76.623245, 14.810975], [76.649932, 14.847028], [76.65527, 14.891307], [76.65527, 14.916014], [76.620043, 14.936084], [76.622178, 14.974157], [76.657405, 15.017359], [76.651, 15.050265], [76.618975, 15.081106], [76.615773, 15.104745], [76.653135, 15.139681], [76.703306, 15.173579], [76.753478, 15.187958], [76.812189, 15.201307], [76.849551, 15.187958], [76.855956, 15.158172], [76.836741, 15.109883], [76.833539, 15.087273], [76.836741, 15.05849], [76.859158, 15.024558], [76.859158, 14.997817], [76.848483, 14.977243], [76.813257, 14.958723], [76.781232, 14.926821], [76.771625, 14.864021], [76.776962, 14.823852], [76.780165, 14.797065], [76.819662, 14.780578], [76.849551, 14.759966], [76.850618, 14.730071], [76.869833, 14.706357], [76.90506, 14.688826], [76.903992, 14.655818], [76.893318, 14.634152], [76.834606, 14.597001], [76.813257, 14.56913], [76.823931, 14.543318], [76.845281, 14.519565], [76.837809, 14.437943], [76.890115, 14.430708], [76.972311, 14.423473], [77.007538, 14.437943], [77.04063, 14.480311], [77.057709, 14.520598], [77.103611, 14.505105], [77.118556, 14.500973], [77.17193, 14.525762], [77.214629, 14.484444], [77.244518, 14.438977], [77.266935, 14.413136], [77.29042, 14.430708], [77.306432, 14.452412], [77.310702, 14.482377], [77.327782, 14.519565], [77.355536, 14.526795], [77.399303, 14.500973], [77.414247, 14.465846], [77.42172, 14.397628], [77.418517, 14.334543], [77.407842, 14.308679], [77.355536, 14.293158], [77.316039, 14.278669], [77.297892, 14.250722], [77.29896, 14.233122], [77.323512, 14.197915], [77.343794, 14.160625], [77.323512, 14.111922], [77.279745, 14.097411], [77.226371, 14.112959], [77.194347, 14.157517], [77.153782, 14.209307], [77.101476, 14.210342], [77.017145, 14.217591], [76.981918, 14.257968], [76.929612, 14.289018], [76.891183, 14.278669], [76.88371, 14.190665], [76.868766, 14.147156], [76.857023, 14.124359], [76.898655, 14.016531], [76.937084, 13.958429], [76.977648, 13.956353], [77.007538, 13.91068], [77.043832, 13.91068], [77.060912, 13.941823], [77.084396, 13.983334], [77.135635, 13.970882], [77.180469, 13.950126], [77.235978, 13.977108], [77.287217, 14.012382], [77.353401, 14.014457], [77.364076, 13.964656], [77.321377, 13.902374], [77.327782, 13.844215], [77.372616, 13.810968], [77.41318, 13.833826], [77.462284, 13.881606], [77.524198, 13.873298], [77.571167, 13.883683], [77.622406, 13.964656], [77.686455, 13.966731], [77.727019, 14.010307], [77.746233, 14.037275], [77.739828, 14.107777], [77.731289, 14.147156], [77.784663, 14.174092], [77.835902, 14.147156], [77.855116, 14.103631], [77.927705, 14.091192], [77.961864, 14.04972], [78.015238, 14.006158], [78.032318, 13.968806], [78.015238, 13.879529], [78.013103, 13.81928], [78.015238, 13.775632], [78.032318, 13.750683], [78.077152, 13.777711], [78.100636, 13.817202], [78.134796, 13.869144], [78.17109, 13.852525], [78.19671, 13.831748], [78.213789, 13.788105], [78.222329, 13.759], [78.220194, 13.719489], [78.207384, 13.677884], [78.228734, 13.650833], [78.254353, 13.607122], [78.279973, 13.573807], [78.326942, 13.563394], [78.361101, 13.55298], [78.380316, 13.5259], [78.414475, 13.502981], [78.4465, 13.490478], [78.480659, 13.47172], [78.489199, 13.425856], [78.489199, 13.38206], [78.469984, 13.350767], [78.43796, 13.327813], [78.382451, 13.319465], [78.354696, 13.286067], [78.363236, 13.215065], [78.361101, 13.16283], [78.352561, 13.137748], [78.318402, 13.106389], [78.256488, 13.110571], [78.237274, 13.093843], [78.213789, 13.070838], [78.181765, 13.062471], [78.15828, 13.028999], [78.156145, 12.982959], [78.136931, 12.9704], [78.079287, 12.978773], [78.045128, 13.016445], [78.000293, 13.02063], [77.936245, 13.022722], [77.902085, 13.014352], [77.857251, 13.028999], [77.818822, 13.06038], [77.786798, 13.062471], [77.767583, 13.037368], [77.741963, 13.014352], [77.703534, 13.016445], [77.67151, 13.016445], [77.666172, 12.965166], [77.66724, 12.927478], [77.672577, 12.898156], [77.661903, 12.862541], [77.608529, 12.861493], [77.579707, 12.846825], [77.550885, 12.818531], [77.550885, 12.782891], [77.546615, 12.734655], [77.545547, 12.696891], [77.545547, 12.640222], [77.543412, 12.601377], [77.54021, 12.563569], [77.528468, 12.541509], [77.490038, 12.50158], [77.42599, 12.487916], [77.361941, 12.490019], [77.282947, 12.494223], [77.196482, 12.496325], [77.140973, 12.493172], [77.130298, 12.45638], [77.113218, 12.417473], [77.085464, 12.409059], [77.038495, 12.414317], [77.012875, 12.438505], [76.973379, 12.452174], [76.925342, 12.452174], [76.891183, 12.431144], [76.867698, 12.393281], [76.876238, 12.344881], [76.931747, 12.31541], [77.01074, 12.31541], [77.064114, 12.29225], [77.061979, 12.224846], [77.03209, 12.186914], [77.004335, 12.140536], [77.025685, 12.100467], [77.072654, 12.064604], [77.076924, 12.035061], [77.042765, 11.992844], [76.989391, 11.992844], [76.906127, 12.001289], [76.846349, 11.994955], [76.814324, 11.956947], [76.801514, 11.910476], [76.812189, 11.866099], [76.79511, 11.834391], [76.754545, 11.819591], [76.703306, 11.802674], [76.656337, 11.79633], [76.622178, 11.828049], [76.588019, 11.87878], [76.558129, 11.908363], [76.530375, 11.921039], [76.501553, 11.919455], [76.435102, 11.921832], [76.407081, 11.93345], [76.390535, 11.969354], [76.371854, 11.996803], [76.352106, 12.016857], [76.327781, 12.025856]]]}}, {"type": "Feature", "properties": {"POLY_ID": 4, "STATE_NAME": "Madras Presidency", "NATIVE": 1}, "geometry": {"type": "MultiPolygon", "coordinates": [[[[76.024707, 10.497337], [76.048913, 10.513828], [76.070698, 10.527408], [76.089095, 10.5405], [76.094904, 10.566196], [76.093452, 10.592371], [76.08861, 10.619994], [76.085706, 10.647125], [76.087642, 10.671344], [76.082075, 10.700884], [76.080622, 10.712988], [76.081107, 10.732353], [76.085464, 10.751714], [76.092725, 10.779781], [76.099987, 10.795264], [76.114511, 10.807358], [76.147915, 10.812195], [76.183982, 10.811712], [76.210124, 10.805423], [76.229489, 10.799618], [76.260472, 10.78462], [76.28371, 10.774942], [76.310336, 10.783168], [76.320987, 10.794296], [76.341804, 10.811712], [76.3602, 10.82719], [76.383438, 10.828641], [76.419263, 10.826706], [76.441048, 10.828641], [76.455087, 10.818], [76.466222, 10.786555], [76.457992, 10.770103], [76.433786, 10.747358], [76.413937, 10.71783], [76.403287, 10.710083], [76.390216, 10.686841], [76.386343, 10.670375], [76.402319, 10.652454], [76.414421, 10.636467], [76.434754, 10.595764], [76.454119, 10.573468], [76.479293, 10.549228], [76.50592, 10.526438], [76.540776, 10.499278], [76.564498, 10.497337], [76.574664, 10.502188], [76.587736, 10.512858], [76.594029, 10.534197], [76.583378, 10.566681], [76.588704, 10.59431], [76.606132, 10.604003], [76.627433, 10.602549], [76.653576, 10.593825], [76.675845, 10.572983], [76.683591, 10.556985], [76.700535, 10.532257], [76.716511, 10.504613], [76.727161, 10.489091], [76.750399, 10.477933], [76.774605, 10.465803], [76.78574, 10.446879], [76.808493, 10.423097], [76.825921, 10.405136], [76.847223, 10.36095], [76.860778, 10.340551], [76.862714, 10.327435], [76.878206, 10.30217], [76.886436, 10.279816], [76.879174, 10.261347], [76.87046, 10.240443], [76.913547, 10.234609], [76.955665, 10.229261], [76.965347, 10.223912], [76.998267, 10.228774], [77.048615, 10.234123], [77.086377, 10.228774], [77.098964, 10.237526], [77.115424, 10.263777], [77.127042, 10.28662], [77.144955, 10.300713], [77.157058, 10.305086], [77.190946, 10.303628], [77.212247, 10.297311], [77.228707, 10.292452], [77.243715, 10.273012], [77.265984, 10.257458], [77.288254, 10.230719], [77.297936, 10.203488], [77.307134, 10.185006], [77.314396, 10.164575], [77.312944, 10.132461], [77.308586, 10.111533], [77.30665, 10.104232], [77.288738, 10.09401], [77.272278, 10.091089], [77.244683, 10.093036], [77.21612, 10.090602], [77.201112, 10.078918], [77.193851, 10.064798], [77.185137, 10.04191], [77.184168, 10.028759], [77.19966, 10.01512], [77.213215, 9.998068], [77.228707, 9.975167], [77.253881, 9.961521], [77.270341, 9.941537], [77.276635, 9.918136], [77.269373, 9.904483], [77.262595, 9.894243], [77.259206, 9.878636], [77.253397, 9.864491], [77.255818, 9.847905], [77.258722, 9.826924], [77.260659, 9.797643], [77.260175, 9.789345], [77.251461, 9.774212], [77.229191, 9.764936], [77.206922, 9.754195], [77.189009, 9.737104], [77.180779, 9.715126], [77.180295, 9.699006], [77.187557, 9.677998], [77.195303, 9.655031], [77.213457, 9.636459], [77.234274, 9.637436], [77.255576, 9.638414], [77.277361, 9.641835], [77.292853, 9.646723], [77.29963, 9.653565], [77.318995, 9.660896], [77.334487, 9.663339], [77.352883, 9.66285], [77.368859, 9.661873], [77.384351, 9.646723], [77.402747, 9.633037], [77.410977, 9.623261], [77.416303, 9.597349], [77.417755, 9.580234], [77.420176, 9.555291], [77.419691, 9.54404], [77.409041, 9.534745], [77.39839, 9.525449], [77.386287, 9.507345], [77.382899, 9.492174], [77.384351, 9.471127], [77.396454, 9.456441], [77.39597, 9.448118], [77.394517, 9.43147], [77.386287, 9.425104], [77.359177, 9.410412], [77.344653, 9.407473], [77.33255, 9.399637], [77.318995, 9.384941], [77.309313, 9.363384], [77.304471, 9.349664], [77.303987, 9.32663], [77.294305, 9.297218], [77.293821, 9.274663], [77.293337, 9.252595], [77.285591, 9.229541], [77.271551, 9.188326], [77.27252, 9.165259], [77.271551, 9.130403], [77.268163, 9.113217], [77.25848, 9.08817], [77.248314, 9.07589], [77.233306, 9.062625], [77.224108, 9.049851], [77.220235, 9.03511], [77.213942, 9.007095], [77.218783, 8.972683], [77.221203, 8.964324], [77.237179, 8.945145], [77.253639, 8.927438], [77.26671, 8.901857], [77.276877, 8.884636], [77.285591, 8.866427], [77.28075, 8.839848], [77.271067, 8.79258], [77.267194, 8.773864], [77.265742, 8.744799], [77.260417, 8.715233], [77.269615, 8.704391], [77.285591, 8.69404], [77.304471, 8.678759], [77.322384, 8.667419], [77.334487, 8.632902], [77.337876, 8.615639], [77.34078, 8.586533], [77.344653, 8.562354], [77.352399, 8.536195], [77.373216, 8.520399], [77.384351, 8.495712], [77.403231, 8.495712], [77.437604, 8.499168], [77.455516, 8.490774], [77.467135, 8.468056], [77.47827, 8.44978], [77.49715, 8.428042], [77.522324, 8.408276], [77.534427, 8.371701], [77.550403, 8.340058], [77.562022, 8.324234], [77.57703, 8.302471], [77.590101, 8.270314], [77.607771, 8.238643], [77.620358, 8.206963], [77.623263, 8.172302], [77.629556, 8.149024], [77.6465, 8.097002], [77.598089, 8.083125], [77.565169, 8.051401], [77.509011, 8.031568], [77.433489, 8.041485], [77.359903, 8.065281], [77.270825, 8.110877], [77.189494, 8.176264], [77.135272, 8.213894], [77.084924, 8.271304], [77.03264, 8.304945], [76.974545, 8.358353], [76.914515, 8.449286], [76.806073, 8.565808], [76.759597, 8.632902], [76.701503, 8.690097], [76.651155, 8.731495], [76.60468, 8.802429], [76.521411, 8.887096], [76.496237, 8.967766], [76.455571, 9.073925], [76.422651, 9.16624], [76.370367, 9.274173], [76.337447, 9.366324], [76.30259, 9.452525], [76.293876, 9.523003], [76.284194, 9.577789], [76.282257, 9.648189], [76.284194, 9.720499], [76.257083, 9.763472], [76.235782, 9.810333], [76.198989, 9.870832], [76.229973, 9.894243], [76.270639, 9.86693], [76.31905, 9.796667], [76.334542, 9.740034], [76.346161, 9.681418], [76.365526, 9.612995], [76.332606, 9.540616], [76.363589, 9.493642], [76.408128, 9.460358], [76.448794, 9.46819], [76.487523, 9.4956], [76.466222, 9.515174], [76.41781, 9.534745], [76.412001, 9.597349], [76.400382, 9.679464], [76.3907, 9.777141], [76.361653, 9.825948], [76.336479, 9.878636], [76.313241, 9.900095], [76.288067, 9.911798], [76.270639, 9.966395], [76.239655, 10.01512], [76.22029, 10.079405], [76.208672, 10.079405], [76.218354, 10.040449], [76.2261, 9.987836], [76.22029, 9.954698], [76.197053, 9.956647], [76.185434, 10.019017], [76.181561, 10.118347], [76.171879, 10.147546], [76.144768, 10.211755], [76.135086, 10.264263], [76.102166, 10.32452], [76.069246, 10.404165], [76.024707, 10.497337]]], [[[79.054314, 10.132948], [79.034949, 10.126134], [79.019458, 10.121268], [78.999125, 10.109587], [78.982665, 10.117374], [78.980728, 10.145599], [78.972014, 10.174791], [78.954586, 10.199111], [78.927475, 10.208837], [78.882937, 10.20592], [78.874222, 10.227316], [78.84808, 10.255514], [78.814192, 10.268152], [78.754161, 10.273012], [78.680575, 10.268152], [78.636037, 10.27204], [78.582784, 10.28176], [78.546959, 10.299255], [78.550832, 10.31869], [78.547927, 10.347837], [78.544054, 10.374062], [78.529531, 10.39931], [78.537277, 10.418728], [78.559546, 10.444937], [78.581815, 10.467259], [78.610863, 10.476962], [78.655401, 10.488606], [78.698004, 10.488606], [78.72221, 10.514798], [78.73286, 10.533227], [78.731892, 10.55844], [78.726083, 10.580739], [78.712527, 10.600126], [78.669925, 10.601095], [78.6341, 10.592371], [78.592466, 10.574922], [78.567292, 10.5565], [78.520817, 10.567166], [78.484024, 10.566196], [78.477246, 10.588494], [78.484024, 10.612725], [78.503388, 10.640827], [78.516944, 10.657298], [78.522753, 10.6912], [78.543086, 10.708631], [78.589561, 10.699916], [78.629259, 10.713472], [78.67283, 10.718314], [78.703813, 10.729932], [78.743511, 10.748326], [78.761907, 10.738645], [78.774494, 10.708631], [78.785145, 10.683451], [78.803541, 10.660204], [78.824842, 10.659235], [78.838398, 10.686357], [78.845175, 10.716377], [78.855826, 10.742518], [78.889714, 10.752198], [78.91973, 10.735741], [78.952649, 10.716377], [78.978792, 10.6912], [78.966205, 10.676671], [78.959427, 10.65536], [78.989442, 10.622416], [79.008807, 10.574922], [79.040759, 10.560379], [79.061092, 10.564257], [79.081425, 10.57783], [79.098853, 10.604003], [79.132741, 10.608849], [79.165661, 10.607879], [79.184058, 10.584616], [79.189867, 10.523528], [79.170502, 10.495397], [79.143392, 10.443967], [79.113377, 10.386687], [79.079488, 10.311888], [79.057219, 10.246763], [79.054314, 10.215646], [79.054314, 10.132948]]], [[[76.890309, 10.634529], [76.87046, 10.634529], [76.844318, 10.639374], [76.811398, 10.650032], [76.782351, 10.662626], [76.764923, 10.681999], [76.758145, 10.70621], [76.762986, 10.727512], [76.778478, 10.749778], [76.787192, 10.77591], [76.809461, 10.796231], [76.813334, 10.816549], [76.836572, 10.840731], [76.863682, 10.85814], [76.884984, 10.872645], [76.914031, 10.860074], [76.930491, 10.838797], [76.945014, 10.820902], [76.986648, 10.780749], [76.989553, 10.758005], [76.987617, 10.733805], [76.976482, 10.719766], [76.972609, 10.699431], [76.954697, 10.688294], [76.91742, 10.664563], [76.890309, 10.634529]]], [[[78.259393, 15.140982], [78.249711, 15.176387], [78.240029, 15.185702], [78.218727, 15.215506], [78.191617, 15.226681], [78.164506, 15.237854], [78.164506, 15.249027], [78.166443, 15.271368], [78.168379, 15.293706], [78.154824, 15.334647], [78.141269, 15.34581], [78.098666, 15.351392], [78.06381, 15.356973], [78.050254, 15.381154], [78.079302, 15.414627], [78.112222, 15.416487], [78.135459, 15.43322], [78.164506, 15.462961], [78.199363, 15.501986], [78.230346, 15.53171], [78.26133, 15.561427], [78.301996, 15.574426], [78.336852, 15.55957], [78.342661, 15.535425], [78.350407, 15.49827], [78.367836, 15.481546], [78.410438, 15.472254], [78.431739, 15.436938], [78.42593, 15.40719], [78.391073, 15.373714], [78.356217, 15.356973], [78.329106, 15.332786], [78.323297, 15.312317], [78.334916, 15.289983], [78.358153, 15.256474], [78.363963, 15.211781], [78.342661, 15.16707], [78.313614, 15.152163], [78.259393, 15.140982]]], [[[76.61533, 15.140982], [76.559173, 15.1503], [76.52238, 15.189428], [76.499142, 15.217368], [76.45654, 15.263922], [76.437175, 15.306734], [76.433302, 15.327204], [76.431366, 15.351392], [76.446857, 15.377434], [76.470095, 15.394172], [76.512697, 15.375574], [76.52238, 15.342089], [76.54949, 15.312317], [76.574664, 15.276953], [76.607584, 15.263922], [76.626949, 15.250889], [76.638568, 15.230405], [76.649218, 15.21085], [76.659385, 15.195482], [76.657448, 15.182442], [76.652607, 15.165673], [76.642925, 15.151697], [76.61533, 15.140982]]]]}}, {"type": "Feature", "properties": {"POLY_ID": 3, "STATE_NAME": "Madras Presidency", "NATIVE": 0}, "geometry": {"type": "MultiPolygon", "coordinates": [[[[79.937133, 16.942401], [79.895118, 16.965826], [79.866696, 16.985734], [79.827152, 17.030222], [79.809852, 17.074694], [79.828388, 17.103942], [79.871639, 17.139031], [79.903768, 17.179955], [79.933426, 17.227876], [79.979148, 17.182293], [80.029814, 17.132014], [80.024871, 17.067673], [80.000156, 16.989247], [79.937133, 16.942401]]], [[[79.98162, 16.791785], [79.943312, 16.776536], [79.917979, 16.79413], [79.879671, 16.816998], [79.849395, 16.840448], [79.860517, 16.87034], [79.8945, 16.89085], [79.930336, 16.883232], [79.964319, 16.858618], [79.987181, 16.821689], [79.98162, 16.791785]]], [[[79.238763, 9.148078], [79.239247, 9.152987], [79.241184, 9.158387], [79.249414, 9.166731], [79.262485, 9.167713], [79.273619, 9.161823], [79.279913, 9.153478], [79.274588, 9.142187], [79.264905, 9.136295], [79.253286, 9.135804], [79.238763, 9.148078]]], [[[79.232954, 9.222673], [79.224239, 9.229541], [79.223755, 9.23837], [79.229081, 9.251614], [79.242152, 9.254066], [79.249898, 9.261423], [79.269746, 9.263875], [79.288627, 9.27074], [79.309928, 9.275154], [79.329777, 9.285451], [79.339943, 9.27025], [79.346721, 9.25848], [79.356888, 9.239351], [79.358824, 9.225616], [79.368991, 9.204029], [79.381578, 9.193724], [79.392228, 9.180474], [79.392228, 9.171639], [79.387871, 9.164277], [79.371411, 9.163786], [79.35011, 9.183909], [79.338975, 9.194215], [79.325904, 9.205501], [79.299278, 9.204519], [79.273135, 9.203538], [79.244088, 9.214823], [79.232954, 9.222673]]], [[[77.6465, 8.097002], [77.629556, 8.149024], [77.623263, 8.172302], [77.620358, 8.206963], [77.607771, 8.238643], [77.590101, 8.270314], [77.57703, 8.302471], [77.562022, 8.324234], [77.550403, 8.340058], [77.534427, 8.371701], [77.522324, 8.408276], [77.49715, 8.428042], [77.47827, 8.44978], [77.467135, 8.468056], [77.455516, 8.490774], [77.437604, 8.499168], [77.403231, 8.495712], [77.384351, 8.495712], [77.373216, 8.520399], [77.352399, 8.536195], [77.344653, 8.562354], [77.34078, 8.586533], [77.337876, 8.615639], [77.334487, 8.632902], [77.322384, 8.667419], [77.304471, 8.678759], [77.285591, 8.69404], [77.269615, 8.704391], [77.260417, 8.715233], [77.265742, 8.744799], [77.267194, 8.773864], [77.271067, 8.79258], [77.28075, 8.839848], [77.285591, 8.866427], [77.276877, 8.884636], [77.26671, 8.901857], [77.253639, 8.927438], [77.237179, 8.945145], [77.221203, 8.964324], [77.218783, 8.972683], [77.213942, 9.007095], [77.220235, 9.03511], [77.224108, 9.049851], [77.233306, 9.062625], [77.248314, 9.07589], [77.25848, 9.08817], [77.268163, 9.113217], [77.271551, 9.130403], [77.27252, 9.165259], [77.271551, 9.188326], [77.285591, 9.229541], [77.293337, 9.252595], [77.293821, 9.274663], [77.294305, 9.297218], [77.303987, 9.32663], [77.304471, 9.349664], [77.309313, 9.363384], [77.318995, 9.384941], [77.33255, 9.399637], [77.344653, 9.407473], [77.359177, 9.410412], [77.386287, 9.425104], [77.394517, 9.43147], [77.39597, 9.448118], [77.396454, 9.456441], [77.384351, 9.471127], [77.382899, 9.492174], [77.386287, 9.507345], [77.39839, 9.525449], [77.409041, 9.534745], [77.419691, 9.54404], [77.420176, 9.555291], [77.417755, 9.580234], [77.416303, 9.597349], [77.410977, 9.623261], [77.402747, 9.633037], [77.384351, 9.646723], [77.368859, 9.661873], [77.352883, 9.66285], [77.334487, 9.663339], [77.318995, 9.660896], [77.29963, 9.653565], [77.292853, 9.646723], [77.277361, 9.641835], [77.255576, 9.638414], [77.234274, 9.637436], [77.213457, 9.636459], [77.195303, 9.655031], [77.187557, 9.677998], [77.180295, 9.699006], [77.180779, 9.715126], [77.189009, 9.737104], [77.206922, 9.754195], [77.229191, 9.764936], [77.251461, 9.774212], [77.260175, 9.789345], [77.260659, 9.797643], [77.258722, 9.826924], [77.255818, 9.847905], [77.253397, 9.864491], [77.259206, 9.878636], [77.262595, 9.894243], [77.269373, 9.904483], [77.276635, 9.918136], [77.270341, 9.941537], [77.253881, 9.961521], [77.228707, 9.975167], [77.213215, 9.998068], [77.19966, 10.01512], [77.184168, 10.028759], [77.185137, 10.04191], [77.193851, 10.064798], [77.201112, 10.078918], [77.21612, 10.090602], [77.244683, 10.093036], [77.272278, 10.091089], [77.288738, 10.09401], [77.30665, 10.104232], [77.308586, 10.111533], [77.312944, 10.132461], [77.314396, 10.164575], [77.307134, 10.185006], [77.297936, 10.203488], [77.288254, 10.230719], [77.265984, 10.257458], [77.243715, 10.273012], [77.228707, 10.292452], [77.212247, 10.297311], [77.190946, 10.303628], [77.157058, 10.305086], [77.144955, 10.300713], [77.127042, 10.28662], [77.115424, 10.263777], [77.098964, 10.237526], [77.086377, 10.228774], [77.048615, 10.234123], [76.998267, 10.228774], [76.965347, 10.223912], [76.955665, 10.229261], [76.913547, 10.234609], [76.87046, 10.240443], [76.879174, 10.261347], [76.886436, 10.279816], [76.878206, 10.30217], [76.862714, 10.327435], [76.860778, 10.340551], [76.847223, 10.36095], [76.825921, 10.405136], [76.808493, 10.423097], [76.78574, 10.446879], [76.774605, 10.465803], [76.750399, 10.477933], [76.727161, 10.489091], [76.716511, 10.504613], [76.700535, 10.532257], [76.683591, 10.556985], [76.675845, 10.572983], [76.653576, 10.593825], [76.627433, 10.602549], [76.606132, 10.604003], [76.588704, 10.59431], [76.583378, 10.566681], [76.594029, 10.534197], [76.587736, 10.512858], [76.574664, 10.502188], [76.564498, 10.497337], [76.540776, 10.499278], [76.50592, 10.526438], [76.479293, 10.549228], [76.454119, 10.573468], [76.434754, 10.595764], [76.414421, 10.636467], [76.402319, 10.652454], [76.386343, 10.670375], [76.390216, 10.686841], [76.403287, 10.710083], [76.413937, 10.71783], [76.433786, 10.747358], [76.457992, 10.770103], [76.466222, 10.786555], [76.455087, 10.818], [76.441048, 10.828641], [76.419263, 10.826706], [76.383438, 10.828641], [76.3602, 10.82719], [76.341804, 10.811712], [76.320987, 10.794296], [76.310336, 10.783168], [76.28371, 10.774942], [76.260472, 10.78462], [76.229489, 10.799618], [76.210124, 10.805423], [76.183982, 10.811712], [76.147915, 10.812195], [76.114511, 10.807358], [76.099987, 10.795264], [76.092725, 10.779781], [76.085464, 10.751714], [76.081107, 10.732353], [76.080622, 10.712988], [76.082075, 10.700884], [76.087642, 10.671344], [76.085706, 10.647125], [76.08861, 10.619994], [76.093452, 10.592371], [76.094904, 10.566196], [76.089095, 10.5405], [76.070698, 10.527408], [76.048913, 10.513828], [76.024707, 10.497337], [75.99566, 10.526438], [75.96274, 10.604003], [75.920137, 10.658266], [75.902709, 10.716377], [75.877535, 10.793812], [75.850425, 10.853788], [75.836869, 10.927264], [75.82525, 10.989101], [75.796203, 11.085654], [75.769093, 11.174411], [75.743919, 11.241897], [75.716808, 11.313195], [75.681952, 11.359419], [75.649032, 11.397925], [75.625794, 11.463355], [75.583192, 11.51721], [75.536716, 11.563352], [75.521225, 11.61716], [75.515415, 11.670942], [75.473781, 11.705504], [75.489273, 11.715102], [75.520256, 11.757326], [75.512511, 11.809125], [75.4854, 11.837892], [75.431179, 11.845561], [75.359529, 11.847479], [75.334355, 11.8609], [75.307245, 11.912652], [75.266579, 11.958634], [75.233659, 11.989278], [75.191057, 12.033315], [75.152327, 12.086903], [75.111661, 12.138553], [75.082614, 12.182532], [75.084551, 12.251336], [75.061313, 12.297183], [74.985791, 12.388821], [74.948998, 12.461315], [74.908332, 12.507078], [74.890904, 12.560445], [74.875412, 12.598549], [74.854111, 12.661393], [74.836683, 12.695657], [74.815381, 12.747034], [74.809572, 12.775567], [74.79408, 12.819304], [74.782461, 12.885828], [74.770843, 12.948515], [74.757287, 12.992187], [74.753414, 13.049124], [74.759224, 13.081377], [74.749541, 13.121205], [74.730177, 13.168602], [74.720494, 13.195136], [74.706939, 13.240609], [74.697257, 13.282276], [74.691447, 13.322035], [74.664337, 13.346642], [74.650781, 13.375027], [74.650781, 13.418537], [74.641099, 13.452578], [74.613988, 13.490388], [74.598497, 13.518739], [74.598497, 13.590528], [74.584941, 13.630182], [74.559767, 13.65661], [74.553958, 13.673596], [74.559767, 13.718882], [74.553958, 13.758492], [74.544276, 13.805629], [74.532657, 13.830133], [74.53653, 13.873473], [74.532657, 13.911147], [74.509419, 13.94316], [74.488118, 13.965753], [74.480372, 13.999633], [74.445516, 14.052316], [74.422278, 14.106856], [74.384033, 14.206466], [74.397588, 14.213511], [74.426635, 14.224312], [74.467785, 14.231355], [74.509419, 14.235581], [74.538459, 14.240887], [74.613182, 14.184968], [74.61852, 14.104149], [74.633464, 14.068902], [74.679366, 14.035719], [74.803194, 14.029497], [74.923819, 13.901855], [74.931291, 13.717929], [75.041241, 13.625337], [75.091413, 13.599314], [75.107425, 13.562873], [75.096141, 13.487115], [75.132799, 13.442552], [75.142862, 13.346701], [75.183474, 13.312274], [75.236664, 13.277133], [75.284822, 13.323165], [75.325074, 13.344945], [75.353107, 13.323165], [75.361733, 13.270455], [75.387609, 13.250771], [75.418517, 13.266237], [75.460925, 13.233193], [75.480332, 13.247958], [75.527772, 13.284514], [75.573774, 13.276079], [75.592463, 13.226864], [75.563711, 13.179035], [75.523459, 13.125555], [75.54071, 13.071347], [75.562274, 13.015704], [75.533859, 12.952325], [75.489295, 12.904383], [75.449043, 12.833842], [75.437542, 12.763259], [75.421729, 12.732188], [75.384352, 12.718063], [75.34985, 12.725126], [75.293785, 12.746312], [75.266471, 12.746312], [75.247782, 12.702522], [75.24922, 12.655889], [75.273659, 12.619134], [75.289472, 12.585196], [75.298097, 12.5371], [75.309598, 12.51163], [75.39729, 12.473413], [75.489295, 12.429519], [75.532422, 12.387025], [75.581299, 12.336012], [75.599988, 12.32042], [75.658928, 12.321837], [75.700618, 12.279303], [75.74662, 12.242428], [75.829999, 12.235335], [75.949675, 12.237931], [75.967669, 12.206915], [76.024453, 12.143755], [76.035954, 12.067774], [76.094894, 12.025856], [76.18618, 12.010933], [76.249433, 12.012354], [76.327781, 12.025856], [76.352106, 12.016857], [76.371854, 11.996803], [76.390535, 11.969354], [76.407081, 11.93345], [76.435102, 11.921832], [76.501553, 11.919455], [76.530375, 11.921039], [76.558129, 11.908363], [76.588019, 11.87878], [76.622178, 11.828049], [76.656337, 11.79633], [76.703306, 11.802674], [76.754545, 11.819591], [76.79511, 11.834391], [76.812189, 11.866099], [76.801514, 11.910476], [76.814324, 11.956947], [76.846349, 11.994955], [76.906127, 12.001289], [76.989391, 11.992844], [77.042765, 11.992844], [77.076924, 12.035061], [77.072654, 12.064604], [77.025685, 12.100467], [77.004335, 12.140536], [77.03209, 12.186914], [77.061979, 12.224846], [77.064114, 12.29225], [77.01074, 12.31541], [76.931747, 12.31541], [76.876238, 12.344881], [76.867698, 12.393281], [76.891183, 12.431144], [76.925342, 12.452174], [76.973379, 12.452174], [77.012875, 12.438505], [77.038495, 12.414317], [77.085464, 12.409059], [77.113218, 12.417473], [77.130298, 12.45638], [77.140973, 12.493172], [77.196482, 12.496325], [77.282947, 12.494223], [77.361941, 12.490019], [77.42599, 12.487916], [77.490038, 12.50158], [77.528468, 12.541509], [77.54021, 12.563569], [77.543412, 12.601377], [77.545547, 12.640222], [77.545547, 12.696891], [77.546615, 12.734655], [77.550885, 12.782891], [77.550885, 12.818531], [77.579707, 12.846825], [77.608529, 12.861493], [77.661903, 12.862541], [77.672577, 12.898156], [77.66724, 12.927478], [77.666172, 12.965166], [77.67151, 13.016445], [77.703534, 13.016445], [77.741963, 13.014352], [77.767583, 13.037368], [77.786798, 13.062471], [77.818822, 13.06038], [77.857251, 13.028999], [77.902085, 13.014352], [77.936245, 13.022722], [78.000293, 13.02063], [78.045128, 13.016445], [78.079287, 12.978773], [78.136931, 12.9704], [78.156145, 12.982959], [78.15828, 13.028999], [78.181765, 13.062471], [78.213789, 13.070838], [78.237274, 13.093843], [78.256488, 13.110571], [78.318402, 13.106389], [78.352561, 13.137748], [78.361101, 13.16283], [78.363236, 13.215065], [78.354696, 13.286067], [78.382451, 13.319465], [78.43796, 13.327813], [78.469984, 13.350767], [78.489199, 13.38206], [78.489199, 13.425856], [78.480659, 13.47172], [78.4465, 13.490478], [78.414475, 13.502981], [78.380316, 13.5259], [78.361101, 13.55298], [78.326942, 13.563394], [78.279973, 13.573807], [78.254353, 13.607122], [78.228734, 13.650833], [78.207384, 13.677884], [78.220194, 13.719489], [78.222329, 13.759], [78.213789, 13.788105], [78.19671, 13.831748], [78.17109, 13.852525], [78.134796, 13.869144], [78.100636, 13.817202], [78.077152, 13.777711], [78.032318, 13.750683], [78.015238, 13.775632], [78.013103, 13.81928], [78.015238, 13.879529], [78.032318, 13.968806], [78.015238, 14.006158], [77.961864, 14.04972], [77.927705, 14.091192], [77.855116, 14.103631], [77.835902, 14.147156], [77.784663, 14.174092], [77.731289, 14.147156], [77.739828, 14.107777], [77.746233, 14.037275], [77.727019, 14.010307], [77.686455, 13.966731], [77.622406, 13.964656], [77.571167, 13.883683], [77.524198, 13.873298], [77.462284, 13.881606], [77.41318, 13.833826], [77.372616, 13.810968], [77.327782, 13.844215], [77.321377, 13.902374], [77.364076, 13.964656], [77.353401, 14.014457], [77.287217, 14.012382], [77.235978, 13.977108], [77.180469, 13.950126], [77.135635, 13.970882], [77.084396, 13.983334], [77.060912, 13.941823], [77.043832, 13.91068], [77.007538, 13.91068], [76.977648, 13.956353], [76.937084, 13.958429], [76.898655, 14.016531], [76.857023, 14.124359], [76.868766, 14.147156], [76.88371, 14.190665], [76.891183, 14.278669], [76.929612, 14.289018], [76.981918, 14.257968], [77.017145, 14.217591], [77.101476, 14.210342], [77.153782, 14.209307], [77.194347, 14.157517], [77.226371, 14.112959], [77.279745, 14.097411], [77.323512, 14.111922], [77.343794, 14.160625], [77.323512, 14.197915], [77.29896, 14.233122], [77.297892, 14.250722], [77.316039, 14.278669], [77.355536, 14.293158], [77.407842, 14.308679], [77.418517, 14.334543], [77.42172, 14.397628], [77.414247, 14.465846], [77.399303, 14.500973], [77.355536, 14.526795], [77.327782, 14.519565], [77.310702, 14.482377], [77.306432, 14.452412], [77.29042, 14.430708], [77.266935, 14.413136], [77.244518, 14.438977], [77.214629, 14.484444], [77.17193, 14.525762], [77.118556, 14.500973], [77.103611, 14.505105], [77.057709, 14.520598], [77.04063, 14.480311], [77.007538, 14.437943], [76.972311, 14.423473], [76.890115, 14.430708], [76.837809, 14.437943], [76.845281, 14.519565], [76.823931, 14.543318], [76.813257, 14.56913], [76.834606, 14.597001], [76.893318, 14.634152], [76.903992, 14.655818], [76.90506, 14.688826], [76.869833, 14.706357], [76.850618, 14.730071], [76.849551, 14.759966], [76.819662, 14.780578], [76.780165, 14.797065], [76.776962, 14.823852], [76.771625, 14.864021], [76.781232, 14.926821], [76.813257, 14.958723], [76.848483, 14.977243], [76.859158, 14.997817], [76.859158, 15.024558], [76.836741, 15.05849], [76.833539, 15.087273], [76.836741, 15.109883], [76.855956, 15.158172], [76.849551, 15.187958], [76.812189, 15.201307], [76.753478, 15.187958], [76.703306, 15.173579], [76.653135, 15.139681], [76.615773, 15.104745], [76.618975, 15.081106], [76.651, 15.050265], [76.657405, 15.017359], [76.622178, 14.974157], [76.620043, 14.936084], [76.65527, 14.916014], [76.65527, 14.891307], [76.649932, 14.847028], [76.623245, 14.810975], [76.569871, 14.806853], [76.530375, 14.794489], [76.531442, 14.756358], [76.553859, 14.721308], [76.535712, 14.694498], [76.512228, 14.684184], [76.472731, 14.68831], [76.449246, 14.718215], [76.421492, 14.763573], [76.40548, 14.824367], [76.365983, 14.835698], [76.311541, 14.841878], [76.26564, 14.879981], [76.222941, 14.90572], [76.178107, 14.879981], [76.15142, 14.838788], [76.127935, 14.818186], [76.089506, 14.813035], [76.033997, 14.841878], [75.99877, 14.839818], [75.980623, 14.791398], [76.001973, 14.738834], [75.997703, 14.687279], [75.962476, 14.684184], [75.895225, 14.671807], [75.85893, 14.68109], [75.834378, 14.750174], [75.779937, 14.807884], [75.730833, 14.812005], [75.666784, 14.792428], [75.664039, 14.809357], [75.662103, 14.846731], [75.660166, 14.894365], [75.652421, 14.939179], [75.657262, 14.978378], [75.680499, 15.004503], [75.706642, 15.024093], [75.716324, 15.044612], [75.692118, 15.097759], [75.695023, 15.124789], [75.717292, 15.149018], [75.750212, 15.148087], [75.787973, 15.130381], [75.817989, 15.124789], [75.846068, 15.162994], [75.887702, 15.212363], [75.910939, 15.238436], [75.913423, 15.265483], [75.916441, 15.298336], [75.979422, 15.302953], [76.051477, 15.284484], [76.135274, 15.329112], [76.185979, 15.348599], [76.241488, 15.339368], [76.270844, 15.349624], [76.321015, 15.403453], [76.382395, 15.45777], [76.470996, 15.505916], [76.569204, 15.520254], [76.637523, 15.52435], [76.686627, 15.540734], [76.720786, 15.565304], [76.746406, 15.618523], [76.746406, 15.708532], [76.77843, 15.771906], [76.80405, 15.78008], [76.880908, 15.804602], [76.925742, 15.855671], [76.923607, 15.943458], [76.953497, 15.996507], [77.009006, 16.014865], [77.109349, 16.014865], [77.173397, 16.039337], [77.224636, 16.063805], [77.28655, 16.102535], [77.348464, 16.094382], [77.382623, 16.067882], [77.418918, 16.03118], [77.463752, 16.010786], [77.508586, 16.002627], [77.57477, 16.016904], [77.670843, 16.029141], [77.762646, 16.020983], [77.841639, 16.008746], [77.918498, 15.990387], [77.993221, 15.963864], [78.059405, 15.943458], [78.095699, 15.900593], [78.127724, 15.878134], [78.166153, 15.880176], [78.189637, 15.902635], [78.232337, 15.904676], [78.262226, 15.923048], [78.272901, 15.965905], [78.285711, 16.014865], [78.3156, 16.076037], [78.386054, 16.126989], [78.490667, 16.131064], [78.610224, 16.1168], [78.687083, 16.108649], [78.772481, 16.104573], [78.817315, 16.110687], [78.883499, 16.139214], [78.936873, 16.181993], [78.990247, 16.206431], [79.0607, 16.198285], [79.105535, 16.214576], [79.131154, 16.253256], [79.180258, 16.27361], [79.263521, 16.236971], [79.316895, 16.251221], [79.33184, 16.300063], [79.31903, 16.381423], [79.265656, 16.464759], [79.287006, 16.531792], [79.35319, 16.586609], [79.447128, 16.631256], [79.57736, 16.661688], [79.677703, 16.679943], [79.678085, 16.680037], [79.743887, 16.696168], [79.7583, 16.705579], [79.812206, 16.740774], [79.880524, 16.702251], [79.923224, 16.686028], [79.985137, 16.681971], [80.053456, 16.639372], [80.10683, 16.633285], [80.140989, 16.669802], [80.179418, 16.7205], [80.196498, 16.779284], [80.183688, 16.825885], [80.104695, 16.864368], [80.053456, 16.917008], [80.083345, 16.967602], [80.138854, 17.034353], [80.205038, 17.044464], [80.241332, 17.082876], [80.301111, 17.103089], [80.358755, 17.066704], [80.403589, 16.99188], [80.433479, 16.933201], [80.476178, 16.876518], [80.521012, 16.836013], [80.555171, 16.833988], [80.600005, 16.880567], [80.644839, 16.921056], [80.621355, 16.963555], [80.538091, 17.012107], [80.488987, 17.062661], [80.467638, 17.109152], [80.469773, 17.165724], [80.506067, 17.183903], [80.580791, 17.200059], [80.640569, 17.234384], [80.700348, 17.236403], [80.725968, 17.159664], [80.749452, 17.107131], [80.777207, 17.066704], [80.824176, 17.056596], [80.86047, 17.068726], [80.883955, 17.109152], [80.903169, 17.163704], [80.950138, 17.220252], [80.988568, 17.228328], [81.069696, 17.230347], [81.142285, 17.234384], [81.167904, 17.248515], [81.178579, 17.282826], [81.189254, 17.327215], [81.225548, 17.35747], [81.257572, 17.35747], [81.258397, 17.358832], [81.274652, 17.385701], [81.294934, 17.42854], [81.356314, 17.446678], [81.404884, 17.471867], [81.411289, 17.493524], [81.327492, 17.528269], [81.284793, 17.564514], [81.259174, 17.628922], [81.212205, 17.673182], [81.135346, 17.669159], [81.071297, 17.653066], [81.032868, 17.612823], [81.002979, 17.616848], [80.95174, 17.63697], [80.93466, 17.665136], [80.9432, 17.725469], [80.9432, 17.797829], [80.92612, 17.83801], [80.92612, 17.926362], [80.891961, 17.974526], [80.889893, 17.977442], [80.857801, 18.022672], [80.832182, 18.070798], [80.810832, 18.114897], [80.746784, 18.166993], [80.661385, 18.211057], [80.593067, 18.263112], [80.575987, 18.303139], [80.567447, 18.33115], [80.503398, 18.359154], [80.494859, 18.407147], [80.473509, 18.515061], [80.510055, 18.537621], [80.53523, 18.572034], [80.579768, 18.601006], [80.637863, 18.613679], [80.66691, 18.591953], [80.703702, 18.559357], [80.742432, 18.528563], [80.76567, 18.50501], [80.804399, 18.452452], [80.813113, 18.407124], [80.84216, 18.392616], [80.855715, 18.385361], [80.87508, 18.36178], [80.888635, 18.338195], [80.906064, 18.321863], [80.94092, 18.30916], [80.985459, 18.3019], [81.010633, 18.292825], [81.033871, 18.271041], [81.045489, 18.247438], [81.035807, 18.216565], [81.018379, 18.191134], [81.004824, 18.169333], [81.000951, 18.134805], [81.018379, 18.109357], [81.090028, 18.107539], [81.130694, 18.102085], [81.146186, 18.083904], [81.155868, 18.049352], [81.140376, 18.007513], [81.134567, 17.956558], [81.126821, 17.896477], [81.119075, 17.86005], [81.151995, 17.829078], [81.186852, 17.832722], [81.229454, 17.852763], [81.268183, 17.876443], [81.306913, 17.903761], [81.332087, 17.925611], [81.374689, 17.916507], [81.405673, 17.889192], [81.452148, 17.867336], [81.49475, 17.867336], [81.53348, 17.891014], [81.539289, 17.938355], [81.5664, 17.963839], [81.597383, 17.974759], [81.612875, 18.005693], [81.609002, 18.096631], [81.624494, 18.162064], [81.638049, 18.207483], [81.69227, 18.218381], [81.753269, 18.220197], [81.795872, 18.247438], [81.822982, 18.276487], [81.834601, 18.30553], [81.828792, 18.356338], [81.850093, 18.396243], [81.881076, 18.448826], [81.929488, 18.461515], [81.97209, 18.46514], [82.032121, 18.499574], [82.055359, 18.514069], [82.078596, 18.557546], [82.065041, 18.601006], [82.014693, 18.613679], [81.962408, 18.608248], [81.933361, 18.649881], [81.964344, 18.693308], [82.01082, 18.718634], [82.084406, 18.731295], [82.138627, 18.740338], [82.177356, 18.743954], [82.194784, 18.785541], [82.192848, 18.837955], [82.196721, 18.92105], [82.23545, 18.930078], [82.264497, 18.951744], [82.258688, 18.987846], [82.233514, 19.052801], [82.231577, 19.085266], [82.243196, 19.132144], [82.221895, 19.168192], [82.183166, 19.193419], [82.183166, 19.229449], [82.210276, 19.296077], [82.225768, 19.337476], [82.237387, 19.377062], [82.249006, 19.420232], [82.243196, 19.477768], [82.225768, 19.499337], [82.161864, 19.510121], [82.132817, 19.524497], [82.092151, 19.540668], [82.082469, 19.560429], [82.084406, 19.610718], [82.101834, 19.619696], [82.127008, 19.668165], [82.148309, 19.70585], [82.173483, 19.745318], [82.167674, 19.782979], [82.156055, 19.804495], [82.134754, 19.826007], [82.088279, 19.8511], [82.026311, 19.883354], [81.968217, 19.912017], [81.931424, 19.926347], [81.91206, 19.956791], [81.906008, 19.980514], [81.907461, 20.018104], [81.929488, 20.048078], [81.952726, 20.076703], [82.003074, 20.087436], [82.053422, 20.085647], [82.10377, 20.067759], [82.144436, 20.030184], [82.177356, 19.987227], [82.198657, 19.944256], [82.245133, 19.940674], [82.310973, 19.940674], [82.376813, 19.899478], [82.431034, 19.845723], [82.460081, 19.831384], [82.547222, 19.831384], [82.605316, 19.811666], [82.614998, 19.781186], [82.614998, 19.760115], [82.614998, 19.738143], [82.607252, 19.678934], [82.607252, 19.610718], [82.626617, 19.569411], [82.661474, 19.538871], [82.684711, 19.493945], [82.704076, 19.440013], [82.744742, 19.416635], [82.791217, 19.409441], [82.804772, 19.378861], [82.802836, 19.326678], [82.843502, 19.308678], [82.907405, 19.308678], [82.942262, 19.296077], [82.955817, 19.261867], [82.957754, 19.197023], [82.967436, 19.157379], [83.023594, 19.117722], [83.05845, 19.081659], [83.110735, 19.038369], [83.15721, 19.032957], [83.217241, 19.074445], [83.265652, 19.119525], [83.312128, 19.168192], [83.32181, 19.206031], [83.290826, 19.251062], [83.298572, 19.278073], [83.331492, 19.310478], [83.356666, 19.333877], [83.364412, 19.364468], [83.350857, 19.400447], [83.300509, 19.416635], [83.248224, 19.411239], [83.240478, 19.447205], [83.230796, 19.520903], [83.252097, 19.569411], [83.316001, 19.580188], [83.377968, 19.589168], [83.391523, 19.614309], [83.389586, 19.684317], [83.428316, 19.720204], [83.451553, 19.752492], [83.426379, 19.795531], [83.408951, 19.838554], [83.407015, 19.876187], [83.430252, 19.894104], [83.482537, 19.899478], [83.503838, 19.920973], [83.51933, 19.965743], [83.540631, 20.005128], [83.575487, 20.051657], [83.622931, 20.06597], [83.657787, 20.053446], [83.702326, 20.021236], [83.73331, 20.021236], [83.770103, 20.046289], [83.812705, 20.087436], [83.845625, 20.124993], [83.895973, 20.167902], [83.919211, 20.1965], [83.944385, 20.194713], [83.998606, 20.191138], [84.017848, 20.198537], [84.021844, 20.200074], [84.060573, 20.226877], [84.087684, 20.232237], [84.134159, 20.200074], [84.172888, 20.1965], [84.230983, 20.216157], [84.285204, 20.216157], [84.366535, 20.216157], [84.399455, 20.234024], [84.416884, 20.276895], [84.440121, 20.326892], [84.452563, 20.332877], [84.48466, 20.348314], [84.52339, 20.314395], [84.527262, 20.251889], [84.51758, 20.194713], [84.552437, 20.166115], [84.573738, 20.132146], [84.575674, 20.074914], [84.626022, 20.058813], [84.668625, 20.067759], [84.68218, 20.098168], [84.689926, 20.189351], [84.709291, 20.225091], [84.751893, 20.239384], [84.800305, 20.1965], [84.840971, 20.191138], [84.908747, 20.212583], [84.941667, 20.183989], [84.947476, 20.099957], [84.914696, 20.050174], [84.914696, 19.995355], [84.991312, 19.915368], [85.071635, 19.874211], [85.075476, 19.866234], [85.127243, 19.758671], [85.228574, 19.708303], [85.20067, 19.651562], [85.157099, 19.586025], [85.190019, 19.537523], [85.28297, 19.573453], [85.314922, 19.627326], [85.342032, 19.681177], [85.362365, 19.639894], [85.409809, 19.675793], [85.432078, 19.665922], [85.432078, 19.618349], [85.357091, 19.577708], [85.322668, 19.547405], [85.239399, 19.498888], [85.105783, 19.430572], [85.034134, 19.382009], [84.914072, 19.290226], [84.790138, 19.178554], [84.732044, 19.124483], [84.733012, 19.039722], [84.702029, 19.005441], [84.6633, 18.958514], [84.609078, 18.916987], [84.59165, 18.868219], [84.56454, 18.828468], [84.500636, 18.772433], [84.415431, 18.701902], [84.343782, 18.642189], [84.324417, 18.564337], [84.285688, 18.546225], [84.198547, 18.493685], [84.140453, 18.441121], [84.031042, 18.31778], [83.978757, 18.283295], [83.920663, 18.252431], [83.841268, 18.207029], [83.756063, 18.172512], [83.674732, 18.147072], [83.5934, 18.114356], [83.523687, 18.057991], [83.486894, 17.996141], [83.457847, 17.950642], [83.401689, 17.899664], [83.361992, 17.834088], [83.344563, 17.783061], [83.301961, 17.744776], [83.270978, 17.708303], [83.236121, 17.653572], [83.179963, 17.607944], [83.141234, 17.567778], [83.094759, 17.551342], [83.028919, 17.525771], [82.978571, 17.500194], [82.883684, 17.478267], [82.833335, 17.449025], [82.769432, 17.416119], [82.705528, 17.397834], [82.647434, 17.361255], [82.587404, 17.339303], [82.56223, 17.310027], [82.469279, 17.255115], [82.328885, 17.108559], [82.307584, 17.071892], [82.28241, 17.037049], [82.30952, 17.009533], [82.352123, 17.004029], [82.371487, 17.016871], [82.377297, 17.084727], [82.390852, 17.088394], [82.412153, 17.068225], [82.417963, 16.993021], [82.41409, 16.926949], [82.392788, 16.875534], [82.37536, 16.838795], [82.392788, 16.809397], [82.383106, 16.781829], [82.373424, 16.682531], [82.357932, 16.702765], [82.31533, 16.673333], [82.319203, 16.638373], [82.286283, 16.636532], [82.21657, 16.62733], [82.160412, 16.583151], [82.075207, 16.548165], [82.003558, 16.51501], [81.88156, 16.46526], [81.833149, 16.443143], [81.792483, 16.426552], [81.74988, 16.433926], [81.666612, 16.444986], [81.511695, 16.456045], [81.420681, 16.452359], [81.364523, 16.411802], [81.389697, 16.400739], [81.310302, 16.341718], [81.304492, 16.299278], [81.233811, 16.182952], [81.197018, 16.077607], [81.135051, 15.992523], [81.08083, 15.959213], [81.049846, 15.894416], [81.040164, 15.824025], [80.987879, 15.81476], [80.920103, 15.799935], [80.891056, 15.844406], [80.867818, 15.90923], [80.838771, 15.949959], [80.796169, 15.968467], [80.726456, 15.962915], [80.662553, 15.938852], [80.639315, 15.949959], [80.563793, 15.957362], [80.511508, 15.903675], [80.403066, 15.842553], [80.333353, 15.770278], [80.254926, 15.612601], [80.233624, 15.588467], [80.260735, 15.542042], [80.233624, 15.504889], [80.167784, 15.426829], [80.1155, 15.3729], [80.132928, 15.313364], [80.08258, 15.266831], [80.088389, 15.225866], [80.084516, 15.162529], [80.084516, 15.054404], [80.090326, 14.996572], [80.098071, 14.934979], [80.14842, 14.850935], [80.183276, 14.776178], [80.202641, 14.72195], [80.202641, 14.371668], [80.171657, 14.345402], [80.101944, 14.309745], [80.069024, 14.277832], [80.080643, 14.266567], [80.113563, 14.281587], [80.14261, 14.281587], [80.156166, 14.240276], [80.169721, 14.20083], [80.194895, 14.101215], [80.212323, 14.031622], [80.235561, 13.97893], [80.272354, 13.90173], [80.283973, 13.837671], [80.287846, 13.686806], [80.287846, 13.654722], [80.303337, 13.622629], [80.324638, 13.592416], [80.332384, 13.556528], [80.328511, 13.524408], [80.311083, 13.541414], [80.291718, 13.582973], [80.272354, 13.633957], [80.252989, 13.679258], [80.202641, 13.74529], [80.183276, 13.716995], [80.125182, 13.705675], [80.090326, 13.658497], [80.103881, 13.618853], [80.134864, 13.584862], [80.18134, 13.558417], [80.233624, 13.548971], [80.285909, 13.524408], [80.369177, 13.463922], [80.376923, 13.410971], [80.365304, 13.323928], [80.342067, 13.214085], [80.330448, 13.081377], [80.27429, 12.750839], [80.254926, 12.651873], [80.227815, 12.569972], [80.169721, 12.474665], [80.101944, 12.394545], [80.041914, 12.283813], [79.943154, 12.172973], [79.89571, 12.06394], [79.878282, 12.06394], [79.837616, 12.083076], [79.804696, 12.106035], [79.76984, 12.073508], [79.723365, 12.062026], [79.676889, 12.03523], [79.682699, 12.002683], [79.700127, 11.966296], [79.742729, 11.920317], [79.765967, 11.88582], [79.80276, 11.876236], [79.853108, 11.899237], [79.843426, 11.839809], [79.814379, 11.747731], [79.80276, 11.65942], [79.79695, 11.519133], [79.789205, 11.484515], [79.787268, 11.449887], [79.76403, 11.419098], [79.765967, 11.401775], [79.793077, 11.396], [79.843426, 11.422947], [79.845362, 11.405625], [79.849235, 11.324753], [79.870536, 11.214907], [79.874409, 11.018075], [79.833743, 11.020007], [79.779522, 10.975577], [79.756285, 10.915665], [79.744666, 10.865393], [79.76984, 10.807358], [79.822125, 10.76478], [79.874409, 10.758973], [79.89571, 10.277872], [79.884092, 10.254541], [79.833743, 10.256486], [79.783395, 10.273984], [79.709809, 10.303142], [79.723365, 10.285648], [79.754348, 10.256486], [79.746602, 10.23704], [79.674953, 10.23704], [79.611049, 10.23704], [79.576193, 10.248708], [79.583939, 10.275928], [79.591685, 10.308973], [79.516162, 10.308973], [79.390292, 10.299255], [79.310896, 10.275928], [79.283786, 10.2137], [79.262485, 10.128081], [79.255707, 10.011223], [79.174375, 9.900095], [79.124027, 9.812285], [79.019458, 9.675555], [78.9633, 9.556269], [78.938126, 9.442732], [78.955554, 9.366324], [79.054314, 9.278096], [79.151138, 9.238861], [79.073679, 9.238861], [78.957491, 9.221201], [78.889714, 9.191761], [78.767717, 9.162314], [78.663147, 9.11911], [78.647655, 9.103395], [78.668957, 9.085714], [78.66702, 9.062134], [78.610863, 9.068029], [78.607958, 9.087679], [78.55761, 9.081784], [78.454977, 9.066064], [78.371709, 9.058204], [78.325233, 9.003163], [78.226473, 8.920551], [78.201299, 8.861506], [78.201299, 8.79061], [78.209045, 8.725582], [78.168379, 8.652627], [78.143205, 8.575677], [78.145142, 8.471019], [78.139332, 8.411735], [78.09673, 8.354397], [78.046382, 8.306923], [77.972796, 8.273283], [77.881782, 8.211913], [77.723959, 8.120786], [77.677484, 8.102949], [77.6465, 8.097002]], [[79.054314, 10.132948], [79.054314, 10.215646], [79.057219, 10.246763], [79.079488, 10.311888], [79.113377, 10.386687], [79.143392, 10.443967], [79.170502, 10.495397], [79.189867, 10.523528], [79.184058, 10.584616], [79.165661, 10.607879], [79.132741, 10.608849], [79.098853, 10.604003], [79.081425, 10.57783], [79.061092, 10.564257], [79.040759, 10.560379], [79.008807, 10.574922], [78.989442, 10.622416], [78.959427, 10.65536], [78.966205, 10.676671], [78.978792, 10.6912], [78.952649, 10.716377], [78.91973, 10.735741], [78.889714, 10.752198], [78.855826, 10.742518], [78.845175, 10.716377], [78.838398, 10.686357], [78.824842, 10.659235], [78.803541, 10.660204], [78.785145, 10.683451], [78.774494, 10.708631], [78.761907, 10.738645], [78.743511, 10.748326], [78.703813, 10.729932], [78.67283, 10.718314], [78.629259, 10.713472], [78.589561, 10.699916], [78.543086, 10.708631], [78.522753, 10.6912], [78.516944, 10.657298], [78.503388, 10.640827], [78.484024, 10.612725], [78.477246, 10.588494], [78.484024, 10.566196], [78.520817, 10.567166], [78.567292, 10.5565], [78.592466, 10.574922], [78.6341, 10.592371], [78.669925, 10.601095], [78.712527, 10.600126], [78.726083, 10.580739], [78.731892, 10.55844], [78.73286, 10.533227], [78.72221, 10.514798], [78.698004, 10.488606], [78.655401, 10.488606], [78.610863, 10.476962], [78.581815, 10.467259], [78.559546, 10.444937], [78.537277, 10.418728], [78.529531, 10.39931], [78.544054, 10.374062], [78.547927, 10.347837], [78.550832, 10.31869], [78.546959, 10.299255], [78.582784, 10.28176], [78.636037, 10.27204], [78.680575, 10.268152], [78.754161, 10.273012], [78.814192, 10.268152], [78.84808, 10.255514], [78.874222, 10.227316], [78.882937, 10.20592], [78.927475, 10.208837], [78.954586, 10.199111], [78.972014, 10.174791], [78.980728, 10.145599], [78.982665, 10.117374], [78.999125, 10.109587], [79.019458, 10.121268], [79.034949, 10.126134], [79.054314, 10.132948]], [[76.890309, 10.634529], [76.91742, 10.664563], [76.954697, 10.688294], [76.972609, 10.699431], [76.976482, 10.719766], [76.987617, 10.733805], [76.989553, 10.758005], [76.986648, 10.780749], [76.945014, 10.820902], [76.930491, 10.838797], [76.914031, 10.860074], [76.884984, 10.872645], [76.863682, 10.85814], [76.836572, 10.840731], [76.813334, 10.816549], [76.809461, 10.796231], [76.787192, 10.77591], [76.778478, 10.749778], [76.762986, 10.727512], [76.758145, 10.70621], [76.764923, 10.681999], [76.782351, 10.662626], [76.811398, 10.650032], [76.844318, 10.639374], [76.87046, 10.634529], [76.890309, 10.634529]], [[78.259393, 15.140982], [78.313614, 15.152163], [78.342661, 15.16707], [78.363963, 15.211781], [78.358153, 15.256474], [78.334916, 15.289983], [78.323297, 15.312317], [78.329106, 15.332786], [78.356217, 15.356973], [78.391073, 15.373714], [78.42593, 15.40719], [78.431739, 15.436938], [78.410438, 15.472254], [78.367836, 15.481546], [78.350407, 15.49827], [78.342661, 15.535425], [78.336852, 15.55957], [78.301996, 15.574426], [78.26133, 15.561427], [78.230346, 15.53171], [78.199363, 15.501986], [78.164506, 15.462961], [78.135459, 15.43322], [78.112222, 15.416487], [78.079302, 15.414627], [78.050254, 15.381154], [78.06381, 15.356973], [78.098666, 15.351392], [78.141269, 15.34581], [78.154824, 15.334647], [78.168379, 15.293706], [78.166443, 15.271368], [78.164506, 15.249027], [78.164506, 15.237854], [78.191617, 15.226681], [78.218727, 15.215506], [78.240029, 15.185702], [78.249711, 15.176387], [78.259393, 15.140982]], [[76.61533, 15.140982], [76.642925, 15.151697], [76.652607, 15.165673], [76.657448, 15.182442], [76.659385, 15.195482], [76.649218, 15.21085], [76.638568, 15.230405], [76.626949, 15.250889], [76.607584, 15.263922], [76.574664, 15.276953], [76.54949, 15.312317], [76.52238, 15.342089], [76.512697, 15.375574], [76.470095, 15.394172], [76.446857, 15.377434], [76.431366, 15.351392], [76.433302, 15.327204], [76.437175, 15.306734], [76.45654, 15.263922], [76.499142, 15.217368], [76.52238, 15.189428], [76.559173, 15.1503], [76.61533, 15.140982]]]]}}, {"type": "Feature", "properties": {"POLY_ID": 7, "STATE_NAME": "Baroda", "NATIVE": 1}, "geometry": {"type": "MultiPolygon", "coordinates": [[[[73.406665, 21.37983], [73.455495, 21.38727], [73.536827, 21.381959], [73.602667, 21.381959], [73.654952, 21.378419], [73.711109, 21.364256], [73.786632, 21.364256], [73.819552, 21.335925], [73.827298, 21.261527], [73.813742, 21.226083], [73.775013, 21.204812], [73.720792, 21.194175], [73.654952, 21.172899], [73.600731, 21.167579], [73.563938, 21.121466], [73.587175, 21.094855], [73.635587, 21.084209], [73.695618, 21.066463], [73.730474, 21.041615], [73.73822, 20.988353], [73.713046, 20.967041], [73.654952, 20.942174], [73.581366, 20.940397], [73.505844, 20.936844], [73.47486, 20.903085], [73.470987, 20.84443], [73.434194, 20.78219], [73.395465, 20.771518], [73.341244, 20.789305], [73.283149, 20.819538], [73.226992, 20.801755], [73.213128, 20.810413], [73.17858, 20.831985], [73.161152, 20.871095], [73.124359, 20.908416], [73.103058, 20.947503], [73.099185, 20.99368], [73.130168, 21.002558], [73.205691, 21.000783], [73.238611, 21.011436], [73.240547, 21.038065], [73.234738, 21.094855], [73.259912, 21.128562], [73.259912, 21.158713], [73.283149, 21.195948], [73.325752, 21.217221], [73.366418, 21.270386], [73.374164, 21.332383], [73.385782, 21.376649], [73.406665, 21.37983]]], [[[73.201818, 21.420013], [73.226992, 21.391695], [73.236674, 21.333269], [73.180517, 21.310245], [73.11274, 21.28013], [73.106931, 21.257097], [73.089502, 21.193289], [73.089502, 21.16492], [73.087566, 21.136544], [73.072074, 21.101065], [73.048837, 21.074449], [73.015917, 21.038953], [72.977187, 20.978585], [72.94814, 20.957272], [72.913284, 20.923519], [72.876491, 20.912859], [72.82227, 20.912859], [72.787413, 20.907528], [72.758366, 20.895089], [72.75643, 20.912414], [72.740938, 20.927517], [72.729319, 20.933735], [72.702208, 20.930182], [72.685748, 20.918633], [72.672193, 20.915968], [72.66832, 20.931959], [72.66832, 20.94617], [72.667352, 20.962157], [72.682844, 20.97459], [72.689621, 20.986133], [72.703177, 20.971038], [72.720605, 20.972814], [72.740938, 20.976366], [72.75643, 20.978141], [72.76708, 20.979917], [72.776763, 20.992348], [72.777731, 21.006553], [72.777731, 21.02697], [72.773858, 21.042059], [72.766112, 21.052709], [72.744811, 21.063358], [72.732139, 21.07555], [72.744811, 21.079773], [72.799032, 21.077998], [72.835825, 21.077998], [72.870681, 21.081547], [72.880364, 21.101065], [72.866808, 21.152506], [72.857126, 21.170239], [72.839698, 21.214562], [72.866808, 21.2695], [72.884237, 21.304931], [72.897792, 21.363371], [72.901665, 21.397005], [72.905538, 21.427092], [72.934585, 21.453633], [72.955886, 21.480168], [72.994615, 21.506698], [73.031408, 21.517308], [73.080196, 21.493401], [73.110804, 21.478399], [73.153406, 21.446556], [73.201818, 21.420013]]], [[[72.758366, 22.465095], [72.754493, 22.500193], [72.753525, 22.533527], [72.761271, 22.565098], [72.774826, 22.583511], [72.792254, 22.594031], [72.820333, 22.594031], [72.852285, 22.584387], [72.858094, 22.559836], [72.875523, 22.543174], [72.89876, 22.546682], [72.939426, 22.543174], [72.961695, 22.529141], [72.955886, 22.502825], [72.939426, 22.482645], [72.92103, 22.451931], [72.893919, 22.416821], [72.891983, 22.393115], [72.909411, 22.37204], [72.928775, 22.356232], [72.956854, 22.35184], [72.996552, 22.375553], [73.012044, 22.369406], [73.016885, 22.344813], [73.018821, 22.30528], [73.044964, 22.273644], [73.072074, 22.274523], [73.099185, 22.31143], [73.109835, 22.339543], [73.111772, 22.377309], [73.130168, 22.408041], [73.161152, 22.436133], [73.214405, 22.482645], [73.26088, 22.483523], [73.324784, 22.485278], [73.40902, 22.490542], [73.440972, 22.468606], [73.496161, 22.412431], [73.50778, 22.377309], [73.50778, 22.321973], [73.512621, 22.258702], [73.531986, 22.233209], [73.588144, 22.228813], [73.656888, 22.229692], [73.698522, 22.216504], [73.73822, 22.182207], [73.748871, 22.145262], [73.764362, 22.063417], [73.764362, 22.014109], [73.737252, 21.989447], [73.694649, 21.981519], [73.633651, 21.979757], [73.544573, 21.981519], [73.484542, 21.976234], [73.469051, 21.945397], [73.468082, 21.908383], [73.467114, 21.880174], [73.451622, 21.861659], [73.408052, 21.850196], [73.352862, 21.850196], [73.313165, 21.836967], [73.27734, 21.818446], [73.246357, 21.806097], [73.206659, 21.804332], [73.163088, 21.799039], [73.125327, 21.774336], [73.118638, 21.777875], [73.095312, 21.790217], [73.049805, 21.842259], [73.008171, 21.896924], [72.966537, 21.970067], [72.93749, 22.021154], [72.899728, 22.089825], [72.862935, 22.161977], [72.84115, 22.200676], [72.8305, 22.214745], [72.81646, 22.235846], [72.800968, 22.261339], [72.774826, 22.290341], [72.75062, 22.321094], [72.728351, 22.344813], [72.713827, 22.383456], [72.721573, 22.410675], [72.742874, 22.437888], [72.758366, 22.465095]]], [[[72.04172, 23.45859], [72.036547, 23.469889], [72.022992, 23.501231], [72.011373, 23.558671], [71.97458, 23.570851], [71.93585, 23.574331], [71.90874, 23.588251], [71.897121, 23.603908], [71.900994, 23.645652], [71.900994, 23.685643], [71.885502, 23.715195], [71.879693, 23.75169], [71.904867, 23.777751], [71.953279, 23.793386], [71.988135, 23.814229], [72.015246, 23.831595], [72.04042, 23.847223], [72.084959, 23.890625], [72.125625, 23.928806], [72.146926, 23.958301], [72.183719, 23.992994], [72.222448, 24.008602], [72.266987, 24.012071], [72.29797, 23.996462], [72.340573, 23.966975], [72.40254, 23.934011], [72.458697, 23.907981], [72.520664, 23.894096], [72.56133, 23.897567], [72.638789, 23.913187], [72.671709, 23.906245], [72.702693, 23.878474], [72.741422, 23.857641], [72.787897, 23.814229], [72.822754, 23.762115], [72.838246, 23.687382], [72.851801, 23.638695], [72.873102, 23.588251], [72.900213, 23.502972], [72.888594, 23.455957], [72.86342, 23.417636], [72.861483, 23.394987], [72.851801, 23.342704], [72.851801, 23.295631], [72.869229, 23.269472], [72.917641, 23.236329], [72.925387, 23.215393], [72.938942, 23.166528], [72.940878, 23.135105], [72.960243, 23.108913], [72.969925, 23.077476], [72.969925, 23.040789], [72.944751, 23.004092], [72.906666, 22.997545], [72.86342, 22.99011], [72.79177, 22.991857], [72.756914, 23.011083], [72.751104, 23.023316], [72.73174, 23.054766], [72.710438, 23.054766], [72.677518, 23.061754], [72.654281, 23.073982], [72.621361, 23.108913], [72.598123, 23.140342], [72.56133, 23.135105], [72.543902, 23.107166], [72.514855, 23.075729], [72.489681, 23.053019], [72.464507, 23.042536], [72.419968, 23.060007], [72.394794, 23.061754], [72.358001, 23.037295], [72.33089, 23.025063], [72.307653, 23.030305], [72.290224, 23.049525], [72.280542, 23.077476], [72.27086, 23.129867], [72.272796, 23.170019], [72.259241, 23.203178], [72.23794, 23.227606], [72.245686, 23.264239], [72.261177, 23.290399], [72.284415, 23.318298], [72.299907, 23.337474], [72.299907, 23.36362], [72.266987, 23.394987], [72.239876, 23.396729], [72.177909, 23.400214], [72.119815, 23.396729], [72.086895, 23.403699], [72.050102, 23.440282], [72.04172, 23.45859]]], [[[71.279387, 21.294746], [71.271641, 21.266399], [71.277451, 21.22564], [71.28326, 21.165363], [71.271641, 21.113927], [71.252277, 21.083765], [71.194182, 21.060695], [71.141898, 21.083765], [71.08574, 21.142308], [71.045074, 21.144082], [71.000535, 21.147629], [70.948251, 21.160043], [70.915331, 21.193732], [70.892093, 21.248679], [70.923077, 21.273486], [70.963743, 21.28766], [71.010218, 21.317772], [71.05282, 21.354961], [71.077994, 21.409837], [71.060566, 21.462921], [71.047011, 21.538968], [71.05282, 21.579626], [71.101232, 21.627338], [71.145771, 21.666201], [71.188373, 21.68916], [71.219357, 21.682096], [71.258086, 21.659136], [71.285197, 21.632638], [71.325862, 21.604368], [71.362655, 21.59023], [71.338273, 21.555821], [71.308739, 21.51935], [71.29164, 21.477643], [71.297858, 21.40067], [71.294749, 21.351043], [71.279387, 21.294746]]], [[[70.938084, 20.761733], [70.927434, 20.75862], [70.89645, 20.75862], [70.854332, 20.75862], [70.818991, 20.760399], [70.772516, 20.75773], [70.765254, 20.7475], [70.752183, 20.732376], [70.744437, 20.718584], [70.72362, 20.711021], [70.694573, 20.710131], [70.656328, 20.715915], [70.631638, 20.727927], [70.603075, 20.736824], [70.579837, 20.740383], [70.601139, 20.79553], [70.626313, 20.841764], [70.657296, 20.891534], [70.674724, 20.937732], [70.707644, 20.980361], [70.756056, 20.971482], [70.794786, 20.973258], [70.84707, 20.994568], [70.87999, 20.980361], [70.899355, 20.927073], [70.910974, 20.873761], [70.926466, 20.822205], [70.940021, 20.772407], [70.938084, 20.761733]]], [[[69.22735, 22.256516], [69.245632, 22.25714], [69.263373, 22.259905], [69.278275, 22.168917], [69.282161, 22.081208], [69.249518, 21.988846], [69.20988, 21.929348], [69.17977, 21.886345], [69.14927, 21.928213], [69.102795, 21.968745], [69.071811, 22.000457], [69.05632, 22.032161], [69.007908, 22.062097], [68.982734, 22.104346], [68.949814, 22.146582], [68.928513, 22.183527], [68.911084, 22.225736], [68.905275, 22.289023], [68.909148, 22.318898], [68.926576, 22.369845], [68.953687, 22.406724], [68.988543, 22.431305], [69.01759, 22.433061], [69.035018, 22.420771], [69.025336, 22.397945], [69.013717, 22.382139], [69.01759, 22.359306], [69.031146, 22.341739], [69.05051, 22.334711], [69.087303, 22.339982], [69.118287, 22.339982], [69.135715, 22.336468], [69.135715, 22.315384], [69.118287, 22.301326], [69.108604, 22.281993], [69.091176, 22.259141], [69.08924, 22.239802], [69.08343, 22.209909], [69.087303, 22.172972], [69.108604, 22.155379], [69.133778, 22.165935], [69.161693, 22.205639], [69.189673, 22.233326], [69.22735, 22.256516]]]]}}, {"type": "Feature", "properties": {"POLY_ID": 9, "STATE_NAME": "Central Province And Berar", "NATIVE": 1}, "geometry": {"type": "MultiPolygon", "coordinates": [[[[80.292574, 18.660529], [80.313262, 18.699188], [80.351991, 18.789608], [80.371356, 18.832986], [80.351991, 18.898024], [80.340372, 18.977468], [80.321008, 19.060467], [80.332626, 19.132595], [80.367483, 19.179455], [80.42945, 19.226297], [80.481735, 19.278523], [80.510782, 19.291126], [80.551448, 19.271321], [80.597923, 19.222695], [80.628906, 19.195672], [80.661826, 19.174049], [80.687, 19.183059], [80.702492, 19.215489], [80.721857, 19.231701], [80.762523, 19.2299], [80.793506, 19.220893], [80.816744, 19.217291], [80.841918, 19.217291], [80.855473, 19.222695], [80.85741, 19.233502], [80.839982, 19.264118], [80.814807, 19.287526], [80.793506, 19.303728], [80.774142, 19.325328], [80.764459, 19.346924], [80.770269, 19.364917], [80.781887, 19.384708], [80.810935, 19.402696], [80.838045, 19.411689], [80.845791, 19.426077], [80.8516, 19.454847], [80.839982, 19.463836], [80.814807, 19.472825], [80.795443, 19.48361], [80.779951, 19.503381], [80.756713, 19.524946], [80.723793, 19.548303], [80.694746, 19.573453], [80.690873, 19.580637], [80.69281, 19.634508], [80.69281, 19.65964], [80.69281, 19.673998], [80.671509, 19.693738], [80.640525, 19.70271], [80.615351, 19.70271], [80.584368, 19.713476], [80.566939, 19.731416], [80.541765, 19.742179], [80.512718, 19.742179], [80.485608, 19.731416], [80.46237, 19.71527], [80.439132, 19.713476], [80.406212, 19.727828], [80.404276, 19.742179], [80.412022, 19.763702], [80.421704, 19.799565], [80.423641, 19.812114], [80.431386, 19.83004], [80.450751, 19.847963], [80.46237, 19.85334], [80.493353, 19.856924], [80.5224, 19.867676], [80.52821, 19.89276], [80.52821, 19.907091], [80.532083, 19.923212], [80.543702, 19.982304], [80.563066, 20.039579], [80.599859, 20.062839], [80.62116, 20.082517], [80.656017, 20.112923], [80.688937, 20.145109], [80.723793, 20.168349], [80.766396, 20.188011], [80.79157, 20.195159], [80.843855, 20.221964], [80.870965, 20.23983], [80.907758, 20.261267], [80.942614, 20.277341], [80.967789, 20.288057], [81.052025, 20.336265], [81.139166, 20.354114], [81.187578, 20.371962], [81.220498, 20.393375], [81.245672, 20.405865], [81.280528, 20.418353], [81.321194, 20.432624], [81.379288, 20.446893], [81.43351, 20.441542], [81.458684, 20.436191], [81.52646, 20.434408], [81.547761, 20.434408], [81.588427, 20.439759], [81.605855, 20.441542], [81.656204, 20.425489], [81.69106, 20.409433], [81.708488, 20.39516], [81.72398, 20.373746], [81.7569, 20.318412], [81.776265, 20.277341], [81.807248, 20.241617], [81.82274, 20.200521], [81.826613, 20.146897], [81.830486, 20.114711], [81.836779, 20.062392], [81.857597, 20.021683], [81.877929, 19.994388], [81.906008, 19.980514], [81.91206, 19.956791], [81.931424, 19.926347], [81.968217, 19.912017], [82.026311, 19.883354], [82.088279, 19.8511], [82.134754, 19.826007], [82.156055, 19.804495], [82.167674, 19.782979], [82.173483, 19.745318], [82.148309, 19.70585], [82.127008, 19.668165], [82.101834, 19.619696], [82.084406, 19.610718], [82.082469, 19.560429], [82.092151, 19.540668], [82.132817, 19.524497], [82.161864, 19.510121], [82.225768, 19.499337], [82.243196, 19.477768], [82.249006, 19.420232], [82.237387, 19.377062], [82.225768, 19.337476], [82.210276, 19.296077], [82.183166, 19.229449], [82.183166, 19.193419], [82.221895, 19.168192], [82.243196, 19.132144], [82.231577, 19.085266], [82.233514, 19.052801], [82.258688, 18.987846], [82.264497, 18.951744], [82.23545, 18.930078], [82.196721, 18.92105], [82.192848, 18.837955], [82.194784, 18.785541], [82.177356, 18.743954], [82.138627, 18.740338], [82.084406, 18.731295], [82.01082, 18.718634], [81.964344, 18.693308], [81.933361, 18.649881], [81.962408, 18.608248], [82.014693, 18.613679], [82.065041, 18.601006], [82.078596, 18.557546], [82.055359, 18.514069], [82.032121, 18.499574], [81.97209, 18.46514], [81.929488, 18.461515], [81.881076, 18.448826], [81.850093, 18.396243], [81.828792, 18.356338], [81.834601, 18.30553], [81.822982, 18.276487], [81.795872, 18.247438], [81.753269, 18.220197], [81.69227, 18.218381], [81.638049, 18.207483], [81.624494, 18.162064], [81.609002, 18.096631], [81.612875, 18.005693], [81.597383, 17.974759], [81.5664, 17.963839], [81.539289, 17.938355], [81.53348, 17.891014], [81.49475, 17.867336], [81.452148, 17.867336], [81.405673, 17.889192], [81.374689, 17.916507], [81.332087, 17.925611], [81.306913, 17.903761], [81.268183, 17.876443], [81.229454, 17.852763], [81.186852, 17.832722], [81.151995, 17.829078], [81.119075, 17.86005], [81.126821, 17.896477], [81.134567, 17.956558], [81.140376, 18.007513], [81.155868, 18.049352], [81.146186, 18.083904], [81.130694, 18.102085], [81.090028, 18.107539], [81.018379, 18.109357], [81.000951, 18.134805], [81.004824, 18.169333], [81.018379, 18.191134], [81.035807, 18.216565], [81.045489, 18.247438], [81.033871, 18.271041], [81.010633, 18.292825], [80.985459, 18.3019], [80.94092, 18.30916], [80.906064, 18.321863], [80.888635, 18.338195], [80.87508, 18.36178], [80.855715, 18.385361], [80.84216, 18.392616], [80.813113, 18.407124], [80.804399, 18.452452], [80.76567, 18.50501], [80.742432, 18.528563], [80.703702, 18.559357], [80.66691, 18.591953], [80.637863, 18.613679], [80.579768, 18.601006], [80.53523, 18.572034], [80.510055, 18.537621], [80.473509, 18.515061], [80.40519, 18.574972], [80.324062, 18.638845], [80.292574, 18.660529]]], [[[83.2329, 21.298158], [83.202959, 21.319101], [83.160357, 21.350977], [83.127679, 21.37001], [83.102021, 21.378419], [83.062807, 21.380189], [83.015121, 21.381959], [82.994789, 21.3855], [82.982201, 21.395235], [82.975424, 21.428419], [82.971551, 21.446114], [82.964773, 21.463363], [82.953154, 21.48459], [82.946377, 21.511119], [82.95025, 21.53499], [82.957027, 21.550902], [82.958964, 21.574766], [82.958964, 21.604368], [82.959206, 21.65207], [82.982928, 21.665759], [83.006407, 21.667526], [83.024804, 21.675473], [83.037391, 21.693133], [83.049978, 21.707259], [83.05966, 21.72668], [83.079993, 21.759335], [83.084834, 21.772571], [83.081612, 21.801825], [83.052399, 21.836086], [83.031097, 21.860777], [82.982444, 21.871358], [82.955333, 21.85725], [82.924834, 21.851959], [82.893608, 21.854605], [82.866497, 21.86254], [82.861821, 21.893976], [82.856089, 21.924688], [82.825589, 21.956851], [82.794606, 21.975305], [82.815907, 22.008824], [82.841474, 22.023545], [82.854637, 22.053733], [82.873517, 22.0709], [82.894738, 22.082082], [82.918056, 22.085864], [82.947103, 22.079262], [82.979781, 22.076622], [82.998177, 22.077502], [83.026256, 22.095105], [83.048526, 22.133825], [83.069827, 22.158458], [83.076604, 22.174291], [83.081446, 22.196279], [83.092096, 22.218262], [83.099842, 22.236725], [83.099842, 22.263976], [83.083382, 22.288584], [83.061113, 22.307916], [83.047557, 22.325487], [83.042716, 22.356232], [83.068859, 22.394871], [83.082414, 22.415943], [83.090886, 22.44096], [83.102747, 22.465095], [83.107588, 22.480013], [83.110493, 22.518615], [83.110493, 22.537912], [83.111461, 22.566851], [83.087255, 22.579127], [83.023351, 22.611563], [83.004955, 22.621205], [82.943956, 22.625587], [82.911036, 22.623834], [82.868434, 22.634352], [82.841323, 22.648373], [82.789039, 22.662393], [82.766769, 22.665898], [82.704318, 22.676411], [82.623955, 22.694808], [82.580384, 22.709699], [82.557146, 22.723712], [82.528099, 22.739475], [82.515512, 22.772747], [82.525195, 22.799882], [82.552305, 22.837513], [82.553273, 22.850637], [82.53875, 22.880381], [82.52229, 22.903996], [82.487433, 22.912741], [82.451609, 22.910555], [82.40707, 22.90487], [82.385769, 22.89525], [82.356722, 22.876007], [82.326706, 22.853262], [82.302501, 22.823512], [82.27539, 22.80951], [82.235692, 22.805134], [82.217296, 22.812135], [82.195995, 22.829638], [82.197931, 22.875132], [82.199868, 22.896999], [82.195995, 22.927606], [82.196479, 22.977874], [82.179535, 23.0255], [82.170821, 23.04472], [82.152424, 23.072672], [82.147583, 23.094505], [82.129671, 23.114588], [82.125314, 23.13816], [82.117432, 23.146802], [82.15194, 23.181364], [82.173241, 23.209286], [82.192606, 23.263367], [82.192606, 23.322656], [82.182924, 23.37669], [82.15194, 23.421992], [82.097719, 23.439411], [82.070608, 23.446378], [82.014451, 23.456828], [81.966039, 23.465536], [81.919564, 23.467277], [81.867279, 23.47076], [81.816931, 23.48469], [81.776265, 23.50036], [81.689124, 23.510806], [81.632966, 23.510806], [81.574872, 23.495137], [81.534206, 23.481208], [81.497413, 23.469019], [81.472239, 23.481208], [81.470303, 23.502101], [81.483858, 23.535176], [81.485794, 23.5578], [81.481921, 23.575201], [81.452874, 23.580421], [81.425764, 23.587381], [81.425764, 23.609997], [81.437383, 23.649999], [81.458684, 23.676081], [81.489667, 23.683036], [81.524524, 23.688251], [81.555507, 23.70042], [81.55938, 23.712587], [81.551634, 23.736919], [81.536143, 23.756034], [81.510968, 23.77862], [81.483858, 23.81336], [81.481921, 23.849828], [81.497413, 23.874134], [81.541952, 23.87587], [81.600046, 23.856773], [81.636839, 23.83941], [81.677505, 23.8342], [81.718171, 23.823781], [81.76271, 23.822044], [81.824677, 23.8342], [81.857597, 23.827254], [81.929246, 23.816834], [82.000895, 23.823781], [82.037688, 23.81336], [82.099655, 23.799465], [82.161622, 23.789043], [82.219716, 23.789043], [82.301048, 23.794254], [82.34946, 23.795991], [82.40949, 23.799465], [82.446283, 23.811624], [82.47533, 23.827254], [82.523742, 23.849828], [82.54698, 23.86719], [82.583773, 23.898435], [82.618629, 23.914055], [82.667041, 23.922732], [82.725135, 23.922732], [82.769674, 23.919261], [82.827768, 23.914055], [82.87618, 23.914055], [82.9091, 23.917526], [82.938147, 23.933144], [82.96913, 23.952229], [82.992368, 23.973047], [83.023351, 23.992127], [83.048526, 23.995595], [83.091128, 23.999064], [83.118239, 24.012938], [83.116302, 24.056284], [83.137603, 24.092683], [83.174396, 24.113478], [83.213126, 24.120409], [83.240236, 24.120409], [83.284775, 24.101348], [83.323504, 24.064951], [83.383535, 24.016406], [83.439693, 23.967843], [83.453248, 23.938349], [83.460994, 23.893228], [83.46293, 23.860245], [83.482295, 23.83941], [83.517151, 23.820307], [83.588801, 23.801202], [83.639149, 23.787306], [83.695307, 23.783832], [83.751464, 23.764721], [83.782448, 23.731706], [83.788257, 23.686513], [83.782448, 23.616954], [83.774702, 23.571721], [83.776638, 23.533435], [83.801812, 23.502101], [83.836669, 23.456828], [83.887017, 23.42896], [83.908318, 23.395858], [83.919937, 23.359262], [83.947048, 23.331373], [83.952857, 23.3244], [83.981904, 23.3244], [83.997396, 23.31917], [84.007078, 23.298246], [84.003205, 23.259879], [83.997396, 23.191835], [84.010951, 23.172637], [84.036125, 23.155181], [84.053554, 23.139469], [84.069045, 23.113278], [84.070982, 23.080096], [84.074855, 23.067868], [84.098092, 23.057387], [84.111648, 23.045157], [84.123266, 23.020694], [84.123266, 22.994479], [84.127139, 22.968259], [84.148441, 22.94553], [84.18717, 22.924546], [84.222026, 22.896562], [84.227836, 22.879069], [84.229772, 22.861573], [84.239455, 22.842325], [84.258819, 22.816074], [84.254946, 22.795068], [84.218153, 22.74254], [84.213312, 22.719771], [84.209439, 22.696998], [84.211376, 22.663707], [84.211376, 22.639172], [84.205566, 22.612878], [84.197821, 22.595346], [84.182329, 22.569044], [84.161028, 22.551506], [84.126171, 22.532211], [84.102933, 22.514668], [84.081632, 22.498877], [84.058395, 22.483084], [84.031284, 22.460269], [84.011919, 22.447982], [83.986745, 22.439205], [83.957698, 22.433938], [83.932524, 22.416382], [83.922885, 22.38579], [83.920905, 22.379505], [83.915096, 22.347887], [83.911223, 22.316262], [83.909286, 22.281114], [83.895731, 22.267052], [83.866684, 22.247714], [83.837637, 22.23189], [83.793098, 22.210788], [83.750496, 22.191442], [83.713703, 22.17737], [83.661418, 22.145702], [83.653672, 22.094665], [83.6498, 21.985483], [83.624625, 21.994292], [83.564595, 22.011907], [83.55104, 21.994292], [83.55104, 21.976674], [83.564595, 21.934382], [83.560722, 21.881496], [83.560722, 21.853282], [83.564595, 21.825061], [83.599451, 21.823297], [83.630435, 21.818005], [83.64399, 21.80742], [83.64399, 21.780953], [83.64399, 21.768049], [83.64399, 21.752716], [83.634308, 21.729769], [83.622689, 21.710349], [83.599451, 21.685628], [83.58396, 21.660902], [83.570404, 21.637938], [83.541357, 21.623804], [83.489073, 21.607902], [83.440661, 21.569021], [83.421296, 21.496529], [83.421296, 21.420456], [83.415487, 21.383287], [83.407741, 21.362043], [83.390313, 21.335483], [83.355456, 21.328399], [83.303171, 21.321315], [83.270251, 21.321315], [83.247014, 21.308917], [83.2329, 21.298158]]], [[[81.126337, 21.762423], [81.103099, 21.754481], [81.067275, 21.743891], [81.035323, 21.732417], [80.981102, 21.717411], [80.942372, 21.702403], [80.879437, 21.702403], [80.814565, 21.710349], [80.785518, 21.715646], [80.792296, 21.745656], [80.802947, 21.773895], [80.815534, 21.806538], [80.827152, 21.8427], [80.846517, 21.882378], [80.867818, 21.907942], [80.895897, 21.939669], [80.924944, 21.957292], [80.959801, 21.985483], [80.984007, 22.00398], [81.007244, 22.0304], [81.014022, 22.092025], [81.011117, 22.150101], [81.007244, 22.231011], [80.987879, 22.273204], [81.000467, 22.285508], [81.016927, 22.306598], [81.037259, 22.32944], [81.045005, 22.347009], [81.056624, 22.369845], [81.068243, 22.39531], [81.075989, 22.431305], [81.068243, 22.465534], [81.074052, 22.491858], [81.084703, 22.514668], [81.110845, 22.526948], [81.136988, 22.513791], [81.145702, 22.479574], [81.148606, 22.447982], [81.14667, 22.409358], [81.160225, 22.378627], [81.174749, 22.332954], [81.195082, 22.307476], [81.227034, 22.281114], [81.255112, 22.244198], [81.281255, 22.210788], [81.296746, 22.180888], [81.323857, 22.158018], [81.353872, 22.136904], [81.373237, 22.099066], [81.412935, 22.042728], [81.42649, 22.013668], [81.425522, 21.987245], [81.411966, 21.957292], [81.407125, 21.928213], [81.396475, 21.90089], [81.362586, 21.865627], [81.338381, 21.849755], [81.312238, 21.827707], [81.302556, 21.804773], [81.319016, 21.794187], [81.346126, 21.784482], [81.363555, 21.77213], [81.39357, 21.762423], [81.417776, 21.760659], [81.401316, 21.735065], [81.385824, 21.720942], [81.365491, 21.692692], [81.361618, 21.66885], [81.36065, 21.630871], [81.36065, 21.61232], [81.349031, 21.591998], [81.331603, 21.58051], [81.314175, 21.570789], [81.295778, 21.564602], [81.277382, 21.571672], [81.248335, 21.591998], [81.204764, 21.591114], [81.16313, 21.595532], [81.139892, 21.611436], [81.116655, 21.629105], [81.120528, 21.660902], [81.139892, 21.678564], [81.149575, 21.7077], [81.135051, 21.737713], [81.126337, 21.762423]]], [[[80.497953, 20.707906], [80.502794, 20.752393], [80.495048, 20.780856], [80.473747, 20.814648], [80.446636, 20.859097], [80.426303, 20.887536], [80.401129, 20.938176], [80.416621, 20.954164], [80.446636, 20.969261], [80.464064, 20.981693], [80.47181, 21.012768], [80.478588, 21.058033], [80.487302, 21.081991], [80.51054, 21.100621], [80.541523, 21.125458], [80.563793, 21.144968], [80.589935, 21.175116], [80.613173, 21.205255], [80.63641, 21.22564], [80.65287, 21.259312], [80.670298, 21.298289], [80.66933, 21.323086], [80.677076, 21.354961], [80.678044, 21.395678], [80.711932, 21.413377], [80.74098, 21.425765], [80.770995, 21.439921], [80.810692, 21.45496], [80.867818, 21.469997], [80.905579, 21.481495], [80.94915, 21.485033], [81.006276, 21.482379], [81.04791, 21.466459], [81.088576, 21.431958], [81.109877, 21.400103], [81.127305, 21.376206], [81.14667, 21.346107], [81.151511, 21.320429], [81.154416, 21.285002], [81.160225, 21.222981], [81.162162, 21.191959], [81.154416, 21.164476], [81.148606, 21.134327], [81.158289, 21.10417], [81.16313, 21.077555], [81.165066, 21.036734], [81.156352, 21.021644], [81.140861, 21.004778], [81.122464, 20.987021], [81.100195, 20.971038], [81.076957, 20.956828], [81.055656, 20.9515], [81.032418, 20.942618], [81.014022, 20.92574], [80.996594, 20.910638], [80.974324, 20.891979], [80.946245, 20.868873], [80.923008, 20.835985], [80.900738, 20.815537], [80.882342, 20.795975], [80.857168, 20.77552], [80.838771, 20.75862], [80.801978, 20.743497], [80.769058, 20.729262], [80.747757, 20.721254], [80.727424, 20.715025], [80.699345, 20.712356], [80.665457, 20.707016], [80.62576, 20.694557], [80.589935, 20.694557], [80.542491, 20.705236], [80.497953, 20.707906]]], [[[77.152701, 21.929976], [77.084924, 21.924688], [77.060718, 21.928213], [77.033608, 21.938788], [76.994878, 21.958173], [76.978418, 21.974912], [76.991974, 21.99253], [77.000688, 22.006623], [77.013275, 22.027758], [77.01037, 22.055054], [76.992942, 22.077942], [76.987132, 22.104346], [77.004561, 22.137784], [77.03264, 22.15186], [77.060718, 22.1545], [77.104289, 22.141303], [77.147859, 22.165935], [77.183684, 22.158018], [77.211763, 22.136024], [77.226287, 22.104346], [77.220477, 22.078822], [77.22435, 22.034803], [77.216604, 22.01543], [77.173034, 21.969626], [77.152701, 21.929976]]]]}}, {"type": "Feature", "properties": {"POLY_ID": 8, "STATE_NAME": "Central Province And Berar", "NATIVE": 0}, "geometry": {"type": "MultiPolygon", "coordinates": [[[[75.857444, 22.080583], [75.904777, 22.022449], [75.914104, 21.978503], [75.909729, 21.962578], [75.906332, 21.937759], [75.873689, 21.932583], [75.805294, 21.968804], [75.776113, 22.004861], [75.73932, 22.020714], [75.723828, 22.041847], [75.718018, 22.068259], [75.731574, 22.096426], [75.754811, 22.108747], [75.785795, 22.105226], [75.820651, 22.098186], [75.84293, 22.087527], [75.857444, 22.080583]]], [[[82.117432, 23.146802], [82.125314, 23.13816], [82.129671, 23.114588], [82.147583, 23.094505], [82.152424, 23.072672], [82.170821, 23.04472], [82.179535, 23.0255], [82.196479, 22.977874], [82.195995, 22.927606], [82.199868, 22.896999], [82.197931, 22.875132], [82.195995, 22.829638], [82.217296, 22.812135], [82.235692, 22.805134], [82.27539, 22.80951], [82.302501, 22.823512], [82.326706, 22.853262], [82.356722, 22.876007], [82.385769, 22.89525], [82.40707, 22.90487], [82.451609, 22.910555], [82.487433, 22.912741], [82.52229, 22.903996], [82.53875, 22.880381], [82.553273, 22.850637], [82.552305, 22.837513], [82.525195, 22.799882], [82.515512, 22.772747], [82.528099, 22.739475], [82.557146, 22.723712], [82.580384, 22.709699], [82.623955, 22.694808], [82.704318, 22.676411], [82.766769, 22.665898], [82.789039, 22.662393], [82.841323, 22.648373], [82.868434, 22.634352], [82.911036, 22.623834], [82.943956, 22.625587], [83.004955, 22.621205], [83.023351, 22.611563], [83.087255, 22.579127], [83.111461, 22.566851], [83.110493, 22.537912], [83.110493, 22.518615], [83.107588, 22.480013], [83.102747, 22.465095], [83.090886, 22.44096], [83.082414, 22.415943], [83.068859, 22.394871], [83.042716, 22.356232], [83.047557, 22.325487], [83.061113, 22.307916], [83.083382, 22.288584], [83.099842, 22.263976], [83.099842, 22.236725], [83.092096, 22.218262], [83.081446, 22.196279], [83.076604, 22.174291], [83.069827, 22.158458], [83.048526, 22.133825], [83.026256, 22.095105], [82.998177, 22.077502], [82.979781, 22.076622], [82.947103, 22.079262], [82.918056, 22.085864], [82.894738, 22.082082], [82.873517, 22.0709], [82.854637, 22.053733], [82.841474, 22.023545], [82.815907, 22.008824], [82.794606, 21.975305], [82.825589, 21.956851], [82.856089, 21.924688], [82.861821, 21.893976], [82.866497, 21.86254], [82.893608, 21.854605], [82.924834, 21.851959], [82.955333, 21.85725], [82.982444, 21.871358], [83.031097, 21.860777], [83.052399, 21.836086], [83.081612, 21.801825], [83.084834, 21.772571], [83.079993, 21.759335], [83.05966, 21.72668], [83.049978, 21.707259], [83.037391, 21.693133], [83.024804, 21.675473], [83.006407, 21.667526], [82.982928, 21.665759], [82.959206, 21.65207], [82.958964, 21.604368], [82.958964, 21.574766], [82.957027, 21.550902], [82.95025, 21.53499], [82.946377, 21.511119], [82.953154, 21.48459], [82.964773, 21.463363], [82.971551, 21.446114], [82.975424, 21.428419], [82.982201, 21.395235], [82.994789, 21.3855], [83.015121, 21.381959], [83.062807, 21.380189], [83.102021, 21.378419], [83.127679, 21.37001], [83.160357, 21.350977], [83.202959, 21.319101], [83.2329, 21.298158], [83.212157, 21.282345], [83.186983, 21.266399], [83.146317, 21.236274], [83.109524, 21.216778], [83.078541, 21.197278], [83.043684, 21.207914], [83.001082, 21.22564], [82.956543, 21.22564], [82.904259, 21.227412], [82.848101, 21.223868], [82.817117, 21.21855], [82.782261, 21.220323], [82.753214, 21.238046], [82.729976, 21.268171], [82.700929, 21.289431], [82.666073, 21.284117], [82.646708, 21.259312], [82.648645, 21.223868], [82.664136, 21.184867], [82.693183, 21.135213], [82.710612, 21.087314], [82.72223, 21.034071], [82.714485, 20.989685], [82.712548, 20.950611], [82.716421, 20.902641], [82.733849, 20.859986], [82.734838, 20.830022], [82.735786, 20.80131], [82.72223, 20.762178], [82.726103, 20.730152], [82.751277, 20.703457], [82.757087, 20.658952], [82.75515, 20.616213], [82.733849, 20.584149], [82.712548, 20.530691], [82.706739, 20.500387], [82.706739, 20.468293], [82.72223, 20.43084], [82.737722, 20.416569], [82.784197, 20.416569], [82.828736, 20.413001], [82.832609, 20.380885], [82.834546, 20.334479], [82.824863, 20.300557], [82.819054, 20.250549], [82.82099, 20.193372], [82.832609, 20.154048], [82.822927, 20.134381], [82.79388, 20.118288], [82.751277, 20.107558], [82.72804, 20.091461], [82.708675, 20.052104], [82.708675, 20.010945], [82.72804, 19.964401], [82.747405, 19.916048], [82.747405, 19.880218], [82.710612, 19.844379], [82.65639, 19.779841], [82.614998, 19.760115], [82.614998, 19.781186], [82.605316, 19.811666], [82.547222, 19.831384], [82.460081, 19.831384], [82.431034, 19.845723], [82.376813, 19.899478], [82.310973, 19.940674], [82.245133, 19.940674], [82.198657, 19.944256], [82.177356, 19.987227], [82.144436, 20.030184], [82.10377, 20.067759], [82.053422, 20.085647], [82.003074, 20.087436], [81.952726, 20.076703], [81.929488, 20.048078], [81.907461, 20.018104], [81.906008, 19.980514], [81.877929, 19.994388], [81.857597, 20.021683], [81.836779, 20.062392], [81.830486, 20.114711], [81.826613, 20.146897], [81.82274, 20.200521], [81.807248, 20.241617], [81.776265, 20.277341], [81.7569, 20.318412], [81.72398, 20.373746], [81.708488, 20.39516], [81.69106, 20.409433], [81.656204, 20.425489], [81.605855, 20.441542], [81.588427, 20.439759], [81.547761, 20.434408], [81.52646, 20.434408], [81.458684, 20.436191], [81.43351, 20.441542], [81.379288, 20.446893], [81.321194, 20.432624], [81.280528, 20.418353], [81.245672, 20.405865], [81.220498, 20.393375], [81.187578, 20.371962], [81.139166, 20.354114], [81.052025, 20.336265], [80.967789, 20.288057], [80.942614, 20.277341], [80.907758, 20.261267], [80.870965, 20.23983], [80.843855, 20.221964], [80.79157, 20.195159], [80.766396, 20.188011], [80.723793, 20.168349], [80.688937, 20.145109], [80.656017, 20.112923], [80.62116, 20.082517], [80.599859, 20.062839], [80.563066, 20.039579], [80.543702, 19.982304], [80.532083, 19.923212], [80.52821, 19.907091], [80.52821, 19.89276], [80.5224, 19.867676], [80.493353, 19.856924], [80.46237, 19.85334], [80.450751, 19.847963], [80.431386, 19.83004], [80.423641, 19.812114], [80.421704, 19.799565], [80.412022, 19.763702], [80.404276, 19.742179], [80.406212, 19.727828], [80.439132, 19.713476], [80.46237, 19.71527], [80.485608, 19.731416], [80.512718, 19.742179], [80.541765, 19.742179], [80.566939, 19.731416], [80.584368, 19.713476], [80.615351, 19.70271], [80.640525, 19.70271], [80.671509, 19.693738], [80.69281, 19.673998], [80.69281, 19.65964], [80.69281, 19.634508], [80.690873, 19.580637], [80.694746, 19.573453], [80.723793, 19.548303], [80.756713, 19.524946], [80.779951, 19.503381], [80.795443, 19.48361], [80.814807, 19.472825], [80.839982, 19.463836], [80.8516, 19.454847], [80.845791, 19.426077], [80.838045, 19.411689], [80.810935, 19.402696], [80.781887, 19.384708], [80.770269, 19.364917], [80.764459, 19.346924], [80.774142, 19.325328], [80.793506, 19.303728], [80.814807, 19.287526], [80.839982, 19.264118], [80.85741, 19.233502], [80.855473, 19.222695], [80.841918, 19.217291], [80.816744, 19.217291], [80.793506, 19.220893], [80.762523, 19.2299], [80.721857, 19.231701], [80.702492, 19.215489], [80.687, 19.183059], [80.661826, 19.174049], [80.628906, 19.195672], [80.597923, 19.222695], [80.551448, 19.271321], [80.510782, 19.291126], [80.481735, 19.278523], [80.42945, 19.226297], [80.367483, 19.179455], [80.332626, 19.132595], [80.321008, 19.060467], [80.340372, 18.977468], [80.351991, 18.898024], [80.371356, 18.832986], [80.351991, 18.789608], [80.313262, 18.699188], [80.292574, 18.660529], [80.242934, 18.694706], [80.144725, 18.690717], [80.072137, 18.752535], [80.023033, 18.796387], [80.014493, 18.907939], [80.010223, 18.959696], [79.967524, 19.011432], [79.929095, 19.067123], [79.961119, 19.124775], [79.967524, 19.174454], [79.971794, 19.238014], [80.020898, 19.265811], [80.072137, 19.275737], [80.108431, 19.30551], [80.114836, 19.353132], [80.108431, 19.414616], [80.078542, 19.452285], [80.102026, 19.517682], [80.067867, 19.565221], [80.012358, 19.600864], [79.976064, 19.608783], [79.912015, 19.573143], [79.860776, 19.596904], [79.805267, 19.640455], [79.756163, 19.652329], [79.726274, 19.620661], [79.728409, 19.547396], [79.722004, 19.491923], [79.698519, 19.456249], [79.625931, 19.464178], [79.598176, 19.507775], [79.576827, 19.56126], [79.593906, 19.616702], [79.591771, 19.654308], [79.600311, 19.71762], [79.617391, 19.771014], [79.589636, 19.806597], [79.521318, 19.859952], [79.487158, 19.883658], [79.425245, 19.848098], [79.38468, 19.816479], [79.322767, 19.80462], [79.303552, 19.840194], [79.239503, 19.883658], [79.207479, 19.901435], [79.171185, 19.86983], [79.166915, 19.808574], [79.166915, 19.769037], [79.16478, 19.721576], [79.141295, 19.689925], [79.085786, 19.723554], [79.008928, 19.761128], [78.989713, 19.800667], [78.947014, 19.838218], [78.927799, 19.854025], [78.89364, 19.850074], [78.870155, 19.816479], [78.821051, 19.800667], [78.780487, 19.808574], [78.776217, 19.859952], [78.733518, 19.909335], [78.697224, 19.921184], [78.654525, 19.913285], [78.616095, 19.893535], [78.577666, 19.861928], [78.534967, 19.838218], [78.515752, 19.854025], [78.494403, 19.89551], [78.485863, 19.942904], [78.458108, 19.956724], [78.419679, 19.933032], [78.39406, 19.90736], [78.366305, 19.938955], [78.357765, 19.97449], [78.315066, 19.978437], [78.261692, 19.97449], [78.225398, 19.942904], [78.186969, 19.897485], [78.169889, 19.873782], [78.12719, 19.91131], [78.116515, 19.933032], [78.058871, 19.909335], [78.041792, 19.873782], [78.035387, 19.826361], [77.982013, 19.806597], [77.962798, 19.765082], [77.988418, 19.729487], [78.033252, 19.69586], [78.061006, 19.68399], [78.12292, 19.713664], [78.142135, 19.680033], [78.172024, 19.656287], [78.221128, 19.652329], [78.255287, 19.630558], [78.276637, 19.594924], [78.280907, 19.56126], [78.246748, 19.543434], [78.189104, 19.569182], [78.150675, 19.583044], [78.137865, 19.537492], [78.161349, 19.505794], [78.176294, 19.476069], [78.178429, 19.440391], [78.178429, 19.414616], [78.137865, 19.388836], [78.10584, 19.404701], [78.063141, 19.444355], [78.043927, 19.46616], [78.026847, 19.543434], [77.994823, 19.573143], [77.964933, 19.583044], [77.928639, 19.571162], [77.913694, 19.535511], [77.907289, 19.485978], [77.89021, 19.446338], [77.88594, 19.42453], [77.845375, 19.414616], [77.811216, 19.42453], [77.783462, 19.458231], [77.759977, 19.49985], [77.755707, 19.549377], [77.770652, 19.598884], [77.732223, 19.602844], [77.711941, 19.618681], [77.708738, 19.664203], [77.692726, 19.690914], [77.646824, 19.668161], [77.603058, 19.65134], [77.559291, 19.629568], [77.521929, 19.646392], [77.495242, 19.677065], [77.498445, 19.715642], [77.50912, 19.762117], [77.48777, 19.801656], [77.447206, 19.83229], [77.434396, 19.859952], [77.437598, 19.90341], [77.431194, 19.939942], [77.406642, 19.959685], [77.348998, 19.961659], [77.294556, 19.960672], [77.239047, 19.961659], [77.209158, 20.000147], [77.185673, 20.002121], [77.162189, 19.980411], [77.138704, 19.961659], [77.10668, 19.953762], [77.086398, 19.970542], [77.062913, 19.988306], [77.034091, 19.9962], [77.009539, 19.984359], [76.993527, 19.961659], [76.980717, 19.943891], [76.956165, 19.933032], [76.929478, 19.91526], [76.882509, 19.90341], [76.81627, 19.93337], [76.769312, 19.948797], [76.726061, 19.941369], [76.700111, 19.920226], [76.658096, 19.884216], [76.640795, 19.860775], [76.602487, 19.847624], [76.568505, 19.84648], [76.533904, 19.864206], [76.511043, 19.883073], [76.483856, 19.904794], [76.456052, 19.914511], [76.429484, 19.890504], [76.407858, 19.869352], [76.385615, 19.851627], [76.35225, 19.836187], [76.327535, 19.833899], [76.270073, 19.892219], [76.23609, 19.931655], [76.205197, 19.945369], [76.17245, 19.963081], [76.171214, 19.996212], [76.195929, 20.049888], [76.211376, 20.076147], [76.199018, 20.128647], [76.213847, 20.158882], [76.274398, 20.198233], [76.293552, 20.227311], [76.289227, 20.263221], [76.253391, 20.303108], [76.186043, 20.324756], [76.131052, 20.340705], [76.124256, 20.416433], [76.097687, 20.461393], [76.055672, 20.480169], [76.020454, 20.485858], [76.010568, 20.54046], [75.985235, 20.581395], [75.944456, 20.595037], [75.939018, 20.665629], [75.946764, 20.731486], [76.006795, 20.743942], [76.024223, 20.772407], [76.04746, 20.813314], [76.039715, 20.879094], [76.031969, 20.937732], [76.031969, 20.971482], [76.035842, 21.051378], [76.04746, 21.090419], [76.099745, 21.097516], [76.148157, 21.092194], [76.210124, 21.072675], [76.252726, 21.049603], [76.303074, 21.046053], [76.334058, 21.060252], [76.355359, 21.090419], [76.357296, 21.125901], [76.351486, 21.172013], [76.326312, 21.189743], [76.281773, 21.191516], [76.241107, 21.195062], [76.21206, 21.221652], [76.15203, 21.239376], [76.109427, 21.239376], [76.08619, 21.278359], [76.076507, 21.301388], [76.084253, 21.33504], [76.105554, 21.365141], [76.128792, 21.386385], [76.144284, 21.425322], [76.140411, 21.450094], [76.122983, 21.480168], [76.078444, 21.496087], [76.035842, 21.485475], [75.995176, 21.45894], [75.962014, 21.46469], [75.921348, 21.487686], [75.890364, 21.551344], [75.90392, 21.609669], [75.938776, 21.632638], [75.99687, 21.639705], [76.043345, 21.643238], [76.074329, 21.694457], [76.080138, 21.728004], [76.037536, 21.758011], [75.985251, 21.779189], [75.950395, 21.809184], [75.934903, 21.863863], [75.971696, 21.906179], [76.020108, 21.952005], [76.056901, 22.001338], [76.116931, 22.038325], [76.142105, 22.061216], [76.147915, 22.084103], [76.145978, 22.121066], [76.113058, 22.135145], [76.06271, 22.114027], [76.037536, 22.091145], [76.008489, 22.084103], [75.983315, 22.089385], [75.960077, 22.124586], [75.975569, 22.1545], [75.977505, 22.198477], [75.965887, 22.214305], [75.960077, 22.238923], [75.985251, 22.289902], [76.018171, 22.314505], [76.051091, 22.323291], [76.124677, 22.321534], [76.175025, 22.321534], [76.221501, 22.316262], [76.266039, 22.33559], [76.328006, 22.38653], [76.352212, 22.42516], [76.389005, 22.439205], [76.431608, 22.437449], [76.460655, 22.42516], [76.495511, 22.397067], [76.528431, 22.365454], [76.551669, 22.337347], [76.580716, 22.314505], [76.603953, 22.314505], [76.634937, 22.318019], [76.652365, 22.354914], [76.662048, 22.381261], [76.673666, 22.407602], [76.696904, 22.439205], [76.70465, 22.456758], [76.73757, 22.488349], [76.774363, 22.500632], [76.815029, 22.505895], [76.849885, 22.533965], [76.875059, 22.576058], [76.906043, 22.602359], [76.950582, 22.593593], [76.971883, 22.570797], [76.989311, 22.553259], [77.051278, 22.574305], [77.088071, 22.597099], [77.142292, 22.595346], [77.181022, 22.577812], [77.23137, 22.583072], [77.288496, 22.626902], [77.323352, 22.65845], [77.367891, 22.670717], [77.422112, 22.672469], [77.453096, 22.682982], [77.47246, 22.693494], [77.497634, 22.711013], [77.520872, 22.747794], [77.549919, 22.77406], [77.586712, 22.786315], [77.623505, 22.795068], [77.652552, 22.823075], [77.660298, 22.838825], [77.716455, 22.856324], [77.77455, 22.831825], [77.795851, 22.817824], [77.850072, 22.805571], [77.877182, 22.833575], [77.90623, 22.861573], [77.93334, 22.87557], [78.001117, 22.87557], [78.055338, 22.851075], [78.094067, 22.837075], [78.146352, 22.852825], [78.212192, 22.908806], [78.272222, 22.961266], [78.297396, 22.982244], [78.349681, 23.006714], [78.392283, 23.006714], [78.456187, 23.017199], [78.523963, 23.025937], [78.598518, 23.059134], [78.623692, 23.069615], [78.656612, 23.111532], [78.664358, 23.15169], [78.629501, 23.1674], [78.600454, 23.198816], [78.594645, 23.21452], [78.594645, 23.245924], [78.598518, 23.291271], [78.590772, 23.310452], [78.561725, 23.31917], [78.513313, 23.326143], [78.478456, 23.33486], [78.439727, 23.355777], [78.431981, 23.395858], [78.441663, 23.409797], [78.484266, 23.415023], [78.507503, 23.42025], [78.519122, 23.442895], [78.507503, 23.460311], [78.507503, 23.48469], [78.534614, 23.502101], [78.581089, 23.503842], [78.592708, 23.540397], [78.581089, 23.585641], [78.534614, 23.606517], [78.466838, 23.569981], [78.399061, 23.550839], [78.337094, 23.559541], [78.298365, 23.622173], [78.294492, 23.653477], [78.296428, 23.702158], [78.249953, 23.712587], [78.176367, 23.691728], [78.172494, 23.712587], [78.162812, 23.780357], [78.178304, 23.823781], [78.217033, 23.851564], [78.242207, 23.888021], [78.249953, 23.91232], [78.244144, 23.934879], [78.215096, 23.941819], [78.172494, 23.959169], [78.172494, 23.99733], [78.149257, 24.035479], [78.100845, 24.030278], [78.054369, 24.038947], [78.025322, 24.061484], [78.021449, 24.111745], [78.036941, 24.1412], [78.035005, 24.205283], [78.029195, 24.253758], [78.04856, 24.267605], [78.091162, 24.274527], [78.137638, 24.276258], [78.145384, 24.319516], [78.142479, 24.418092], [78.173462, 24.419821], [78.212192, 24.419821], [78.256731, 24.418092], [78.270286, 24.414634], [78.349681, 24.385242], [78.372919, 24.359301], [78.405839, 24.331626], [78.448441, 24.322976], [78.479425, 24.324706], [78.541392, 24.328166], [78.560756, 24.316056], [78.597549, 24.269335], [78.626596, 24.250296], [78.669199, 24.243372], [78.68469, 24.224329], [78.721483, 24.187966], [78.775705, 24.193162], [78.820243, 24.189698], [78.837672, 24.186235], [78.880274, 24.19143], [78.895766, 24.207015], [78.899639, 24.264143], [78.895766, 24.295293], [78.911257, 24.324706], [78.928179, 24.357171], [78.940811, 24.3814], [78.955197, 24.402756], [78.971288, 24.423278], [79.0197, 24.43365], [79.064239, 24.43365], [79.099095, 24.419821], [79.11846, 24.397345], [79.116523, 24.374866], [79.08554, 24.345464], [79.073921, 24.326436], [79.075857, 24.286641], [79.071984, 24.246834], [79.035192, 24.227792], [79.004208, 24.198357], [79.008081, 24.167183], [79.01389, 24.130805], [79.041001, 24.104814], [79.097159, 24.087484], [79.15138, 24.08575], [79.221093, 24.080551], [79.242394, 24.089217], [79.279187, 24.118676], [79.312107, 24.155058], [79.323726, 24.19143], [79.321789, 24.23991], [79.333408, 24.269335], [79.352773, 24.316056], [79.385693, 24.357572], [79.406994, 24.3887], [79.44766, 24.409448], [79.478643, 24.393887], [79.517373, 24.393887], [79.554165, 24.378325], [79.598704, 24.3887], [79.660671, 24.412906], [79.703274, 24.419821], [79.722638, 24.404261], [79.726511, 24.366219], [79.722638, 24.314326], [79.720702, 24.276258], [79.712956, 24.248565], [79.70521, 24.220866], [79.689718, 24.168915], [79.658735, 24.130805], [79.654862, 24.104814], [79.654862, 24.063218], [79.654862, 24.02681], [79.676163, 23.993861], [79.699401, 23.955699], [79.740067, 23.919261], [79.753622, 23.870662], [79.772987, 23.832464], [79.798161, 23.795991], [79.827208, 23.801202], [79.850445, 23.815097], [79.881429, 23.844619], [79.908539, 23.898435], [79.933714, 23.922732], [79.976316, 23.948759], [80.016982, 23.926203], [80.044092, 23.924467], [80.094441, 23.940084], [80.121551, 23.971312], [80.154471, 23.979985], [80.210629, 23.957434], [80.259041, 23.948759], [80.299706, 23.948759], [80.326817, 23.947024], [80.353928, 23.919261], [80.377165, 23.905378], [80.406212, 23.934879], [80.448815, 23.955699], [80.493353, 23.974781], [80.524337, 24.004267], [80.56113, 24.025076], [80.599859, 24.012938], [80.628906, 24.009469], [80.685064, 24.033745], [80.731539, 24.059751], [80.783824, 24.092683], [80.822553, 24.110012], [80.85741, 24.106547], [80.888393, 24.089217], [80.894203, 24.059751], [80.886457, 24.032012], [80.847727, 24.014672], [80.807062, 23.988658], [80.79157, 23.962638], [80.783824, 23.91232], [80.799316, 23.764721], [80.801252, 23.721278], [80.797379, 23.68999], [80.783824, 23.665649], [80.754777, 23.656955], [80.702492, 23.665649], [80.656017, 23.683036], [80.590177, 23.71954], [80.553384, 23.698682], [80.526273, 23.665649], [80.503036, 23.630869], [80.46237, 23.603038], [80.410085, 23.5578], [80.384911, 23.522991], [80.386848, 23.481208], [80.402339, 23.425476], [80.443005, 23.388888], [80.473989, 23.371462], [80.549511, 23.385403], [80.605669, 23.402828], [80.632779, 23.371462], [80.623097, 23.3244], [80.607605, 23.261623], [80.616319, 23.226734], [80.656985, 23.223244], [80.691842, 23.230223], [80.730571, 23.261623], [80.734444, 23.273832], [80.765427, 23.336603], [80.784792, 23.359262], [80.813839, 23.364491], [80.848696, 23.373205], [80.866124, 23.362748], [80.866124, 23.33486], [80.864187, 23.296503], [80.86806, 23.263367], [80.887425, 23.230223], [80.904853, 23.21452], [80.955202, 23.21452], [80.988122, 23.230223], [81.017169, 23.231968], [81.026851, 23.2215], [81.050089, 23.184854], [81.086881, 23.172637], [81.110119, 23.165655], [81.13142, 23.149944], [81.13142, 23.132486], [81.112056, 23.104547], [81.094627, 23.080096], [81.063644, 23.048651], [81.040406, 22.997975], [81.042343, 22.968259], [81.063644, 22.936787], [81.110119, 22.910555], [81.146912, 22.90006], [81.201133, 22.891314], [81.251481, 22.893063], [81.290211, 22.884317], [81.332813, 22.852825], [81.354114, 22.830075], [81.375416, 22.802071], [81.418018, 22.763554], [81.464493, 22.75655], [81.509032, 22.758301], [81.557444, 22.753048], [81.59811, 22.728529], [81.640712, 22.711013], [81.681378, 22.732032], [81.694933, 22.740789], [81.702679, 22.782814], [81.702679, 22.819574], [81.712361, 22.868572], [81.722044, 22.894813], [81.760773, 22.894813], [81.787884, 22.884317], [81.811121, 22.877319], [81.838232, 22.886066], [81.859533, 22.905308], [81.865342, 22.938536], [81.859533, 22.982244], [81.871152, 23.032926], [81.907945, 23.069615], [81.946674, 23.074855], [82.024133, 23.099308], [82.117084, 23.146453], [82.117432, 23.146802]], [[80.497953, 20.707906], [80.542491, 20.705236], [80.589935, 20.694557], [80.62576, 20.694557], [80.665457, 20.707016], [80.699345, 20.712356], [80.727424, 20.715025], [80.747757, 20.721254], [80.769058, 20.729262], [80.801978, 20.743497], [80.838771, 20.75862], [80.857168, 20.77552], [80.882342, 20.795975], [80.900738, 20.815537], [80.923008, 20.835985], [80.946245, 20.868873], [80.974324, 20.891979], [80.996594, 20.910638], [81.014022, 20.92574], [81.032418, 20.942618], [81.055656, 20.9515], [81.076957, 20.956828], [81.100195, 20.971038], [81.122464, 20.987021], [81.140861, 21.004778], [81.156352, 21.021644], [81.165066, 21.036734], [81.16313, 21.077555], [81.158289, 21.10417], [81.148606, 21.134327], [81.154416, 21.164476], [81.162162, 21.191959], [81.160225, 21.222981], [81.154416, 21.285002], [81.151511, 21.320429], [81.14667, 21.346107], [81.127305, 21.376206], [81.109877, 21.400103], [81.088576, 21.431958], [81.04791, 21.466459], [81.006276, 21.482379], [80.94915, 21.485033], [80.905579, 21.481495], [80.867818, 21.469997], [80.810692, 21.45496], [80.770995, 21.439921], [80.74098, 21.425765], [80.711932, 21.413377], [80.678044, 21.395678], [80.677076, 21.354961], [80.66933, 21.323086], [80.670298, 21.298289], [80.65287, 21.259312], [80.63641, 21.22564], [80.613173, 21.205255], [80.589935, 21.175116], [80.563793, 21.144968], [80.541523, 21.125458], [80.51054, 21.100621], [80.487302, 21.081991], [80.478588, 21.058033], [80.47181, 21.012768], [80.464064, 20.981693], [80.446636, 20.969261], [80.416621, 20.954164], [80.401129, 20.938176], [80.426303, 20.887536], [80.446636, 20.859097], [80.473747, 20.814648], [80.495048, 20.780856], [80.502794, 20.752393], [80.497953, 20.707906]], [[81.126337, 21.762423], [81.135051, 21.737713], [81.149575, 21.7077], [81.139892, 21.678564], [81.120528, 21.660902], [81.116655, 21.629105], [81.139892, 21.611436], [81.16313, 21.595532], [81.204764, 21.591114], [81.248335, 21.591998], [81.277382, 21.571672], [81.295778, 21.564602], [81.314175, 21.570789], [81.331603, 21.58051], [81.349031, 21.591998], [81.36065, 21.61232], [81.36065, 21.630871], [81.361618, 21.66885], [81.365491, 21.692692], [81.385824, 21.720942], [81.401316, 21.735065], [81.417776, 21.760659], [81.39357, 21.762423], [81.363555, 21.77213], [81.346126, 21.784482], [81.319016, 21.794187], [81.302556, 21.804773], [81.312238, 21.827707], [81.338381, 21.849755], [81.362586, 21.865627], [81.396475, 21.90089], [81.407125, 21.928213], [81.411966, 21.957292], [81.425522, 21.987245], [81.42649, 22.013668], [81.412935, 22.042728], [81.373237, 22.099066], [81.353872, 22.136904], [81.323857, 22.158018], [81.296746, 22.180888], [81.281255, 22.210788], [81.255112, 22.244198], [81.227034, 22.281114], [81.195082, 22.307476], [81.174749, 22.332954], [81.160225, 22.378627], [81.14667, 22.409358], [81.148606, 22.447982], [81.145702, 22.479574], [81.136988, 22.513791], [81.110845, 22.526948], [81.084703, 22.514668], [81.074052, 22.491858], [81.068243, 22.465534], [81.075989, 22.431305], [81.068243, 22.39531], [81.056624, 22.369845], [81.045005, 22.347009], [81.037259, 22.32944], [81.016927, 22.306598], [81.000467, 22.285508], [80.987879, 22.273204], [81.007244, 22.231011], [81.011117, 22.150101], [81.014022, 22.092025], [81.007244, 22.0304], [80.984007, 22.00398], [80.959801, 21.985483], [80.924944, 21.957292], [80.895897, 21.939669], [80.867818, 21.907942], [80.846517, 21.882378], [80.827152, 21.8427], [80.815534, 21.806538], [80.802947, 21.773895], [80.792296, 21.745656], [80.785518, 21.715646], [80.814565, 21.710349], [80.879437, 21.702403], [80.942372, 21.702403], [80.981102, 21.717411], [81.035323, 21.732417], [81.067275, 21.743891], [81.103099, 21.754481], [81.126337, 21.762423]], [[77.152701, 21.929976], [77.173034, 21.969626], [77.216604, 22.01543], [77.22435, 22.034803], [77.220477, 22.078822], [77.226287, 22.104346], [77.211763, 22.136024], [77.183684, 22.158018], [77.147859, 22.165935], [77.104289, 22.141303], [77.060718, 22.1545], [77.03264, 22.15186], [77.004561, 22.137784], [76.987132, 22.104346], [76.992942, 22.077942], [77.01037, 22.055054], [77.013275, 22.027758], [77.000688, 22.006623], [76.991974, 21.99253], [76.978418, 21.974912], [76.994878, 21.958173], [77.033608, 21.938788], [77.060718, 21.928213], [77.084924, 21.924688], [77.152701, 21.929976]]]]}}, {"type": "Feature", "properties": {"POLY_ID": 11, "STATE_NAME": "Bihar And Orissa", "NATIVE": 1}, "geometry": {"type": "MultiPolygon", "coordinates": [[[[82.734838, 20.830022], [82.769916, 20.831874], [82.810098, 20.841208], [82.829619, 20.846291], [82.855605, 20.845208], [82.881263, 20.838986], [82.907889, 20.840319], [82.934032, 20.834541], [82.970825, 20.83054], [82.994546, 20.82654], [83.016332, 20.828318], [83.033276, 20.838541], [83.05022, 20.851875], [83.068616, 20.862985], [83.094759, 20.863874], [83.129615, 20.858097], [83.148012, 20.845653], [83.17367, 20.826095], [83.201749, 20.810091], [83.221598, 20.812314], [83.233701, 20.822539], [83.260811, 20.836319], [83.287438, 20.844319], [83.303898, 20.848764], [83.318421, 20.856319], [83.323262, 20.875428], [83.316969, 20.888313], [83.304866, 20.895422], [83.287438, 20.904751], [83.260327, 20.91719], [83.228375, 20.942507], [83.224502, 20.950944], [83.218693, 20.982914], [83.227891, 20.993569], [83.249676, 21.008218], [83.268073, 21.024196], [83.293731, 21.025528], [83.334397, 21.017095], [83.357635, 21.011769], [83.413066, 20.999784], [83.456637, 20.988686], [83.468255, 20.983802], [83.484231, 20.978474], [83.505533, 20.970927], [83.537968, 20.965598], [83.561206, 20.96693], [83.591705, 20.968706], [83.641085, 20.970483], [83.684656, 20.970927], [83.71806, 20.974035], [83.744202, 20.981138], [83.764051, 20.988242], [83.787289, 20.999784], [83.814884, 21.012657], [83.836185, 21.025972], [83.859422, 21.041948], [83.881692, 21.053929], [83.898152, 21.064134], [83.909771, 21.07212], [83.937849, 21.082324], [83.941722, 21.083654], [83.979726, 21.087203], [84.012646, 21.082324], [84.04024, 21.072564], [84.060573, 21.054816], [84.068319, 21.045498], [84.08139, 21.042836], [84.102207, 21.053042], [84.127866, 21.065465], [84.15546, 21.077], [84.170468, 21.087647], [84.186444, 21.101398], [84.206293, 21.114703], [84.222268, 21.127564], [84.230498, 21.139093], [84.243086, 21.156385], [84.259061, 21.177221], [84.263418, 21.190076], [84.272617, 21.206474], [84.27649, 21.21711], [84.274069, 21.22996], [84.244054, 21.250784], [84.224689, 21.263188], [84.214038, 21.274262], [84.197578, 21.289763], [84.181603, 21.307035], [84.175793, 21.320761], [84.165627, 21.338471], [84.154008, 21.359276], [84.154492, 21.372997], [84.151103, 21.389372], [84.146262, 21.403532], [84.139968, 21.450426], [84.12835, 21.48448], [84.131738, 21.501282], [84.141421, 21.522061], [84.149651, 21.536206], [84.162238, 21.557863], [84.172888, 21.574213], [84.183055, 21.587469], [84.197094, 21.603374], [84.215491, 21.648869], [84.216943, 21.668298], [84.223237, 21.681544], [84.22953, 21.702293], [84.233403, 21.72039], [84.236792, 21.739368], [84.240665, 21.751723], [84.244538, 21.790107], [84.24357, 21.820982], [84.241149, 21.832889], [84.218396, 21.830684], [84.203388, 21.822746], [84.181603, 21.821423], [84.14481, 21.822746], [84.125445, 21.829361], [84.104144, 21.835534], [84.079454, 21.840826], [84.065899, 21.842149], [84.032979, 21.83818], [84.005868, 21.830243], [83.985535, 21.818777], [83.970043, 21.811279], [83.951163, 21.798929], [83.913886, 21.797606], [83.895005, 21.801576], [83.86741, 21.810838], [83.847077, 21.815689], [83.832554, 21.815689], [83.804475, 21.810838], [83.779785, 21.800693], [83.746865, 21.782608], [83.71104, 21.777314], [83.693128, 21.771137], [83.662629, 21.768049], [83.64399, 21.768049], [83.64399, 21.780953], [83.64399, 21.80742], [83.630435, 21.818005], [83.599451, 21.823297], [83.564595, 21.825061], [83.560722, 21.853282], [83.560722, 21.881496], [83.564595, 21.934382], [83.55104, 21.976674], [83.55104, 21.994292], [83.564595, 22.011907], [83.624625, 21.994292], [83.6498, 21.985483], [83.653672, 22.094665], [83.661418, 22.145702], [83.713703, 22.17737], [83.750496, 22.191442], [83.793098, 22.210788], [83.837637, 22.23189], [83.866684, 22.247714], [83.895731, 22.267052], [83.909286, 22.281114], [83.911223, 22.316262], [83.915096, 22.347887], [83.920905, 22.379505], [83.922885, 22.38579], [83.95552, 22.383676], [84.019423, 22.35733], [84.065899, 22.309892], [84.110437, 22.265953], [84.184507, 22.237385], [84.244054, 22.237824], [84.306021, 22.248373], [84.352496, 22.26068], [84.404781, 22.274742], [84.453193, 22.278258], [84.493011, 22.275182], [84.551952, 22.26068], [84.604237, 22.248373], [84.654585, 22.239583], [84.695251, 22.225516], [84.745599, 22.209689], [84.784329, 22.195619], [84.832741, 22.19386], [84.875343, 22.195619], [84.908263, 22.204413], [84.923755, 22.213206], [84.950865, 22.232549], [84.981849, 22.244857], [85.008959, 22.255516], [85.04551, 22.255425], [85.045026, 22.166705], [85.0443, 22.118646], [85.048173, 22.080803], [85.053014, 22.048671], [85.068022, 22.007283], [85.091259, 22.005081], [85.116918, 22.011246], [85.150322, 22.018292], [85.203091, 22.027098], [85.232138, 22.015209], [85.261669, 21.999797], [85.271351, 21.991869], [85.288779, 21.98218], [85.31008, 21.983061], [85.337191, 21.979537], [85.372532, 21.960155], [85.393349, 21.944295], [85.408356, 21.925349], [85.431594, 21.915654], [85.469839, 21.912569], [85.485331, 21.913451], [85.511473, 21.920502], [85.533259, 21.928433], [85.550687, 21.935483], [85.57102, 21.946058], [85.591837, 21.953547], [85.611686, 21.961917], [85.633955, 21.971168], [85.657677, 21.987025], [85.683819, 21.993631], [85.709962, 21.99275], [85.73804, 21.987465], [85.751112, 21.978216], [85.764667, 21.963239], [85.775317, 21.950904], [85.782095, 21.935924], [85.788389, 21.902433], [85.797103, 21.879072], [85.798555, 21.856589], [85.841884, 21.872019], [85.854471, 21.890533], [85.865605, 21.905959], [85.877708, 21.925789], [85.885938, 21.941211], [85.891264, 21.957072], [85.898041, 21.978656], [85.917406, 21.984382], [85.944032, 21.988786], [85.965334, 21.995393], [85.982762, 22.005081], [85.996317, 22.018292], [86.002611, 22.035904], [86.006968, 22.063637], [86.002611, 22.116887], [86.004547, 22.167035], [86.007936, 22.229472], [86.002126, 22.275621], [86.010356, 22.325707], [86.041824, 22.318239], [86.071839, 22.293637], [86.095077, 22.26024], [86.127029, 22.254087], [86.150751, 22.241341], [86.181734, 22.20881], [86.204488, 22.185945], [86.229178, 22.170993], [86.246606, 22.156919], [86.291629, 22.159118], [86.318255, 22.167914], [86.347302, 22.174072], [86.377802, 22.172312], [86.424761, 22.171433], [86.44703, 22.160877], [86.463006, 22.147242], [86.47995, 22.124806], [86.493506, 22.111607], [86.507545, 22.093565], [86.518196, 22.081683], [86.532719, 22.067159], [86.540949, 22.055714], [86.550147, 22.049551], [86.597349, 22.021374], [86.616714, 22.011246], [86.636562, 22.007283], [86.652538, 22.007283], [86.679165, 22.010366], [86.69272, 22.01609], [86.708696, 22.024016], [86.721283, 22.027538], [86.730965, 22.034143], [86.735807, 22.045589], [86.735807, 22.062757], [86.734354, 22.078602], [86.727092, 22.091365], [86.721767, 22.108527], [86.723704, 22.118646], [86.721767, 22.134925], [86.716442, 22.141083], [86.711601, 22.156479], [86.710148, 22.17671], [86.711117, 22.192981], [86.719831, 22.211448], [86.728061, 22.222878], [86.739679, 22.230352], [86.754203, 22.236945], [86.773673, 22.246057], [86.80092, 22.225956], [86.828031, 22.20837], [86.853205, 22.192541], [86.876443, 22.17671], [86.907426, 22.164396], [86.951965, 22.148561], [86.975203, 22.116887], [87.019741, 22.074641], [87.017805, 21.931958], [87.021678, 21.903755], [87.03136, 21.887888], [87.046852, 21.875545], [87.06428, 21.868492], [87.057018, 21.79926], [87.047336, 21.734844], [87.03959, 21.672162], [87.008607, 21.623584], [86.974961, 21.614528], [86.94083, 21.613866], [86.929211, 21.605914], [86.928243, 21.574103], [86.909847, 21.533443], [86.885641, 21.513109], [86.857562, 21.504266], [86.811087, 21.496308], [86.802373, 21.489233], [86.785913, 21.468007], [86.767516, 21.445008], [86.758802, 21.425544], [86.747183, 21.398997], [86.731692, 21.375985], [86.713295, 21.362707], [86.701676, 21.336147], [86.675534, 21.319322], [86.652296, 21.305153], [86.627122, 21.290981], [86.591297, 21.285667], [86.547727, 21.284781], [86.488665, 21.283009], [86.450903, 21.272379], [86.413142, 21.256432], [86.369572, 21.23428], [86.336652, 21.216556], [86.313414, 21.204147], [86.297922, 21.179327], [86.278558, 21.158935], [86.265002, 21.136765], [86.252415, 21.105722], [86.265002, 21.070234], [86.277589, 21.038287], [86.28824, 21.016984], [86.279526, 20.99479], [86.261129, 20.963711], [86.235955, 20.947725], [86.20594, 20.953054], [86.170115, 20.967263], [86.144941, 20.978807], [86.112021, 20.993014], [86.088783, 20.987687], [86.051991, 20.977032], [86.022943, 20.966375], [85.989055, 20.963711], [85.949358, 20.986799], [85.921279, 21.000117], [85.877708, 21.001892], [85.842852, 20.991238], [85.815741, 20.977032], [85.783789, 20.966375], [85.760552, 20.961935], [85.750869, 20.947725], [85.758615, 20.901531], [85.763457, 20.865985], [85.783789, 20.81976], [85.792504, 20.800199], [85.815741, 20.777966], [85.84382, 20.77174], [85.859312, 20.783302], [85.877708, 20.801088], [85.897073, 20.79842], [85.923215, 20.787749], [85.937739, 20.787749], [85.956135, 20.795752], [85.981309, 20.802866], [86.012293, 20.805534], [86.027785, 20.800199], [86.042308, 20.782413], [86.047149, 20.766403], [86.038435, 20.745943], [86.027785, 20.732598], [86.004547, 20.720142], [85.978405, 20.708574], [85.957104, 20.692555], [85.949358, 20.679204], [85.964849, 20.646266], [85.982278, 20.610647], [85.974532, 20.586599], [85.949358, 20.562546], [85.923215, 20.54027], [85.896105, 20.5171], [85.86028, 20.495708], [85.815741, 20.476095], [85.780885, 20.450237], [85.747965, 20.430617], [85.71214, 20.417238], [85.682125, 20.408318], [85.642427, 20.394937], [85.61338, 20.38423], [85.575619, 20.379769], [85.538826, 20.379769], [85.523334, 20.379769], [85.4817, 20.344074], [85.43813, 20.328008], [85.385845, 20.31194], [85.35583, 20.303012], [85.344211, 20.289619], [85.348084, 20.253005], [85.336465, 20.230674], [85.321941, 20.212806], [85.302577, 20.187787], [85.304513, 20.169019], [85.337433, 20.170807], [85.375194, 20.170807], [85.397464, 20.153824], [85.409083, 20.129687], [85.42409, 20.105546], [85.425543, 20.07961], [85.435225, 20.046512], [85.446844, 20.020565], [85.459431, 19.998192], [85.456526, 19.968653], [85.435225, 19.943584], [85.400853, 19.931944], [85.356314, 19.948957], [85.315648, 19.963282], [85.273045, 19.961491], [85.235284, 19.961491], [85.207206, 19.957015], [85.179127, 19.935525], [85.161698, 19.913137], [85.141366, 19.892536], [85.113287, 19.883578], [85.090049, 19.872827], [85.075476, 19.866234], [85.071635, 19.874211], [84.991312, 19.915368], [84.914696, 19.995355], [84.914696, 20.050174], [84.947476, 20.099957], [84.941667, 20.183989], [84.908747, 20.212583], [84.840971, 20.191138], [84.800305, 20.1965], [84.751893, 20.239384], [84.709291, 20.225091], [84.689926, 20.189351], [84.68218, 20.098168], [84.668625, 20.067759], [84.626022, 20.058813], [84.575674, 20.074914], [84.573738, 20.132146], [84.552437, 20.166115], [84.51758, 20.194713], [84.527262, 20.251889], [84.52339, 20.314395], [84.48466, 20.348314], [84.452563, 20.332877], [84.448351, 20.370066], [84.445931, 20.39148], [84.427534, 20.419134], [84.409138, 20.437863], [84.388079, 20.450348], [84.361936, 20.453915], [84.324659, 20.443214], [84.299969, 20.43162], [84.267533, 20.422701], [84.20363, 20.418688], [84.151345, 20.415566], [84.116973, 20.423593], [84.099545, 20.437863], [84.05549, 20.453024], [84.028379, 20.463278], [83.978999, 20.477989], [83.938818, 20.473086], [83.912191, 20.461495], [83.868137, 20.440093], [83.823114, 20.418688], [83.790194, 20.395494], [83.788741, 20.363819], [83.778091, 20.334368], [83.79213, 20.322764], [83.822145, 20.316961], [83.857002, 20.301338], [83.896215, 20.287052], [83.915822, 20.276337], [83.948258, 20.263388], [83.974884, 20.247758], [83.995217, 20.224979], [84.017848, 20.198537], [83.998606, 20.191138], [83.944385, 20.194713], [83.919211, 20.1965], [83.895973, 20.167902], [83.845625, 20.124993], [83.812705, 20.087436], [83.770103, 20.046289], [83.73331, 20.021236], [83.702326, 20.021236], [83.657787, 20.053446], [83.622931, 20.06597], [83.575487, 20.051657], [83.540631, 20.005128], [83.51933, 19.965743], [83.503838, 19.920973], [83.482537, 19.899478], [83.430252, 19.894104], [83.407015, 19.876187], [83.408951, 19.838554], [83.426379, 19.795531], [83.451553, 19.752492], [83.428316, 19.720204], [83.389586, 19.684317], [83.391523, 19.614309], [83.377968, 19.589168], [83.316001, 19.580188], [83.252097, 19.569411], [83.230796, 19.520903], [83.240478, 19.447205], [83.248224, 19.411239], [83.300509, 19.416635], [83.350857, 19.400447], [83.364412, 19.364468], [83.356666, 19.333877], [83.331492, 19.310478], [83.298572, 19.278073], [83.290826, 19.251062], [83.32181, 19.206031], [83.312128, 19.168192], [83.265652, 19.119525], [83.217241, 19.074445], [83.15721, 19.032957], [83.110735, 19.038369], [83.05845, 19.081659], [83.023594, 19.117722], [82.967436, 19.157379], [82.957754, 19.197023], [82.955817, 19.261867], [82.942262, 19.296077], [82.907405, 19.308678], [82.843502, 19.308678], [82.802836, 19.326678], [82.804772, 19.378861], [82.791217, 19.409441], [82.744742, 19.416635], [82.704076, 19.440013], [82.684711, 19.493945], [82.661474, 19.538871], [82.626617, 19.569411], [82.607252, 19.610718], [82.607252, 19.678934], [82.614998, 19.738143], [82.614998, 19.760115], [82.65639, 19.779841], [82.710612, 19.844379], [82.747405, 19.880218], [82.747405, 19.916048], [82.72804, 19.964401], [82.708675, 20.010945], [82.708675, 20.052104], [82.72804, 20.091461], [82.751277, 20.107558], [82.79388, 20.118288], [82.822927, 20.134381], [82.832609, 20.154048], [82.82099, 20.193372], [82.819054, 20.250549], [82.824863, 20.300557], [82.834546, 20.334479], [82.832609, 20.380885], [82.828736, 20.413001], [82.784197, 20.416569], [82.737722, 20.416569], [82.72223, 20.43084], [82.706739, 20.468293], [82.706739, 20.500387], [82.712548, 20.530691], [82.733849, 20.584149], [82.75515, 20.616213], [82.757087, 20.658952], [82.751277, 20.703457], [82.726103, 20.730152], [82.72223, 20.762178], [82.735786, 20.80131], [82.734838, 20.830022]], [[84.975071, 20.444106], [84.995404, 20.453024], [85.016705, 20.463724], [85.035102, 20.474423], [85.071895, 20.50295], [85.088355, 20.512755], [85.099973, 20.52345], [85.109656, 20.542164], [85.123211, 20.567112], [85.136766, 20.592055], [85.149353, 20.611649], [85.158068, 20.624116], [85.162909, 20.642815], [85.162909, 20.664182], [85.168718, 20.686436], [85.179369, 20.698896], [85.188083, 20.713134], [85.191956, 20.73004], [85.195829, 20.754951], [85.195829, 20.779856], [85.183242, 20.799421], [85.161941, 20.814537], [85.132893, 20.83054], [85.099005, 20.836763], [85.075768, 20.844764], [85.045752, 20.856319], [85.016705, 20.865207], [84.990563, 20.873206], [84.968294, 20.897199], [84.957643, 20.909638], [84.941183, 20.937177], [84.938278, 20.957605], [84.935374, 20.975367], [84.934405, 20.993125], [84.927628, 21.009106], [84.92085, 21.025972], [84.911168, 21.048161], [84.896644, 21.066796], [84.879216, 21.085429], [84.859851, 21.098736], [84.837582, 21.103172], [84.810471, 21.092526], [84.783361, 21.095188], [84.766901, 21.104059], [84.744631, 21.109381], [84.729139, 21.108494], [84.716552, 21.102285], [84.693315, 21.092526], [84.672014, 21.078331], [84.658458, 21.066796], [84.648776, 21.05171], [84.637157, 21.035735], [84.632316, 21.022421], [84.641998, 21.005555], [84.667172, 20.978918], [84.69041, 20.957605], [84.707838, 20.944283], [84.725267, 20.930959], [84.750441, 20.900753], [84.763028, 20.891868], [84.769805, 20.857208], [84.774647, 20.834985], [84.778519, 20.81098], [84.775615, 20.78786], [84.767869, 20.778966], [84.738822, 20.740717], [84.732044, 20.725592], [84.720425, 20.701566], [84.708807, 20.692666], [84.735917, 20.659731], [84.741727, 20.647267], [84.749472, 20.633021], [84.752377, 20.619664], [84.748504, 20.59918], [84.744631, 20.580475], [84.738822, 20.56533], [84.728171, 20.541273], [84.730108, 20.527906], [84.753345, 20.524341], [84.766901, 20.51632], [84.80563, 20.507407], [84.828868, 20.502059], [84.849201, 20.501167], [84.87147, 20.503841], [84.890835, 20.49671], [84.900517, 20.487796], [84.916009, 20.478881], [84.929564, 20.473532], [84.952802, 20.45659], [84.955706, 20.45124], [84.975071, 20.444106]]], [[[86.010356, 22.325707], [85.98494, 22.332845], [85.964607, 22.334601], [85.945243, 22.34119], [85.921521, 22.346021], [85.897799, 22.353487], [85.87553, 22.360074], [85.858586, 22.369296], [85.84261, 22.382468], [85.825181, 22.40003], [85.808237, 22.415833], [85.799523, 22.424612], [85.795166, 22.434267], [85.790809, 22.446117], [85.779674, 22.457087], [85.771929, 22.469812], [85.766119, 22.485607], [85.758373, 22.496574], [85.751596, 22.510172], [85.739977, 22.520699], [85.723517, 22.53254], [85.70512, 22.541749], [85.69689, 22.55315], [85.683819, 22.565427], [85.660582, 22.57551], [85.631534, 22.59699], [85.61459, 22.615836], [85.605876, 22.635995], [85.602487, 22.660969], [85.615559, 22.690757], [85.630082, 22.703896], [85.644606, 22.717034], [85.671716, 22.725792], [85.690113, 22.735425], [85.717707, 22.73849], [85.739977, 22.747247], [85.752564, 22.741117], [85.772413, 22.722727], [85.798555, 22.695137], [85.830023, 22.670169], [85.876498, 22.667541], [85.894894, 22.67674], [85.926846, 22.685939], [85.967996, 22.689443], [86.006241, 22.669731], [86.030447, 22.651769], [86.049328, 22.635557], [86.060463, 22.600058], [86.06482, 22.569372], [86.053201, 22.531224], [86.059494, 22.499206], [86.055621, 22.45621], [86.033352, 22.425928], [86.014471, 22.396957], [86.006241, 22.368418], [86.010356, 22.325707]]]]}}, {"type": "Feature", "properties": {"POLY_ID": 10, "STATE_NAME": "Bihar And Orissa", "NATIVE": 0}, "geometry": {"type": "MultiPolygon", "coordinates": [[[[86.773673, 22.246057], [86.754203, 22.236945], [86.739679, 22.230352], [86.728061, 22.222878], [86.719831, 22.211448], [86.711117, 22.192981], [86.710148, 22.17671], [86.711601, 22.156479], [86.716442, 22.141083], [86.721767, 22.134925], [86.723704, 22.118646], [86.721767, 22.108527], [86.727092, 22.091365], [86.734354, 22.078602], [86.735807, 22.062757], [86.735807, 22.045589], [86.730965, 22.034143], [86.721283, 22.027538], [86.708696, 22.024016], [86.69272, 22.01609], [86.679165, 22.010366], [86.652538, 22.007283], [86.636562, 22.007283], [86.616714, 22.011246], [86.597349, 22.021374], [86.550147, 22.049551], [86.540949, 22.055714], [86.532719, 22.067159], [86.518196, 22.081683], [86.507545, 22.093565], [86.493506, 22.111607], [86.47995, 22.124806], [86.463006, 22.147242], [86.44703, 22.160877], [86.424761, 22.171433], [86.377802, 22.172312], [86.347302, 22.174072], [86.318255, 22.167914], [86.291629, 22.159118], [86.246606, 22.156919], [86.229178, 22.170993], [86.204488, 22.185945], [86.181734, 22.20881], [86.150751, 22.241341], [86.127029, 22.254087], [86.095077, 22.26024], [86.071839, 22.293637], [86.041824, 22.318239], [86.010356, 22.325707], [86.002126, 22.275621], [86.007936, 22.229472], [86.004547, 22.167035], [86.002611, 22.116887], [86.006968, 22.063637], [86.002611, 22.035904], [85.996317, 22.018292], [85.982762, 22.005081], [85.965334, 21.995393], [85.944032, 21.988786], [85.917406, 21.984382], [85.898041, 21.978656], [85.891264, 21.957072], [85.885938, 21.941211], [85.877708, 21.925789], [85.865605, 21.905959], [85.854471, 21.890533], [85.841884, 21.872019], [85.798555, 21.856589], [85.797103, 21.879072], [85.788389, 21.902433], [85.782095, 21.935924], [85.775317, 21.950904], [85.764667, 21.963239], [85.751112, 21.978216], [85.73804, 21.987465], [85.709962, 21.99275], [85.683819, 21.993631], [85.657677, 21.987025], [85.633955, 21.971168], [85.611686, 21.961917], [85.591837, 21.953547], [85.57102, 21.946058], [85.550687, 21.935483], [85.533259, 21.928433], [85.511473, 21.920502], [85.485331, 21.913451], [85.469839, 21.912569], [85.431594, 21.915654], [85.408356, 21.925349], [85.393349, 21.944295], [85.372532, 21.960155], [85.337191, 21.979537], [85.31008, 21.983061], [85.288779, 21.98218], [85.271351, 21.991869], [85.261669, 21.999797], [85.232138, 22.015209], [85.203091, 22.027098], [85.150322, 22.018292], [85.116918, 22.011246], [85.091259, 22.005081], [85.068022, 22.007283], [85.053014, 22.048671], [85.048173, 22.080803], [85.0443, 22.118646], [85.045026, 22.166705], [85.04551, 22.255425], [85.008959, 22.255516], [84.981849, 22.244857], [84.950865, 22.232549], [84.923755, 22.213206], [84.908263, 22.204413], [84.875343, 22.195619], [84.832741, 22.19386], [84.784329, 22.195619], [84.745599, 22.209689], [84.695251, 22.225516], [84.654585, 22.239583], [84.604237, 22.248373], [84.551952, 22.26068], [84.493011, 22.275182], [84.453193, 22.278258], [84.404781, 22.274742], [84.352496, 22.26068], [84.306021, 22.248373], [84.244054, 22.237824], [84.184507, 22.237385], [84.110437, 22.265953], [84.065899, 22.309892], [84.019423, 22.35733], [83.95552, 22.383676], [83.922885, 22.38579], [83.932524, 22.416382], [83.957698, 22.433938], [83.986745, 22.439205], [84.011919, 22.447982], [84.031284, 22.460269], [84.058395, 22.483084], [84.081632, 22.498877], [84.102933, 22.514668], [84.126171, 22.532211], [84.161028, 22.551506], [84.182329, 22.569044], [84.197821, 22.595346], [84.205566, 22.612878], [84.211376, 22.639172], [84.211376, 22.663707], [84.209439, 22.696998], [84.213312, 22.719771], [84.218153, 22.74254], [84.254946, 22.795068], [84.258819, 22.816074], [84.239455, 22.842325], [84.229772, 22.861573], [84.227836, 22.879069], [84.222026, 22.896562], [84.18717, 22.924546], [84.148441, 22.94553], [84.127139, 22.968259], [84.123266, 22.994479], [84.123266, 23.020694], [84.111648, 23.045157], [84.098092, 23.057387], [84.074855, 23.067868], [84.070982, 23.080096], [84.069045, 23.113278], [84.053554, 23.139469], [84.036125, 23.155181], [84.010951, 23.172637], [83.997396, 23.191835], [84.003205, 23.259879], [84.007078, 23.298246], [83.997396, 23.31917], [83.981904, 23.3244], [83.952857, 23.3244], [83.947048, 23.331373], [83.919937, 23.359262], [83.908318, 23.395858], [83.887017, 23.42896], [83.836669, 23.456828], [83.801812, 23.502101], [83.776638, 23.533435], [83.774702, 23.571721], [83.782448, 23.616954], [83.788257, 23.686513], [83.782448, 23.731706], [83.751464, 23.764721], [83.695307, 23.783832], [83.639149, 23.787306], [83.588801, 23.801202], [83.517151, 23.820307], [83.482295, 23.83941], [83.46293, 23.860245], [83.460994, 23.893228], [83.453248, 23.938349], [83.439693, 23.967843], [83.383535, 24.016406], [83.323504, 24.064951], [83.284775, 24.101348], [83.240236, 24.120409], [83.213126, 24.120409], [83.205864, 24.164802], [83.215546, 24.195976], [83.238784, 24.22368], [83.258148, 24.251378], [83.263958, 24.27907], [83.269767, 24.301566], [83.250403, 24.332707], [83.225228, 24.353464], [83.21361, 24.370759], [83.219419, 24.419172], [83.229101, 24.43473], [83.256212, 24.436459], [83.293005, 24.436459], [83.341417, 24.439916], [83.337544, 24.477936], [83.343353, 24.514218], [83.347226, 24.555671], [83.341417, 24.604016], [83.327861, 24.638538], [83.300751, 24.652344], [83.262021, 24.667874], [83.221356, 24.714453], [83.209737, 24.757567], [83.231038, 24.814455], [83.232974, 24.835136], [83.229101, 24.87132], [83.205864, 24.893714], [83.17488, 24.907493], [83.145833, 24.962596], [83.159388, 24.981532], [83.205864, 25.012513], [83.227165, 25.021117], [83.237531, 25.029491], [83.269767, 25.05553], [83.287196, 25.079613], [83.310433, 25.132924], [83.327861, 25.156993], [83.360781, 25.181058], [83.40532, 25.199963], [83.478906, 25.232611], [83.500207, 25.246355], [83.538937, 25.270403], [83.544746, 25.315053], [83.552492, 25.354539], [83.581539, 25.392297], [83.626078, 25.414603], [83.691918, 25.459205], [83.691918, 25.493503], [83.70741, 25.524365], [83.73452, 25.541507], [83.755821, 25.562074], [83.777122, 25.59806], [83.80036, 25.622045], [83.852645, 25.622045], [83.908802, 25.599773], [83.968833, 25.610053], [84.046292, 25.6426], [84.098576, 25.671715], [84.166353, 25.671715], [84.241875, 25.66144], [84.292223, 25.639175], [84.348381, 25.652877], [84.379365, 25.69055], [84.416158, 25.714518], [84.456823, 25.738483], [84.468442, 25.781265], [84.468442, 25.824034], [84.427776, 25.837717], [84.389047, 25.842848], [84.338699, 25.851399], [84.270922, 25.907821], [84.212828, 25.912949], [84.133433, 25.912949], [84.123751, 25.969345], [84.100513, 26.00693], [84.06372, 26.041088], [83.999816, 26.049627], [83.945595, 26.08036], [83.957214, 26.117913], [83.980452, 26.152044], [84.003689, 26.189577], [83.99788, 26.244153], [83.968833, 26.274842], [83.895247, 26.332791], [83.868137, 26.385605], [83.860391, 26.429885], [83.893311, 26.457127], [83.935913, 26.457127], [84.001753, 26.443506], [84.059847, 26.426479], [84.102449, 26.428182], [84.158607, 26.455424], [84.203146, 26.452019], [84.238002, 26.431587], [84.276732, 26.460532], [84.28835, 26.499681], [84.265113, 26.525208], [84.230256, 26.562638], [84.212828, 26.605159], [84.183781, 26.644267], [84.137306, 26.705457], [84.139242, 26.727547], [84.145052, 26.770017], [84.131496, 26.812473], [84.09664, 26.832848], [84.06372, 26.858312], [84.0308, 26.887165], [84.009499, 26.941461], [83.974642, 26.980472], [83.910739, 26.98556], [83.837153, 27.016082], [83.806169, 27.094052], [83.796487, 27.197378], [83.798424, 27.270168], [83.821661, 27.266783], [83.850708, 27.260013], [83.854581, 27.282013], [83.846835, 27.314161], [83.850708, 27.353067], [83.862327, 27.358141], [83.885565, 27.359832], [83.941722, 27.359832], [83.980452, 27.358141], [84.007562, 27.366597], [84.055974, 27.386889], [84.106322, 27.390271], [84.150861, 27.38858], [84.172162, 27.366597], [84.191527, 27.34461], [84.243812, 27.347993], [84.286414, 27.314161], [84.35419, 27.305702], [84.42584, 27.300626], [84.47522, 27.30401], [84.539123, 27.278629], [84.593345, 27.249858], [84.628201, 27.222774], [84.653375, 27.187218], [84.628201, 27.131326], [84.614646, 27.060157], [84.624328, 27.017777], [84.641756, 26.99743], [84.684359, 26.9686], [84.748262, 26.949942], [84.788928, 26.926192], [84.854768, 26.916012], [84.910926, 26.905832], [84.974829, 26.882074], [85.007749, 26.843034], [85.056161, 26.809077], [85.123937, 26.792096], [85.173317, 26.776811], [85.183, 26.756428], [85.188809, 26.744536], [85.24303, 26.717352], [85.285633, 26.69866], [85.339854, 26.69866], [85.384393, 26.712254], [85.438614, 26.725848], [85.467661, 26.758126], [85.494771, 26.783604], [85.554802, 26.785303], [85.599341, 26.776811], [85.641943, 26.764921], [85.667117, 26.744536], [85.711656, 26.702058], [85.721338, 26.669766], [85.725211, 26.627265], [85.748449, 26.58475], [85.773623, 26.557534], [85.831717, 26.540521], [85.882065, 26.555833], [85.920795, 26.591554], [85.976952, 26.601758], [86.031173, 26.601758], [86.075712, 26.586451], [86.147362, 26.560936], [86.228693, 26.549028], [86.304216, 26.555833], [86.381675, 26.549028], [86.412658, 26.533715], [86.449451, 26.504787], [86.480435, 26.477555], [86.540465, 26.457127], [86.583067, 26.429885], [86.633416, 26.411153], [86.695383, 26.397528], [86.772841, 26.395825], [86.8503, 26.397528], [86.88322, 26.411153], [86.92195, 26.43329], [86.960679, 26.469043], [86.98198, 26.499681], [87.012964, 26.526909], [87.049757, 26.528611], [87.065248, 26.506489], [87.069121, 26.460532], [87.063312, 26.406043], [87.08655, 26.385605], [87.127216, 26.353237], [87.171754, 26.344718], [87.274387, 26.34131], [87.324735, 26.354941], [87.380893, 26.366867], [87.425432, 26.378791], [87.468034, 26.387308], [87.522255, 26.377088], [87.564858, 26.36857], [87.597778, 26.378791], [87.669427, 26.385605], [87.694601, 26.406043], [87.731394, 26.417965], [87.779806, 26.417965], [87.872756, 26.42137], [87.876629, 26.406043], [87.886312, 26.360052], [87.913422, 26.34131], [87.961834, 26.343014], [88.0025, 26.370274], [88.027674, 26.407747], [88.114815, 26.406043], [88.201956, 26.412856], [88.322017, 26.440101], [88.339446, 26.411153], [88.395603, 26.411153], [88.43046, 26.389011], [88.488554, 26.353237], [88.507919, 26.319158], [88.473062, 26.290183], [88.422714, 26.271432], [88.395603, 26.232216], [88.366556, 26.199812], [88.32589, 26.163987], [88.281352, 26.12474], [88.205829, 26.094017], [88.12837, 26.054749], [88.107069, 26.001805], [88.079959, 25.936878], [88.050912, 25.863369], [88.052848, 25.798374], [88.072213, 25.745329], [88.097387, 25.731636], [88.097387, 25.627184], [88.083832, 25.544935], [88.087705, 25.445483], [88.076086, 25.383716], [88.025738, 25.335656], [87.959898, 25.291013], [87.917295, 25.246355], [87.872756, 25.196526], [87.847582, 25.153555], [87.853392, 25.091653], [87.857265, 25.019397], [87.884375, 24.848922], [87.843709, 24.804114], [87.80498, 24.767912], [87.779806, 24.735149], [87.787552, 24.681676], [87.795298, 24.612647], [87.828218, 24.538401], [87.863074, 24.450286], [87.859201, 24.42263], [87.847582, 24.407071], [87.812726, 24.389781], [87.756568, 24.389781], [87.713966, 24.389781], [87.694601, 24.370759], [87.684919, 24.344816], [87.692665, 24.318868], [87.712029, 24.292914], [87.744949, 24.285992], [87.779806, 24.280801], [87.777869, 24.260032], [87.77206, 24.227142], [87.748822, 24.202902], [87.725585, 24.176926], [87.690728, 24.157873], [87.634571, 24.13362], [87.632634, 24.040031], [87.626825, 24.019224], [87.597778, 24.007085], [87.553239, 24.003616], [87.524192, 24.005351], [87.497081, 23.984538], [87.469971, 23.944639], [87.429305, 23.896049], [87.389607, 23.882162], [87.26761, 23.88737], [87.23469, 23.854386], [87.225007, 23.78318], [87.19596, 23.750169], [87.174659, 23.741481], [87.145612, 23.731054], [87.106883, 23.729316], [87.089454, 23.724102], [87.072026, 23.710197], [87.044916, 23.692815], [87.021678, 23.675429], [86.996504, 23.678907], [86.944219, 23.69803], [86.90549, 23.711936], [86.864824, 23.724102], [86.802857, 23.710197], [86.764127, 23.685861], [86.750572, 23.647608], [86.758318, 23.62326], [86.787365, 23.595427], [86.793174, 23.574549], [86.810603, 23.538004], [86.843523, 23.485779], [86.83965, 23.405659], [86.826094, 23.39172], [86.810603, 23.379522], [86.795111, 23.351637], [86.787365, 23.322003], [86.783492, 23.28713], [86.781556, 23.250503], [86.764127, 23.224335], [86.748636, 23.210376], [86.723462, 23.1842], [86.706033, 23.142306], [86.70797, 23.100399], [86.692478, 22.76815], [86.671177, 22.752391], [86.657622, 22.741883], [86.620829, 22.715611], [86.593718, 22.691085], [86.601464, 22.65604], [86.601464, 22.61748], [86.589845, 22.559617], [86.574353, 22.533307], [86.572417, 22.515764], [86.578226, 22.475406], [86.599527, 22.459611], [86.640193, 22.442057], [86.686669, 22.413967], [86.738953, 22.384115], [86.746699, 22.343715], [86.752509, 22.30506], [86.758318, 22.268151], [86.769937, 22.248813], [86.773673, 22.246057]], [[86.010356, 22.325707], [86.006241, 22.368418], [86.014471, 22.396957], [86.033352, 22.425928], [86.055621, 22.45621], [86.059494, 22.499206], [86.053201, 22.531224], [86.06482, 22.569372], [86.060463, 22.600058], [86.049328, 22.635557], [86.030447, 22.651769], [86.006241, 22.669731], [85.967996, 22.689443], [85.926846, 22.685939], [85.894894, 22.67674], [85.876498, 22.667541], [85.830023, 22.670169], [85.798555, 22.695137], [85.772413, 22.722727], [85.752564, 22.741117], [85.739977, 22.747247], [85.717707, 22.73849], [85.690113, 22.735425], [85.671716, 22.725792], [85.644606, 22.717034], [85.630082, 22.703896], [85.615559, 22.690757], [85.602487, 22.660969], [85.605876, 22.635995], [85.61459, 22.615836], [85.631534, 22.59699], [85.660582, 22.57551], [85.683819, 22.565427], [85.69689, 22.55315], [85.70512, 22.541749], [85.723517, 22.53254], [85.739977, 22.520699], [85.751596, 22.510172], [85.758373, 22.496574], [85.766119, 22.485607], [85.771929, 22.469812], [85.779674, 22.457087], [85.790809, 22.446117], [85.795166, 22.434267], [85.799523, 22.424612], [85.808237, 22.415833], [85.825181, 22.40003], [85.84261, 22.382468], [85.858586, 22.369296], [85.87553, 22.360074], [85.897799, 22.353487], [85.921521, 22.346021], [85.945243, 22.34119], [85.964607, 22.334601], [85.98494, 22.332845], [86.010356, 22.325707]]], [[[83.64399, 21.768049], [83.662629, 21.768049], [83.693128, 21.771137], [83.71104, 21.777314], [83.746865, 21.782608], [83.779785, 21.800693], [83.804475, 21.810838], [83.832554, 21.815689], [83.847077, 21.815689], [83.86741, 21.810838], [83.895005, 21.801576], [83.913886, 21.797606], [83.951163, 21.798929], [83.970043, 21.811279], [83.985535, 21.818777], [84.005868, 21.830243], [84.032979, 21.83818], [84.065899, 21.842149], [84.079454, 21.840826], [84.104144, 21.835534], [84.125445, 21.829361], [84.14481, 21.822746], [84.181603, 21.821423], [84.203388, 21.822746], [84.218396, 21.830684], [84.241149, 21.832889], [84.24357, 21.820982], [84.244538, 21.790107], [84.240665, 21.751723], [84.236792, 21.739368], [84.233403, 21.72039], [84.22953, 21.702293], [84.223237, 21.681544], [84.216943, 21.668298], [84.215491, 21.648869], [84.197094, 21.603374], [84.183055, 21.587469], [84.172888, 21.574213], [84.162238, 21.557863], [84.149651, 21.536206], [84.141421, 21.522061], [84.131738, 21.501282], [84.12835, 21.48448], [84.139968, 21.450426], [84.146262, 21.403532], [84.151103, 21.389372], [84.154492, 21.372997], [84.154008, 21.359276], [84.165627, 21.338471], [84.175793, 21.320761], [84.181603, 21.307035], [84.197578, 21.289763], [84.214038, 21.274262], [84.224689, 21.263188], [84.244054, 21.250784], [84.274069, 21.22996], [84.27649, 21.21711], [84.272617, 21.206474], [84.263418, 21.190076], [84.259061, 21.177221], [84.243086, 21.156385], [84.230498, 21.139093], [84.222268, 21.127564], [84.206293, 21.114703], [84.186444, 21.101398], [84.170468, 21.087647], [84.15546, 21.077], [84.127866, 21.065465], [84.102207, 21.053042], [84.08139, 21.042836], [84.068319, 21.045498], [84.060573, 21.054816], [84.04024, 21.072564], [84.012646, 21.082324], [83.979726, 21.087203], [83.941722, 21.083654], [83.937849, 21.082324], [83.909771, 21.07212], [83.898152, 21.064134], [83.881692, 21.053929], [83.859422, 21.041948], [83.836185, 21.025972], [83.814884, 21.012657], [83.787289, 20.999784], [83.764051, 20.988242], [83.744202, 20.981138], [83.71806, 20.974035], [83.684656, 20.970927], [83.641085, 20.970483], [83.591705, 20.968706], [83.561206, 20.96693], [83.537968, 20.965598], [83.505533, 20.970927], [83.484231, 20.978474], [83.468255, 20.983802], [83.456637, 20.988686], [83.413066, 20.999784], [83.357635, 21.011769], [83.334397, 21.017095], [83.293731, 21.025528], [83.268073, 21.024196], [83.249676, 21.008218], [83.227891, 20.993569], [83.218693, 20.982914], [83.224502, 20.950944], [83.228375, 20.942507], [83.260327, 20.91719], [83.287438, 20.904751], [83.304866, 20.895422], [83.316969, 20.888313], [83.323262, 20.875428], [83.318421, 20.856319], [83.303898, 20.848764], [83.287438, 20.844319], [83.260811, 20.836319], [83.233701, 20.822539], [83.221598, 20.812314], [83.201749, 20.810091], [83.17367, 20.826095], [83.148012, 20.845653], [83.129615, 20.858097], [83.094759, 20.863874], [83.068616, 20.862985], [83.05022, 20.851875], [83.033276, 20.838541], [83.016332, 20.828318], [82.994546, 20.82654], [82.970825, 20.83054], [82.934032, 20.834541], [82.907889, 20.840319], [82.881263, 20.838986], [82.855605, 20.845208], [82.829619, 20.846291], [82.810098, 20.841208], [82.769916, 20.831874], [82.734838, 20.830022], [82.733849, 20.859986], [82.716421, 20.902641], [82.712548, 20.950611], [82.714485, 20.989685], [82.72223, 21.034071], [82.710612, 21.087314], [82.693183, 21.135213], [82.664136, 21.184867], [82.648645, 21.223868], [82.646708, 21.259312], [82.666073, 21.284117], [82.700929, 21.289431], [82.729976, 21.268171], [82.753214, 21.238046], [82.782261, 21.220323], [82.817117, 21.21855], [82.848101, 21.223868], [82.904259, 21.227412], [82.956543, 21.22564], [83.001082, 21.22564], [83.043684, 21.207914], [83.078541, 21.197278], [83.109524, 21.216778], [83.146317, 21.236274], [83.186983, 21.266399], [83.212157, 21.282345], [83.2329, 21.298158], [83.247014, 21.308917], [83.270251, 21.321315], [83.303171, 21.321315], [83.355456, 21.328399], [83.390313, 21.335483], [83.407741, 21.362043], [83.415487, 21.383287], [83.421296, 21.420456], [83.421296, 21.496529], [83.440661, 21.569021], [83.489073, 21.607902], [83.541357, 21.623804], [83.570404, 21.637938], [83.58396, 21.660902], [83.599451, 21.685628], [83.622689, 21.710349], [83.634308, 21.729769], [83.64399, 21.752716], [83.64399, 21.768049]]], [[[84.017848, 20.198537], [83.995217, 20.224979], [83.974884, 20.247758], [83.948258, 20.263388], [83.915822, 20.276337], [83.896215, 20.287052], [83.857002, 20.301338], [83.822145, 20.316961], [83.79213, 20.322764], [83.778091, 20.334368], [83.788741, 20.363819], [83.790194, 20.395494], [83.823114, 20.418688], [83.868137, 20.440093], [83.912191, 20.461495], [83.938818, 20.473086], [83.978999, 20.477989], [84.028379, 20.463278], [84.05549, 20.453024], [84.099545, 20.437863], [84.116973, 20.423593], [84.151345, 20.415566], [84.20363, 20.418688], [84.267533, 20.422701], [84.299969, 20.43162], [84.324659, 20.443214], [84.361936, 20.453915], [84.388079, 20.450348], [84.409138, 20.437863], [84.427534, 20.419134], [84.445931, 20.39148], [84.448351, 20.370066], [84.452563, 20.332877], [84.440121, 20.326892], [84.416884, 20.276895], [84.399455, 20.234024], [84.366535, 20.216157], [84.285204, 20.216157], [84.230983, 20.216157], [84.172888, 20.1965], [84.134159, 20.200074], [84.087684, 20.232237], [84.060573, 20.226877], [84.021844, 20.200074], [84.017848, 20.198537]]], [[[85.075476, 19.866234], [85.090049, 19.872827], [85.113287, 19.883578], [85.141366, 19.892536], [85.161698, 19.913137], [85.179127, 19.935525], [85.207206, 19.957015], [85.235284, 19.961491], [85.273045, 19.961491], [85.315648, 19.963282], [85.356314, 19.948957], [85.400853, 19.931944], [85.435225, 19.943584], [85.456526, 19.968653], [85.459431, 19.998192], [85.446844, 20.020565], [85.435225, 20.046512], [85.425543, 20.07961], [85.42409, 20.105546], [85.409083, 20.129687], [85.397464, 20.153824], [85.375194, 20.170807], [85.337433, 20.170807], [85.304513, 20.169019], [85.302577, 20.187787], [85.321941, 20.212806], [85.336465, 20.230674], [85.348084, 20.253005], [85.344211, 20.289619], [85.35583, 20.303012], [85.385845, 20.31194], [85.43813, 20.328008], [85.4817, 20.344074], [85.523334, 20.379769], [85.538826, 20.379769], [85.575619, 20.379769], [85.61338, 20.38423], [85.642427, 20.394937], [85.682125, 20.408318], [85.71214, 20.417238], [85.747965, 20.430617], [85.780885, 20.450237], [85.815741, 20.476095], [85.86028, 20.495708], [85.896105, 20.5171], [85.923215, 20.54027], [85.949358, 20.562546], [85.974532, 20.586599], [85.982278, 20.610647], [85.964849, 20.646266], [85.949358, 20.679204], [85.957104, 20.692555], [85.978405, 20.708574], [86.004547, 20.720142], [86.027785, 20.732598], [86.038435, 20.745943], [86.047149, 20.766403], [86.042308, 20.782413], [86.027785, 20.800199], [86.012293, 20.805534], [85.981309, 20.802866], [85.956135, 20.795752], [85.937739, 20.787749], [85.923215, 20.787749], [85.897073, 20.79842], [85.877708, 20.801088], [85.859312, 20.783302], [85.84382, 20.77174], [85.815741, 20.777966], [85.792504, 20.800199], [85.783789, 20.81976], [85.763457, 20.865985], [85.758615, 20.901531], [85.750869, 20.947725], [85.760552, 20.961935], [85.783789, 20.966375], [85.815741, 20.977032], [85.842852, 20.991238], [85.877708, 21.001892], [85.921279, 21.000117], [85.949358, 20.986799], [85.989055, 20.963711], [86.022943, 20.966375], [86.051991, 20.977032], [86.088783, 20.987687], [86.112021, 20.993014], [86.144941, 20.978807], [86.170115, 20.967263], [86.20594, 20.953054], [86.235955, 20.947725], [86.261129, 20.963711], [86.279526, 20.99479], [86.28824, 21.016984], [86.277589, 21.038287], [86.265002, 21.070234], [86.252415, 21.105722], [86.265002, 21.136765], [86.278558, 21.158935], [86.297922, 21.179327], [86.313414, 21.204147], [86.336652, 21.216556], [86.369572, 21.23428], [86.413142, 21.256432], [86.450903, 21.272379], [86.488665, 21.283009], [86.547727, 21.284781], [86.591297, 21.285667], [86.627122, 21.290981], [86.652296, 21.305153], [86.675534, 21.319322], [86.701676, 21.336147], [86.713295, 21.362707], [86.731692, 21.375985], [86.747183, 21.398997], [86.758802, 21.425544], [86.767516, 21.445008], [86.785913, 21.468007], [86.802373, 21.489233], [86.811087, 21.496308], [86.857562, 21.504266], [86.885641, 21.513109], [86.909847, 21.533443], [86.928243, 21.574103], [86.929211, 21.605914], [86.94083, 21.613866], [86.974961, 21.614528], [87.008607, 21.623584], [87.03959, 21.672162], [87.047336, 21.734844], [87.057018, 21.79926], [87.06428, 21.868492], [87.095264, 21.870255], [87.104946, 21.886125], [87.120438, 21.910806], [87.128184, 21.94782], [87.139803, 21.965442], [87.186278, 21.970728], [87.207579, 21.94782], [87.226944, 21.914332], [87.252118, 21.872019], [87.288911, 21.863202], [87.372179, 21.845566], [87.39348, 21.743229], [87.523224, 21.734403], [87.536779, 21.554217], [87.523224, 21.506477], [87.436082, 21.499403], [87.354751, 21.481716], [87.238563, 21.474641], [87.170786, 21.460488], [87.101073, 21.42864], [87.044916, 21.400324], [86.957774, 21.341902], [86.9326, 21.290538], [86.86676, 21.224975], [86.818349, 21.123906], [86.804793, 21.074227], [86.816412, 21.02808], [86.837713, 20.974812], [86.855141, 20.932181], [86.880316, 20.907306], [86.901617, 20.877094], [86.924854, 20.855764], [86.926791, 20.829096], [86.922918, 20.793529], [86.926791, 20.765069], [86.942283, 20.749057], [86.969393, 20.74194], [86.994567, 20.736602], [86.988758, 20.724146], [86.981012, 20.720587], [86.979076, 20.684989], [87.011996, 20.660065], [86.990694, 20.638698], [86.955838, 20.608421], [86.920981, 20.579918], [86.876443, 20.553191], [86.83384, 20.535369], [86.797047, 20.517545], [86.771873, 20.496153], [86.74089, 20.469408], [86.713779, 20.444441], [86.686669, 20.394491], [86.676986, 20.367723], [86.686669, 20.34095], [86.70216, 20.332025], [86.744763, 20.34809], [86.769937, 20.390922], [86.785429, 20.421252], [86.810603, 20.40698], [86.810603, 20.382], [86.80673, 20.34095], [86.791238, 20.30703], [86.754445, 20.265955], [86.655685, 20.206999], [86.561766, 20.14265], [86.524973, 20.119405], [86.507545, 20.092579], [86.495926, 20.067535], [86.478498, 20.038908], [86.45526, 20.017433], [86.42815, 19.997744], [86.38942, 19.974472], [86.354564, 19.949404], [86.321644, 19.922541], [86.273232, 19.913585], [86.240312, 19.89388], [86.205456, 19.881338], [86.162853, 19.85446], [86.108632, 19.827575], [86.060221, 19.822198], [85.994381, 19.806064], [85.924668, 19.786341], [85.882065, 19.763029], [85.823971, 19.757649], [85.746512, 19.732537], [85.686482, 19.711009], [85.599341, 19.689477], [85.550929, 19.680504], [85.5122, 19.678709], [85.488962, 19.69486], [85.502517, 19.709215], [85.5122, 19.709215], [85.535437, 19.736125], [85.562548, 19.757649], [85.589658, 19.782755], [85.609023, 19.802478], [85.61096, 19.847291], [85.593531, 19.868796], [85.564484, 19.89388], [85.523818, 19.915376], [85.492835, 19.911794], [85.448296, 19.895671], [85.409567, 19.874171], [85.38052, 19.859836], [85.353409, 19.840122], [85.318553, 19.809649], [85.291442, 19.775582], [85.250776, 19.730743], [85.228574, 19.708303], [85.127243, 19.758671], [85.075476, 19.866234]]], [[[84.975071, 20.444106], [84.955706, 20.45124], [84.952802, 20.45659], [84.929564, 20.473532], [84.916009, 20.478881], [84.900517, 20.487796], [84.890835, 20.49671], [84.87147, 20.503841], [84.849201, 20.501167], [84.828868, 20.502059], [84.80563, 20.507407], [84.766901, 20.51632], [84.753345, 20.524341], [84.730108, 20.527906], [84.728171, 20.541273], [84.738822, 20.56533], [84.744631, 20.580475], [84.748504, 20.59918], [84.752377, 20.619664], [84.749472, 20.633021], [84.741727, 20.647267], [84.735917, 20.659731], [84.708807, 20.692666], [84.720425, 20.701566], [84.732044, 20.725592], [84.738822, 20.740717], [84.767869, 20.778966], [84.775615, 20.78786], [84.778519, 20.81098], [84.774647, 20.834985], [84.769805, 20.857208], [84.763028, 20.891868], [84.750441, 20.900753], [84.725267, 20.930959], [84.707838, 20.944283], [84.69041, 20.957605], [84.667172, 20.978918], [84.641998, 21.005555], [84.632316, 21.022421], [84.637157, 21.035735], [84.648776, 21.05171], [84.658458, 21.066796], [84.672014, 21.078331], [84.693315, 21.092526], [84.716552, 21.102285], [84.729139, 21.108494], [84.744631, 21.109381], [84.766901, 21.104059], [84.783361, 21.095188], [84.810471, 21.092526], [84.837582, 21.103172], [84.859851, 21.098736], [84.879216, 21.085429], [84.896644, 21.066796], [84.911168, 21.048161], [84.92085, 21.025972], [84.927628, 21.009106], [84.934405, 20.993125], [84.935374, 20.975367], [84.938278, 20.957605], [84.941183, 20.937177], [84.957643, 20.909638], [84.968294, 20.897199], [84.990563, 20.873206], [85.016705, 20.865207], [85.045752, 20.856319], [85.075768, 20.844764], [85.099005, 20.836763], [85.132893, 20.83054], [85.161941, 20.814537], [85.183242, 20.799421], [85.195829, 20.779856], [85.195829, 20.754951], [85.191956, 20.73004], [85.188083, 20.713134], [85.179369, 20.698896], [85.168718, 20.686436], [85.162909, 20.664182], [85.162909, 20.642815], [85.158068, 20.624116], [85.149353, 20.611649], [85.136766, 20.592055], [85.123211, 20.567112], [85.109656, 20.542164], [85.099973, 20.52345], [85.088355, 20.512755], [85.071895, 20.50295], [85.035102, 20.474423], [85.016705, 20.463724], [84.995404, 20.453024], [84.975071, 20.444106]]]]}}, {"type": "Feature", "properties": {"POLY_ID": 14, "STATE_NAME": "Ajmer Merwara", "NATIVE": 0}, "geometry": {"type": "Polygon", "coordinates": [[[75.003936, 25.736297], [74.970057, 25.737306], [74.944883, 25.737306], [74.906153, 25.742441], [74.872265, 25.739017], [74.828695, 25.742441], [74.788029, 25.735594], [74.771475, 25.733765], [74.757045, 25.732171], [74.718316, 25.730459], [74.679586, 25.720189], [74.629238, 25.718477], [74.590509, 25.720189], [74.553716, 25.730459], [74.534351, 25.744152], [74.472384, 25.769822], [74.429782, 25.785222], [74.392989, 25.785222], [74.363942, 25.785222], [74.309721, 25.768111], [74.290356, 25.749286], [74.255499, 25.715053], [74.234198, 25.691085], [74.220643, 25.667112], [74.205151, 25.643136], [74.195469, 25.631145], [74.172231, 25.590028], [74.15674, 25.569465], [74.147057, 25.554041], [74.114137, 25.511185], [74.094772, 25.49061], [74.069598, 25.468316], [74.046361, 25.437442], [74.005695, 25.401413], [73.982457, 25.379104], [73.965029, 25.360225], [73.955347, 25.339626], [73.934045, 25.310439], [73.901125, 25.279528], [73.879824, 25.253763], [73.85465, 25.23143], [73.841095, 25.217684], [73.79462, 25.212529], [73.777191, 25.236584], [73.779128, 25.27781], [73.779128, 25.308722], [73.777191, 25.329325], [73.757827, 25.348209], [73.759763, 25.399697], [73.7617, 25.413424], [73.773318, 25.432295], [73.78881, 25.451165], [73.846904, 25.499183], [73.866269, 25.514614], [73.891443, 25.533472], [73.910808, 25.554041], [73.922427, 25.569465], [73.943728, 25.595169], [73.941791, 25.610588], [73.943728, 25.627719], [73.947601, 25.653412], [73.947601, 25.685948], [73.95341, 25.699646], [73.965029, 25.732171], [73.984394, 25.745864], [73.99214, 25.757843], [74.01925, 25.780089], [74.050234, 25.80062], [74.088963, 25.817726], [74.114137, 25.838251], [74.157708, 25.869033], [74.163517, 25.899808], [74.165454, 25.92032], [74.16739, 25.957918], [74.179009, 25.980131], [74.190628, 25.998923], [74.223548, 26.029668], [74.260341, 26.062113], [74.283578, 26.082601], [74.286305, 26.086207], [74.295197, 26.097964], [74.314562, 26.1321], [74.324244, 26.150871], [74.308752, 26.161108], [74.275832, 26.154283], [74.26615, 26.150871], [74.225484, 26.159402], [74.225484, 26.191816], [74.231294, 26.212284], [74.246785, 26.23616], [74.260341, 26.249801], [74.285515, 26.268555], [74.304879, 26.282193], [74.328117, 26.289012], [74.359101, 26.283898], [74.380402, 26.27026], [74.411385, 26.27026], [74.440432, 26.280488], [74.477225, 26.300943], [74.498526, 26.321394], [74.510145, 26.341843], [74.527574, 26.360585], [74.541129, 26.37762], [74.566303, 26.38784], [74.622461, 26.381027], [74.66119, 26.391247], [74.690237, 26.427011], [74.711538, 26.461064], [74.748331, 26.484895], [74.748869, 26.484536], [74.796743, 26.452551], [74.803614, 26.438454], [74.81998, 26.404873], [74.831599, 26.338435], [74.897439, 26.27026], [74.959406, 26.179875], [74.974898, 26.103085], [74.974898, 25.993798], [74.971025, 25.918611], [74.992326, 25.846802], [75.02331, 25.761266], [75.050057, 25.742441], [75.048977, 25.734255], [75.003936, 25.736297]], [[75.048977, 25.734255], [75.073779, 25.732599], [75.080073, 25.726608], [75.081041, 25.717621], [75.084213, 25.705798], [75.084672, 25.686162], [75.091449, 25.66069], [75.102221, 25.642279], [75.114808, 25.617441], [75.131268, 25.594312], [75.158379, 25.582318], [75.189362, 25.570322], [75.234869, 25.567751], [75.273599, 25.567751], [75.31136, 25.566038], [75.348153, 25.583174], [75.359771, 25.599452], [75.37139, 25.630289], [75.375263, 25.651699], [75.381073, 25.684236], [75.382041, 25.713342], [75.373327, 25.741585], [75.370422, 25.775811], [75.367517, 25.804041], [75.348153, 25.834831], [75.321042, 25.865613], [75.313296, 25.885276], [75.308455, 25.939121], [75.297804, 25.976714], [75.270694, 25.993798], [75.240679, 26.002339], [75.214536, 25.986964], [75.200013, 25.974151], [75.185489, 25.941684], [75.17387, 25.92032], [75.158379, 25.899808], [75.139982, 25.883566], [75.134173, 25.861338], [75.1303, 25.837396], [75.131268, 25.796343], [75.125459, 25.777522], [75.095443, 25.752709], [75.050057, 25.742441], [75.048977, 25.734255]]]}}, {"type": "Feature", "properties": {"POLY_ID": 18, "STATE_NAME": "Delhi", "NATIVE": 0}, "geometry": {"type": "Polygon", "coordinates": [[[77.155878, 28.693507], [77.176453, 28.673404], [77.185167, 28.654973], [77.19969, 28.614753], [77.211309, 28.588771], [77.224864, 28.553562], [77.243261, 28.52086], [77.276181, 28.490667], [77.299419, 28.462145], [77.303291, 28.435296], [77.30426, 28.407603], [77.301355, 28.379064], [77.29845, 28.359546], [77.259237, 28.334357], [77.220023, 28.326799], [77.190976, 28.32386], [77.149826, 28.311683], [77.090038, 28.292365], [77.031944, 28.309163], [76.998055, 28.3226], [76.969008, 28.331838], [76.916724, 28.330998], [76.860566, 28.341074], [76.815059, 28.352829], [76.795694, 28.372139], [76.798599, 28.392285], [76.821837, 28.408232], [76.860566, 28.434247], [76.883804, 28.459419], [76.89155, 28.48878], [76.894454, 28.518135], [76.889613, 28.544129], [76.867344, 28.575988], [76.849915, 28.60281], [76.854757, 28.624599], [76.879931, 28.647223], [76.921565, 28.659791], [76.975786, 28.66733], [77.031944, 28.676545], [77.097784, 28.681571], [77.155878, 28.684922], [77.155878, 28.693507]]]}}, {"type": "Feature", "properties": {"POLY_ID": 17, "STATE_NAME": "Punjab", "NATIVE": 1}, "geometry": {"type": "MultiPolygon", "coordinates": [[[[77.311288, 29.900237], [77.303776, 29.913468], [77.292157, 29.930907], [77.287316, 29.946684], [77.285379, 29.973252], [77.27376, 29.986534], [77.2573, 30.000645], [77.244713, 30.022224], [77.249554, 30.0438], [77.264078, 30.065372], [77.294093, 30.083623], [77.318299, 30.0886], [77.346378, 30.084453], [77.369616, 30.07118], [77.398663, 30.055416], [77.439283, 30.044697], [77.426015, 30.027203], [77.375667, 29.984874], [77.318541, 29.921773], [77.311288, 29.900237]]], [[[76.46126, 27.956711], [76.486343, 27.950922], [76.512001, 27.939555], [76.531366, 27.925238], [76.566223, 27.918501], [76.600111, 27.923133], [76.631511, 27.931684], [76.627796, 27.926396], [76.621987, 27.914606], [76.62005, 27.89776], [76.608432, 27.875857], [76.606495, 27.864062], [76.58713, 27.830356], [76.573575, 27.818557], [76.55421, 27.805072], [76.530973, 27.805072], [76.515481, 27.810129], [76.49418, 27.821929], [76.476752, 27.840469], [76.469006, 27.848896], [76.46126, 27.874172], [76.451577, 27.901129], [76.453514, 27.929765], [76.46126, 27.956711]]], [[[75.596626, 28.450924], [75.612269, 28.445156], [75.649062, 28.43173], [75.675204, 28.42166], [75.707156, 28.409072], [75.743949, 28.400679], [75.777837, 28.383891], [75.800107, 28.373818], [75.841741, 28.388088], [75.871756, 28.402357], [75.90274, 28.424178], [75.93566, 28.444317], [75.972452, 28.463614], [75.998595, 28.48123], [76.031515, 28.498845], [76.052816, 28.522328], [76.082831, 28.548322], [76.117688, 28.570958], [76.162227, 28.573473], [76.216448, 28.572634], [76.289065, 28.569281], [76.330699, 28.575149], [76.349096, 28.561736], [76.373302, 28.540776], [76.388793, 28.51478], [76.403317, 28.487102], [76.406222, 28.45858], [76.412031, 28.430891], [76.40719, 28.409072], [76.39073, 28.388088], [76.375238, 28.371299], [76.354905, 28.349471], [76.338445, 28.325959], [76.334572, 28.304124], [76.326826, 28.277244], [76.305525, 28.258762], [76.345223, 28.255401], [76.382984, 28.242798], [76.415904, 28.22347], [76.436237, 28.197416], [76.454633, 28.175561], [76.460443, 28.157065], [76.436237, 28.135203], [76.418809, 28.11502], [76.402349, 28.103245], [76.391698, 28.088104], [76.390579, 28.067809], [76.363468, 28.062761], [76.326675, 28.039201], [76.318929, 28.030786], [76.309247, 28.007221], [76.305374, 27.990386], [76.303438, 27.970182], [76.303438, 27.958395], [76.303438, 27.944923], [76.289882, 27.931449], [76.278263, 27.919659], [76.264708, 27.906183], [76.255026, 27.892706], [76.24728, 27.877542], [76.233725, 27.862377], [76.210487, 27.818557], [76.202741, 27.808443], [76.196932, 27.78484], [76.194995, 27.752802], [76.191122, 27.742683], [76.183376, 27.708948], [76.183376, 27.69039], [76.169821, 27.671829], [76.140774, 27.656642], [76.102045, 27.639765], [76.057506, 27.638077], [76.020713, 27.638077], [75.981984, 27.646516], [75.968428, 27.661704], [75.956809, 27.688702], [75.949064, 27.730876], [75.947127, 27.744369], [75.921953, 27.761234], [75.906461, 27.773038], [75.894842, 27.78484], [75.890969, 27.803386], [75.904525, 27.835413], [75.916144, 27.855636], [75.925826, 27.875857], [75.902588, 27.912921], [75.900652, 27.926396], [75.906461, 27.948291], [75.921953, 27.975234], [75.945191, 27.981968], [75.962619, 27.99712], [75.976174, 28.017321], [75.978111, 28.037518], [75.974238, 28.045933], [75.966492, 28.054347], [75.929699, 28.076222], [75.916144, 28.081269], [75.875478, 28.113232], [75.842558, 28.182181], [75.821256, 28.205716], [75.799955, 28.214121], [75.747671, 28.241012], [75.710878, 28.251095], [75.664402, 28.269579], [75.635355, 28.28806], [75.608245, 28.311578], [75.585007, 28.341809], [75.569515, 28.372034], [75.567579, 28.388823], [75.592753, 28.440855], [75.596626, 28.450924]]], [[[77.474459, 30.094082], [77.448043, 30.116801], [77.418996, 30.145826], [77.383171, 30.167383], [77.320236, 30.160751], [77.27376, 30.147484], [77.21373, 30.152459], [77.173064, 30.18728], [77.137239, 30.220435], [77.123684, 30.241981], [77.116906, 30.305774], [77.093669, 30.346354], [77.087859, 30.407619], [77.073336, 30.431621], [77.051066, 30.464721], [77.014273, 30.501949], [76.990067, 30.516838], [76.961504, 30.49864], [76.927616, 30.484577], [76.866617, 30.470512], [76.836602, 30.478786], [76.813365, 30.504431], [76.797873, 30.536687], [76.797873, 30.562322], [76.769794, 30.582166], [76.747525, 30.602006], [76.740747, 30.642506], [76.717509, 30.66647], [76.687494, 30.688778], [76.675875, 30.708605], [76.632789, 30.737514], [76.597932, 30.76394], [76.583409, 30.782105], [76.55533, 30.796141], [76.544679, 30.811], [76.53887, 30.860521], [76.54952, 30.890226], [76.554362, 30.913326], [76.544679, 30.924874], [76.508855, 30.946319], [76.485617, 30.970234], [76.467221, 31.002391], [76.449792, 31.03454], [76.432364, 31.060914], [76.422682, 31.08646], [76.413968, 31.108705], [76.429459, 31.130948], [76.45657, 31.126829], [76.48949, 31.114472], [76.528219, 31.107058], [76.566949, 31.106234], [76.594059, 31.114472], [76.611488, 31.123534], [76.611488, 31.144127], [76.601805, 31.167188], [76.589218, 31.191892], [76.587282, 31.218238], [76.58825, 31.241288], [76.596964, 31.260219], [76.607615, 31.276679], [76.617297, 31.292314], [76.613424, 31.35566], [76.601805, 31.387735], [76.599869, 31.420625], [76.580504, 31.445288], [76.566949, 31.460906], [76.559203, 31.492959], [76.55533, 31.515967], [76.565012, 31.579221], [76.586313, 31.603037], [76.612456, 31.624386], [76.622138, 31.638344], [76.61536, 31.668718], [76.595028, 31.682672], [76.581472, 31.701548], [76.586313, 31.728627], [76.605678, 31.745037], [76.629884, 31.755702], [76.691851, 31.754061], [76.744136, 31.749959], [76.783833, 31.754882], [76.839991, 31.749139], [76.877752, 31.734371], [76.899053, 31.713037], [76.91745, 31.684313], [76.932942, 31.658868], [76.951338, 31.639165], [76.976512, 31.624386], [76.996845, 31.61946], [77.01621, 31.607143], [77.028797, 31.597289], [77.042352, 31.581685], [77.058812, 31.563615], [77.067526, 31.554579], [77.084954, 31.551294], [77.100446, 31.551294], [77.120779, 31.557044], [77.145953, 31.560329], [77.175969, 31.556222], [77.193397, 31.546365], [77.203079, 31.534864], [77.21373, 31.519253], [77.219539, 31.50775], [77.225349, 31.496246], [77.227285, 31.45433], [77.233094, 31.419803], [77.243745, 31.405003], [77.254396, 31.399248], [77.266014, 31.391024], [77.269887, 31.385268], [77.27376, 31.37211], [77.272792, 31.357305], [77.266983, 31.326047], [77.26311, 31.31782], [77.259237, 31.305479], [77.255364, 31.270095], [77.253427, 31.256927], [77.253427, 31.212475], [77.262141, 31.189422], [77.27376, 31.178717], [77.299903, 31.164717], [77.31249, 31.150716], [77.344441, 31.123534], [77.366711, 31.107882], [77.397694, 31.099643], [77.424805, 31.099643], [77.446106, 31.102114], [77.464503, 31.112001], [77.488708, 31.116944], [77.502264, 31.119415], [77.510978, 31.127653], [77.538088, 31.1293], [77.552612, 31.128477], [77.562294, 31.134243], [77.581659, 31.146598], [77.595214, 31.152363], [77.607801, 31.163894], [77.627166, 31.182011], [77.639753, 31.197656], [77.649435, 31.210006], [77.655245, 31.226471], [77.661054, 31.251165], [77.661054, 31.273387], [77.661054, 31.285731], [77.653308, 31.306302], [77.649435, 31.324402], [77.650404, 31.344967], [77.650404, 31.370465], [77.650404, 31.386913], [77.649435, 31.406648], [77.657181, 31.423914], [77.6688, 31.432957], [77.684292, 31.443644], [77.704625, 31.455152], [77.724958, 31.465016], [77.741418, 31.471591], [77.763687, 31.474879], [77.791766, 31.4757], [77.814035, 31.4757], [77.864384, 31.468303], [77.903113, 31.456796], [77.916668, 31.451042], [77.958302, 31.442], [77.982508, 31.439534], [78.001873, 31.441178], [78.033825, 31.45022], [78.044475, 31.461728], [78.057062, 31.476522], [78.060935, 31.489672], [78.059967, 31.505285], [78.057062, 31.520075], [78.051253, 31.53322], [78.034793, 31.547186], [78.024142, 31.553758], [78.013492, 31.561972], [78.005746, 31.571007], [78.005746, 31.580863], [78.008651, 31.595646], [78.034793, 31.604679], [78.058999, 31.610428], [78.09676, 31.612891], [78.119029, 31.612891], [78.142267, 31.612891], [78.169378, 31.614533], [78.189711, 31.618639], [78.214885, 31.625208], [78.226504, 31.630955], [78.240543, 31.641628], [78.259908, 31.668718], [78.268622, 31.685134], [78.274431, 31.697445], [78.28605, 31.71796], [78.303478, 31.738473], [78.317033, 31.75242], [78.340271, 31.765546], [78.373191, 31.780311], [78.387715, 31.783592], [78.409016, 31.786053], [78.445809, 31.795075], [78.481633, 31.802456], [78.503903, 31.810657], [78.526172, 31.820498], [78.542632, 31.831158], [78.571679, 31.850836], [78.587171, 31.860674], [78.607504, 31.872151], [78.622028, 31.886906], [78.64236, 31.898381], [78.653011, 31.904938], [78.674312, 31.927884], [78.694645, 31.945092], [78.716187, 31.962369], [78.752497, 31.927065], [78.76218, 31.887726], [78.753465, 31.822958], [78.733132, 31.720422], [78.726355, 31.679388], [78.73991, 31.644091], [78.767021, 31.606322], [78.804782, 31.566901], [78.842543, 31.519253], [78.83867, 31.48885], [78.797036, 31.449398], [78.779608, 31.418981], [78.798004, 31.382801], [78.812528, 31.337564], [78.816401, 31.289845], [78.859971, 31.239642], [78.894828, 31.193539], [78.928716, 31.191892], [78.950017, 31.136714], [78.962604, 31.083988], [78.979064, 31.008162], [78.979064, 30.962813], [78.964541, 30.940545], [78.932589, 30.932298], [78.899669, 30.942195], [78.842543, 30.982603], [78.807687, 31.013108], [78.747656, 31.060914], [78.67988, 31.061738], [78.6305, 31.049376], [78.568533, 31.043607], [78.521089, 31.056794], [78.470741, 31.092227], [78.428138, 31.126829], [78.378758, 31.150716], [78.319696, 31.152363], [78.267411, 31.137538], [78.230619, 31.118591], [78.200603, 31.114472], [78.157033, 31.113648], [78.12024, 31.084812], [78.080542, 31.057618], [78.027289, 31.045255], [77.977909, 31.053497], [77.924656, 31.073276], [77.863657, 31.075748], [77.815246, 31.059266], [77.776516, 31.016406], [77.769739, 30.973533], [77.78523, 30.908376], [77.802659, 30.858046], [77.795881, 30.80192], [77.783666, 30.768936], [77.778453, 30.754857], [77.747469, 30.708605], [77.716486, 30.669776], [77.712613, 30.633415], [77.70874, 30.582166], [77.721327, 30.535033], [77.746501, 30.487886], [77.766834, 30.450654], [77.764897, 30.386096], [77.75231, 30.349667], [77.722295, 30.315713], [77.674852, 30.279266], [77.628376, 30.24861], [77.581901, 30.20966], [77.542203, 30.173187], [77.508315, 30.138363], [77.479268, 30.101043], [77.474459, 30.094082]], [[77.442717, 30.888576], [77.416575, 30.867123], [77.409797, 30.851444], [77.415607, 30.831636], [77.437876, 30.813477], [77.46305, 30.809349], [77.476606, 30.796141], [77.494034, 30.787059], [77.51824, 30.777977], [77.531795, 30.773849], [77.547287, 30.778803], [77.556969, 30.786234], [77.56762, 30.79449], [77.572461, 30.806047], [77.574397, 30.815128], [77.563747, 30.829985], [77.550191, 30.847317], [77.531795, 30.862172], [77.525017, 30.871249], [77.500811, 30.8795], [77.492097, 30.8828], [77.483383, 30.889401], [77.460146, 30.893526], [77.448527, 30.893526], [77.442717, 30.888576]], [[77.043804, 30.839889], [77.045741, 30.823382], [77.070915, 30.813477], [77.093184, 30.809349], [77.11739, 30.813477], [77.134819, 30.825033], [77.138691, 30.82916], [77.146437, 30.838239], [77.15031, 30.844841], [77.154183, 30.854745], [77.137723, 30.865472], [77.13385, 30.869598], [77.125136, 30.875374], [77.102867, 30.872899], [77.08447, 30.867123], [77.074788, 30.859696], [77.064137, 30.85557], [77.059296, 30.854745], [77.043804, 30.839889]], [[76.968282, 30.757334], [76.953759, 30.742469], [76.949886, 30.735036], [76.945044, 30.719343], [76.944076, 30.707779], [76.954727, 30.703649], [76.976996, 30.697866], [76.989583, 30.693735], [76.999266, 30.700344], [77.009916, 30.710257], [77.02444, 30.718517], [77.034122, 30.721821], [77.037027, 30.723473], [77.039932, 30.723473], [77.037995, 30.728429], [77.029281, 30.742469], [77.026376, 30.747424], [77.020567, 30.754857], [76.997329, 30.76394], [76.989583, 30.764766], [76.968282, 30.757334]]], [[[77.174001, 32.962203], [77.16677, 32.939118], [77.15854, 32.915096], [77.156604, 32.894328], [77.145953, 32.872336], [77.14208, 32.859302], [77.136271, 32.840768], [77.13143, 32.821824], [77.13143, 32.791673], [77.129977, 32.750918], [77.124168, 32.733798], [77.115454, 32.715861], [77.110613, 32.706076], [77.10093, 32.692214], [77.095121, 32.684058], [77.09028, 32.676718], [77.082534, 32.668563], [77.063169, 32.648171], [77.047677, 32.637566], [77.030249, 32.627777], [77.014757, 32.617986], [77.001202, 32.609012], [76.984742, 32.595956], [76.971187, 32.589428], [76.957632, 32.580452], [76.947949, 32.569843], [76.943108, 32.555968], [76.940203, 32.54046], [76.937299, 32.529031], [76.933426, 32.51597], [76.932457, 32.501274], [76.934394, 32.484127], [76.935362, 32.457995], [76.933426, 32.44166], [76.939235, 32.408986], [76.931489, 32.386926], [76.922291, 32.361596], [76.916482, 32.343616], [76.916482, 32.331356], [76.921323, 32.320731], [76.931005, 32.301929], [76.937783, 32.285578], [76.948433, 32.275767], [76.96102, 32.261049], [76.971671, 32.2496], [76.980385, 32.238151], [76.986194, 32.226701], [76.992004, 32.200526], [76.994909, 32.188255], [76.994909, 32.16371], [76.992972, 32.1498], [76.986194, 32.135888], [76.974576, 32.120339], [76.96683, 32.10888], [76.959084, 32.099876], [76.95037, 32.098239], [76.921323, 32.099876], [76.904863, 32.099876], [76.870975, 32.10888], [76.842896, 32.117883], [76.81869, 32.122794], [76.788675, 32.122794], [76.766405, 32.112972], [76.750913, 32.109698], [76.720898, 32.107243], [76.70347, 32.105606], [76.686042, 32.114609], [76.677328, 32.123612], [76.666677, 32.153073], [76.658931, 32.171892], [76.652153, 32.183347], [76.642471, 32.1948], [76.629884, 32.206252], [76.619233, 32.218522], [76.610519, 32.23079], [76.591155, 32.2496], [76.570822, 32.266773], [76.547584, 32.279855], [76.514664, 32.288849], [76.483681, 32.290484], [76.466252, 32.293754], [76.428491, 32.285578], [76.412031, 32.276585], [76.392666, 32.265137], [76.37427, 32.252871], [76.356842, 32.24224], [76.342318, 32.232426], [76.32489, 32.217704], [76.299716, 32.197254], [76.29197, 32.184983], [76.283256, 32.171892], [76.272605, 32.161256], [76.262923, 32.157983], [76.240654, 32.157983], [76.230003, 32.161256], [76.214511, 32.171074], [76.206765, 32.183347], [76.192242, 32.200526], [76.173845, 32.217704], [76.158354, 32.23488], [76.141894, 32.247147], [76.108974, 32.265955], [76.083799, 32.270861], [76.066371, 32.282308], [76.039261, 32.297024], [76.025705, 32.306834], [76.016023, 32.317461], [76.000531, 32.352606], [75.976325, 32.403267], [75.964756, 32.44113], [75.980924, 32.449828], [76.026432, 32.48576], [76.059352, 32.573923], [76.059352, 32.63675], [76.030304, 32.70363], [75.978988, 32.742766], [75.925735, 32.793303], [75.944132, 32.824269], [76.009972, 32.842194], [76.066129, 32.856044], [76.127128, 32.863376], [76.198777, 32.868263], [76.267522, 32.88374], [76.325616, 32.904916], [76.418567, 32.95703], [76.434058, 33.014824], [76.429217, 33.069344], [76.456328, 33.099443], [76.501835, 33.088868], [76.557024, 33.066089], [76.598658, 33.066903], [76.629642, 33.087241], [76.671276, 33.13767], [76.777782, 33.117338], [76.886224, 33.083174], [76.974334, 33.05063], [77.09149, 33.000174], [77.174001, 32.962203]]], [[[74.931116, 30.904457], [74.963067, 30.917656], [74.988242, 30.939927], [75.043431, 30.963844], [75.077319, 30.986107], [75.10443, 31.011665], [75.130572, 31.040516], [75.156714, 31.067713], [75.172206, 31.090786], [75.190603, 31.118797], [75.210936, 31.149275], [75.231269, 31.173158], [75.25257, 31.198685], [75.277744, 31.22256], [75.307759, 31.250548], [75.32906, 31.277707], [75.347457, 31.297456], [75.372631, 31.327075], [75.391996, 31.366558], [75.429757, 31.383007], [75.459772, 31.406853], [75.508184, 31.449604], [75.525612, 31.432341], [75.539167, 31.410142], [75.550786, 31.386296], [75.574024, 31.364913], [75.587579, 31.345996], [75.627277, 31.319671], [75.59823, 31.291696], [75.577897, 31.276884], [75.554659, 31.244786], [75.527548, 31.215151], [75.494628, 31.16657], [75.491724, 31.137743], [75.491724, 31.099849], [75.490756, 31.063593], [75.487851, 31.046286], [75.480105, 31.031449], [75.470423, 31.024031], [75.445248, 31.011665], [75.421043, 31.004246], [75.390059, 30.995177], [75.359076, 30.983634], [75.330997, 30.964668], [75.303886, 30.951473], [75.278712, 30.932504], [75.256443, 30.911882], [75.221586, 30.881356], [75.209967, 30.868154], [75.185762, 30.849174], [75.176079, 30.83762], [75.154778, 30.828541], [75.139286, 30.829366], [75.123794, 30.831842], [75.102493, 30.838445], [75.092811, 30.845048], [75.08216, 30.852475], [75.054082, 30.868154], [75.039558, 30.875581], [75.017289, 30.886307], [75.003733, 30.895382], [74.970813, 30.903632], [74.931116, 30.904457]]], [[[75.864494, 31.210211], [75.868367, 31.206918], [75.879018, 31.201155], [75.89451, 31.188804], [75.909033, 31.172335], [75.915811, 31.167394], [75.942921, 31.141862], [75.956477, 31.129506], [75.966159, 31.112207], [75.971968, 31.096553], [75.981651, 31.078426], [76.002952, 31.058648], [76.027158, 31.033098], [76.047491, 31.000124], [76.038777, 30.998475], [76.022317, 30.99765], [76.001015, 30.99765], [75.974873, 30.992703], [75.946794, 30.982809], [75.936144, 30.979511], [75.906128, 30.968791], [75.880954, 30.95972], [75.869335, 30.954772], [75.856748, 30.953947], [75.84513, 30.965493], [75.833511, 30.975388], [75.819955, 30.985283], [75.81221, 30.998475], [75.805432, 31.010841], [75.78994, 31.029801], [75.77929, 31.039692], [75.765734, 31.055351], [75.759925, 31.069361], [75.766703, 31.093257], [75.778321, 31.114678], [75.801559, 31.142686], [75.816082, 31.164099], [75.830606, 31.183863], [75.840288, 31.196215], [75.864494, 31.210211]]], [[[76.282772, 28.853396], [76.266312, 28.867618], [76.255661, 28.899403], [76.257598, 28.936199], [76.256629, 28.977164], [76.257598, 29.010597], [76.244042, 29.023968], [76.219836, 29.055719], [76.205313, 29.087463], [76.202408, 29.088298], [76.185948, 29.091639], [76.16852, 29.104167], [76.150124, 29.115859], [76.141409, 29.121704], [76.118172, 29.138405], [76.090093, 29.159278], [76.072665, 29.1718], [76.045554, 29.192668], [76.023285, 29.210194], [76.008761, 29.225216], [75.983587, 29.248579], [75.982619, 29.261927], [75.968095, 29.292792], [75.95454, 29.316144], [75.940985, 29.33032], [75.920652, 29.348664], [75.908549, 29.407848], [75.910485, 29.430348], [75.909517, 29.444513], [75.910485, 29.471173], [75.903708, 29.487833], [75.893057, 29.504491], [75.877565, 29.52198], [75.864978, 29.535303], [75.846582, 29.541131], [75.805916, 29.542797], [75.793329, 29.538634], [75.782678, 29.533638], [75.772996, 29.530307], [75.755568, 29.526143], [75.747822, 29.521147], [75.718775, 29.517816], [75.706188, 29.51615], [75.671331, 29.52531], [75.656808, 29.535303], [75.623888, 29.548625], [75.612269, 29.546127], [75.598714, 29.541131], [75.58419, 29.535303], [75.56773, 29.52531], [75.559984, 29.518648], [75.543524, 29.511986], [75.51835, 29.508655], [75.498017, 29.512819], [75.467034, 29.522812], [75.44186, 29.521147], [75.423463, 29.511986], [75.416686, 29.501992], [75.416686, 29.487], [75.41959, 29.476171], [75.410876, 29.450345], [75.398289, 29.442013], [75.37602, 29.442847], [75.357623, 29.437847], [75.351814, 29.427848], [75.355687, 29.417848], [75.366337, 29.406181], [75.379893, 29.393679], [75.402162, 29.37034], [75.410876, 29.356167], [75.409908, 29.34783], [75.398289, 29.323649], [75.389575, 29.321147], [75.37021, 29.321147], [75.355687, 29.322815], [75.342131, 29.327818], [75.322767, 29.342827], [75.306307, 29.360336], [75.283069, 29.379509], [75.264673, 29.385344], [75.205126, 29.420348], [75.190603, 29.434514], [75.18673, 29.450345], [75.184793, 29.467008], [75.178984, 29.482002], [75.171238, 29.494496], [75.163492, 29.506156], [75.152842, 29.524478], [75.148969, 29.537801], [75.142191, 29.551955], [75.117985, 29.576931], [75.090874, 29.600237], [75.083129, 29.607727], [75.074414, 29.611889], [75.037622, 29.613553], [75.025034, 29.614385], [74.995019, 29.626868], [74.971782, 29.636021], [74.944671, 29.646006], [74.92337, 29.658486], [74.889482, 29.689266], [74.876895, 29.725028], [74.849784, 29.727523], [74.819769, 29.731681], [74.805245, 29.732512], [74.765548, 29.74249], [74.746183, 29.761613], [74.746183, 29.772421], [74.746183, 29.790708], [74.746183, 29.812318], [74.746183, 29.833925], [74.746183, 29.84805], [74.751992, 29.864667], [74.749088, 29.887927], [74.730691, 29.931945], [74.727786, 29.94274], [74.72585, 29.970969], [74.728755, 29.986742], [74.731659, 29.999193], [74.72004, 30.018282], [74.710358, 30.03156], [74.680343, 30.050645], [74.673565, 30.070557], [74.672597, 30.083831], [74.67066, 30.099591], [74.666788, 30.121155], [74.662915, 30.131107], [74.646455, 30.151838], [74.630963, 30.161787], [74.611598, 30.17671], [74.595138, 30.185829], [74.587392, 30.197434], [74.578678, 30.220642], [74.576742, 30.230587], [74.569964, 30.243017], [74.562218, 30.256275], [74.543338, 30.27036], [74.506545, 30.293556], [74.476529, 30.31095], [74.468783, 30.320061], [74.453292, 30.335796], [74.453292, 30.353186], [74.460069, 30.364778], [74.466847, 30.381336], [74.473625, 30.396237], [74.492021, 30.426034], [74.508481, 30.439276], [74.527846, 30.443413], [74.548179, 30.445896], [74.576258, 30.439276], [74.596591, 30.435138], [74.606273, 30.441758], [74.644034, 30.463273], [74.672113, 30.465755], [74.703096, 30.450033], [74.715683, 30.437621], [74.729239, 30.423551], [74.75054, 30.409481], [74.77765, 30.401204], [74.840586, 30.405342], [74.857046, 30.395409], [74.860919, 30.389615], [74.887061, 30.356498], [74.904489, 30.329999], [74.912235, 30.31592], [74.9316, 30.290242], [74.943219, 30.272845], [74.959679, 30.255446], [74.984853, 30.238874], [74.994535, 30.238874], [75.011963, 30.248817], [75.034233, 30.254617], [75.077803, 30.25296], [75.102977, 30.25296], [75.121374, 30.24716], [75.159135, 30.23473], [75.17269, 30.228929], [75.243371, 30.227272], [75.307759, 30.225614], [75.311632, 30.229758], [75.322283, 30.238874], [75.32906, 30.24716], [75.350361, 30.269531], [75.380377, 30.296041], [75.397805, 30.308465], [75.422011, 30.319233], [75.437503, 30.327515], [75.455899, 30.33828], [75.46655, 30.345733], [75.508184, 30.356498], [75.536263, 30.35981], [75.570151, 30.360638], [75.600166, 30.363122], [75.624372, 30.364778], [75.645673, 30.368917], [75.653419, 30.373057], [75.660197, 30.38382], [75.667943, 30.400376], [75.693117, 30.407826], [75.723132, 30.416103], [75.742497, 30.415275], [75.782194, 30.397065], [75.79575, 30.388787], [75.82867, 30.376369], [75.856748, 30.406998], [75.869335, 30.429345], [75.887732, 30.451688], [75.897414, 30.465755], [75.903224, 30.47982], [75.912906, 30.496365], [75.92162, 30.517045], [75.932271, 30.529451], [75.951635, 30.541856], [75.972937, 30.545164], [75.993269, 30.548472], [76.008761, 30.542683], [76.011666, 30.53524], [76.023285, 30.526143], [76.027158, 30.504638], [76.016507, 30.490575], [76.009729, 30.478165], [76.015539, 30.46741], [76.021348, 30.456653], [76.031031, 30.428517], [76.014571, 30.411136], [76.012634, 30.396237], [76.033935, 30.378025], [76.045554, 30.374713], [76.068792, 30.37968], [76.092029, 30.387959], [76.107521, 30.401204], [76.125918, 30.404515], [76.159806, 30.399548], [76.16852, 30.397893], [76.178202, 30.397893], [76.195631, 30.411136], [76.210154, 30.416103], [76.242106, 30.419413], [76.264375, 30.422724], [76.306009, 30.445896], [76.339898, 30.459963], [76.375722, 30.478993], [76.397992, 30.487266], [76.405738, 30.491402], [76.414452, 30.495538], [76.417356, 30.501329], [76.412515, 30.519526], [76.408642, 30.541856], [76.414452, 30.555087], [76.412515, 30.56749], [76.407674, 30.574931], [76.396055, 30.604693], [76.397023, 30.619571], [76.401865, 30.640234], [76.403801, 30.656761], [76.409611, 30.673287], [76.410579, 30.686507], [76.423166, 30.673287], [76.436721, 30.660893], [76.455118, 30.65015], [76.472546, 30.633622], [76.485133, 30.612959], [76.494815, 30.588986], [76.490942, 30.565836], [76.488038, 30.530278], [76.484649, 30.507119], [76.48949, 30.493057], [76.494331, 30.480647], [76.495299, 30.466582], [76.499172, 30.450033], [76.511759, 30.437621], [76.552425, 30.425207], [76.570822, 30.405342], [76.583409, 30.392926], [76.606646, 30.378852], [76.628916, 30.367262], [76.655058, 30.365606], [76.671518, 30.371401], [76.702502, 30.37968], [76.716057, 30.386303], [76.731549, 30.39127], [76.743167, 30.388787], [76.755755, 30.372229], [76.755755, 30.360638], [76.768342, 30.339937], [76.778024, 30.33414], [76.794484, 30.31592], [76.80223, 30.296041], [76.820626, 30.271188], [76.809976, 30.25296], [76.798357, 30.242188], [76.795452, 30.231415], [76.805135, 30.216498], [76.809976, 30.210696], [76.827404, 30.204065], [76.836118, 30.199921], [76.844832, 30.189145], [76.842896, 30.174223], [76.838055, 30.160958], [76.834182, 30.14935], [76.826436, 30.145204], [76.809007, 30.140229], [76.783833, 30.134424], [76.772215, 30.129449], [76.746072, 30.117009], [76.727676, 30.111203], [76.722835, 30.106227], [76.705406, 30.093785], [76.694756, 30.082172], [76.684105, 30.073046], [76.667645, 30.066409], [76.656026, 30.063091], [76.639566, 30.044007], [76.627463, 30.019942], [76.617781, 30.012473], [76.600353, 30.007493], [76.591639, 30.013302], [76.583893, 30.022432], [76.561623, 30.024091], [76.544195, 29.995873], [76.545163, 29.97512], [76.56356, 29.955195], [76.579052, 29.92198], [76.579052, 29.886266], [76.577115, 29.876298], [76.568401, 29.86799], [76.55775, 29.859682], [76.550005, 29.853036], [76.532576, 29.84805], [76.519989, 29.842234], [76.495783, 29.835587], [76.48126, 29.834756], [76.466736, 29.839741], [76.454149, 29.849712], [76.441562, 29.861344], [76.429943, 29.875467], [76.418325, 29.886266], [76.39896, 29.895403], [76.368945, 29.898725], [76.361199, 29.89125], [76.356358, 29.881282], [76.352485, 29.860513], [76.352485, 29.845558], [76.34958, 29.830601], [76.343771, 29.820629], [76.335056, 29.812318], [76.326342, 29.8065], [76.315692, 29.810656], [76.304073, 29.822291], [76.287613, 29.838911], [76.281804, 29.856359], [76.272121, 29.871313], [76.269216, 29.885435], [76.26728, 29.899556], [76.260502, 29.910353], [76.246947, 29.92198], [76.223709, 29.912014], [76.210154, 29.886266], [76.191758, 29.868821], [76.195631, 29.841403], [76.185948, 29.817305], [76.194662, 29.780734], [76.183044, 29.754131], [76.166584, 29.708395], [76.167552, 29.668469], [76.177234, 29.631029], [76.192726, 29.60856], [76.228551, 29.591914], [76.25082, 29.565276], [76.256629, 29.51615], [76.279867, 29.498661], [76.310851, 29.487], [76.331184, 29.482002], [76.368945, 29.476171], [76.376691, 29.475338], [76.408642, 29.458677], [76.414452, 29.452012], [76.41542, 29.431181], [76.407674, 29.417015], [76.396055, 29.407014], [76.381532, 29.39868], [76.355389, 29.383677], [76.331184, 29.369506], [76.305041, 29.359502], [76.291486, 29.350331], [76.270185, 29.30697], [76.269216, 29.278612], [76.271153, 29.269436], [76.287613, 29.245241], [76.293422, 29.22605], [76.296327, 29.217705], [76.308914, 29.200179], [76.314724, 29.175974], [76.312787, 29.164287], [76.309882, 29.149259], [76.315692, 29.14258], [76.345707, 29.147589], [76.369913, 29.155103], [76.375722, 29.154268], [76.414452, 29.148424], [76.447372, 29.150094], [76.459959, 29.151764], [76.476419, 29.155103], [76.487069, 29.161782], [76.493847, 29.169295], [76.501593, 29.178478], [76.541291, 29.183486], [76.579052, 29.181817], [76.59067, 29.18599], [76.613908, 29.18766], [76.6294, 29.194337], [76.641019, 29.200179], [76.649733, 29.206856], [76.655542, 29.211864], [76.685558, 29.211864], [76.69524, 29.203518], [76.7117, 29.186825], [76.714605, 29.143415], [76.710732, 29.138405], [76.704922, 29.12922], [76.688462, 29.107508], [76.67878, 29.097485], [76.669098, 29.088298], [76.659415, 29.07911], [76.64586, 29.059061], [76.643923, 29.04987], [76.642955, 29.027311], [76.641987, 29.016447], [76.644892, 28.983016], [76.639082, 28.976329], [76.630368, 28.973821], [76.617781, 28.972149], [76.604226, 28.972149], [76.589702, 28.975493], [76.55775, 28.981344], [76.545163, 28.98218], [76.521926, 28.978], [76.501593, 28.967133], [76.493847, 28.954593], [76.487069, 28.937871], [76.482228, 28.925328], [76.478355, 28.915293], [76.473514, 28.896894], [76.472546, 28.886857], [76.4648, 28.869291], [76.461895, 28.857579], [76.455118, 28.849212], [76.432848, 28.837498], [76.424134, 28.832478], [76.410579, 28.826621], [76.387341, 28.829968], [76.367976, 28.837498], [76.342802, 28.848376], [76.321501, 28.854232], [76.282772, 28.853396]]], [[[76.65651, 28.452078], [76.642955, 28.461307], [76.646828, 28.469696], [76.652638, 28.476407], [76.661352, 28.492345], [76.66232, 28.497377], [76.671034, 28.504926], [76.683621, 28.509119], [76.692335, 28.509958], [76.710732, 28.499893], [76.719446, 28.497377], [76.726223, 28.498216], [76.743652, 28.499893], [76.754302, 28.498216], [76.756239, 28.494022], [76.756239, 28.485634], [76.756239, 28.474729], [76.752366, 28.467179], [76.743652, 28.462984], [76.726223, 28.457951], [76.714605, 28.4504], [76.707827, 28.442848], [76.698145, 28.433618], [76.686526, 28.425227], [76.679748, 28.422709], [76.666193, 28.422709], [76.655542, 28.430262], [76.65651, 28.452078]]], [[[76.739779, 28.136254], [76.757207, 28.125322], [76.765921, 28.111866], [76.773667, 28.101773], [76.774635, 28.089155], [76.774635, 28.07822], [76.765921, 28.070648], [76.750429, 28.070648], [76.729128, 28.075696], [76.7117, 28.076537], [76.691367, 28.085791], [76.688462, 28.100932], [76.693303, 28.117753], [76.708795, 28.128686], [76.739779, 28.136254]]]]}}, {"type": "Feature", "properties": {"POLY_ID": 19, "STATE_NAME": "Jammu And Kashmir", "NATIVE": 1}, "geometry": {"type": "Polygon", "coordinates": [[[75.346731, 32.160437], [75.344068, 32.180279], [75.322767, 32.208093], [75.285974, 32.245716], [75.241435, 32.280877], [75.166881, 32.308673], [75.078772, 32.328291], [75.010995, 32.351176], [74.987757, 32.347907], [74.950965, 32.325839], [74.911267, 32.323387], [74.851236, 32.33483], [74.762159, 32.335648], [74.706001, 32.348724], [74.669208, 32.378143], [74.648875, 32.415725], [74.655653, 32.43778], [74.66824, 32.481881], [74.674049, 32.524337], [74.679859, 32.581472], [74.687605, 32.611663], [74.699223, 32.650822], [74.692446, 32.680185], [74.674049, 32.694864], [74.642098, 32.685893], [74.615955, 32.669582], [74.592718, 32.64348], [74.576258, 32.619822], [74.5201, 32.614927], [74.451355, 32.626349], [74.409721, 32.638586], [74.351627, 32.651638], [74.312898, 32.672844], [74.25674, 32.696495], [74.218011, 32.717696], [74.176377, 32.754383], [74.124092, 32.775576], [74.052927, 32.81062], [74.002578, 32.83425], [73.953198, 32.853803], [73.899945, 32.857877], [73.83701, 32.865208], [73.788598, 32.885573], [73.746964, 32.916521], [73.700489, 32.922221], [73.681124, 32.968631], [73.687902, 33.002005], [73.709203, 33.038628], [73.69468, 33.048392], [73.677251, 33.076869], [73.651109, 33.135434], [73.637554, 33.196416], [73.632713, 33.250062], [73.643363, 33.338621], [73.652077, 33.377604], [73.65595, 33.417389], [73.632713, 33.44499], [73.62884, 33.520462], [73.625935, 33.589413], [73.617221, 33.652659], [73.599793, 33.803381], [73.561063, 33.864118], [73.558511, 33.869163], [73.539762, 33.906216], [73.537826, 33.949922], [73.531048, 34.013841], [73.519548, 34.058182], [73.518461, 34.062372], [73.498128, 34.093909], [73.472954, 34.15535], [73.44197, 34.194143], [73.418733, 34.236159], [73.428415, 34.277357], [73.442939, 34.322582], [73.456494, 34.376676], [73.50781, 34.400084], [73.575587, 34.400891], [73.610443, 34.391206], [73.656918, 34.379905], [73.700489, 34.381519], [73.715013, 34.40977], [73.7276, 34.476745], [73.716949, 34.534822], [73.722758, 34.567886], [73.752774, 34.607393], [73.777948, 34.648502], [73.823455, 34.695243], [73.876708, 34.69766], [73.910596, 34.708134], [73.961912, 34.726664], [73.998705, 34.745193], [74.039371, 34.766135], [74.055831, 34.791102], [74.063577, 34.823312], [74.074712, 34.928758], [74.101822, 34.959334], [74.128933, 34.98186], [74.137647, 35.008405], [74.123124, 35.030925], [74.082458, 35.051834], [74.043728, 35.071133], [73.978857, 35.089625], [73.907207, 35.098468], [73.855891, 35.108115], [73.799733, 35.121781], [73.750353, 35.103292], [73.711624, 35.099272], [73.728084, 35.161164], [73.71356, 35.178843], [73.701941, 35.223035], [73.70533, 35.262396], [73.72179, 35.276853], [73.755678, 35.304157], [73.786662, 35.349121], [73.814741, 35.374809], [73.792471, 35.387652], [73.753742, 35.41494], [73.689838, 35.435804], [73.63949, 35.451852], [73.582364, 35.448643], [73.548476, 35.436607], [73.482636, 35.431792], [73.432288, 35.425372], [73.402273, 35.438211], [73.348051, 35.459876], [73.28318, 35.492768], [73.202816, 35.542497], [73.164087, 35.57297], [73.148111, 35.604239], [73.156825, 35.643518], [73.152952, 35.685994], [73.139397, 35.720449], [73.100667, 35.735671], [73.043542, 35.738876], [72.982543, 35.746887], [72.894433, 35.742881], [72.850863, 35.724455], [72.798578, 35.706027], [72.719183, 35.703623], [72.633978, 35.701219], [72.572979, 35.717244], [72.526504, 35.750892], [72.527472, 35.803756], [72.555551, 35.837388], [72.580725, 35.874217], [72.549742, 35.902234], [72.539091, 35.93905], [72.541028, 35.99346], [72.556519, 36.049455], [72.569106, 36.108632], [72.609772, 36.135015], [72.655279, 36.158198], [72.706596, 36.166191], [72.744357, 36.169389], [72.788896, 36.190169], [72.834403, 36.22693], [72.86345, 36.265282], [72.901211, 36.312412], [72.941877, 36.347552], [72.977702, 36.384283], [73.047899, 36.423402], [73.078882, 36.451339], [73.10212, 36.48007], [73.110834, 36.533531], [73.11088, 36.533646], [73.123421, 36.564644], [73.166023, 36.586181], [73.212014, 36.613297], [73.24203, 36.619677], [73.330139, 36.624462], [73.38436, 36.628449], [73.432772, 36.637221], [73.496676, 36.638816], [73.57123, 36.638816], [73.634165, 36.622867], [73.682577, 36.614892], [73.730988, 36.618082], [73.81813, 36.619677], [73.854438, 36.626854], [73.87574, 36.636424], [73.895104, 36.644397], [73.893168, 36.678682], [73.872835, 36.698612], [73.847661, 36.720134], [73.813773, 36.739263], [73.781821, 36.744045], [73.731473, 36.777515], [73.703394, 36.807793], [73.67241, 36.852405], [73.725663, 36.857184], [73.786662, 36.866742], [73.837978, 36.86037], [73.911564, 36.829303], [73.95223, 36.795842], [73.997737, 36.770343], [74.054863, 36.762374], [74.094561, 36.776718], [74.119735, 36.806199], [74.154591, 36.844439], [74.221399, 36.844439], [74.264002, 36.850015], [74.387936, 36.929656], [74.432475, 36.934433], [74.513806, 36.934433], [74.566091, 36.93523], [74.579646, 36.94558], [74.576742, 36.978222], [74.584488, 37.011654], [74.630963, 37.027572], [74.693898, 37.036326], [74.740373, 37.015633], [74.782976, 36.994938], [74.813959, 36.968669], [74.830419, 36.92886], [74.855593, 36.894618], [74.897227, 36.889839], [74.927243, 36.891432], [74.96694, 36.904174], [75.020193, 36.920897], [75.0657, 36.931248], [75.123794, 36.941599], [75.140254, 36.950357], [75.165429, 36.96628], [75.174143, 37.003694], [75.192539, 37.027572], [75.218681, 37.047468], [75.257411, 37.05463], [75.310664, 37.059404], [75.34552, 37.024388], [75.38425, 36.963096], [75.428788, 36.92886], [75.437503, 36.900192], [75.442344, 36.852405], [75.457836, 36.803012], [75.48301, 36.784686], [75.531421, 36.755999], [75.583706, 36.732887], [75.635991, 36.698612], [75.670847, 36.661142], [75.725068, 36.583788], [75.767671, 36.535925], [75.807368, 36.512787], [75.854812, 36.490445], [75.904192, 36.474484], [75.959381, 36.454532], [76.017475, 36.440165], [76.071697, 36.423402], [76.120108, 36.397856], [76.171425, 36.361926], [76.204345, 36.332379], [76.243074, 36.324392], [76.285676, 36.3196], [76.346675, 36.330781], [76.389278, 36.306821], [76.416388, 36.279661], [76.425102, 36.250901], [76.450276, 36.208551], [76.479323, 36.17898], [76.510307, 36.159797], [76.535965, 36.135815], [76.57179, 36.135815], [76.61536, 36.136614], [76.642471, 36.119026], [76.667645, 36.099037], [76.699597, 36.057453], [76.741231, 36.01746], [76.764469, 35.98386], [76.766405, 35.959056], [76.761564, 35.924644], [76.762532, 35.89503], [76.787222, 35.859806], [76.816269, 35.822975], [76.845316, 35.790141], [76.907283, 35.755699], [76.950854, 35.73487], [77.023472, 35.730864], [77.091248, 35.730864], [77.130946, 35.714841], [77.17258, 35.687597], [77.209373, 35.65554], [77.241324, 35.625082], [77.297482, 35.613859], [77.342989, 35.612255], [77.403988, 35.597825], [77.43013, 35.577781], [77.454336, 35.541695], [77.462082, 35.498384], [77.460146, 35.477526], [77.432067, 35.463085], [77.399147, 35.463085], [77.356544, 35.468701], [77.322656, 35.475922], [77.312974, 35.444631], [77.332338, 35.414137], [77.373004, 35.391665], [77.429162, 35.367584], [77.480478, 35.380428], [77.541477, 35.395678], [77.595698, 35.403704], [77.664443, 35.407717], [77.722537, 35.433397], [77.800964, 35.440619], [77.84163, 35.419755], [77.88036, 35.406914], [77.920057, 35.396481], [77.937485, 35.429385], [77.95685, 35.467899], [77.968469, 35.529665], [78.000421, 35.544903], [78.036245, 35.551319], [78.079816, 35.548111], [78.112736, 35.536883], [78.135005, 35.525655], [78.160179, 35.532873], [78.182449, 35.562545], [78.206655, 35.588204], [78.230861, 35.591411], [78.261844, 35.609049], [78.308319, 35.637907], [78.348017, 35.665158], [78.40127, 35.692405], [78.480665, 35.74929], [78.533918, 35.753296], [78.597822, 35.758102], [78.64236, 35.774923], [78.699486, 35.802154], [78.737247, 35.814967], [78.767263, 35.818971], [78.833103, 35.818971], [78.897974, 35.834986], [78.956069, 35.848598], [79.022877, 35.848598], [79.05967, 35.834986], [79.108081, 35.818971], [79.166176, 35.814967], [79.196191, 35.830182], [79.216524, 35.856604], [79.228143, 35.891828], [79.245571, 35.917441], [79.281396, 35.932648], [79.316252, 35.950253], [79.377251, 35.955055], [79.414044, 35.93825], [79.437281, 35.907036], [79.468265, 35.872616], [79.518613, 35.850199], [79.568961, 35.826178], [79.61931, 35.811764], [79.680308, 35.799751], [79.729688, 35.781331], [79.7781, 35.770117], [79.817798, 35.751693], [79.872019, 35.748489], [79.914621, 35.746086], [79.945605, 35.770117], [79.981429, 35.799751], [80.011445, 35.800552], [80.038555, 35.778928], [80.064698, 35.750892], [80.089872, 35.72766], [80.124728, 35.69561], [80.146998, 35.65554], [80.179918, 35.644319], [80.234139, 35.616264], [80.284487, 35.590609], [80.330962, 35.548111], [80.359041, 35.508811], [80.376469, 35.472713], [80.368723, 35.432594], [80.363882, 35.394875], [80.344518, 35.357951], [80.317407, 35.301748], [80.296106, 35.268821], [80.276741, 35.217411], [80.260281, 35.172415], [80.236075, 35.119369], [80.223488, 35.072741], [80.220583, 35.038163], [80.218647, 34.995536], [80.219615, 34.952093], [80.205092, 34.909445], [80.194441, 34.865981], [80.165394, 34.827338], [80.139736, 34.789491], [80.127149, 34.762913], [80.104879, 34.735526], [80.100038, 34.689602], [80.085515, 34.640442], [80.070991, 34.618678], [80.040976, 34.610617], [79.981914, 34.602555], [79.917042, 34.60578], [79.877344, 34.596106], [79.833774, 34.57353], [79.796981, 34.539661], [79.801822, 34.509819], [79.821187, 34.472711], [79.8604, 34.429138], [79.819734, 34.402506], [79.773259, 34.391206], [79.690959, 34.394434], [79.628992, 34.395241], [79.555406, 34.386362], [79.55347, 34.352457], [79.55347, 34.32339], [79.560247, 34.274934], [79.552501, 34.236967], [79.576707, 34.173939], [79.587358, 34.152116], [79.590263, 34.138375], [79.552501, 34.128674], [79.513772, 34.118973], [79.482788, 34.096335], [79.464392, 34.051049], [79.462455, 34.008987], [79.459551, 33.95154], [79.449384, 33.902978], [79.412591, 33.89893], [79.35837, 33.91512], [79.28188, 33.952349], [79.233468, 33.943447], [79.169564, 33.936164], [79.125026, 33.922404], [79.050471, 33.94021], [79.00206, 33.931308], [78.965267, 33.905406], [78.944934, 33.877882], [78.953648, 33.855211], [78.973013, 33.812291], [79.005933, 33.77827], [79.049503, 33.737761], [79.068868, 33.685895], [79.050471, 33.659955], [79.030139, 33.63239], [79.039821, 33.600766], [79.083391, 33.582924], [79.112439, 33.558591], [79.147295, 33.535066], [79.141486, 33.495309], [79.119216, 33.492063], [79.028202, 33.49044], [78.972044, 33.492874], [78.940093, 33.462847], [78.953648, 33.436873], [78.967203, 33.394656], [78.986568, 33.330498], [78.993346, 33.26794], [79.024813, 33.216739], [79.080003, 33.181783], [79.137129, 33.15983], [79.188445, 33.15739], [79.288173, 33.171213], [79.364664, 33.176905], [79.440186, 33.174465], [79.463424, 33.153324], [79.466328, 33.111034], [79.446964, 33.075242], [79.427599, 33.017469], [79.387901, 32.941764], [79.384997, 32.917335], [79.408234, 32.868467], [79.445027, 32.817954], [79.473106, 32.76661], [79.518613, 32.732372], [79.544755, 32.691602], [79.571866, 32.636139], [79.565088, 32.60432], [79.543787, 32.575759], [79.529264, 32.551275], [79.502153, 32.52597], [79.48182, 32.497396], [79.459551, 32.468816], [79.429535, 32.436147], [79.401457, 32.433696], [79.375314, 32.43533], [79.334648, 32.455749], [79.291078, 32.475349], [79.270745, 32.465549], [79.239761, 32.443498], [79.214587, 32.425528], [79.157461, 32.389582], [79.137129, 32.370789], [79.116796, 32.347907], [79.10905, 32.32257], [79.098399, 32.290688], [79.094526, 32.271883], [79.068384, 32.259618], [79.035464, 32.253076], [79.002544, 32.252258], [78.954132, 32.266159], [78.920244, 32.284147], [78.875705, 32.313578], [78.83988, 32.344638], [78.805024, 32.385497], [78.789532, 32.414908], [78.781786, 32.451665], [78.778882, 32.499845], [78.766295, 32.556172], [78.739184, 32.593712], [78.71401, 32.589632], [78.676249, 32.562701], [78.646233, 32.530868], [78.624932, 32.508826], [78.613313, 32.498212], [78.570711, 32.50801], [78.5436, 32.484331], [78.525446, 32.469428], [78.478971, 32.537195], [78.439273, 32.59106], [78.394734, 32.635935], [78.345354, 32.664484], [78.29307, 32.6653], [78.238849, 32.642461], [78.21077, 32.613907], [78.173009, 32.582084], [78.142025, 32.548622], [78.108137, 32.530664], [78.052947, 32.524133], [78.002599, 32.554336], [78.005504, 32.596772], [78.028742, 32.635935], [78.039392, 32.688952], [78.012282, 32.733798], [77.950314, 32.774557], [77.94741, 32.818565], [77.933854, 32.870707], [77.897062, 32.907359], [77.845745, 32.924461], [77.785715, 32.903287], [77.728589, 32.8536], [77.689859, 32.82101], [77.653066, 32.803897], [77.613369, 32.831602], [77.57948, 32.855229], [77.545592, 32.854414], [77.501053, 32.833232], [77.458451, 32.825084], [77.411008, 32.847897], [77.35485, 32.877224], [77.276423, 32.911431], [77.174001, 32.962203], [77.09149, 33.000174], [76.974334, 33.05063], [76.886224, 33.083174], [76.777782, 33.117338], [76.671276, 33.13767], [76.629642, 33.087241], [76.598658, 33.066903], [76.557024, 33.066089], [76.501835, 33.088868], [76.456328, 33.099443], [76.429217, 33.069344], [76.434058, 33.014824], [76.418567, 32.95703], [76.325616, 32.904916], [76.267522, 32.88374], [76.198777, 32.868263], [76.127128, 32.863376], [76.066129, 32.856044], [76.009972, 32.842194], [75.944132, 32.824269], [75.925735, 32.793303], [75.978988, 32.742766], [76.030304, 32.70363], [76.059352, 32.63675], [76.059352, 32.573923], [76.026432, 32.48576], [75.980924, 32.449828], [75.964756, 32.44113], [75.914116, 32.413887], [75.814388, 32.358327], [75.729183, 32.318278], [75.617836, 32.269226], [75.5336, 32.228337], [75.447427, 32.197254], [75.384492, 32.172711], [75.346731, 32.160437]]]}}, {"type": "Feature", "properties": {"POLY_ID": 20, "STATE_NAME": "United Province Of Agra And Oudh", "NATIVE": 0}, "geometry": {"type": "Polygon", "coordinates": [[[83.237531, 25.029491], [83.207588, 25.04026], [83.192097, 25.042841], [83.175637, 25.044562], [83.148526, 25.050583], [83.116574, 25.059185], [83.098178, 25.057465], [83.090432, 25.056605], [83.070099, 25.049723], [83.065258, 25.048003], [83.034274, 25.035098], [83.02556, 25.030797], [83.01491, 25.021332], [83.007164, 25.011007], [83.000386, 24.99982], [82.990704, 24.988633], [82.981021, 24.967115], [82.969403, 24.937846], [82.963593, 24.921486], [82.958752, 24.906848], [82.958752, 24.896513], [82.955847, 24.864644], [82.951974, 24.85086], [82.950038, 24.836213], [82.945197, 24.822427], [82.938419, 24.798296], [82.939387, 24.788815], [82.945197, 24.781058], [82.94907, 24.768989], [82.946165, 24.731053], [82.950038, 24.715531], [82.955847, 24.697419], [82.957784, 24.68448], [82.967466, 24.674128], [82.971339, 24.668089], [82.991672, 24.652559], [83.001354, 24.646519], [83.017814, 24.640479], [83.037179, 24.636164], [83.053639, 24.637027], [83.065258, 24.641342], [83.072036, 24.646519], [83.084623, 24.672403], [83.103019, 24.68448], [83.11367, 24.692243], [83.142717, 24.704319], [83.164986, 24.708631], [83.186287, 24.712081], [83.221356, 24.714453], [83.262021, 24.667874], [83.300751, 24.652344], [83.327861, 24.638538], [83.341417, 24.604016], [83.347226, 24.555671], [83.343353, 24.514218], [83.337544, 24.477936], [83.341417, 24.439916], [83.293005, 24.436459], [83.256212, 24.436459], [83.229101, 24.43473], [83.219419, 24.419172], [83.21361, 24.370759], [83.225228, 24.353464], [83.250403, 24.332707], [83.269767, 24.301566], [83.263958, 24.27907], [83.258148, 24.251378], [83.238784, 24.22368], [83.215546, 24.195976], [83.205864, 24.164802], [83.213126, 24.120409], [83.174396, 24.113478], [83.137603, 24.092683], [83.116302, 24.056284], [83.118239, 24.012938], [83.091128, 23.999064], [83.048526, 23.995595], [83.023351, 23.992127], [82.992368, 23.973047], [82.96913, 23.952229], [82.938147, 23.933144], [82.9091, 23.917526], [82.87618, 23.914055], [82.827768, 23.914055], [82.769674, 23.919261], [82.725135, 23.922732], [82.667041, 23.922732], [82.618629, 23.914055], [82.583773, 23.898435], [82.565618, 23.942578], [82.563682, 24.031036], [82.575301, 24.069176], [82.615967, 24.102106], [82.639204, 24.135028], [82.643077, 24.192188], [82.61984, 24.254515], [82.583047, 24.29605], [82.555936, 24.344492], [82.565618, 24.380811], [82.608221, 24.398102], [82.645014, 24.415391], [82.643077, 24.444777], [82.615967, 24.475884], [82.596602, 24.510439], [82.629522, 24.539804], [82.658569, 24.569162], [82.662442, 24.626132], [82.598538, 24.684803], [82.52108, 24.710679], [82.466858, 24.693429], [82.447494, 24.645117], [82.435875, 24.61405], [82.3894, 24.619228], [82.366162, 24.660648], [82.339051, 24.677902], [82.286767, 24.641666], [82.242228, 24.596787], [82.195753, 24.565708], [82.172515, 24.576069], [82.174451, 24.620954], [82.147341, 24.655471], [82.100866, 24.677902], [82.124103, 24.724478], [82.135722, 24.762416], [82.12604, 24.786553], [82.073755, 24.786553], [82.038899, 24.795172], [82.013724, 24.817579], [81.982741, 24.862383], [81.959503, 24.870997], [81.914964, 24.874442], [81.849124, 24.867551], [81.82395, 24.877888], [81.802649, 24.915782], [81.781348, 24.9485], [81.767793, 24.95883], [81.731, 24.960552], [81.667096, 24.969159], [81.647732, 24.989816], [81.638049, 25.017353], [81.614812, 25.031119], [81.570273, 25.039723], [81.556718, 25.055207], [81.550908, 25.08273], [81.537353, 25.115407], [81.512179, 25.141199], [81.465703, 25.156671], [81.43472, 25.129163], [81.423101, 25.09133], [81.403736, 25.07069], [81.363071, 25.065529], [81.337896, 25.07757], [81.293358, 25.101649], [81.231391, 25.115407], [81.194598, 25.118846], [81.157805, 25.120566], [81.130694, 25.105089], [81.117139, 25.08445], [81.111329, 25.050046], [81.109393, 24.988095], [81.119075, 24.951943], [81.103584, 24.924393], [81.060981, 24.912337], [81.00676, 24.896836], [80.975777, 24.917504], [80.94092, 24.953665], [80.913809, 24.979488], [80.877017, 24.984652], [80.811177, 24.99498], [80.77632, 25.01219], [80.756955, 25.051766], [80.760828, 25.08617], [80.774384, 25.117127], [80.747273, 25.139479], [80.724035, 25.156671], [80.71048, 25.173861], [80.720162, 25.197922], [80.737591, 25.220261], [80.745337, 25.249468], [80.712417, 25.273516], [80.667878, 25.271799], [80.646577, 25.234007], [80.633021, 25.17558], [80.634958, 25.127444], [80.636894, 25.068969], [80.640767, 25.031119], [80.638831, 25.005306], [80.603974, 24.981209], [80.58461, 24.989816], [80.565245, 25.024236], [80.561372, 25.065529], [80.55169, 25.110248], [80.51296, 25.110248], [80.48585, 25.08961], [80.458739, 25.09821], [80.418073, 25.118846], [80.385153, 25.103369], [80.383217, 25.062088], [80.404518, 25.010469], [80.418073, 24.982931], [80.433565, 24.955387], [80.406454, 24.927837], [80.389026, 24.927837], [80.363852, 24.9485], [80.296076, 25.025957], [80.28833, 25.051766], [80.284457, 25.09821], [80.278647, 25.141199], [80.276711, 25.168704], [80.253473, 25.196204], [80.212807, 25.230571], [80.201189, 25.251186], [80.18957, 25.282104], [80.179887, 25.313014], [80.160523, 25.335334], [80.114047, 25.350784], [80.075318, 25.354217], [80.042398, 25.342201], [79.99205, 25.328467], [79.970749, 25.330184], [79.924273, 25.345634], [79.902972, 25.337051], [79.871989, 25.273516], [79.870052, 25.249468], [79.862306, 25.209952], [79.817767, 25.201359], [79.782911, 25.206515], [79.742245, 25.185892], [79.749991, 25.170423], [79.748055, 25.08961], [79.734499, 25.067249], [79.703516, 25.062088], [79.641549, 25.08273], [79.581518, 25.09477], [79.542789, 25.101649], [79.517615, 25.09821], [79.486631, 25.07413], [79.440156, 25.048325], [79.411109, 25.024236], [79.382062, 25.019074], [79.308476, 25.056927], [79.304603, 25.07241], [79.30073, 25.139479], [79.298794, 25.194485], [79.329777, 25.208233], [79.385935, 25.209952], [79.405299, 25.240879], [79.407236, 25.278669], [79.383998, 25.306146], [79.316222, 25.307863], [79.265874, 25.314731], [79.215525, 25.354217], [79.200034, 25.355934], [79.167114, 25.337051], [79.159368, 25.299277], [79.153558, 25.234007], [79.155495, 25.187611], [79.184542, 25.15839], [79.178732, 25.129163], [79.161304, 25.115407], [79.140003, 25.07757], [79.134194, 25.055207], [79.120638, 25.046605], [79.079972, 25.041443], [79.058671, 25.055207], [79.047052, 25.08445], [79.012196, 25.106809], [78.969594, 25.101649], [78.926991, 25.07413], [78.901817, 25.07069], [78.892135, 25.09305], [78.888262, 25.130883], [78.909563, 25.153233], [78.915372, 25.177298], [78.907627, 25.206515], [78.857278, 25.227134], [78.843723, 25.232289], [78.793375, 25.249468], [78.766264, 25.275234], [78.766264, 25.29756], [78.785629, 25.330184], [78.820485, 25.345634], [78.913436, 25.350784], [78.965721, 25.361083], [78.990895, 25.37653], [78.990895, 25.414281], [78.998641, 25.448592], [79.00445, 25.488038], [78.992831, 25.501755], [78.963784, 25.491467], [78.90569, 25.491467], [78.882452, 25.510328], [78.849532, 25.513757], [78.826295, 25.486323], [78.803057, 25.479463], [78.77401, 25.482893], [78.762391, 25.512043], [78.719789, 25.515471], [78.712043, 25.500041], [78.702361, 25.469174], [78.671377, 25.44173], [78.624902, 25.452022], [78.611347, 25.460598], [78.593918, 25.457168], [78.57649, 25.44173], [78.557126, 25.415997], [78.528078, 25.395407], [78.473857, 25.393691], [78.454493, 25.391975], [78.437064, 25.366232], [78.437064, 25.307863], [78.435128, 25.264928], [78.431255, 25.215107], [78.440937, 25.173861], [78.464175, 25.146356], [78.479667, 25.07241], [78.495158, 24.99498], [78.504841, 24.931281], [78.531951, 24.870997], [78.638457, 24.876165], [78.659758, 24.836536], [78.655885, 24.786553], [78.652013, 24.724478], [78.61522, 24.66755], [78.638457, 24.610597], [78.679123, 24.607145], [78.748836, 24.646843], [78.793375, 24.624406], [78.808867, 24.586428], [78.791438, 24.520804], [78.777883, 24.481068], [78.837914, 24.436134], [78.907627, 24.411933], [78.940811, 24.3814], [78.928179, 24.357171], [78.911257, 24.324706], [78.895766, 24.295293], [78.899639, 24.264143], [78.895766, 24.207015], [78.880274, 24.19143], [78.837672, 24.186235], [78.820243, 24.189698], [78.775705, 24.193162], [78.721483, 24.187966], [78.68469, 24.224329], [78.669199, 24.243372], [78.626596, 24.250296], [78.597549, 24.269335], [78.560756, 24.316056], [78.541392, 24.328166], [78.479425, 24.324706], [78.448441, 24.322976], [78.405839, 24.331626], [78.372919, 24.359301], [78.349681, 24.385242], [78.270286, 24.414634], [78.256731, 24.418092], [78.212192, 24.419821], [78.173462, 24.419821], [78.142479, 24.418092], [78.138606, 24.481932], [78.125051, 24.564845], [78.113432, 24.637351], [78.099877, 24.721891], [78.101813, 24.859798], [78.107622, 24.89942], [78.150225, 24.947639], [78.192827, 24.985513], [78.218001, 25.026817], [78.248985, 25.068109], [78.245112, 25.09821], [78.259635, 25.13776], [78.270286, 25.193626], [78.261572, 25.251186], [78.251889, 25.275234], [78.233493, 25.310439], [78.209287, 25.355934], [78.207351, 25.398839], [78.21316, 25.439157], [78.258667, 25.482036], [78.296428, 25.508614], [78.312888, 25.520615], [78.416489, 25.548899], [78.526868, 25.567751], [78.631438, 25.597739], [78.695341, 25.615728], [78.770863, 25.643136], [78.830894, 25.692797], [78.873496, 25.742441], [78.88221, 25.81516], [78.88221, 25.883566], [78.843481, 25.957918], [78.850259, 25.980985], [78.863814, 26.01515], [78.873496, 26.037353], [78.88559, 26.057087], [78.869623, 26.049306], [78.906416, 26.067235], [78.925781, 26.086869], [78.938368, 26.120153], [78.936432, 26.159402], [78.934495, 26.19608], [78.928686, 26.211431], [78.951923, 26.234454], [78.978066, 26.267703], [78.991621, 26.292421], [78.996462, 26.346103], [78.992589, 26.373361], [78.960637, 26.40913], [78.921908, 26.449146], [78.91513, 26.492554], [78.903512, 26.553813], [78.887052, 26.60484], [78.861877, 26.666898], [78.828957, 26.692393], [78.792165, 26.677946], [78.761181, 26.657549], [78.72342, 26.643948], [78.680818, 26.653299], [78.617882, 26.682195], [78.57528, 26.708537], [78.537519, 26.72468], [78.485234, 26.739971], [78.397125, 26.749314], [78.309984, 26.748465], [78.284809, 26.746766], [78.288319, 26.76439], [78.278637, 26.82213], [78.255399, 26.856084], [78.212797, 26.859479], [78.143084, 26.834015], [78.088863, 26.789867], [78.050133, 26.767787], [78.024959, 26.769486], [77.984293, 26.779677], [77.922326, 26.788169], [77.899089, 26.791565], [77.831312, 26.791565], [77.75579, 26.769486], [77.730616, 26.760993], [77.688014, 26.732113], [77.664776, 26.71852], [77.643475, 26.698129], [77.629919, 26.672635], [77.622174, 26.657336], [77.610555, 26.638635], [77.589254, 26.623333], [77.567952, 26.609729], [77.540842, 26.602927], [77.504049, 26.606328], [77.494367, 26.616531], [77.486621, 26.635235], [77.486621, 26.665835], [77.49243, 26.696429], [77.540842, 26.762692], [77.567952, 26.794962], [77.614428, 26.827224], [77.645411, 26.847596], [77.699632, 26.87136], [77.765472, 26.883241], [77.800329, 26.891726], [77.839058, 26.913785], [77.85455, 26.929055], [77.858423, 26.95959], [77.862296, 26.983334], [77.848741, 26.996901], [77.823566, 27.010466], [77.798392, 27.010466], [77.759663, 26.991813], [77.746108, 26.983334], [77.720934, 26.971463], [77.686077, 26.961286], [77.664776, 26.957894], [77.643475, 26.957894], [77.608618, 26.964678], [77.598936, 26.973159], [77.581508, 26.991813], [77.581508, 27.015552], [77.583444, 27.030811], [77.596999, 27.056238], [77.606682, 27.066407], [77.620237, 27.091828], [77.633792, 27.103689], [77.65703, 27.118937], [77.660903, 27.135878], [77.658967, 27.152817], [77.649284, 27.173141], [77.633792, 27.186689], [77.618301, 27.188382], [77.587317, 27.191769], [77.566016, 27.183302], [77.535032, 27.164673], [77.505985, 27.151124], [77.471129, 27.147736], [77.445955, 27.154511], [77.42659, 27.168061], [77.405289, 27.183302], [77.39367, 27.200235], [77.385924, 27.215473], [77.385924, 27.232402], [77.405289, 27.2781], [77.419812, 27.310249], [77.425622, 27.357612], [77.419812, 27.403269], [77.408194, 27.44722], [77.402384, 27.499605], [77.390765, 27.543526], [77.38302, 27.573924], [77.38302, 27.612757], [77.379147, 27.653266], [77.37721, 27.673517], [77.390433, 27.700618], [77.41948, 27.745318], [77.442717, 27.781574], [77.471764, 27.826248], [77.496938, 27.86838], [77.495002, 27.893653], [77.472733, 27.92566], [77.436908, 27.953448], [77.426257, 27.986283], [77.434003, 28.029208], [77.441749, 28.103245], [77.440781, 28.15202], [77.418511, 28.179764], [77.371068, 28.235235], [77.322656, 28.327639], [77.29845, 28.359546], [77.301355, 28.379064], [77.30426, 28.407603], [77.303291, 28.435296], [77.299419, 28.462145], [77.276181, 28.490667], [77.243261, 28.52086], [77.224864, 28.553562], [77.211309, 28.588771], [77.19969, 28.614753], [77.185167, 28.654973], [77.176453, 28.673404], [77.155878, 28.693507], [77.155878, 28.705024], [77.139418, 28.727635], [77.126831, 28.764475], [77.128767, 28.834779], [77.121989, 28.87912], [77.107466, 28.907558], [77.091006, 28.932645], [77.071641, 28.9594], [77.076482, 29.003702], [77.095847, 29.042978], [77.103593, 29.082242], [77.107466, 29.107299], [77.092942, 29.144876], [77.073578, 29.172426], [77.080355, 29.195798], [77.088101, 29.225841], [77.09972, 29.25421], [77.101657, 29.267559], [77.081324, 29.322607], [77.076482, 29.35846], [77.090038, 29.401805], [77.105529, 29.428473], [77.121989, 29.446804], [77.115212, 29.525935], [77.128767, 29.560905], [77.143291, 29.597532], [77.155878, 29.624996], [77.176211, 29.690721], [77.19848, 29.725652], [77.226559, 29.756417], [77.250765, 29.788838], [77.26432, 29.811279], [77.286589, 29.843688], [77.305954, 29.884397], [77.311288, 29.900237], [77.318541, 29.921773], [77.375667, 29.984874], [77.426015, 30.027203], [77.439283, 30.044697], [77.451189, 30.060394], [77.474459, 30.094082], [77.479268, 30.101043], [77.508315, 30.138363], [77.542203, 30.173187], [77.581901, 30.20966], [77.628376, 30.24861], [77.674852, 30.279266], [77.722295, 30.315713], [77.75231, 30.349667], [77.764897, 30.386096], [77.766834, 30.450654], [77.746501, 30.487886], [77.721327, 30.535033], [77.70874, 30.582166], [77.712613, 30.633415], [77.716486, 30.669776], [77.747469, 30.708605], [77.778453, 30.754857], [77.783666, 30.768936], [77.819845, 30.771165], [77.861479, 30.769101], [77.891494, 30.752999], [77.927319, 30.729461], [77.955398, 30.710051], [77.971858, 30.684028], [77.991222, 30.660893], [77.993159, 30.632796], [78.005746, 30.625357], [78.005746, 30.596426], [78.018333, 30.578239], [78.028984, 30.56749], [78.043507, 30.555914], [78.067713, 30.540202], [78.073522, 30.531105], [78.072554, 30.510428], [78.071586, 30.492229], [78.060935, 30.471547], [78.053189, 30.456653], [78.037698, 30.431], [78.031888, 30.403687], [78.039634, 30.387131], [78.057062, 30.368917], [78.073522, 30.35981], [78.095792, 30.358154], [78.110315, 30.358982], [78.144204, 30.357326], [78.166473, 30.339109], [78.176155, 30.328343], [78.181965, 30.320889], [78.184869, 30.302667], [78.188742, 30.26456], [78.189711, 30.233073], [78.198425, 30.216498], [78.202298, 30.206552], [78.208107, 30.177539], [78.216821, 30.160129], [78.218758, 30.141887], [78.222631, 30.121985], [78.224567, 30.107885], [78.224567, 30.094614], [78.226504, 30.076365], [78.239091, 30.03239], [78.238122, 30.005003], [78.249741, 29.991722], [78.250709, 29.977611], [78.249741, 29.957686], [78.248773, 29.927793], [78.235218, 29.912014], [78.230376, 29.899556], [78.218758, 29.889589], [78.199393, 29.873806], [78.193584, 29.860513], [78.187774, 29.843065], [78.181965, 29.830601], [78.214885, 29.831432], [78.242964, 29.83808], [78.26136, 29.850543], [78.318486, 29.875467], [78.352374, 29.888758], [78.39304, 29.907862], [78.397881, 29.926963], [78.420151, 29.94191], [78.437579, 29.951874], [78.45888, 29.965158], [78.487927, 29.981761], [78.504387, 29.992552], [78.525688, 30.000853], [78.542148, 30.009983], [78.560545, 30.022432], [78.577005, 30.03239], [78.597338, 30.042348], [78.614766, 30.051475], [78.635099, 30.062261], [78.65059, 30.070557], [78.674796, 30.082172], [78.687383, 30.087149], [78.713526, 30.092955], [78.74935, 30.106227], [78.774525, 30.119497], [78.786143, 30.122814], [78.810349, 30.129449], [78.816159, 30.131936], [78.830682, 30.137741], [78.849079, 30.140229], [78.876189, 30.144375], [78.89749, 30.146033], [78.906204, 30.146862], [78.926537, 30.152667], [78.957037, 30.189974], [78.973497, 30.209867], [78.981243, 30.244674], [78.986084, 30.261246], [78.994798, 30.283615], [79.001576, 30.298526], [79.007385, 30.312607], [79.015131, 30.343249], [79.012226, 30.387959], [79.011258, 30.399548], [79.009322, 30.42769], [79.01029, 30.504638], [79.011258, 30.526143], [79.011258, 30.55426], [79.008353, 30.570797], [79.031107, 30.601386], [79.058217, 30.617092], [79.074677, 30.622051], [79.124057, 30.624531], [79.156009, 30.624531], [79.17731, 30.628663], [79.189897, 30.636101], [79.202484, 30.648498], [79.218944, 30.664198], [79.234436, 30.679897], [79.247991, 30.687333], [79.283816, 30.693942], [79.304149, 30.699725], [79.352077, 30.73772], [79.382092, 30.765798], [79.389838, 30.784789], [79.395647, 30.794696], [79.410171, 30.821112], [79.411139, 30.82689], [79.420821, 30.842572], [79.425663, 30.849174], [79.444059, 30.866504], [79.45471, 30.888782], [79.470201, 30.905282], [79.488184, 30.924085], [79.529748, 30.900745], [79.60527, 30.868567], [79.649809, 30.852888], [79.689507, 30.863616], [79.718554, 30.885069], [79.757283, 30.892495], [79.830869, 30.864441], [79.896709, 30.827303], [79.997405, 30.776945], [80.054531, 30.723267], [80.090356, 30.688572], [80.136831, 30.681136], [80.208965, 30.621638], [80.219615, 30.586919], [80.202187, 30.537308], [80.214774, 30.517458], [80.225425, 30.462859], [80.305788, 30.426448], [80.382279, 30.390028], [80.439889, 30.388373], [80.49411, 30.363536], [80.539617, 30.341179], [80.626758, 30.356912], [80.686789, 30.337038], [80.746819, 30.294798], [80.798136, 30.235973], [80.845579, 30.199507], [80.89738, 30.176296], [80.956442, 30.174638], [81.015504, 30.149765], [81.043583, 30.118253], [81.051329, 30.085905], [81.02906, 30.065165], [80.995171, 30.073461], [80.934173, 30.080098], [80.889634, 30.061016], [80.845095, 30.014547], [80.80927, 29.969724], [80.747787, 29.89748], [80.694535, 29.83434], [80.646123, 29.81772], [80.573505, 29.791955], [80.516379, 29.756209], [80.460222, 29.714633], [80.421492, 29.663062], [80.396318, 29.626452], [80.402128, 29.534887], [80.393413, 29.481586], [80.371144, 29.44243], [80.320796, 29.393262], [80.275289, 29.368255], [80.242369, 29.329903], [80.232686, 29.233977], [80.253019, 29.190581], [80.260765, 29.148842], [80.277225, 29.092892], [80.250115, 29.039427], [80.223972, 29.003493], [80.172656, 28.939961], [80.118435, 28.900658], [80.064214, 28.85465], [80.040976, 28.811139], [80.034198, 28.779334], [80.070991, 28.730775], [80.112625, 28.703977], [80.156196, 28.6822], [80.212353, 28.650365], [80.264638, 28.627742], [80.300463, 28.62439], [80.32951, 28.588352], [80.359525, 28.56991], [80.417619, 28.536373], [80.468452, 28.491925], [80.478134, 28.5087], [80.50234, 28.547274], [80.49653, 28.603439], [80.547847, 28.590866], [80.597227, 28.561527], [80.642734, 28.510377], [80.71632, 28.449141], [80.783128, 28.413058], [80.857682, 28.401308], [80.951601, 28.371089], [81.025671, 28.360176], [81.098289, 28.346742], [81.157351, 28.297194], [81.21254, 28.258552], [81.238683, 28.226622], [81.250301, 28.173669], [81.285158, 28.110604], [81.313721, 28.086211], [81.397957, 28.126583], [81.431845, 28.086211], [81.491876, 28.030681], [81.549002, 27.980179], [81.63808, 27.924607], [81.700047, 27.884176], [81.759109, 27.850475], [81.825917, 27.807495], [81.875781, 27.799909], [81.899019, 27.82688], [81.930002, 27.867327], [81.991969, 27.861429], [82.083952, 27.826037], [82.156569, 27.784735], [82.221441, 27.735831], [82.272758, 27.710529], [82.345375, 27.669193], [82.40831, 27.636283], [82.476087, 27.623624], [82.51288, 27.635439], [82.559355, 27.654849], [82.675059, 27.688175], [82.690551, 27.652739], [82.698297, 27.617294], [82.709916, 27.578462], [82.709916, 27.495698], [82.727344, 27.470352], [82.756391, 27.460213], [82.789311, 27.453452], [82.837723, 27.456833], [82.884198, 27.445002], [82.934546, 27.417956], [82.990704, 27.407813], [83.068163, 27.404431], [83.108828, 27.406122], [83.143685, 27.404431], [83.178541, 27.384142], [83.201779, 27.357084], [83.238572, 27.313104], [83.267619, 27.282648], [83.300539, 27.260648], [83.335395, 27.274187], [83.348951, 27.297877], [83.36057, 27.350319], [83.35476, 27.397668], [83.370252, 27.43317], [83.428346, 27.438241], [83.488377, 27.436551], [83.536788, 27.43486], [83.587137, 27.414575], [83.629739, 27.389214], [83.68396, 27.372304], [83.724626, 27.34017], [83.763355, 27.302953], [83.798424, 27.270168], [83.796487, 27.197378], [83.806169, 27.094052], [83.837153, 27.016082], [83.910739, 26.98556], [83.974642, 26.980472], [84.009499, 26.941461], [84.0308, 26.887165], [84.06372, 26.858312], [84.09664, 26.832848], [84.131496, 26.812473], [84.145052, 26.770017], [84.139242, 26.727547], [84.137306, 26.705457], [84.183781, 26.644267], [84.212828, 26.605159], [84.230256, 26.562638], [84.265113, 26.525208], [84.28835, 26.499681], [84.276732, 26.460532], [84.238002, 26.431587], [84.203146, 26.452019], [84.158607, 26.455424], [84.102449, 26.428182], [84.059847, 26.426479], [84.001753, 26.443506], [83.935913, 26.457127], [83.893311, 26.457127], [83.860391, 26.429885], [83.868137, 26.385605], [83.895247, 26.332791], [83.968833, 26.274842], [83.99788, 26.244153], [84.003689, 26.189577], [83.980452, 26.152044], [83.957214, 26.117913], [83.945595, 26.08036], [83.999816, 26.049627], [84.06372, 26.041088], [84.100513, 26.00693], [84.123751, 25.969345], [84.133433, 25.912949], [84.212828, 25.912949], [84.270922, 25.907821], [84.338699, 25.851399], [84.389047, 25.842848], [84.427776, 25.837717], [84.468442, 25.824034], [84.468442, 25.781265], [84.456823, 25.738483], [84.416158, 25.714518], [84.379365, 25.69055], [84.348381, 25.652877], [84.292223, 25.639175], [84.241875, 25.66144], [84.166353, 25.671715], [84.098576, 25.671715], [84.046292, 25.6426], [83.968833, 25.610053], [83.908802, 25.599773], [83.852645, 25.622045], [83.80036, 25.622045], [83.777122, 25.59806], [83.755821, 25.562074], [83.73452, 25.541507], [83.70741, 25.524365], [83.691918, 25.493503], [83.691918, 25.459205], [83.626078, 25.414603], [83.581539, 25.392297], [83.552492, 25.354539], [83.544746, 25.315053], [83.538937, 25.270403], [83.500207, 25.246355], [83.478906, 25.232611], [83.40532, 25.199963], [83.360781, 25.181058], [83.327861, 25.156993], [83.310433, 25.132924], [83.287196, 25.079613], [83.269767, 25.05553], [83.238928, 25.03062], [83.237531, 25.029491]], [[79.794288, 26.169639], [79.777828, 26.159402], [79.746844, 26.137219], [79.724575, 26.115033], [79.70279, 26.094977], [79.691655, 26.068089], [79.683909, 26.045891], [79.674227, 26.031375], [79.651957, 25.990381], [79.647116, 25.970734], [79.648084, 25.946811], [79.660671, 25.923739], [79.690687, 25.895534], [79.71102, 25.878437], [79.736194, 25.863903], [79.755558, 25.862193], [79.779764, 25.871598], [79.798161, 25.886986], [79.82043, 25.897243], [79.83689, 25.898953], [79.871747, 25.904936], [79.885302, 25.929721], [79.890143, 25.942539], [79.893048, 25.963899], [79.885302, 25.988673], [79.878524, 26.01515], [79.86981, 26.028814], [79.85335, 26.053575], [79.848509, 26.071503], [79.85335, 26.091136], [79.851414, 26.126127], [79.849477, 26.1321], [79.833985, 26.154283], [79.825271, 26.160255], [79.794288, 26.169639]], [[79.652925, 25.477749], [79.618069, 25.471746], [79.580308, 25.467459], [79.565784, 25.43058], [79.583213, 25.397981], [79.650021, 25.343059], [79.681973, 25.321599], [79.70521, 25.332759], [79.725543, 25.351642], [79.7604, 25.36709], [79.80978, 25.369665], [79.833985, 25.385111], [79.844636, 25.409134], [79.835922, 25.445161], [79.808811, 25.466601], [79.794288, 25.493182], [79.768145, 25.5189], [79.736194, 25.526615], [79.719734, 25.513757], [79.687782, 25.486323], [79.666481, 25.476891], [79.652925, 25.477749]], [[79.559007, 25.72618], [79.598704, 25.728748], [79.616133, 25.739873], [79.626783, 25.755276], [79.625815, 25.777522], [79.618069, 25.796343], [79.5958, 25.807462], [79.576435, 25.810884], [79.551261, 25.812594], [79.526087, 25.810028], [79.506722, 25.80233], [79.492198, 25.788644], [79.485421, 25.7741], [79.484453, 25.759555], [79.500913, 25.735594], [79.525118, 25.727892], [79.559007, 25.72618]], [[79.337765, 25.703926], [79.348416, 25.723612], [79.365844, 25.743296], [79.376494, 25.755276], [79.381336, 25.767255], [79.382304, 25.783511], [79.378431, 25.803186], [79.368748, 25.820292], [79.354225, 25.83312], [79.323241, 25.837396], [79.297099, 25.836541], [79.272893, 25.827989], [79.257401, 25.816871], [79.242878, 25.80062], [79.239973, 25.775811], [79.254497, 25.751854], [79.270957, 25.739873], [79.286449, 25.731315], [79.295163, 25.720189], [79.337765, 25.703926]], [[82.201592, 25.404523], [82.198688, 25.377066], [82.194815, 25.35647], [82.185132, 25.331579], [82.176418, 25.31956], [82.166736, 25.307541], [82.143498, 25.292086], [82.129943, 25.286075], [82.119292, 25.278347], [82.111546, 25.269759], [82.105737, 25.257735], [82.096055, 25.232826], [82.082499, 25.217362], [82.079595, 25.205333], [82.087341, 25.188148], [82.092182, 25.147753], [82.102832, 25.138297], [82.112515, 25.127121], [82.136721, 25.112505], [82.163831, 25.116804], [82.179323, 25.121103], [82.198688, 25.126262], [82.219989, 25.126262], [82.238385, 25.121103], [82.261623, 25.113365], [82.277115, 25.100467], [82.315844, 25.070367], [82.324558, 25.065206], [82.341018, 25.054024], [82.363288, 25.048863], [82.384589, 25.043701], [82.412668, 25.04026], [82.453333, 25.042841], [82.470762, 25.049723], [82.492063, 25.056605], [82.505618, 25.063486], [82.52111, 25.073807], [82.529824, 25.081548], [82.53176, 25.096167], [82.54822, 25.110785], [82.549189, 25.126262], [82.550157, 25.140876], [82.554998, 25.158068], [82.561776, 25.17096], [82.566617, 25.182992], [82.575331, 25.203615], [82.585013, 25.216503], [82.595664, 25.225094], [82.607283, 25.231967], [82.617933, 25.23798], [82.631489, 25.249146], [82.634393, 25.26203], [82.640203, 25.295521], [82.635362, 25.30239], [82.618902, 25.316985], [82.60341, 25.335012], [82.576299, 25.352179], [82.560807, 25.361619], [82.546284, 25.37964], [82.540475, 25.389079], [82.5153, 25.402807], [82.473666, 25.388221], [82.463984, 25.383931], [82.424286, 25.380499], [82.38362, 25.380499], [82.311971, 25.388221], [82.280019, 25.395943], [82.250004, 25.396801], [82.219989, 25.401091], [82.212243, 25.406239], [82.201592, 25.404523]], [[78.962846, 28.353459], [78.994798, 28.37025], [79.013194, 28.382842], [79.031591, 28.393754], [79.051924, 28.417254], [79.064511, 28.426485], [79.081939, 28.434038], [79.107113, 28.445785], [79.120669, 28.455853], [79.13616, 28.467599], [79.153589, 28.478504], [79.167144, 28.486892], [79.177794, 28.494442], [79.186509, 28.502829], [79.189413, 28.512054], [79.190381, 28.522118], [79.195223, 28.534696], [79.200064, 28.548112], [79.202969, 28.556496], [79.215556, 28.56488], [79.231047, 28.56991], [79.248476, 28.57494], [79.260094, 28.578293], [79.276554, 28.586675], [79.319157, 28.6202], [79.331744, 28.650365], [79.338521, 28.660419], [79.345299, 28.67466], [79.3666, 28.703977], [79.378219, 28.712352], [79.390806, 28.720726], [79.393711, 28.730775], [79.38887, 28.744172], [79.382092, 28.757568], [79.373378, 28.769288], [79.368537, 28.778496], [79.381124, 28.795237], [79.384997, 28.807791], [79.384028, 28.822018], [79.382092, 28.836243], [79.3666, 28.857997], [79.359823, 28.863853], [79.327871, 28.873055], [79.291078, 28.878911], [79.278491, 28.887275], [79.265904, 28.899821], [79.25719, 28.933272], [79.248476, 28.952503], [79.226206, 28.965043], [79.208778, 28.959191], [79.187477, 28.951667], [79.17489, 28.94665], [79.164239, 28.949995], [79.160366, 28.961699], [79.150684, 28.975911], [79.138097, 28.98427], [79.118732, 29.014358], [79.10905, 29.021043], [79.098399, 29.031906], [79.084844, 29.042769], [79.07613, 29.050288], [79.063543, 29.057807], [79.052892, 29.070338], [79.041273, 29.085374], [79.025781, 29.095397], [79.005449, 29.098738], [78.996734, 29.097903], [78.979306, 29.095397], [78.9551, 29.087045], [78.947354, 29.078692], [78.937672, 29.069503], [78.932831, 29.059478], [78.930894, 29.046111], [78.930894, 29.031906], [78.937672, 29.013522], [78.937672, 28.993464], [78.935736, 28.975911], [78.934767, 28.957519], [78.936704, 28.925747], [78.939609, 28.901494], [78.939609, 28.888112], [78.930894, 28.861343], [78.924117, 28.842937], [78.91153, 28.823692], [78.908625, 28.815323], [78.899911, 28.800259], [78.891197, 28.781008], [78.896038, 28.770125], [78.909593, 28.739986], [78.91153, 28.719051], [78.914434, 28.701464], [78.907657, 28.687225], [78.897006, 28.673823], [78.883451, 28.658743], [78.875705, 28.646176], [78.8728, 28.63277], [78.867959, 28.601762], [78.866023, 28.591704], [78.866023, 28.574101], [78.882483, 28.544758], [78.892165, 28.522957], [78.893133, 28.498635], [78.901847, 28.485215], [78.907657, 28.46676], [78.917339, 28.437394], [78.926053, 28.423129], [78.936704, 28.38536], [78.962846, 28.353459]]]}}, {"type": "Feature", "properties": {"POLY_ID": 21, "STATE_NAME": "United Province Of Agra And Oudh", "NATIVE": 1}, "geometry": {"type": "MultiPolygon", "coordinates": [[[[79.488184, 30.924085], [79.470201, 30.905282], [79.45471, 30.888782], [79.444059, 30.866504], [79.425663, 30.849174], [79.420821, 30.842572], [79.411139, 30.82689], [79.410171, 30.821112], [79.395647, 30.794696], [79.389838, 30.784789], [79.382092, 30.765798], [79.352077, 30.73772], [79.304149, 30.699725], [79.283816, 30.693942], [79.247991, 30.687333], [79.234436, 30.679897], [79.218944, 30.664198], [79.202484, 30.648498], [79.189897, 30.636101], [79.17731, 30.628663], [79.156009, 30.624531], [79.124057, 30.624531], [79.074677, 30.622051], [79.058217, 30.617092], [79.031107, 30.601386], [79.008353, 30.570797], [79.011258, 30.55426], [79.011258, 30.526143], [79.01029, 30.504638], [79.009322, 30.42769], [79.011258, 30.399548], [79.012226, 30.387959], [79.015131, 30.343249], [79.007385, 30.312607], [79.001576, 30.298526], [78.994798, 30.283615], [78.986084, 30.261246], [78.981243, 30.244674], [78.973497, 30.209867], [78.957037, 30.189974], [78.926537, 30.152667], [78.906204, 30.146862], [78.89749, 30.146033], [78.876189, 30.144375], [78.849079, 30.140229], [78.830682, 30.137741], [78.816159, 30.131936], [78.810349, 30.129449], [78.786143, 30.122814], [78.774525, 30.119497], [78.74935, 30.106227], [78.713526, 30.092955], [78.687383, 30.087149], [78.674796, 30.082172], [78.65059, 30.070557], [78.635099, 30.062261], [78.614766, 30.051475], [78.597338, 30.042348], [78.577005, 30.03239], [78.560545, 30.022432], [78.542148, 30.009983], [78.525688, 30.000853], [78.504387, 29.992552], [78.487927, 29.981761], [78.45888, 29.965158], [78.437579, 29.951874], [78.420151, 29.94191], [78.397881, 29.926963], [78.39304, 29.907862], [78.352374, 29.888758], [78.318486, 29.875467], [78.26136, 29.850543], [78.242964, 29.83808], [78.214885, 29.831432], [78.181965, 29.830601], [78.187774, 29.843065], [78.193584, 29.860513], [78.199393, 29.873806], [78.218758, 29.889589], [78.230376, 29.899556], [78.235218, 29.912014], [78.248773, 29.927793], [78.249741, 29.957686], [78.250709, 29.977611], [78.249741, 29.991722], [78.238122, 30.005003], [78.239091, 30.03239], [78.226504, 30.076365], [78.224567, 30.094614], [78.224567, 30.107885], [78.222631, 30.121985], [78.218758, 30.141887], [78.216821, 30.160129], [78.208107, 30.177539], [78.202298, 30.206552], [78.198425, 30.216498], [78.189711, 30.233073], [78.188742, 30.26456], [78.184869, 30.302667], [78.181965, 30.320889], [78.176155, 30.328343], [78.166473, 30.339109], [78.144204, 30.357326], [78.110315, 30.358982], [78.095792, 30.358154], [78.073522, 30.35981], [78.057062, 30.368917], [78.039634, 30.387131], [78.031888, 30.403687], [78.037698, 30.431], [78.053189, 30.456653], [78.060935, 30.471547], [78.071586, 30.492229], [78.072554, 30.510428], [78.073522, 30.531105], [78.067713, 30.540202], [78.043507, 30.555914], [78.028984, 30.56749], [78.018333, 30.578239], [78.005746, 30.596426], [78.005746, 30.625357], [77.993159, 30.632796], [77.991222, 30.660893], [77.971858, 30.684028], [77.955398, 30.710051], [77.927319, 30.729461], [77.891494, 30.752999], [77.861479, 30.769101], [77.819845, 30.771165], [77.783666, 30.768936], [77.795881, 30.80192], [77.802659, 30.858046], [77.78523, 30.908376], [77.769739, 30.973533], [77.776516, 31.016406], [77.815246, 31.059266], [77.863657, 31.075748], [77.924656, 31.073276], [77.977909, 31.053497], [78.027289, 31.045255], [78.080542, 31.057618], [78.12024, 31.084812], [78.157033, 31.113648], [78.200603, 31.114472], [78.230619, 31.118591], [78.267411, 31.137538], [78.319696, 31.152363], [78.378758, 31.150716], [78.428138, 31.126829], [78.470741, 31.092227], [78.521089, 31.056794], [78.568533, 31.043607], [78.6305, 31.049376], [78.67988, 31.061738], [78.747656, 31.060914], [78.807687, 31.013108], [78.842543, 30.982603], [78.899669, 30.942195], [78.932589, 30.932298], [78.964541, 30.940545], [78.979064, 30.962813], [78.979064, 31.008162], [78.962604, 31.083988], [78.950017, 31.136714], [78.928716, 31.191892], [78.934767, 31.20733], [78.947354, 31.241905], [78.974465, 31.296222], [79.002544, 31.328309], [79.057733, 31.355455], [79.123573, 31.333245], [79.171017, 31.288816], [79.221365, 31.245198], [79.26784, 31.167805], [79.305601, 31.072245], [79.360791, 31.002185], [79.43244, 30.945288], [79.487145, 30.924668], [79.488184, 30.924085]]], [[[83.221356, 24.714453], [83.186287, 24.712081], [83.164986, 24.708631], [83.142717, 24.704319], [83.11367, 24.692243], [83.103019, 24.68448], [83.084623, 24.672403], [83.072036, 24.646519], [83.065258, 24.641342], [83.053639, 24.637027], [83.037179, 24.636164], [83.017814, 24.640479], [83.001354, 24.646519], [82.991672, 24.652559], [82.971339, 24.668089], [82.967466, 24.674128], [82.957784, 24.68448], [82.955847, 24.697419], [82.950038, 24.715531], [82.946165, 24.731053], [82.94907, 24.768989], [82.945197, 24.781058], [82.939387, 24.788815], [82.938419, 24.798296], [82.945197, 24.822427], [82.950038, 24.836213], [82.951974, 24.85086], [82.955847, 24.864644], [82.958752, 24.896513], [82.958752, 24.906848], [82.963593, 24.921486], [82.969403, 24.937846], [82.981021, 24.967115], [82.990704, 24.988633], [83.000386, 24.99982], [83.007164, 25.011007], [83.01491, 25.021332], [83.02556, 25.030797], [83.034274, 25.035098], [83.065258, 25.048003], [83.070099, 25.049723], [83.090432, 25.056605], [83.098178, 25.057465], [83.116574, 25.059185], [83.148526, 25.050583], [83.175637, 25.044562], [83.192097, 25.042841], [83.207588, 25.04026], [83.237531, 25.029491], [83.227165, 25.021117], [83.205864, 25.012513], [83.159388, 24.981532], [83.145833, 24.962596], [83.17488, 24.907493], [83.205864, 24.893714], [83.229101, 24.87132], [83.232974, 24.835136], [83.231038, 24.814455], [83.209737, 24.757567], [83.221356, 24.714453]]], [[[82.201592, 25.404523], [82.212243, 25.406239], [82.219989, 25.401091], [82.250004, 25.396801], [82.280019, 25.395943], [82.311971, 25.388221], [82.38362, 25.380499], [82.424286, 25.380499], [82.463984, 25.383931], [82.473666, 25.388221], [82.5153, 25.402807], [82.540475, 25.389079], [82.546284, 25.37964], [82.560807, 25.361619], [82.576299, 25.352179], [82.60341, 25.335012], [82.618902, 25.316985], [82.635362, 25.30239], [82.640203, 25.295521], [82.634393, 25.26203], [82.631489, 25.249146], [82.617933, 25.23798], [82.607283, 25.231967], [82.595664, 25.225094], [82.585013, 25.216503], [82.575331, 25.203615], [82.566617, 25.182992], [82.561776, 25.17096], [82.554998, 25.158068], [82.550157, 25.140876], [82.549189, 25.126262], [82.54822, 25.110785], [82.53176, 25.096167], [82.529824, 25.081548], [82.52111, 25.073807], [82.505618, 25.063486], [82.492063, 25.056605], [82.470762, 25.049723], [82.453333, 25.042841], [82.412668, 25.04026], [82.384589, 25.043701], [82.363288, 25.048863], [82.341018, 25.054024], [82.324558, 25.065206], [82.315844, 25.070367], [82.277115, 25.100467], [82.261623, 25.113365], [82.238385, 25.121103], [82.219989, 25.126262], [82.198688, 25.126262], [82.179323, 25.121103], [82.163831, 25.116804], [82.136721, 25.112505], [82.112515, 25.127121], [82.102832, 25.138297], [82.092182, 25.147753], [82.087341, 25.188148], [82.079595, 25.205333], [82.082499, 25.217362], [82.096055, 25.232826], [82.105737, 25.257735], [82.111546, 25.269759], [82.119292, 25.278347], [82.129943, 25.286075], [82.143498, 25.292086], [82.166736, 25.307541], [82.176418, 25.31956], [82.185132, 25.331579], [82.194815, 25.35647], [82.198688, 25.377066], [82.201592, 25.404523]]], [[[78.962846, 28.353459], [78.936704, 28.38536], [78.926053, 28.423129], [78.917339, 28.437394], [78.907657, 28.46676], [78.901847, 28.485215], [78.893133, 28.498635], [78.892165, 28.522957], [78.882483, 28.544758], [78.866023, 28.574101], [78.866023, 28.591704], [78.867959, 28.601762], [78.8728, 28.63277], [78.875705, 28.646176], [78.883451, 28.658743], [78.897006, 28.673823], [78.907657, 28.687225], [78.914434, 28.701464], [78.91153, 28.719051], [78.909593, 28.739986], [78.896038, 28.770125], [78.891197, 28.781008], [78.899911, 28.800259], [78.908625, 28.815323], [78.91153, 28.823692], [78.924117, 28.842937], [78.930894, 28.861343], [78.939609, 28.888112], [78.939609, 28.901494], [78.936704, 28.925747], [78.934767, 28.957519], [78.935736, 28.975911], [78.937672, 28.993464], [78.937672, 29.013522], [78.930894, 29.031906], [78.930894, 29.046111], [78.932831, 29.059478], [78.937672, 29.069503], [78.947354, 29.078692], [78.9551, 29.087045], [78.979306, 29.095397], [78.996734, 29.097903], [79.005449, 29.098738], [79.025781, 29.095397], [79.041273, 29.085374], [79.052892, 29.070338], [79.063543, 29.057807], [79.07613, 29.050288], [79.084844, 29.042769], [79.098399, 29.031906], [79.10905, 29.021043], [79.118732, 29.014358], [79.138097, 28.98427], [79.150684, 28.975911], [79.160366, 28.961699], [79.164239, 28.949995], [79.17489, 28.94665], [79.187477, 28.951667], [79.208778, 28.959191], [79.226206, 28.965043], [79.248476, 28.952503], [79.25719, 28.933272], [79.265904, 28.899821], [79.278491, 28.887275], [79.291078, 28.878911], [79.327871, 28.873055], [79.359823, 28.863853], [79.3666, 28.857997], [79.382092, 28.836243], [79.384028, 28.822018], [79.384997, 28.807791], [79.381124, 28.795237], [79.368537, 28.778496], [79.373378, 28.769288], [79.382092, 28.757568], [79.38887, 28.744172], [79.393711, 28.730775], [79.390806, 28.720726], [79.378219, 28.712352], [79.3666, 28.703977], [79.345299, 28.67466], [79.338521, 28.660419], [79.331744, 28.650365], [79.319157, 28.6202], [79.276554, 28.586675], [79.260094, 28.578293], [79.248476, 28.57494], [79.231047, 28.56991], [79.215556, 28.56488], [79.202969, 28.556496], [79.200064, 28.548112], [79.195223, 28.534696], [79.190381, 28.522118], [79.189413, 28.512054], [79.186509, 28.502829], [79.177794, 28.494442], [79.167144, 28.486892], [79.153589, 28.478504], [79.13616, 28.467599], [79.120669, 28.455853], [79.107113, 28.445785], [79.081939, 28.434038], [79.064511, 28.426485], [79.051924, 28.417254], [79.031591, 28.393754], [79.013194, 28.382842], [78.994798, 28.37025], [78.962846, 28.353459]]]]}}, {"type": "Feature", "properties": {"POLY_ID": 26, "STATE_NAME": "Sikkim", "NATIVE": 1}, "geometry": {"type": "Polygon", "coordinates": [[[87.951501, 27.140246], [87.955374, 27.182164], [87.959247, 27.198251], [87.978612, 27.216875], [87.988294, 27.238036], [87.998945, 27.249038], [88.004754, 27.268502], [88.001849, 27.283732], [87.993135, 27.33195], [87.989262, 27.350556], [88.002818, 27.391988], [88.022182, 27.435943], [88.039611, 27.46383], [88.048325, 27.481574], [88.067689, 27.519588], [88.083181, 27.547458], [88.098673, 27.590519], [88.105451, 27.621751], [88.109323, 27.642006], [88.118038, 27.667321], [88.125783, 27.693474], [88.141275, 27.72637], [88.134982, 27.779492], [88.145632, 27.837651], [88.151442, 27.852819], [88.175648, 27.880622], [88.196949, 27.894101], [88.236646, 27.905051], [88.265693, 27.913474], [88.301518, 27.921896], [88.370263, 27.927791], [88.406088, 27.934528], [88.433198, 27.94716], [88.463213, 27.960632], [88.493229, 27.978312], [88.526149, 28.003565], [88.543577, 28.017873], [88.578433, 28.027972], [88.604576, 28.037229], [88.626845, 28.040595], [88.672352, 28.02124], [88.698494, 28.010298], [88.730446, 27.993464], [88.757557, 27.978312], [88.77208, 27.966525], [88.780794, 27.945475], [88.791445, 27.924423], [88.806937, 27.884835], [88.816619, 27.814896], [88.823397, 27.802253], [88.835984, 27.78708], [88.841793, 27.769375], [88.841793, 27.748296], [88.839857, 27.728056], [88.835016, 27.70444], [88.82727, 27.689256], [88.817587, 27.67407], [88.808873, 27.658883], [88.797254, 27.631879], [88.789509, 27.604026], [88.781763, 27.571945], [88.764334, 27.516209], [88.742065, 27.476504], [88.736256, 27.393679], [88.763366, 27.363241], [88.790477, 27.319263], [88.819524, 27.293885], [88.844698, 27.263424], [88.889237, 27.219414], [88.869872, 27.216029], [88.836952, 27.183858], [88.809842, 27.158454], [88.809842, 27.138128], [88.820976, 27.118223], [88.793866, 27.121611], [88.770628, 27.11314], [88.731899, 27.108057], [88.698979, 27.106363], [88.667995, 27.108057], [88.637012, 27.118223], [88.604092, 27.13347], [88.58279, 27.148715], [88.526633, 27.180894], [88.497586, 27.194441], [88.468539, 27.191054], [88.429809, 27.182588], [88.394953, 27.160571], [88.373652, 27.153797], [88.32524, 27.131776], [88.278765, 27.124999], [88.240035, 27.130082], [88.154831, 27.153797], [88.083181, 27.172427], [88.027024, 27.170733], [87.951501, 27.140246]]]}}, {"type": "Feature", "properties": {"POLY_ID": 27, "STATE_NAME": "Naga Tribes", "NATIVE": 0}, "geometry": {"type": "Polygon", "coordinates": [[[95.21278, 27.079674], [95.236985, 27.064209], [95.261191, 27.022678], [95.274747, 26.987918], [95.285397, 26.942972], [95.287334, 26.883585], [95.297984, 26.748598], [95.327031, 26.687427], [95.327515, 26.582013], [95.298468, 26.57606], [95.254898, 26.565003], [95.209391, 26.532678], [95.185185, 26.492687], [95.150328, 26.446725], [95.154201, 26.39649], [95.158074, 26.336012], [95.150328, 26.250786], [95.161947, 26.177449], [95.183248, 26.12114], [95.195835, 26.072491], [95.240374, 26.046878], [95.257802, 26.020407], [95.247152, 25.975139], [95.222946, 25.950362], [95.199708, 25.902506], [95.139678, 25.870877], [95.09998, 25.852067], [95.10579, 25.821281], [95.113535, 25.7614], [95.117408, 25.70406], [95.098044, 25.665534], [95.058346, 25.644982], [95.010903, 25.608153], [94.954745, 25.557602], [94.911174, 25.512176], [94.895198, 25.502961], [94.881643, 25.511534], [94.852596, 25.525249], [94.839041, 25.538962], [94.823549, 25.552675], [94.813867, 25.571527], [94.798375, 25.59723], [94.804184, 25.652047], [94.800311, 25.670885], [94.798375, 25.689721], [94.794502, 25.713689], [94.788693, 25.729095], [94.780947, 25.739365], [94.771264, 25.747923], [94.720916, 25.73423], [94.695742, 25.725672], [94.657013, 25.713689], [94.627966, 25.711977], [94.58149, 25.715401], [94.546634, 25.722248], [94.519523, 25.725672], [94.500159, 25.730807], [94.48273, 25.746211], [94.471112, 25.758191], [94.444001, 25.777014], [94.428509, 25.777014], [94.405272, 25.775303], [94.387843, 25.775303], [94.370415, 25.778725], [94.345241, 25.792413], [94.331686, 25.821495], [94.312321, 25.860831], [94.300702, 25.8728], [94.287147, 25.889898], [94.269719, 25.925795], [94.260036, 25.946304], [94.25229, 25.975352], [94.25229, 26.004394], [94.261973, 26.03343], [94.269719, 26.069289], [94.277465, 26.082947], [94.292956, 26.096604], [94.310385, 26.106846], [94.337495, 26.1205], [94.35686, 26.134153], [94.378161, 26.15463], [94.399462, 26.178515], [94.424636, 26.204103], [94.442064, 26.229685], [94.445937, 26.248442], [94.442064, 26.275721], [94.438192, 26.294471], [94.426573, 26.311515], [94.414954, 26.328557], [94.403335, 26.349004], [94.407208, 26.362634], [94.426573, 26.386483], [94.440128, 26.396703], [94.492413, 26.446087], [94.511777, 26.461409], [94.519523, 26.475028], [94.527269, 26.503963], [94.562126, 26.512472], [94.598919, 26.522682], [94.627966, 26.532891], [94.649267, 26.541398], [94.674441, 26.558411], [94.701551, 26.578824], [94.726726, 26.604335], [94.742217, 26.616239], [94.771264, 26.663843], [94.782883, 26.68594], [94.800311, 26.723326], [94.809994, 26.745412], [94.815803, 26.764098], [94.813867, 26.808255], [94.806121, 26.830328], [94.813867, 26.838816], [94.835168, 26.85749], [94.862278, 26.869371], [94.893262, 26.879555], [94.912627, 26.886343], [94.939737, 26.899919], [94.962975, 26.921977], [94.984276, 26.947425], [94.995895, 26.966083], [95.023005, 26.989826], [95.053989, 27.013565], [95.083036, 27.035605], [95.115956, 27.049166], [95.129511, 27.057641], [95.189542, 27.072895], [95.21278, 27.079674]]]}}, {"type": "Feature", "properties": {"POLY_ID": 28, "STATE_NAME": "Singhpos", "NATIVE": 0}, "geometry": {"type": "Polygon", "coordinates": [[[96.623498, 27.269348], [96.599292, 27.248827], [96.55088, 27.236978], [96.498596, 27.221742], [96.450184, 27.208198], [96.39209, 27.196346], [96.330123, 27.187879], [96.275902, 27.177719], [96.22168, 27.162477], [96.184887, 27.13707], [96.138412, 27.11674], [96.101619, 27.094714], [96.066763, 27.064209], [96.047398, 27.038784], [96.022224, 27.00318], [95.998986, 26.977743], [95.971876, 26.948909], [95.942829, 26.930248], [95.89248, 26.916675], [95.847942, 26.901404], [95.818895, 26.882737], [95.797593, 26.857277], [95.758864, 26.825022], [95.731753, 26.818231], [95.693024, 26.787664], [95.66785, 26.760489], [95.63493, 26.735006], [95.582645, 26.695925], [95.543916, 26.660231], [95.495504, 26.617727], [95.43741, 26.590517], [95.365761, 26.571807], [95.327515, 26.582013], [95.327031, 26.687427], [95.297984, 26.748598], [95.287334, 26.883585], [95.285397, 26.942972], [95.274747, 26.987918], [95.261191, 27.022678], [95.236985, 27.064209], [95.21278, 27.079674], [95.230208, 27.094925], [95.249572, 27.111869], [95.276683, 27.130505], [95.325095, 27.149139], [95.354142, 27.157607], [95.398681, 27.167769], [95.447092, 27.17285], [95.493568, 27.177931], [95.538106, 27.183011], [95.565217, 27.184704], [95.592328, 27.189784], [95.617502, 27.205024], [95.642676, 27.221954], [95.665914, 27.240575], [95.70077, 27.276117], [95.718198, 27.301499], [95.741436, 27.321801], [95.749182, 27.352248], [95.749182, 27.397906], [95.749182, 27.440169], [95.735626, 27.492557], [95.730785, 27.544925], [95.769515, 27.519588], [95.800498, 27.497625], [95.835355, 27.47228], [95.870211, 27.44862], [95.912813, 27.44862], [95.968971, 27.45876], [96.017383, 27.482419], [96.077413, 27.511141], [96.114206, 27.526345], [96.152936, 27.548302], [96.195538, 27.566879], [96.251696, 27.556747], [96.371757, 27.53479], [96.437597, 27.511141], [96.491818, 27.44862], [96.536357, 27.384379], [96.580896, 27.309958], [96.623498, 27.269348]]]}}, {"type": "Feature", "properties": {"POLY_ID": 12, "STATE_NAME": "Central India Agency", "NATIVE": 1}, "geometry": {"type": "MultiPolygon", "coordinates": [[[[78.940811, 24.3814], [78.907627, 24.411933], [78.837914, 24.436134], [78.777883, 24.481068], [78.791438, 24.520804], [78.808867, 24.586428], [78.793375, 24.624406], [78.748836, 24.646843], [78.679123, 24.607145], [78.638457, 24.610597], [78.61522, 24.66755], [78.652013, 24.724478], [78.655885, 24.786553], [78.659758, 24.836536], [78.638457, 24.876165], [78.531951, 24.870997], [78.504841, 24.931281], [78.495158, 24.99498], [78.479667, 25.07241], [78.464175, 25.146356], [78.440937, 25.173861], [78.431255, 25.215107], [78.435128, 25.264928], [78.437064, 25.307863], [78.437064, 25.366232], [78.454493, 25.391975], [78.473857, 25.393691], [78.528078, 25.395407], [78.557126, 25.415997], [78.57649, 25.44173], [78.593918, 25.457168], [78.611347, 25.460598], [78.624902, 25.452022], [78.671377, 25.44173], [78.702361, 25.469174], [78.712043, 25.500041], [78.719789, 25.515471], [78.762391, 25.512043], [78.77401, 25.482893], [78.803057, 25.479463], [78.826295, 25.486323], [78.849532, 25.513757], [78.882452, 25.510328], [78.90569, 25.491467], [78.963784, 25.491467], [78.992831, 25.501755], [79.00445, 25.488038], [78.998641, 25.448592], [78.990895, 25.414281], [78.990895, 25.37653], [78.965721, 25.361083], [78.913436, 25.350784], [78.820485, 25.345634], [78.785629, 25.330184], [78.766264, 25.29756], [78.766264, 25.275234], [78.793375, 25.249468], [78.843723, 25.232289], [78.857278, 25.227134], [78.907627, 25.206515], [78.915372, 25.177298], [78.909563, 25.153233], [78.888262, 25.130883], [78.892135, 25.09305], [78.901817, 25.07069], [78.926991, 25.07413], [78.969594, 25.101649], [79.012196, 25.106809], [79.047052, 25.08445], [79.058671, 25.055207], [79.079972, 25.041443], [79.120638, 25.046605], [79.134194, 25.055207], [79.140003, 25.07757], [79.161304, 25.115407], [79.178732, 25.129163], [79.184542, 25.15839], [79.155495, 25.187611], [79.153558, 25.234007], [79.159368, 25.299277], [79.167114, 25.337051], [79.200034, 25.355934], [79.215525, 25.354217], [79.265874, 25.314731], [79.316222, 25.307863], [79.383998, 25.306146], [79.407236, 25.278669], [79.405299, 25.240879], [79.385935, 25.209952], [79.329777, 25.208233], [79.298794, 25.194485], [79.30073, 25.139479], [79.304603, 25.07241], [79.308476, 25.056927], [79.382062, 25.019074], [79.411109, 25.024236], [79.440156, 25.048325], [79.486631, 25.07413], [79.517615, 25.09821], [79.542789, 25.101649], [79.581518, 25.09477], [79.641549, 25.08273], [79.703516, 25.062088], [79.734499, 25.067249], [79.748055, 25.08961], [79.749991, 25.170423], [79.742245, 25.185892], [79.782911, 25.206515], [79.817767, 25.201359], [79.862306, 25.209952], [79.870052, 25.249468], [79.871989, 25.273516], [79.902972, 25.337051], [79.924273, 25.345634], [79.970749, 25.330184], [79.99205, 25.328467], [80.042398, 25.342201], [80.075318, 25.354217], [80.114047, 25.350784], [80.160523, 25.335334], [80.179887, 25.313014], [80.18957, 25.282104], [80.201189, 25.251186], [80.212807, 25.230571], [80.253473, 25.196204], [80.276711, 25.168704], [80.278647, 25.141199], [80.284457, 25.09821], [80.28833, 25.051766], [80.296076, 25.025957], [80.363852, 24.9485], [80.389026, 24.927837], [80.406454, 24.927837], [80.433565, 24.955387], [80.418073, 24.982931], [80.404518, 25.010469], [80.383217, 25.062088], [80.385153, 25.103369], [80.418073, 25.118846], [80.458739, 25.09821], [80.48585, 25.08961], [80.51296, 25.110248], [80.55169, 25.110248], [80.561372, 25.065529], [80.565245, 25.024236], [80.58461, 24.989816], [80.603974, 24.981209], [80.638831, 25.005306], [80.640767, 25.031119], [80.636894, 25.068969], [80.634958, 25.127444], [80.633021, 25.17558], [80.646577, 25.234007], [80.667878, 25.271799], [80.712417, 25.273516], [80.745337, 25.249468], [80.737591, 25.220261], [80.720162, 25.197922], [80.71048, 25.173861], [80.724035, 25.156671], [80.747273, 25.139479], [80.774384, 25.117127], [80.760828, 25.08617], [80.756955, 25.051766], [80.77632, 25.01219], [80.811177, 24.99498], [80.877017, 24.984652], [80.913809, 24.979488], [80.94092, 24.953665], [80.975777, 24.917504], [81.00676, 24.896836], [81.060981, 24.912337], [81.103584, 24.924393], [81.119075, 24.951943], [81.109393, 24.988095], [81.111329, 25.050046], [81.117139, 25.08445], [81.130694, 25.105089], [81.157805, 25.120566], [81.194598, 25.118846], [81.231391, 25.115407], [81.293358, 25.101649], [81.337896, 25.07757], [81.363071, 25.065529], [81.403736, 25.07069], [81.423101, 25.09133], [81.43472, 25.129163], [81.465703, 25.156671], [81.512179, 25.141199], [81.537353, 25.115407], [81.550908, 25.08273], [81.556718, 25.055207], [81.570273, 25.039723], [81.614812, 25.031119], [81.638049, 25.017353], [81.647732, 24.989816], [81.667096, 24.969159], [81.731, 24.960552], [81.767793, 24.95883], [81.781348, 24.9485], [81.802649, 24.915782], [81.82395, 24.877888], [81.849124, 24.867551], [81.914964, 24.874442], [81.959503, 24.870997], [81.982741, 24.862383], [82.013724, 24.817579], [82.038899, 24.795172], [82.073755, 24.786553], [82.12604, 24.786553], [82.135722, 24.762416], [82.124103, 24.724478], [82.100866, 24.677902], [82.147341, 24.655471], [82.174451, 24.620954], [82.172515, 24.576069], [82.195753, 24.565708], [82.242228, 24.596787], [82.286767, 24.641666], [82.339051, 24.677902], [82.366162, 24.660648], [82.3894, 24.619228], [82.435875, 24.61405], [82.447494, 24.645117], [82.466858, 24.693429], [82.52108, 24.710679], [82.598538, 24.684803], [82.662442, 24.626132], [82.658569, 24.569162], [82.629522, 24.539804], [82.596602, 24.510439], [82.615967, 24.475884], [82.643077, 24.444777], [82.645014, 24.415391], [82.608221, 24.398102], [82.565618, 24.380811], [82.555936, 24.344492], [82.583047, 24.29605], [82.61984, 24.254515], [82.643077, 24.192188], [82.639204, 24.135028], [82.615967, 24.102106], [82.575301, 24.069176], [82.563682, 24.031036], [82.565618, 23.942578], [82.583773, 23.898435], [82.54698, 23.86719], [82.523742, 23.849828], [82.47533, 23.827254], [82.446283, 23.811624], [82.40949, 23.799465], [82.34946, 23.795991], [82.301048, 23.794254], [82.219716, 23.789043], [82.161622, 23.789043], [82.099655, 23.799465], [82.037688, 23.81336], [82.000895, 23.823781], [81.929246, 23.816834], [81.857597, 23.827254], [81.824677, 23.8342], [81.76271, 23.822044], [81.718171, 23.823781], [81.677505, 23.8342], [81.636839, 23.83941], [81.600046, 23.856773], [81.541952, 23.87587], [81.497413, 23.874134], [81.481921, 23.849828], [81.483858, 23.81336], [81.510968, 23.77862], [81.536143, 23.756034], [81.551634, 23.736919], [81.55938, 23.712587], [81.555507, 23.70042], [81.524524, 23.688251], [81.489667, 23.683036], [81.458684, 23.676081], [81.437383, 23.649999], [81.425764, 23.609997], [81.425764, 23.587381], [81.452874, 23.580421], [81.481921, 23.575201], [81.485794, 23.5578], [81.483858, 23.535176], [81.470303, 23.502101], [81.472239, 23.481208], [81.497413, 23.469019], [81.534206, 23.481208], [81.574872, 23.495137], [81.632966, 23.510806], [81.689124, 23.510806], [81.776265, 23.50036], [81.816931, 23.48469], [81.867279, 23.47076], [81.919564, 23.467277], [81.966039, 23.465536], [82.014451, 23.456828], [82.070608, 23.446378], [82.097719, 23.439411], [82.15194, 23.421992], [82.182924, 23.37669], [82.192606, 23.322656], [82.192606, 23.263367], [82.173241, 23.209286], [82.15194, 23.181364], [82.117432, 23.146802], [82.117084, 23.146453], [82.024133, 23.099308], [81.946674, 23.074855], [81.907945, 23.069615], [81.871152, 23.032926], [81.859533, 22.982244], [81.865342, 22.938536], [81.859533, 22.905308], [81.838232, 22.886066], [81.811121, 22.877319], [81.787884, 22.884317], [81.760773, 22.894813], [81.722044, 22.894813], [81.712361, 22.868572], [81.702679, 22.819574], [81.702679, 22.782814], [81.694933, 22.740789], [81.681378, 22.732032], [81.640712, 22.711013], [81.59811, 22.728529], [81.557444, 22.753048], [81.509032, 22.758301], [81.464493, 22.75655], [81.418018, 22.763554], [81.375416, 22.802071], [81.354114, 22.830075], [81.332813, 22.852825], [81.290211, 22.884317], [81.251481, 22.893063], [81.201133, 22.891314], [81.146912, 22.90006], [81.110119, 22.910555], [81.063644, 22.936787], [81.042343, 22.968259], [81.040406, 22.997975], [81.063644, 23.048651], [81.094627, 23.080096], [81.112056, 23.104547], [81.13142, 23.132486], [81.13142, 23.149944], [81.110119, 23.165655], [81.086881, 23.172637], [81.050089, 23.184854], [81.026851, 23.2215], [81.017169, 23.231968], [80.988122, 23.230223], [80.955202, 23.21452], [80.904853, 23.21452], [80.887425, 23.230223], [80.86806, 23.263367], [80.864187, 23.296503], [80.866124, 23.33486], [80.866124, 23.362748], [80.848696, 23.373205], [80.813839, 23.364491], [80.784792, 23.359262], [80.765427, 23.336603], [80.734444, 23.273832], [80.730571, 23.261623], [80.691842, 23.230223], [80.656985, 23.223244], [80.616319, 23.226734], [80.607605, 23.261623], [80.623097, 23.3244], [80.632779, 23.371462], [80.605669, 23.402828], [80.549511, 23.385403], [80.473989, 23.371462], [80.443005, 23.388888], [80.402339, 23.425476], [80.386848, 23.481208], [80.384911, 23.522991], [80.410085, 23.5578], [80.46237, 23.603038], [80.503036, 23.630869], [80.526273, 23.665649], [80.553384, 23.698682], [80.590177, 23.71954], [80.656017, 23.683036], [80.702492, 23.665649], [80.754777, 23.656955], [80.783824, 23.665649], [80.797379, 23.68999], [80.801252, 23.721278], [80.799316, 23.764721], [80.783824, 23.91232], [80.79157, 23.962638], [80.807062, 23.988658], [80.847727, 24.014672], [80.886457, 24.032012], [80.894203, 24.059751], [80.888393, 24.089217], [80.85741, 24.106547], [80.822553, 24.110012], [80.783824, 24.092683], [80.731539, 24.059751], [80.685064, 24.033745], [80.628906, 24.009469], [80.599859, 24.012938], [80.56113, 24.025076], [80.524337, 24.004267], [80.493353, 23.974781], [80.448815, 23.955699], [80.406212, 23.934879], [80.377165, 23.905378], [80.353928, 23.919261], [80.326817, 23.947024], [80.299706, 23.948759], [80.259041, 23.948759], [80.210629, 23.957434], [80.154471, 23.979985], [80.121551, 23.971312], [80.094441, 23.940084], [80.044092, 23.924467], [80.016982, 23.926203], [79.976316, 23.948759], [79.933714, 23.922732], [79.908539, 23.898435], [79.881429, 23.844619], [79.850445, 23.815097], [79.827208, 23.801202], [79.798161, 23.795991], [79.772987, 23.832464], [79.753622, 23.870662], [79.740067, 23.919261], [79.699401, 23.955699], [79.676163, 23.993861], [79.654862, 24.02681], [79.654862, 24.063218], [79.654862, 24.104814], [79.658735, 24.130805], [79.689718, 24.168915], [79.70521, 24.220866], [79.712956, 24.248565], [79.720702, 24.276258], [79.722638, 24.314326], [79.726511, 24.366219], [79.722638, 24.404261], [79.703274, 24.419821], [79.660671, 24.412906], [79.598704, 24.3887], [79.554165, 24.378325], [79.517373, 24.393887], [79.478643, 24.393887], [79.44766, 24.409448], [79.406994, 24.3887], [79.385693, 24.357572], [79.352773, 24.316056], [79.333408, 24.269335], [79.321789, 24.23991], [79.323726, 24.19143], [79.312107, 24.155058], [79.279187, 24.118676], [79.242394, 24.089217], [79.221093, 24.080551], [79.15138, 24.08575], [79.097159, 24.087484], [79.041001, 24.104814], [79.01389, 24.130805], [79.008081, 24.167183], [79.004208, 24.198357], [79.035192, 24.227792], [79.071984, 24.246834], [79.075857, 24.286641], [79.073921, 24.326436], [79.08554, 24.345464], [79.116523, 24.374866], [79.11846, 24.397345], [79.099095, 24.419821], [79.064239, 24.43365], [79.0197, 24.43365], [78.971288, 24.423278], [78.955197, 24.402756], [78.940811, 24.3814]]], [[[79.652925, 25.477749], [79.666481, 25.476891], [79.687782, 25.486323], [79.719734, 25.513757], [79.736194, 25.526615], [79.768145, 25.5189], [79.794288, 25.493182], [79.808811, 25.466601], [79.835922, 25.445161], [79.844636, 25.409134], [79.833985, 25.385111], [79.80978, 25.369665], [79.7604, 25.36709], [79.725543, 25.351642], [79.70521, 25.332759], [79.681973, 25.321599], [79.650021, 25.343059], [79.583213, 25.397981], [79.565784, 25.43058], [79.580308, 25.467459], [79.618069, 25.471746], [79.652925, 25.477749]]], [[[79.559007, 25.72618], [79.525118, 25.727892], [79.500913, 25.735594], [79.484453, 25.759555], [79.485421, 25.7741], [79.492198, 25.788644], [79.506722, 25.80233], [79.526087, 25.810028], [79.551261, 25.812594], [79.576435, 25.810884], [79.5958, 25.807462], [79.618069, 25.796343], [79.625815, 25.777522], [79.626783, 25.755276], [79.616133, 25.739873], [79.598704, 25.728748], [79.559007, 25.72618]]], [[[79.337765, 25.703926], [79.295163, 25.720189], [79.286449, 25.731315], [79.270957, 25.739873], [79.254497, 25.751854], [79.239973, 25.775811], [79.242878, 25.80062], [79.257401, 25.816871], [79.272893, 25.827989], [79.297099, 25.836541], [79.323241, 25.837396], [79.354225, 25.83312], [79.368748, 25.820292], [79.378431, 25.803186], [79.382304, 25.783511], [79.381336, 25.767255], [79.376494, 25.755276], [79.365844, 25.743296], [79.348416, 25.723612], [79.337765, 25.703926]]], [[[79.794288, 26.169639], [79.825271, 26.160255], [79.833985, 26.154283], [79.849477, 26.1321], [79.851414, 26.126127], [79.85335, 26.091136], [79.848509, 26.071503], [79.85335, 26.053575], [79.86981, 26.028814], [79.878524, 26.01515], [79.885302, 25.988673], [79.893048, 25.963899], [79.890143, 25.942539], [79.885302, 25.929721], [79.871747, 25.904936], [79.83689, 25.898953], [79.82043, 25.897243], [79.798161, 25.886986], [79.779764, 25.871598], [79.755558, 25.862193], [79.736194, 25.863903], [79.71102, 25.878437], [79.690687, 25.895534], [79.660671, 25.923739], [79.648084, 25.946811], [79.647116, 25.970734], [79.651957, 25.990381], [79.674227, 26.031375], [79.683909, 26.045891], [79.691655, 26.068089], [79.70279, 26.094977], [79.724575, 26.115033], [79.746844, 26.137219], [79.777828, 26.159402], [79.794288, 26.169639]]], [[[78.869623, 26.049306], [78.835735, 26.053575], [78.818307, 26.066381], [78.806688, 26.091136], [78.798942, 26.12698], [78.804752, 26.159402], [78.824116, 26.190963], [78.853163, 26.204609], [78.891893, 26.209726], [78.928686, 26.211431], [78.934495, 26.19608], [78.936432, 26.159402], [78.938368, 26.120153], [78.925781, 26.086869], [78.906416, 26.067235], [78.88559, 26.057087], [78.869623, 26.049306]]], [[[78.843481, 25.957918], [78.88221, 25.883566], [78.88221, 25.81516], [78.873496, 25.742441], [78.830894, 25.692797], [78.770863, 25.643136], [78.695341, 25.615728], [78.631438, 25.597739], [78.526868, 25.567751], [78.416489, 25.548899], [78.312888, 25.520615], [78.301269, 25.569465], [78.270286, 25.596025], [78.219938, 25.643992], [78.182177, 25.687661], [78.164748, 25.744152], [78.169589, 25.807462], [78.203478, 25.847658], [78.249953, 25.881857], [78.298365, 25.916902], [78.334189, 25.939121], [78.366141, 25.982693], [78.384538, 26.027106], [78.411648, 26.089429], [78.461028, 26.117593], [78.508472, 26.168786], [78.54236, 26.222517], [78.590772, 26.245538], [78.653707, 26.245538], [78.682754, 26.233602], [78.694373, 26.199492], [78.693405, 26.152577], [78.710833, 26.101378], [78.713738, 26.045891], [78.680818, 25.980985], [78.626596, 25.974151], [78.559788, 25.957064], [78.519122, 25.925448], [78.501694, 25.882712], [78.491043, 25.811739], [78.507503, 25.771533], [78.55882, 25.735594], [78.639183, 25.701358], [78.689532, 25.697078], [78.707928, 25.715909], [78.707928, 25.770678], [78.715674, 25.838251], [78.730198, 25.877582], [78.761181, 25.921175], [78.797974, 25.949374], [78.843481, 25.957918]]], [[[78.261572, 25.251186], [78.270286, 25.193626], [78.259635, 25.13776], [78.245112, 25.09821], [78.212192, 25.117127], [78.176367, 25.132602], [78.122146, 25.134321], [78.096972, 25.15839], [78.103749, 25.196204], [78.125051, 25.226275], [78.156034, 25.247751], [78.204446, 25.249468], [78.261572, 25.251186]]], [[[78.034037, 24.923531], [78.014672, 24.89253], [78.004021, 24.87961], [77.98853, 24.864967], [77.959482, 24.851183], [77.926562, 24.848599], [77.872341, 24.848599], [77.828771, 24.843429], [77.789073, 24.831367], [77.759058, 24.835675], [77.748407, 24.859798], [77.747439, 24.883056], [77.759058, 24.903726], [77.782295, 24.92267], [77.789073, 24.942473], [77.792946, 24.972602], [77.810374, 24.987234], [77.835548, 25.010469], [77.868468, 25.028538], [77.893642, 25.056067], [77.920753, 25.056927], [77.952705, 25.038862], [77.968197, 25.009609], [77.996275, 24.981209], [78.020481, 24.951943], [78.034037, 24.923531]]], [[[75.114808, 24.514758], [75.141919, 24.49921], [75.200013, 24.481932], [75.26198, 24.487116], [75.312328, 24.516485], [75.382041, 24.552757], [75.451754, 24.563118], [75.496293, 24.592471], [75.577624, 24.644254], [75.612555, 24.635174], [75.6241, 24.632173], [75.65121, 24.582112], [75.658956, 24.544122], [75.711241, 24.490571], [75.74997, 24.447369], [75.763525, 24.39205], [75.74997, 24.357464], [75.678321, 24.331518], [75.627973, 24.331518], [75.596989, 24.312488], [75.604735, 24.248457], [75.627973, 24.201712], [75.655083, 24.134161], [75.643464, 24.078709], [75.613847, 24.044128], [75.598926, 24.026702], [75.533086, 23.986815], [75.42658, 24.004158], [75.349121, 23.990284], [75.213568, 24.002424], [75.083825, 23.990284], [74.985065, 23.997221], [74.934716, 24.04404], [74.93278, 24.094308], [74.956017, 24.165343], [74.963763, 24.224221], [74.971509, 24.296916], [74.954081, 24.348816], [74.942462, 24.404153], [74.9657, 24.428356], [75.029603, 24.454283], [75.085761, 24.47502], [75.114808, 24.514758]]], [[[74.289146, 22.962577], [74.316982, 22.961156], [74.396378, 22.97689], [74.454472, 22.989126], [74.495138, 23.011847], [74.549359, 23.048542], [74.576469, 23.102691], [74.576469, 23.135868], [74.568724, 23.169037], [74.529994, 23.191726], [74.475773, 23.212666], [74.458345, 23.273723], [74.462218, 23.301625], [74.493201, 23.341723], [74.524185, 23.359154], [74.582279, 23.400976], [74.619072, 23.432335], [74.657801, 23.449753], [74.692658, 23.461944], [74.739133, 23.470651], [74.783672, 23.489805], [74.83402, 23.536807], [74.848505, 23.546571], [74.895987, 23.578573], [74.964732, 23.615106], [75.001525, 23.629021], [75.055746, 23.620324], [75.096412, 23.597711], [75.129332, 23.582052], [75.183553, 23.585532], [75.191299, 23.595971], [75.183553, 23.65163], [75.158379, 23.681188], [75.164188, 23.712479], [75.189362, 23.748975], [75.191299, 23.780249], [75.17387, 23.804568], [75.185489, 23.842774], [75.202917, 23.875761], [75.24552, 23.903534], [75.284249, 23.903534], [75.34428, 23.896591], [75.390755, 23.877497], [75.423675, 23.851456], [75.433357, 23.801094], [75.439167, 23.764613], [75.452722, 23.726383], [75.518562, 23.703788], [75.59118, 23.70205], [75.598926, 23.682927], [75.608608, 23.649891], [75.643464, 23.608148], [75.680257, 23.59945], [75.720923, 23.583792], [75.748034, 23.54725], [75.763525, 23.51766], [75.78289, 23.489805], [75.827429, 23.475875], [75.875841, 23.477617], [75.949427, 23.481099], [75.999775, 23.477617], [76.04625, 23.456719], [76.086916, 23.413172], [76.121772, 23.355668], [76.127582, 23.317317], [76.117899, 23.285931], [76.092725, 23.263258], [76.050123, 23.240582], [76.01914, 23.212666], [76.001711, 23.137614], [76.063678, 23.076493], [76.08498, 23.045048], [76.100471, 23.004857], [76.102408, 22.971646], [76.102408, 22.922688], [76.102408, 22.859714], [76.110154, 22.822965], [76.114027, 22.780954], [76.110154, 22.723165], [76.135328, 22.68112], [76.141137, 22.646073], [76.168248, 22.618028], [76.201168, 22.59173], [76.239897, 22.575949], [76.288309, 22.565427], [76.338657, 22.565427], [76.387069, 22.582963], [76.418052, 22.595237], [76.447099, 22.618028], [76.454845, 22.646073], [76.460655, 22.674112], [76.464528, 22.716159], [76.452909, 22.75644], [76.427735, 22.808963], [76.412243, 22.847466], [76.383196, 22.908696], [76.363831, 22.969898], [76.363831, 23.006604], [76.371577, 23.059024], [76.410306, 23.085226], [76.449036, 23.106184], [76.501321, 23.102691], [76.536177, 23.093959], [76.559415, 23.092213], [76.590398, 23.099199], [76.63881, 23.109677], [76.679476, 23.092213], [76.694968, 23.072999], [76.718205, 23.064265], [76.754998, 23.079986], [76.776299, 23.100945], [76.80341, 23.128884], [76.820838, 23.148089], [76.832457, 23.176019], [76.838266, 23.214411], [76.838266, 23.245815], [76.844076, 23.301625], [76.888615, 23.329521], [76.937026, 23.366125], [76.960264, 23.395749], [76.997057, 23.420141], [77.012549, 23.467168], [77.029977, 23.496769], [77.02804, 23.524623], [76.989311, 23.542029], [76.931217, 23.535067], [76.894424, 23.51766], [76.859567, 23.51766], [76.840203, 23.524623], [76.805346, 23.550731], [76.76468, 23.562912], [76.73757, 23.554211], [76.706586, 23.538548], [76.683349, 23.542029], [76.665921, 23.573353], [76.652365, 23.606409], [76.621382, 23.623803], [76.576843, 23.622064], [76.538113, 23.609888], [76.497448, 23.606409], [76.450972, 23.608148], [76.416116, 23.594231], [76.350276, 23.582052], [76.27669, 23.595971], [76.24377, 23.639456], [76.237961, 23.693358], [76.226342, 23.738548], [76.21085, 23.788935], [76.174057, 23.830619], [76.133391, 23.879233], [76.108217, 23.939976], [76.110154, 24.019766], [76.08498, 24.061376], [76.040441, 24.106438], [76.024949, 24.15495], [76.007521, 24.201712], [75.955236, 24.229415], [75.910697, 24.208638], [75.902951, 24.156682], [75.902951, 24.089108], [75.885523, 24.024968], [75.846794, 23.986815], [75.798382, 24.028435], [75.773208, 24.087375], [75.75578, 24.141091], [75.765462, 24.193053], [75.810001, 24.270958], [75.852603, 24.315948], [75.906824, 24.354005], [75.988156, 24.350545], [76.028822, 24.321138], [76.067551, 24.27788], [76.092725, 24.224221], [76.121772, 24.182663], [76.206977, 24.151485], [76.317356, 24.161879], [76.404497, 24.177467], [76.491638, 24.191322], [76.584589, 24.177467], [76.603953, 24.118568], [76.650429, 24.061376], [76.69884, 24.035371], [76.735633, 24.063109], [76.77049, 24.087375], [76.846012, 24.087375], [76.950582, 24.073509], [77.006739, 24.045773], [77.039659, 23.98508], [77.06677, 23.915682], [77.101626, 23.865345], [77.146165, 23.84451], [77.173262, 23.837707], [77.194577, 23.832355], [77.205071, 23.819068], [77.227497, 23.790672], [77.283654, 23.762875], [77.353367, 23.738548], [77.368859, 23.726383], [77.378541, 23.689881], [77.378541, 23.67945], [77.376605, 23.629021], [77.35724, 23.611627], [77.335939, 23.594231], [77.322384, 23.571613], [77.316574, 23.51766], [77.328193, 23.495028], [77.36305, 23.470651], [77.397906, 23.470651], [77.467619, 23.501992], [77.483111, 23.51592], [77.504412, 23.51592], [77.535396, 23.508956], [77.564443, 23.495028], [77.605108, 23.493287], [77.638028, 23.495028], [77.674821, 23.488064], [77.709678, 23.463685], [77.734852, 23.432335], [77.750344, 23.402719], [77.771645, 23.376581], [77.800692, 23.366125], [77.837485, 23.380067], [77.85104, 23.409688], [77.843294, 23.43756], [77.827802, 23.46891], [77.841358, 23.484582], [77.885897, 23.477617], [77.918817, 23.470651], [77.938181, 23.488064], [77.936245, 23.51766], [77.930435, 23.559432], [77.930435, 23.592491], [77.953673, 23.604669], [78.007894, 23.592491], [78.060179, 23.587272], [78.089226, 23.604669], [78.139574, 23.660324], [78.176367, 23.691728], [78.249953, 23.712587], [78.296428, 23.702158], [78.294492, 23.653477], [78.298365, 23.622173], [78.337094, 23.559541], [78.399061, 23.550839], [78.466838, 23.569981], [78.534614, 23.606517], [78.581089, 23.585641], [78.592708, 23.540397], [78.581089, 23.503842], [78.534614, 23.502101], [78.507503, 23.48469], [78.507503, 23.460311], [78.519122, 23.442895], [78.507503, 23.42025], [78.484266, 23.415023], [78.441663, 23.409797], [78.431981, 23.395858], [78.439727, 23.355777], [78.478456, 23.33486], [78.513313, 23.326143], [78.561725, 23.31917], [78.590772, 23.310452], [78.598518, 23.291271], [78.594645, 23.245924], [78.594645, 23.21452], [78.600454, 23.198816], [78.629501, 23.1674], [78.664358, 23.15169], [78.656612, 23.111532], [78.623692, 23.069615], [78.598518, 23.059134], [78.523963, 23.025937], [78.456187, 23.017199], [78.392283, 23.006714], [78.349681, 23.006714], [78.297396, 22.982244], [78.272222, 22.961266], [78.212192, 22.908806], [78.146352, 22.852825], [78.094067, 22.837075], [78.055338, 22.851075], [78.001117, 22.87557], [77.93334, 22.87557], [77.90623, 22.861573], [77.877182, 22.833575], [77.850072, 22.805571], [77.795851, 22.817824], [77.77455, 22.831825], [77.716455, 22.856324], [77.660298, 22.838825], [77.652552, 22.823075], [77.623505, 22.795068], [77.586712, 22.786315], [77.549919, 22.77406], [77.520872, 22.747794], [77.497634, 22.711013], [77.47246, 22.693494], [77.453096, 22.682982], [77.422112, 22.672469], [77.367891, 22.670717], [77.323352, 22.65845], [77.288496, 22.626902], [77.23137, 22.583072], [77.181022, 22.577812], [77.142292, 22.595346], [77.088071, 22.597099], [77.051278, 22.574305], [76.989311, 22.553259], [76.971883, 22.570797], [76.950582, 22.593593], [76.906043, 22.602359], [76.875059, 22.576058], [76.849885, 22.533965], [76.815029, 22.505895], [76.774363, 22.500632], [76.73757, 22.488349], [76.70465, 22.456758], [76.696904, 22.439205], [76.673666, 22.407602], [76.662048, 22.381261], [76.652365, 22.354914], [76.634937, 22.318019], [76.603953, 22.314505], [76.580716, 22.314505], [76.551669, 22.337347], [76.528431, 22.365454], [76.495511, 22.397067], [76.460655, 22.42516], [76.431608, 22.437449], [76.389005, 22.439205], [76.352212, 22.42516], [76.328006, 22.38653], [76.266039, 22.33559], [76.221501, 22.316262], [76.175025, 22.321534], [76.124677, 22.321534], [76.051091, 22.323291], [76.018171, 22.314505], [75.985251, 22.289902], [75.960077, 22.238923], [75.965887, 22.214305], [75.977505, 22.198477], [75.975569, 22.1545], [75.960077, 22.124586], [75.983315, 22.089385], [76.008489, 22.084103], [76.037536, 22.091145], [76.06271, 22.114027], [76.113058, 22.135145], [76.145978, 22.121066], [76.147915, 22.084103], [76.142105, 22.061216], [76.116931, 22.038325], [76.056901, 22.001338], [76.020108, 21.952005], [75.971696, 21.906179], [75.934903, 21.863863], [75.950395, 21.809184], [75.985251, 21.779189], [76.037536, 21.758011], [76.080138, 21.728004], [76.074329, 21.694457], [76.043345, 21.643238], [75.99687, 21.639705], [75.938776, 21.632638], [75.90392, 21.609669], [75.890364, 21.551344], [75.921348, 21.487686], [75.962014, 21.46469], [75.995176, 21.45894], [75.960319, 21.432401], [75.939018, 21.404085], [75.919653, 21.388155], [75.859623, 21.382845], [75.840258, 21.370452], [75.807338, 21.349206], [75.774418, 21.340352], [75.733752, 21.350977], [75.662103, 21.363371], [75.613691, 21.343894], [75.561406, 21.31733], [75.503312, 21.306702], [75.439409, 21.331498], [75.404552, 21.3616], [75.336776, 21.382845], [75.286428, 21.379304], [75.23027, 21.358059], [75.187668, 21.347435], [75.158621, 21.370452], [75.13151, 21.398775], [75.108272, 21.416474], [75.067607, 21.407625], [75.017258, 21.407625], [75.001767, 21.423553], [74.990148, 21.464248], [74.982402, 21.494318], [74.984338, 21.536758], [74.964974, 21.549134], [74.912689, 21.540294], [74.810056, 21.536758], [74.767454, 21.540294], [74.64352, 21.55267], [74.567997, 21.566812], [74.509903, 21.59509], [74.496348, 21.600392], [74.446, 21.610994], [74.415016, 21.63573], [74.391779, 21.667526], [74.391779, 21.701079], [74.426635, 21.724032], [74.455682, 21.74698], [74.434381, 21.810507], [74.405334, 21.84755], [74.384033, 21.882819], [74.353049, 21.881056], [74.316256, 21.851077], [74.277527, 21.82462], [74.225242, 21.80345], [74.18264, 21.784041], [74.134228, 21.766394], [74.081943, 21.776983], [74.041277, 21.810507], [74.01223, 21.84755], [74.000612, 21.891635], [74.002548, 21.939228], [74.01223, 21.974472], [74.074197, 22.009705], [74.085816, 22.048451], [74.060642, 22.088944], [74.049023, 22.120626], [74.052896, 22.155819], [74.066452, 22.191002], [74.112927, 22.192761], [74.140037, 22.210349], [74.151656, 22.234967], [74.138101, 22.322852], [74.130355, 22.359745], [74.070325, 22.370284], [74.004485, 22.370284], [73.973501, 22.389603], [73.969628, 22.42121], [73.992866, 22.473871], [74.060642, 22.494929], [74.114863, 22.494929], [74.194259, 22.503702], [74.253395, 22.524113], [74.27559, 22.531772], [74.318193, 22.556329], [74.343367, 22.577373], [74.370477, 22.628217], [74.376287, 22.680792], [74.376287, 22.736848], [74.356922, 22.768369], [74.310447, 22.801633], [74.279463, 22.834888], [74.283336, 22.88213], [74.283336, 22.929355], [74.289146, 22.962577]], [[75.857444, 22.080583], [75.84293, 22.087527], [75.820651, 22.098186], [75.785795, 22.105226], [75.754811, 22.108747], [75.731574, 22.096426], [75.718018, 22.068259], [75.723828, 22.041847], [75.73932, 22.020714], [75.776113, 22.004861], [75.805294, 21.968804], [75.873689, 21.932583], [75.906332, 21.937759], [75.909729, 21.962578], [75.914104, 21.978503], [75.904777, 22.022449], [75.857444, 22.080583]], [[75.465309, 22.425928], [75.51953, 22.469812], [75.562133, 22.506663], [75.596989, 22.541749], [75.616354, 22.571564], [75.622163, 22.59436], [75.600862, 22.618904], [75.544704, 22.624163], [75.498229, 22.624163], [75.444008, 22.624163], [75.407215, 22.59962], [75.38785, 22.576825], [75.383977, 22.532978], [75.380104, 22.504908], [75.385914, 22.469812], [75.42077, 22.441728], [75.465309, 22.425928]], [[75.147728, 22.0479], [75.15741, 22.084874], [75.161283, 22.114797], [75.155474, 22.146472], [75.136109, 22.162307], [75.101253, 22.172862], [75.074142, 22.174621], [75.039286, 22.183417], [75.019921, 22.192211], [74.99281, 22.199247], [74.973446, 22.183417], [74.956017, 22.158788], [74.954081, 22.123596], [74.954081, 22.098956], [74.956017, 22.058465], [74.957954, 22.03029], [74.979255, 22.017962], [75.019921, 22.012678], [75.056714, 22.0162], [75.093507, 22.021484], [75.120617, 22.028529], [75.147728, 22.0479]], [[74.653928, 22.091915], [74.696531, 22.098956], [74.721705, 22.125356], [74.739133, 22.157029], [74.773989, 22.160547], [74.810782, 22.160547], [74.855321, 22.164066], [74.890178, 22.183417], [74.905669, 22.201005], [74.921161, 22.239692], [74.928907, 22.259032], [74.940526, 22.281883], [74.952145, 22.301216], [74.973446, 22.317031], [74.996683, 22.322302], [75.033476, 22.317031], [75.06446, 22.315274], [75.099316, 22.315274], [75.110935, 22.320545], [75.118681, 22.350413], [75.110935, 22.399591], [75.110935, 22.41715], [75.139982, 22.42944], [75.15741, 22.431195], [75.170966, 22.454016], [75.153537, 22.496135], [75.151601, 22.527716], [75.143855, 22.561042], [75.151601, 22.597867], [75.159347, 22.62241], [75.161283, 22.643444], [75.151601, 22.680244], [75.126427, 22.710028], [75.093507, 22.727544], [75.076079, 22.73455], [75.054777, 22.750311], [75.047032, 22.781829], [75.041222, 22.801086], [75.041222, 22.827341], [75.023794, 22.864088], [74.990874, 22.867588], [74.969573, 22.865838], [74.948272, 22.85009], [74.944399, 22.830841], [74.944399, 22.801086], [74.934716, 22.78533], [74.874686, 22.725792], [74.865003, 22.713531], [74.810782, 22.655712], [74.8011, 22.643444], [74.770116, 22.608386], [74.754625, 22.585593], [74.760434, 22.531224], [74.760434, 22.496135], [74.727514, 22.466302], [74.713959, 22.461037], [74.673293, 22.459281], [74.640373, 22.459281], [74.628754, 22.454016], [74.60358, 22.434706], [74.595834, 22.406615], [74.605516, 22.378517], [74.628754, 22.366222], [74.648119, 22.348656], [74.657801, 22.332845], [74.659738, 22.308245], [74.630691, 22.295943], [74.590025, 22.294186], [74.560978, 22.290671], [74.539676, 22.281883], [74.526121, 22.269579], [74.528058, 22.246725], [74.535804, 22.223867], [74.547422, 22.206282], [74.580342, 22.188694], [74.597771, 22.174621], [74.597771, 22.157029], [74.605516, 22.132395], [74.607453, 22.111277], [74.626818, 22.098956], [74.653928, 22.091915]], [[75.355414, 22.779203], [75.382525, 22.808963], [75.388334, 22.871961], [75.417381, 22.915692], [75.458047, 22.952415], [75.487094, 22.99437], [75.504523, 23.064265], [75.523887, 23.099199], [75.576172, 23.095706], [75.5936, 23.060771], [75.597473, 22.978638], [75.618774, 22.954163], [75.667186, 22.947169], [75.709788, 22.966401], [75.73109, 22.969898], [75.781438, 22.952415], [75.814358, 22.941924], [75.837595, 22.940175], [75.860833, 22.968149], [75.876325, 22.99437], [75.89569, 23.029322], [75.913118, 23.071253], [75.909245, 23.104438], [75.901499, 23.149835], [75.897626, 23.210921], [75.893753, 23.247559], [75.88988, 23.291162], [75.887944, 23.33998], [75.853087, 23.359154], [75.808548, 23.353925], [75.7582, 23.336494], [75.711725, 23.319061], [75.671059, 23.31383], [75.607156, 23.322547], [75.578108, 23.343466], [75.537443, 23.373096], [75.483221, 23.420141], [75.444492, 23.444528], [75.407699, 23.463685], [75.345732, 23.475875], [75.316685, 23.470651], [75.2644, 23.456719], [75.248909, 23.441044], [75.243099, 23.418399], [75.235353, 23.383552], [75.225671, 23.383552], [75.190814, 23.41143], [75.167577, 23.41143], [75.148212, 23.374839], [75.13853, 23.34521], [75.146276, 23.29465], [75.150149, 23.277211], [75.146276, 23.252793], [75.13853, 23.221391], [75.159831, 23.198707], [75.20437, 23.191726], [75.227607, 23.181255], [75.239226, 23.158563], [75.233417, 23.144598], [75.219862, 23.128884], [75.200497, 23.113169], [75.190814, 23.097452], [75.186942, 23.072999], [75.210179, 23.046795], [75.241163, 23.03107], [75.245036, 23.018838], [75.244552, 22.987815], [75.237774, 22.950229], [75.24794, 22.921376], [75.276019, 22.894703], [75.274083, 22.871961], [75.27021, 22.838716], [75.283765, 22.826466], [75.308939, 22.808963], [75.355414, 22.779203]]]]}}, {"type": "Feature", "properties": {"POLY_ID": 13, "STATE_NAME": "Gwalior", "NATIVE": 1}, "geometry": {"type": "MultiPolygon", "coordinates": [[[[77.205071, 23.819068], [77.234759, 23.840169], [77.273488, 23.853192], [77.337391, 23.871421], [77.37128, 23.878365], [77.430342, 23.898327], [77.477786, 23.922624], [77.504896, 23.942578], [77.534911, 23.97554], [77.580418, 23.993753], [77.623989, 24.00069], [77.676274, 23.998956], [77.738241, 23.995487], [77.772129, 24.005893], [77.816668, 24.023234], [77.836032, 24.04404], [77.850556, 24.076976], [77.836032, 24.097774], [77.80989, 24.114236], [77.786653, 24.134161], [77.776002, 24.165343], [77.769224, 24.227683], [77.741145, 24.251919], [77.70048, 24.258842], [77.659814, 24.258842], [77.630767, 24.270958], [77.587196, 24.29432], [77.556213, 24.297781], [77.531038, 24.285668], [77.50296, 24.268362], [77.472944, 24.251919], [77.441961, 24.24586], [77.410009, 24.229415], [77.373216, 24.220758], [77.320931, 24.234608], [77.276393, 24.244995], [77.242504, 24.224221], [77.213457, 24.184394], [77.211521, 24.123766], [77.199902, 24.009361], [77.196997, 23.978142], [77.182474, 23.923491], [77.178601, 23.875761], [77.173262, 23.837707], [77.146165, 23.84451], [77.101626, 23.865345], [77.06677, 23.915682], [77.039659, 23.98508], [77.006739, 24.045773], [76.950582, 24.073509], [76.846012, 24.087375], [76.77049, 24.087375], [76.761292, 24.125499], [76.760323, 24.15928], [76.746768, 24.174003], [76.722562, 24.193053], [76.702229, 24.219892], [76.689642, 24.246726], [76.708039, 24.27615], [76.722562, 24.302972], [76.720626, 24.330653], [76.685769, 24.366111], [76.669309, 24.411069], [76.681896, 24.42922], [76.71288, 24.43527], [76.747736, 24.430085], [76.801958, 24.388592], [76.83875, 24.372164], [76.868766, 24.381675], [76.88813, 24.436999], [76.89394, 24.484524], [76.894908, 24.534622], [76.908463, 24.568299], [76.92105, 24.608008], [76.918146, 24.647706], [76.878448, 24.653746], [76.798085, 24.648569], [76.736118, 24.651157], [76.720626, 24.678765], [76.72934, 24.702055], [76.747736, 24.727927], [76.782593, 24.761554], [76.790339, 24.781381], [76.786466, 24.801205], [76.770974, 24.834813], [76.731276, 24.873581], [76.735105, 24.88796], [76.73999, 24.906309], [76.751609, 24.925254], [76.781625, 24.951082], [76.835846, 24.955387], [76.881353, 24.954526], [76.941383, 24.984652], [76.951543, 24.993167], [76.975272, 25.013051], [77.018842, 25.017353], [77.081777, 25.017353], [77.135999, 25.030259], [77.196997, 25.03284], [77.251219, 25.038002], [77.280266, 25.059508], [77.291884, 25.100789], [77.281234, 25.141199], [77.280266, 25.181595], [77.267679, 25.234866], [77.25025, 25.258916], [77.225076, 25.282963], [77.192156, 25.307005], [77.152459, 25.319882], [77.105015, 25.30357], [77.075, 25.290691], [77.03627, 25.270081], [76.999477, 25.253763], [76.958812, 25.240879], [76.901686, 25.225416], [76.849401, 25.215107], [76.776783, 25.212529], [76.738054, 25.215107], [76.711912, 25.228852], [76.677055, 25.261493], [76.648008, 25.285539], [76.617993, 25.29155], [76.588946, 25.285539], [76.559899, 25.268364], [76.519233, 25.250327], [76.476631, 25.253763], [76.447584, 25.278669], [76.421441, 25.329325], [76.410791, 25.391975], [76.394331, 25.45288], [76.385616, 25.516329], [76.387553, 25.606305], [76.402076, 25.644848], [76.425314, 25.680812], [76.463075, 25.730459], [76.487281, 25.751854], [76.538598, 25.769822], [76.569581, 25.779233], [76.605406, 25.795487], [76.669793, 25.865613], [76.714332, 25.902372], [76.74822, 25.928012], [76.792759, 25.941684], [76.857631, 25.945102], [76.889583, 25.955355], [76.93509, 25.991235], [76.971883, 26.032229], [77.01739, 26.067235], [77.089039, 26.086015], [77.144713, 26.102232], [77.186347, 26.141486], [77.236129, 26.18386], [77.243473, 26.19011], [77.307376, 26.224222], [77.353851, 26.254916], [77.435183, 26.289864], [77.495214, 26.309465], [77.566379, 26.328211], [77.65933, 26.326507], [77.684504, 26.340139], [77.713551, 26.375917], [77.75228, 26.427011], [77.805533, 26.464468], [77.868468, 26.493405], [77.926562, 26.529143], [77.968197, 26.557215], [78.038878, 26.606541], [78.082448, 26.642248], [78.149257, 26.673697], [78.217033, 26.705988], [78.284809, 26.746766], [78.309984, 26.748465], [78.397125, 26.749314], [78.485234, 26.739971], [78.537519, 26.72468], [78.57528, 26.708537], [78.617882, 26.682195], [78.680818, 26.653299], [78.72342, 26.643948], [78.761181, 26.657549], [78.792165, 26.677946], [78.828957, 26.692393], [78.861877, 26.666898], [78.887052, 26.60484], [78.903512, 26.553813], [78.91513, 26.492554], [78.921908, 26.449146], [78.960637, 26.40913], [78.992589, 26.373361], [78.996462, 26.346103], [78.991621, 26.292421], [78.978066, 26.267703], [78.951923, 26.234454], [78.928686, 26.211431], [78.891893, 26.209726], [78.853163, 26.204609], [78.824116, 26.190963], [78.804752, 26.159402], [78.798942, 26.12698], [78.806688, 26.091136], [78.818307, 26.066381], [78.835735, 26.053575], [78.869623, 26.049306], [78.88559, 26.057087], [78.873496, 26.037353], [78.863814, 26.01515], [78.850259, 25.980985], [78.843481, 25.957918], [78.797974, 25.949374], [78.761181, 25.921175], [78.730198, 25.877582], [78.715674, 25.838251], [78.707928, 25.770678], [78.707928, 25.715909], [78.689532, 25.697078], [78.639183, 25.701358], [78.55882, 25.735594], [78.507503, 25.771533], [78.491043, 25.811739], [78.501694, 25.882712], [78.519122, 25.925448], [78.559788, 25.957064], [78.626596, 25.974151], [78.680818, 25.980985], [78.713738, 26.045891], [78.710833, 26.101378], [78.693405, 26.152577], [78.694373, 26.199492], [78.682754, 26.233602], [78.653707, 26.245538], [78.590772, 26.245538], [78.54236, 26.222517], [78.508472, 26.168786], [78.461028, 26.117593], [78.411648, 26.089429], [78.384538, 26.027106], [78.366141, 25.982693], [78.334189, 25.939121], [78.298365, 25.916902], [78.249953, 25.881857], [78.203478, 25.847658], [78.169589, 25.807462], [78.164748, 25.744152], [78.182177, 25.687661], [78.219938, 25.643992], [78.270286, 25.596025], [78.301269, 25.569465], [78.312888, 25.520615], [78.296428, 25.508614], [78.258667, 25.482036], [78.21316, 25.439157], [78.207351, 25.398839], [78.209287, 25.355934], [78.233493, 25.310439], [78.251889, 25.275234], [78.261572, 25.251186], [78.204446, 25.249468], [78.156034, 25.247751], [78.125051, 25.226275], [78.103749, 25.196204], [78.096972, 25.15839], [78.122146, 25.134321], [78.176367, 25.132602], [78.212192, 25.117127], [78.245112, 25.09821], [78.248985, 25.068109], [78.218001, 25.026817], [78.192827, 24.985513], [78.150225, 24.947639], [78.107622, 24.89942], [78.101813, 24.859798], [78.099877, 24.721891], [78.113432, 24.637351], [78.125051, 24.564845], [78.138606, 24.481932], [78.142479, 24.418092], [78.145384, 24.319516], [78.137638, 24.276258], [78.091162, 24.274527], [78.04856, 24.267605], [78.029195, 24.253758], [78.035005, 24.205283], [78.036941, 24.1412], [78.021449, 24.111745], [78.025322, 24.061484], [78.054369, 24.038947], [78.100845, 24.030278], [78.149257, 24.035479], [78.172494, 23.99733], [78.172494, 23.959169], [78.215096, 23.941819], [78.244144, 23.934879], [78.249953, 23.91232], [78.242207, 23.888021], [78.217033, 23.851564], [78.178304, 23.823781], [78.162812, 23.780357], [78.172494, 23.712587], [78.176367, 23.691728], [78.139574, 23.660324], [78.089226, 23.604669], [78.060179, 23.587272], [78.007894, 23.592491], [77.953673, 23.604669], [77.930435, 23.592491], [77.930435, 23.559432], [77.936245, 23.51766], [77.938181, 23.488064], [77.918817, 23.470651], [77.885897, 23.477617], [77.841358, 23.484582], [77.827802, 23.46891], [77.843294, 23.43756], [77.85104, 23.409688], [77.837485, 23.380067], [77.800692, 23.366125], [77.771645, 23.376581], [77.750344, 23.402719], [77.734852, 23.432335], [77.709678, 23.463685], [77.674821, 23.488064], [77.638028, 23.495028], [77.605108, 23.493287], [77.564443, 23.495028], [77.535396, 23.508956], [77.504412, 23.51592], [77.483111, 23.51592], [77.467619, 23.501992], [77.397906, 23.470651], [77.36305, 23.470651], [77.328193, 23.495028], [77.316574, 23.51766], [77.322384, 23.571613], [77.335939, 23.594231], [77.35724, 23.611627], [77.376605, 23.629021], [77.378541, 23.67945], [77.378541, 23.689881], [77.368859, 23.726383], [77.353367, 23.738548], [77.283654, 23.762875], [77.227497, 23.790672], [77.205071, 23.819068]], [[78.034037, 24.923531], [78.020481, 24.951943], [77.996275, 24.981209], [77.968197, 25.009609], [77.952705, 25.038862], [77.920753, 25.056927], [77.893642, 25.056067], [77.868468, 25.028538], [77.835548, 25.010469], [77.810374, 24.987234], [77.792946, 24.972602], [77.789073, 24.942473], [77.782295, 24.92267], [77.759058, 24.903726], [77.747439, 24.883056], [77.748407, 24.859798], [77.759058, 24.835675], [77.789073, 24.831367], [77.828771, 24.843429], [77.872341, 24.848599], [77.926562, 24.848599], [77.959482, 24.851183], [77.98853, 24.864967], [78.004021, 24.87961], [78.014672, 24.89253], [78.034037, 24.923531]]], [[[75.59118, 23.70205], [75.621679, 23.749409], [75.658472, 23.775471], [75.703011, 23.791106], [75.764978, 23.792843], [75.799834, 23.808476], [75.819199, 23.853626], [75.836627, 23.895289], [75.836627, 23.942145], [75.846794, 23.986815], [75.885523, 24.024968], [75.902951, 24.089108], [75.902951, 24.156682], [75.910697, 24.208638], [75.955236, 24.229415], [76.007521, 24.201712], [76.024949, 24.15495], [76.040441, 24.106438], [76.08498, 24.061376], [76.110154, 24.019766], [76.108217, 23.939976], [76.133391, 23.879233], [76.174057, 23.830619], [76.21085, 23.788935], [76.226342, 23.738548], [76.237961, 23.693358], [76.24377, 23.639456], [76.27669, 23.595971], [76.350276, 23.582052], [76.416116, 23.594231], [76.450972, 23.608148], [76.497448, 23.606409], [76.538113, 23.609888], [76.576843, 23.622064], [76.621382, 23.623803], [76.652365, 23.606409], [76.665921, 23.573353], [76.683349, 23.542029], [76.706586, 23.538548], [76.73757, 23.554211], [76.76468, 23.562912], [76.805346, 23.550731], [76.840203, 23.524623], [76.859567, 23.51766], [76.894424, 23.51766], [76.931217, 23.535067], [76.989311, 23.542029], [77.02804, 23.524623], [77.029977, 23.496769], [77.012549, 23.467168], [76.997057, 23.420141], [76.960264, 23.395749], [76.937026, 23.366125], [76.888615, 23.329521], [76.844076, 23.301625], [76.838266, 23.245815], [76.838266, 23.214411], [76.832457, 23.176019], [76.820838, 23.148089], [76.80341, 23.128884], [76.776299, 23.100945], [76.754998, 23.079986], [76.718205, 23.064265], [76.694968, 23.072999], [76.679476, 23.092213], [76.63881, 23.109677], [76.590398, 23.099199], [76.559415, 23.092213], [76.536177, 23.093959], [76.501321, 23.102691], [76.449036, 23.106184], [76.410306, 23.085226], [76.371577, 23.059024], [76.363831, 23.006604], [76.363831, 22.969898], [76.383196, 22.908696], [76.412243, 22.847466], [76.427735, 22.808963], [76.452909, 22.75644], [76.464528, 22.716159], [76.460655, 22.674112], [76.454845, 22.646073], [76.447099, 22.618028], [76.418052, 22.595237], [76.387069, 22.582963], [76.338657, 22.565427], [76.288309, 22.565427], [76.239897, 22.575949], [76.201168, 22.59173], [76.168248, 22.618028], [76.141137, 22.646073], [76.135328, 22.68112], [76.110154, 22.723165], [76.114027, 22.780954], [76.110154, 22.822965], [76.102408, 22.859714], [76.102408, 22.922688], [76.102408, 22.971646], [76.100471, 23.004857], [76.08498, 23.045048], [76.063678, 23.076493], [76.001711, 23.137614], [76.01914, 23.212666], [76.050123, 23.240582], [76.092725, 23.263258], [76.117899, 23.285931], [76.127582, 23.317317], [76.121772, 23.355668], [76.086916, 23.413172], [76.04625, 23.456719], [75.999775, 23.477617], [75.949427, 23.481099], [75.875841, 23.477617], [75.827429, 23.475875], [75.78289, 23.489805], [75.763525, 23.51766], [75.748034, 23.54725], [75.720923, 23.583792], [75.680257, 23.59945], [75.643464, 23.608148], [75.608608, 23.649891], [75.598926, 23.682927], [75.59118, 23.70205]]], [[[75.465309, 22.425928], [75.42077, 22.441728], [75.385914, 22.469812], [75.380104, 22.504908], [75.383977, 22.532978], [75.38785, 22.576825], [75.407215, 22.59962], [75.444008, 22.624163], [75.498229, 22.624163], [75.544704, 22.624163], [75.600862, 22.618904], [75.622163, 22.59436], [75.616354, 22.571564], [75.596989, 22.541749], [75.562133, 22.506663], [75.51953, 22.469812], [75.465309, 22.425928]]], [[[75.147728, 22.0479], [75.120617, 22.028529], [75.093507, 22.021484], [75.056714, 22.0162], [75.019921, 22.012678], [74.979255, 22.017962], [74.957954, 22.03029], [74.956017, 22.058465], [74.954081, 22.098956], [74.954081, 22.123596], [74.956017, 22.158788], [74.973446, 22.183417], [74.99281, 22.199247], [75.019921, 22.192211], [75.039286, 22.183417], [75.074142, 22.174621], [75.101253, 22.172862], [75.136109, 22.162307], [75.155474, 22.146472], [75.161283, 22.114797], [75.15741, 22.084874], [75.147728, 22.0479]]], [[[74.653928, 22.091915], [74.626818, 22.098956], [74.607453, 22.111277], [74.605516, 22.132395], [74.597771, 22.157029], [74.597771, 22.174621], [74.580342, 22.188694], [74.547422, 22.206282], [74.535804, 22.223867], [74.528058, 22.246725], [74.526121, 22.269579], [74.539676, 22.281883], [74.560978, 22.290671], [74.590025, 22.294186], [74.630691, 22.295943], [74.659738, 22.308245], [74.657801, 22.332845], [74.648119, 22.348656], [74.628754, 22.366222], [74.605516, 22.378517], [74.595834, 22.406615], [74.60358, 22.434706], [74.628754, 22.454016], [74.640373, 22.459281], [74.673293, 22.459281], [74.713959, 22.461037], [74.727514, 22.466302], [74.760434, 22.496135], [74.760434, 22.531224], [74.754625, 22.585593], [74.770116, 22.608386], [74.8011, 22.643444], [74.810782, 22.655712], [74.865003, 22.713531], [74.874686, 22.725792], [74.934716, 22.78533], [74.944399, 22.801086], [74.944399, 22.830841], [74.948272, 22.85009], [74.969573, 22.865838], [74.990874, 22.867588], [75.023794, 22.864088], [75.041222, 22.827341], [75.041222, 22.801086], [75.047032, 22.781829], [75.054777, 22.750311], [75.076079, 22.73455], [75.093507, 22.727544], [75.126427, 22.710028], [75.151601, 22.680244], [75.161283, 22.643444], [75.159347, 22.62241], [75.151601, 22.597867], [75.143855, 22.561042], [75.151601, 22.527716], [75.153537, 22.496135], [75.170966, 22.454016], [75.15741, 22.431195], [75.139982, 22.42944], [75.110935, 22.41715], [75.110935, 22.399591], [75.118681, 22.350413], [75.110935, 22.320545], [75.099316, 22.315274], [75.06446, 22.315274], [75.033476, 22.317031], [74.996683, 22.322302], [74.973446, 22.317031], [74.952145, 22.301216], [74.940526, 22.281883], [74.928907, 22.259032], [74.921161, 22.239692], [74.905669, 22.201005], [74.890178, 22.183417], [74.855321, 22.164066], [74.810782, 22.160547], [74.773989, 22.160547], [74.739133, 22.157029], [74.721705, 22.125356], [74.696531, 22.098956], [74.653928, 22.091915]]], [[[75.355414, 22.779203], [75.308939, 22.808963], [75.283765, 22.826466], [75.27021, 22.838716], [75.274083, 22.871961], [75.276019, 22.894703], [75.24794, 22.921376], [75.237774, 22.950229], [75.244552, 22.987815], [75.245036, 23.018838], [75.241163, 23.03107], [75.210179, 23.046795], [75.186942, 23.072999], [75.190814, 23.097452], [75.200497, 23.113169], [75.219862, 23.128884], [75.233417, 23.144598], [75.239226, 23.158563], [75.227607, 23.181255], [75.20437, 23.191726], [75.159831, 23.198707], [75.13853, 23.221391], [75.146276, 23.252793], [75.150149, 23.277211], [75.146276, 23.29465], [75.13853, 23.34521], [75.148212, 23.374839], [75.167577, 23.41143], [75.190814, 23.41143], [75.225671, 23.383552], [75.235353, 23.383552], [75.243099, 23.418399], [75.248909, 23.441044], [75.2644, 23.456719], [75.316685, 23.470651], [75.345732, 23.475875], [75.407699, 23.463685], [75.444492, 23.444528], [75.483221, 23.420141], [75.537443, 23.373096], [75.578108, 23.343466], [75.607156, 23.322547], [75.671059, 23.31383], [75.711725, 23.319061], [75.7582, 23.336494], [75.808548, 23.353925], [75.853087, 23.359154], [75.887944, 23.33998], [75.88988, 23.291162], [75.893753, 23.247559], [75.897626, 23.210921], [75.901499, 23.149835], [75.909245, 23.104438], [75.913118, 23.071253], [75.89569, 23.029322], [75.876325, 22.99437], [75.860833, 22.968149], [75.837595, 22.940175], [75.814358, 22.941924], [75.781438, 22.952415], [75.73109, 22.969898], [75.709788, 22.966401], [75.667186, 22.947169], [75.618774, 22.954163], [75.597473, 22.978638], [75.5936, 23.060771], [75.576172, 23.095706], [75.523887, 23.099199], [75.504523, 23.064265], [75.487094, 22.99437], [75.458047, 22.952415], [75.417381, 22.915692], [75.388334, 22.871961], [75.382525, 22.808963], [75.355414, 22.779203]]], [[[75.613847, 24.044128], [75.621679, 24.016731], [75.627488, 23.969903], [75.621679, 23.929999], [75.590696, 23.900496], [75.532601, 23.884875], [75.489999, 23.886611], [75.447397, 23.867515], [75.423675, 23.851456], [75.390755, 23.877497], [75.34428, 23.896591], [75.284249, 23.903534], [75.24552, 23.903534], [75.202917, 23.875761], [75.185489, 23.842774], [75.17387, 23.804568], [75.191299, 23.780249], [75.189362, 23.748975], [75.164188, 23.712479], [75.158379, 23.681188], [75.183553, 23.65163], [75.191299, 23.595971], [75.183553, 23.585532], [75.129332, 23.582052], [75.096412, 23.597711], [75.055746, 23.620324], [75.001525, 23.629021], [74.964732, 23.615106], [74.895987, 23.578573], [74.848505, 23.546571], [74.833052, 23.564217], [74.81756, 23.589447], [74.81756, 23.621629], [74.818528, 23.672061], [74.815623, 23.722473], [74.799163, 23.775471], [74.786576, 23.826711], [74.807878, 23.870987], [74.822401, 23.888346], [74.835956, 23.900496], [74.845639, 23.92219], [74.857258, 23.949952], [74.854353, 23.975107], [74.853385, 24.01413], [74.826274, 24.065276], [74.810782, 24.094741], [74.788513, 24.106005], [74.715895, 24.116402], [74.709118, 24.185693], [74.713959, 24.273986], [74.710086, 24.304269], [74.661674, 24.355302], [74.609873, 24.401128], [74.607453, 24.431381], [74.618103, 24.456443], [74.628754, 24.47286], [74.632627, 24.488411], [74.632311, 24.494606], [74.631659, 24.507416], [74.633595, 24.522963], [74.637468, 24.54628], [74.651992, 24.56614], [74.670388, 24.572184], [74.698467, 24.57909], [74.721705, 24.580817], [74.767212, 24.577364], [74.800132, 24.57132], [74.833052, 24.570457], [74.870813, 24.573047], [74.89163, 24.611029], [74.878075, 24.64296], [74.865488, 24.659354], [74.831599, 24.680059], [74.798679, 24.686097], [74.774473, 24.699898], [74.774729, 24.707626], [74.775442, 24.729221], [74.77641, 24.745604], [74.79287, 24.759399], [74.820949, 24.766295], [74.864519, 24.766295], [74.898408, 24.762847], [74.931328, 24.75595], [74.954565, 24.746466], [74.979739, 24.75595], [74.992326, 24.784398], [74.974898, 24.81801], [74.953597, 24.836967], [74.920677, 24.856783], [74.889693, 24.869705], [74.839345, 24.872289], [74.797711, 24.874873], [74.7706, 24.88607], [74.747363, 24.903295], [74.737644, 24.925192], [74.732839, 24.936016], [74.740585, 24.968729], [74.771569, 24.979058], [74.799648, 24.98164], [74.819112, 24.990538], [74.833536, 24.997131], [74.851932, 25.024667], [74.90809, 25.058218], [74.943915, 25.030689], [74.965216, 24.974754], [74.992326, 24.936016], [75.027183, 24.917073], [75.055854, 24.91934], [75.070753, 24.920518], [75.137562, 24.934294], [75.158484, 24.924276], [75.162736, 24.92224], [75.168545, 24.894683], [75.155958, 24.869705], [75.124006, 24.848168], [75.090118, 24.820595], [75.088182, 24.801636], [75.107546, 24.78095], [75.139498, 24.775778], [75.17145, 24.78526], [75.207274, 24.794741], [75.239226, 24.786984], [75.255686, 24.768882], [75.2549, 24.766433], [75.24794, 24.744742], [75.21502, 24.716285], [75.18791, 24.704211], [75.140466, 24.689548], [75.106578, 24.67057], [75.091086, 24.637782], [75.088182, 24.598082], [75.103673, 24.553189], [75.114808, 24.514758], [75.085761, 24.47502], [75.029603, 24.454283], [74.9657, 24.428356], [74.942462, 24.404153], [74.954081, 24.348816], [74.971509, 24.296916], [74.963763, 24.224221], [74.956017, 24.165343], [74.93278, 24.094308], [74.934716, 24.04404], [74.985065, 23.997221], [75.083825, 23.990284], [75.213568, 24.002424], [75.349121, 23.990284], [75.42658, 24.004158], [75.533086, 23.986815], [75.598926, 24.026702], [75.613847, 24.044128]]]]}}, {"type": "Feature", "properties": {"POLY_ID": 29, "STATE_NAME": "Sindh", "NATIVE": 0}, "geometry": null}, {"type": "Feature", "properties": {"POLY_ID": 31, "STATE_NAME": "Baluchistan Agency", "NATIVE": null}, "geometry": {"type": "Polygon", "coordinates": [[[69.330101, 31.8006], [69.548438, 31.7965], [69.653008, 31.908001], [69.838909, 31.934225], [69.802116, 31.845701], [69.869892, 31.830942], [69.875702, 31.7965], [69.8544, 31.766971], [69.8544, 31.730873], [69.883447, 31.748923], [69.918304, 31.747283], [69.904749, 31.643875], [69.86021, 31.389164], [69.960906, 31.352977], [69.970589, 31.301972], [69.974462, 31.229547], [69.995763, 31.185088], [70.05773, 31.275639], [70.199092, 31.349687], [70.22233, 31.292098], [70.201029, 31.171913], [70.201029, 30.947752], [70.21279, 30.942287], [70.243631, 30.927957], [70.228139, 30.771155], [70.264932, 30.761246], [70.274614, 30.723256], [70.202965, 30.708388], [70.181664, 30.650553], [70.11776, 30.629066], [70.077094, 30.562932], [70.080967, 30.476914], [69.988017, 30.327918], [69.99189, 30.221874], [70.022873, 30.145608], [70.104205, 30.190378], [70.152617, 30.162191], [70.075158, 30.130682], [70.05773, 30.062665], [69.999636, 29.928198], [69.947351, 29.825189], [69.889257, 29.737075], [69.767259, 29.612294], [69.678182, 29.579001], [69.612342, 29.58899], [69.556184, 29.537374], [69.523264, 29.315716], [69.556184, 29.352405], [69.643325, 29.292364], [69.610405, 29.240642], [69.643325, 29.173876], [69.730466, 29.203925], [69.67915, 29.00014], [69.588136, 28.960017], [69.533915, 28.883083], [69.468075, 28.834559], [69.442901, 28.765929], [69.489376, 28.742487], [69.384806, 28.522946], [69.266682, 28.472621], [69.282174, 28.403816], [69.356728, 28.355128], [68.472729, 28.353448], [68.370096, 28.225771], [68.217115, 28.165252], [68.102863, 28.071058], [67.977961, 27.995321], [67.939232, 27.927965], [67.904375, 27.917859], [67.81917, 27.865631], [67.424131, 27.804956], [67.381528, 27.654838], [67.286641, 27.599135], [67.288578, 27.538343], [67.218865, 27.474144], [67.201437, 27.325358], [67.182072, 27.296597], [67.151088, 27.223821], [67.191754, 27.049341], [67.16658, 26.934028], [67.185945, 26.704809], [67.154961, 26.672518], [67.184008, 26.46499], [67.273086, 26.342365], [67.406702, 26.100194], [67.457051, 26.043853], [67.443495, 25.893493], [67.466733, 25.785746], [67.402829, 25.730983], [67.327307, 25.563135], [67.214992, 25.441398], [67.096867, 25.288641], [67.114295, 25.228519], [67.044582, 25.168371], [66.96906, 25.01874], [66.740557, 24.934391], [66.6836, 24.881262], [66.681373, 24.901562], [66.703643, 24.910174], [66.709452, 25.045304], [66.751086, 25.130442], [66.680405, 25.216385], [66.563249, 25.301413], [66.540011, 25.334036], [66.589391, 25.325452], [66.589391, 25.378664], [66.56228, 25.400973], [66.55163, 25.485026], [66.433505, 25.514175], [66.298436, 25.563885], [66.193867, 25.525318], [66.121249, 25.456728], [66.089298, 25.396683], [65.821581, 25.365792], [65.776558, 25.338328], [65.646814, 25.305706], [65.456072, 25.341761], [65.417827, 25.329744], [65.252258, 25.32631], [65.215466, 25.261053], [65.1443, 25.255041], [64.743451, 25.267923], [64.661635, 25.237862], [64.639366, 25.183733], [64.646143, 25.156231], [64.69165, 25.145916], [64.66454, 25.129582], [64.595795, 25.114966], [64.57643, 25.133881], [64.593859, 25.141618], [64.617096, 25.171701], [64.590954, 25.206074], [64.53286, 25.225835], [64.47767, 25.209511], [64.466052, 25.1992], [64.392466, 25.190608], [64.36826, 25.215525], [64.090376, 25.281664], [64.086019, 25.339186], [64.216731, 25.364934], [64.226413, 25.428425], [64.046322, 25.419847], [63.989196, 25.443864], [63.945625, 25.385529], [63.917547, 25.365792], [63.955308, 25.340903], [64.041481, 25.351202], [64.061814, 25.279946], [63.881722, 25.294544], [63.698725, 25.338328], [63.580601, 25.324593], [63.48765, 25.267065], [63.473611, 25.212948], [63.507499, 25.179436], [63.497817, 25.159669], [63.124078, 25.212089], [63.09019, 25.208652], [63.076634, 25.18803], [63.038873, 25.177717], [63.014667, 25.17428], [63.011763, 25.164826], [62.756149, 25.21037], [62.755665, 25.201778], [62.608493, 25.222398], [62.478749, 25.214666], [62.446313, 25.175998], [62.358204, 25.140758], [62.326252, 25.090889], [62.329157, 25.070249], [62.390156, 25.056486], [62.370791, 25.049605], [62.326252, 25.049605], [62.260412, 25.057347], [62.31657, 25.077129], [62.31657, 25.107228], [62.294301, 25.154511], [62.230397, 25.17428], [62.171335, 25.178577], [62.110336, 25.167404], [62.063861, 25.144196], [62.055147, 25.113247], [62.070638, 25.092609], [62.080321, 25.074549], [62.085162, 25.062508], [61.992211, 25.067668], [61.901197, 25.064228], [61.873118, 25.051325], [61.85569, 25.022075], [61.851817, 24.995399], [61.790818, 24.981629], [61.749184, 24.976465], [61.732724, 24.991096], [61.741438, 25.021214], [61.767581, 25.046164], [61.76274, 25.073689], [61.736597, 25.102928], [61.622345, 25.128722], [61.645583, 25.244304], [61.68044, 25.601155], [61.736113, 25.682941], [61.799532, 25.66282], [61.812604, 25.682513], [61.843103, 25.691074], [61.841893, 25.814722], [61.891757, 25.824557], [61.890789, 25.830972], [61.83221, 25.854915], [61.825433, 25.911763], [61.860773, 26.111609], [61.894177, 26.172187], [61.893209, 26.186688], [61.975025, 26.208009], [62.034087, 26.266413], [62.098233, 26.240838], [62.101138, 26.219095], [62.215389, 26.202893], [62.232576, 26.265987], [62.259686, 26.301358], [62.264043, 26.379739], [62.28244, 26.371647], [62.313907, 26.415506], [62.2989, 26.422743], [62.313423, 26.451689], [62.422592, 26.465309], [62.444377, 26.495948], [62.605588, 26.506584], [62.651579, 26.539766], [62.675785, 26.538915], [62.692245, 26.530408], [62.758569, 26.57294], [63.195243, 26.575491], [63.187981, 26.762044], [63.244623, 26.767564], [63.249948, 26.788795], [63.24075, 26.823605], [63.253337, 26.826152], [63.253821, 27.013634], [63.33128, 27.040759], [63.278027, 27.134809], [63.230584, 27.144973], [63.193791, 27.179693], [63.092126, 27.154289], [63.081476, 27.16191], [62.940113, 27.12295], [62.874273, 27.14582], [62.840385, 27.133962], [62.812306, 27.142432], [62.775513, 27.177999], [62.81037, 27.186466], [62.825862, 27.227101], [62.796815, 27.280416], [62.848131, 27.375993], [62.833728, 27.661588], [62.760143, 27.934702], [62.793063, 28.178703], [62.597963, 28.150118], [62.512759, 28.22409], [62.489521, 28.271983], [62.325889, 28.351769], [62.049458, 28.408012], [61.916326, 28.460038], [61.743012, 28.620189], [61.574539, 28.822008], [61.535809, 28.90232], [61.482557, 28.917374], [61.505794, 28.951656], [61.472874, 29.009333], [61.427851, 29.021868], [61.420105, 29.092046], [61.353297, 29.173876], [61.355234, 29.271511], [61.301012, 29.301539], [61.146095, 29.444086], [60.876441, 29.741233], [62.472577, 29.278184], [63.234094, 29.344067], [63.577817, 29.37408], [64.051768, 29.294866], [64.105989, 29.266505], [64.142782, 29.278184], [64.169893, 29.29987], [64.14375, 29.322388], [64.175702, 29.365744], [64.221209, 29.369079], [64.257034, 29.401587], [64.344175, 29.413254], [64.565901, 29.478243], [65.068415, 29.415754], [66.248693, 29.732917], [66.375532, 29.85261], [66.231265, 29.946466], [66.299042, 30.064325], [66.340676, 30.213587], [66.362945, 30.301415], [66.336803, 30.323777], [66.357136, 30.356073], [66.290327, 30.399124], [66.281613, 30.449609], [66.392476, 30.819864], [66.578377, 30.847926], [66.688756, 30.948576], [66.731358, 31.077179], [66.792357, 31.078827], [66.831087, 31.136498], [67.040225, 31.184265], [67.057654, 31.156265], [67.02667, 31.110137], [67.166096, 31.120023], [67.270665, 31.080475], [67.656023, 31.149676], [67.716053, 31.195793], [67.776084, 31.197439], [67.799322, 31.268233], [67.752846, 31.286337], [67.673451, 31.271525], [67.576628, 31.393276], [67.722831, 31.388342], [67.858384, 31.488634], [67.980382, 31.514929], [68.098506, 31.593788], [68.174029, 31.702153], [68.265043, 31.662756], [68.292153, 31.62335], [68.445134, 31.62335], [68.51872, 31.600358], [68.565196, 31.588861], [68.58456, 31.62335], [68.450944, 31.638128], [68.582624, 31.69887], [68.660083, 31.644696], [68.71624, 31.643054], [68.747224, 31.54122], [68.805318, 31.511643], [68.830492, 31.483703], [68.888586, 31.473841], [68.967981, 31.514929], [69.026075, 31.501782], [69.136454, 31.595431], [69.204231, 31.723489], [69.330101, 31.8006]]]}}, {"type": "Feature", "properties": {"POLY_ID": 30, "STATE_NAME": "North West Frontier Province", "NATIVE": 0}, "geometry": {"type": "Polygon", "coordinates": [[[73.558511, 33.869163], [73.516749, 33.879086], [73.458655, 33.887991], [73.389911, 33.858845], [73.368609, 33.824834], [73.34634, 33.781906], [73.318745, 33.673321], [73.217081, 33.696016], [73.102829, 33.667646], [73.012783, 33.631164], [72.944038, 33.612514], [72.902404, 33.624677], [72.853024, 33.633596], [72.828818, 33.641704], [72.874325, 33.666025], [72.855929, 33.683047], [72.823009, 33.708173], [72.837532, 33.738966], [72.80074, 33.761652], [72.785248, 33.782716], [72.775565, 33.808636], [72.731995, 33.791626], [72.690361, 33.75274], [72.665187, 33.737346], [72.615807, 33.760842], [72.654536, 33.799726], [72.625489, 33.812685], [72.565458, 33.819165], [72.540284, 33.864513], [72.474444, 33.879086], [72.414414, 33.858035], [72.362129, 33.830503], [72.309844, 33.806206], [72.25756, 33.786766], [72.25175, 33.760842], [72.247877, 33.715466], [72.245941, 33.653865], [72.22464, 33.650622], [72.18591, 33.653865], [72.12588, 33.666836], [72.06004, 33.650622], [72.023247, 33.613325], [72.015501, 33.574398], [71.9942, 33.550064], [71.984517, 33.525726], [71.982581, 33.47704], [71.972899, 33.459184], [71.96128, 33.44295], [71.969026, 33.423468], [71.959343, 33.395864], [71.930296, 33.355261], [71.88963, 33.321146], [71.859615, 33.277275], [71.822822, 33.272399], [71.749236, 33.239893], [71.720189, 33.217135], [71.725999, 33.191122], [71.706634, 33.163478], [71.695015, 33.143963], [71.724062, 33.114684], [71.766665, 33.064248], [71.74149, 33.010541], [71.718253, 32.974727], [71.733745, 32.912846], [71.70857, 32.904702], [71.640794, 32.938904], [71.586573, 33.087028], [71.406481, 33.08052], [71.458766, 32.940532], [71.514923, 32.917732], [71.507178, 32.911217], [71.439401, 32.880268], [71.342578, 32.85583], [71.321276, 32.880268], [71.238008, 32.859089], [71.176041, 32.800423], [71.156676, 32.689553], [71.117947, 32.665086], [71.174105, 32.462681], [71.205088, 32.474114], [71.261246, 32.493711], [71.280611, 32.465947], [71.255436, 32.425109], [71.239945, 32.379358], [71.280611, 32.371187], [71.329022, 32.402235], [71.350323, 32.367918], [71.350323, 32.24039], [71.298039, 32.232211], [71.197342, 32.114394], [71.15474, 32.05054], [71.123757, 32.003041], [71.108265, 31.921113], [71.069535, 31.878494], [71.050171, 31.7965], [71.028869, 31.739078], [70.994013, 31.688201], [70.87492, 31.543685], [70.867174, 31.438496], [70.857492, 31.320072], [70.787779, 31.180148], [70.594132, 31.196616], [70.493436, 31.191676], [70.377247, 31.127437], [70.365629, 31.061522], [70.232012, 31.0335], [70.237821, 30.9527], [70.21279, 30.942287], [70.201029, 30.947752], [70.201029, 31.171913], [70.22233, 31.292098], [70.199092, 31.349687], [70.05773, 31.275639], [69.995763, 31.185088], [69.974462, 31.229547], [69.970589, 31.301972], [69.960906, 31.352977], [69.86021, 31.389164], [69.904749, 31.643875], [69.918304, 31.747283], [69.883447, 31.748923], [69.8544, 31.730873], [69.8544, 31.766971], [69.875702, 31.7965], [69.869892, 31.830942], [69.802116, 31.845701], [69.838909, 31.934225], [69.653008, 31.908001], [69.548438, 31.7965], [69.330101, 31.8006], [69.273944, 32.020241], [69.277816, 32.201947], [69.241024, 32.336046], [69.281689, 32.40632], [69.401751, 32.45533], [69.432734, 32.522286], [69.444353, 32.582686], [69.397878, 32.638168], [69.457908, 32.685475], [69.533431, 32.739291], [69.510193, 32.747443], [69.494701, 32.889228], [69.581842, 32.972284], [69.657365, 32.969028], [69.812282, 32.991821], [69.881995, 32.973912], [69.992374, 33.0081], [70.042722, 33.026004], [70.069833, 33.081333], [70.145355, 33.084587], [70.201513, 33.125258], [70.306082, 33.193561], [70.325447, 33.213071], [70.301241, 33.287837], [70.250893, 33.317085], [70.221846, 33.365818], [70.17537, 33.408043], [70.206354, 33.516801], [70.140514, 33.537895], [70.14826, 33.604405], [70.04369, 33.601162], [69.972041, 33.628732], [69.954613, 33.711414], [69.913947, 33.740587], [69.906201, 33.784336], [69.869408, 33.815115], [69.898455, 33.862084], [69.896519, 33.900944], [69.962359, 33.917133], [70.039817, 33.918752], [70.132768, 33.884753], [70.245083, 33.860464], [70.326415, 33.852367], [70.456158, 33.828073], [70.572347, 33.832932], [70.704027, 33.84103], [70.853135, 33.862084], [70.924784, 33.868561], [71.009989, 33.909039], [71.071956, 33.938177], [71.079702, 33.986729], [71.133923, 34.04012], [71.132955, 34.111282], [71.144574, 34.166251], [71.177494, 34.235745], [71.115527, 34.258364], [71.125209, 34.293904], [71.072924, 34.316516], [71.055496, 34.303595], [71.005148, 34.371419], [71.032258, 34.448899], [71.101971, 34.487626], [71.098098, 34.565053], [71.206541, 34.635999], [71.298523, 34.697247], [71.306269, 34.761695], [71.517344, 34.861543], [71.52509, 34.893741], [71.55801, 34.917885], [71.542518, 34.982252], [71.68969, 35.098056], [71.544455, 35.20093], [71.654833, 35.332652], [71.600612, 35.385635], [71.619977, 35.477115], [71.499916, 35.518827], [71.554137, 35.627877], [71.377918, 35.821764], [71.383728, 35.871405], [71.300459, 35.873006], [71.197826, 35.949843], [71.267539, 36.049045], [71.372109, 36.113019], [71.499916, 36.215333], [71.581248, 36.260079], [71.612231, 36.333566], [71.658706, 36.397446], [71.829116, 36.323983], [71.813624, 36.413413], [71.91432, 36.426186], [71.995652, 36.483651], [72.080857, 36.512378], [72.115713, 36.560247], [72.224156, 36.582581], [72.193172, 36.636812], [72.262885, 36.671895], [72.332598, 36.675084], [72.386819, 36.697406], [72.503007, 36.700594], [72.576593, 36.74523], [72.657925, 36.767544], [72.777986, 36.767544], [72.925158, 36.777106], [73.001632, 36.811433], [73.080559, 36.815352], [73.267429, 36.815352], [73.296476, 36.801807], [73.346824, 36.815352], [73.43687, 36.825708], [73.534662, 36.804994], [73.557899, 36.821725], [73.599533, 36.836861], [73.67241, 36.852405], [73.703394, 36.807793], [73.731473, 36.777515], [73.781821, 36.744045], [73.813773, 36.739263], [73.847661, 36.720134], [73.872835, 36.698612], [73.893168, 36.678682], [73.895104, 36.644397], [73.87574, 36.636424], [73.854438, 36.626854], [73.81813, 36.619677], [73.730988, 36.618082], [73.682577, 36.614892], [73.634165, 36.622867], [73.57123, 36.638816], [73.496676, 36.638816], [73.432772, 36.637221], [73.38436, 36.628449], [73.330139, 36.624462], [73.24203, 36.619677], [73.212014, 36.613297], [73.166023, 36.586181], [73.123421, 36.564644], [73.11088, 36.533646], [73.110834, 36.533531], [73.10212, 36.48007], [73.078882, 36.451339], [73.047899, 36.423402], [72.977702, 36.384283], [72.941877, 36.347552], [72.901211, 36.312412], [72.86345, 36.265282], [72.834403, 36.22693], [72.788896, 36.190169], [72.744357, 36.169389], [72.706596, 36.166191], [72.655279, 36.158198], [72.609772, 36.135015], [72.569106, 36.108632], [72.556519, 36.049455], [72.541028, 35.99346], [72.539091, 35.93905], [72.549742, 35.902234], [72.580725, 35.874217], [72.555551, 35.837388], [72.527472, 35.803756], [72.526504, 35.750892], [72.572979, 35.717244], [72.633978, 35.701219], [72.719183, 35.703623], [72.798578, 35.706027], [72.850863, 35.724455], [72.894433, 35.742881], [72.982543, 35.746887], [73.043542, 35.738876], [73.100667, 35.735671], [73.139397, 35.720449], [73.152952, 35.685994], [73.156825, 35.643518], [73.148111, 35.604239], [73.164087, 35.57297], [73.202816, 35.542497], [73.28318, 35.492768], [73.348051, 35.459876], [73.402273, 35.438211], [73.432288, 35.425372], [73.482636, 35.431792], [73.548476, 35.436607], [73.582364, 35.448643], [73.63949, 35.451852], [73.689838, 35.435804], [73.753742, 35.41494], [73.792471, 35.387652], [73.814741, 35.374809], [73.786662, 35.349121], [73.755678, 35.304157], [73.72179, 35.276853], [73.70533, 35.262396], [73.701941, 35.223035], [73.71356, 35.178843], [73.728084, 35.161164], [73.711624, 35.099272], [73.750353, 35.103292], [73.799733, 35.121781], [73.855891, 35.108115], [73.907207, 35.098468], [73.978857, 35.089625], [74.043728, 35.071133], [74.082458, 35.051834], [74.123124, 35.030925], [74.137647, 35.008405], [74.128933, 34.98186], [74.101822, 34.959334], [74.074712, 34.928758], [74.063577, 34.823312], [74.055831, 34.791102], [74.039371, 34.766135], [73.998705, 34.745193], [73.961912, 34.726664], [73.910596, 34.708134], [73.876708, 34.69766], [73.823455, 34.695243], [73.777948, 34.648502], [73.752774, 34.607393], [73.722758, 34.567886], [73.716949, 34.534822], [73.7276, 34.476745], [73.715013, 34.40977], [73.700489, 34.381519], [73.656918, 34.379905], [73.610443, 34.391206], [73.575587, 34.400891], [73.50781, 34.400084], [73.456494, 34.376676], [73.442939, 34.322582], [73.428415, 34.277357], [73.418733, 34.236159], [73.44197, 34.194143], [73.472954, 34.15535], [73.498128, 34.093909], [73.518461, 34.062372], [73.519548, 34.058182], [73.531048, 34.013841], [73.537826, 33.949922], [73.539762, 33.906216], [73.558511, 33.869163]]]}}, {"type": "Feature", "properties": {"POLY_ID": 34, "STATE_NAME": "Goa", "NATIVE": null}, "geometry": {"type": "Polygon", "coordinates": [[[74.088721, 14.918641], [74.033709, 14.985678], [73.968423, 15.000657], [73.931116, 15.069536], [73.906245, 15.117429], [73.912463, 15.246042], [73.900028, 15.308803], [73.83785, 15.356598], [73.803652, 15.392431], [73.83785, 15.410344], [73.887592, 15.404373], [73.887592, 15.440192], [73.859612, 15.46705], [73.828523, 15.484951], [73.766346, 15.520745], [73.757019, 15.556529], [73.766346, 15.613165], [73.750801, 15.654878], [73.72593, 15.6936], [73.676188, 15.735285], [73.660644, 15.750169], [73.676253, 15.8319], [73.713046, 15.852279], [73.736283, 15.911545], [73.825361, 15.904138], [73.875709, 15.887472], [73.920248, 15.848574], [73.958978, 15.824489], [73.986088, 15.794838], [74.020945, 15.774449], [74.042246, 15.796691], [74.069356, 15.81893], [74.117768, 15.843017], [74.141023, 15.837213], [74.162307, 15.8319], [74.216528, 15.792985], [74.23202, 15.763326], [74.251384, 15.689147], [74.26494, 15.646473], [74.284304, 15.607496], [74.307542, 15.561079], [74.305606, 15.507211], [74.311415, 15.473764], [74.334653, 15.419857], [74.332716, 15.369645], [74.305606, 15.330577], [74.257194, 15.248677], [74.235893, 15.198393], [74.237829, 15.14995], [74.241702, 15.095895], [74.202973, 15.06979], [74.16037, 15.049275], [74.117768, 14.997039], [74.090657, 14.939179], [74.088721, 14.918641]]]}}, {"type": "Feature", "properties": {"POLY_ID": 2, "STATE_NAME": "Hyderabad", "NATIVE": 1}, "geometry": {"type": "Polygon", "coordinates": [[[75.916441, 15.298336], [75.893481, 15.302055], [75.876181, 15.33115], [75.874327, 15.378636], [75.867531, 15.404151], [75.881124, 15.440339], [75.88792, 15.48778], [75.88236, 15.528684], [75.860116, 15.570165], [75.878652, 15.614594], [75.916342, 15.648348], [75.941675, 15.683277], [75.932407, 15.724113], [75.913253, 15.778538], [75.931789, 15.829983], [75.917578, 15.860721], [75.871856, 15.867222], [75.83293, 15.904449], [75.795858, 15.963516], [75.771761, 16.036129], [75.77794, 16.076253], [75.825207, 16.098669], [75.850539, 16.099259], [75.888847, 16.075663], [75.950016, 16.051472], [75.978438, 16.057963], [75.995121, 16.109286], [76.008096, 16.146438], [76.054436, 16.152923], [76.113752, 16.116363], [76.147117, 16.072713], [76.211376, 16.052652], [76.245358, 16.083922], [76.244741, 16.12403], [76.23918, 16.193008], [76.157621, 16.248986], [76.157003, 16.305527], [76.233001, 16.305527], [76.270691, 16.325545], [76.275634, 16.372045], [76.262659, 16.413821], [76.23918, 16.466755], [76.21879, 16.511437], [76.283048, 16.541999], [76.290463, 16.589589], [76.287991, 16.62894], [76.315178, 16.694692], [76.328153, 16.749848], [76.323828, 16.787973], [76.271927, 16.827844], [76.236708, 16.868875], [76.23918, 16.91282], [76.27378, 16.959092], [76.264512, 16.991296], [76.239798, 17.042219], [76.232383, 17.064455], [76.254626, 17.088441], [76.283048, 17.126458], [76.273163, 17.144586], [76.228676, 17.155694], [76.224351, 17.21356], [76.232383, 17.27023], [76.233001, 17.302935], [76.178011, 17.298263], [76.140938, 17.267894], [76.10572, 17.248033], [76.058762, 17.242191], [76.045168, 17.264973], [76.043933, 17.300599], [76.040225, 17.343219], [76.017982, 17.372986], [76.0186, 17.433663], [76.023675, 17.441402], [76.034665, 17.458159], [76.096452, 17.444745], [76.156385, 17.434247], [76.231147, 17.43833], [76.28552, 17.455826], [76.291699, 17.490229], [76.260805, 17.550265], [76.254009, 17.574155], [76.283666, 17.610271], [76.287991, 17.663262], [76.289227, 17.702261], [76.299113, 17.76161], [76.283666, 17.769172], [76.258334, 17.774407], [76.221879, 17.780805], [76.199636, 17.806975], [76.166889, 17.793018], [76.12302, 17.766264], [76.10263, 17.759283], [76.088052, 17.764654], [76.059997, 17.774989], [76.037754, 17.805812], [76.051347, 17.843021], [76.051347, 17.886031], [76.028795, 17.947032], [76.011494, 17.972004], [75.986162, 17.978972], [75.956504, 17.940643], [75.933025, 17.909854], [75.888538, 17.893585], [75.840344, 17.893585], [75.792768, 17.904625], [75.734071, 17.91973], [75.694527, 17.914502], [75.669812, 17.931349], [75.625326, 17.954001], [75.585782, 17.950517], [75.54871, 17.96039], [75.53697, 18.025416], [75.538206, 18.10259], [75.512255, 18.12289], [75.492483, 18.151305], [75.483215, 18.190148], [75.46159, 18.213332], [75.43255, 18.221445], [75.373235, 18.213332], [75.341105, 18.226081], [75.312374, 18.302547], [75.319789, 18.337289], [75.325967, 18.381859], [75.278391, 18.388804], [75.253059, 18.412528], [75.248116, 18.473843], [75.209808, 18.484252], [75.160996, 18.512582], [75.15976, 18.558244], [75.157289, 18.616597], [75.135046, 18.67319], [75.092413, 18.715906], [75.028154, 18.75803], [74.954627, 18.820324], [74.883263, 18.886045], [74.865963, 18.927534], [74.856695, 18.950001], [74.806648, 18.97592], [74.801087, 19.008167], [74.821476, 19.06055], [74.855459, 19.067456], [74.911685, 19.074362], [74.930839, 19.093925], [74.933311, 19.130168], [74.946904, 19.169849], [74.989846, 19.216415], [75.015179, 19.219864], [75.052869, 19.202045], [75.095502, 19.202045], [75.139371, 19.189972], [75.15111, 19.152023], [75.162232, 19.10198], [75.180768, 19.090473], [75.234523, 19.120389], [75.290749, 19.098528], [75.323496, 19.11061], [75.332146, 19.142246], [75.301253, 19.183648], [75.26727, 19.223887], [75.269123, 19.257793], [75.308049, 19.276753], [75.346975, 19.291689], [75.374161, 19.309495], [75.385901, 19.327872], [75.394551, 19.364619], [75.376015, 19.385285], [75.356861, 19.410538], [75.312374, 19.427179], [75.271904, 19.45185], [75.265725, 19.489707], [75.260164, 19.539591], [75.260164, 19.575702], [75.242864, 19.588882], [75.185402, 19.58659], [75.138444, 19.590601], [75.106315, 19.611229], [75.079128, 19.634144], [75.004366, 19.631853], [74.930222, 19.622687], [74.89871, 19.653619], [74.825493, 19.704582], [74.752584, 19.717176], [74.708097, 19.73721], [74.695122, 19.761819], [74.693268, 19.808161], [74.685854, 19.841334], [74.678439, 19.87221], [74.64631, 19.893362], [74.609856, 19.906509], [74.588848, 19.937941], [74.592555, 19.981361], [74.612327, 20.015058], [74.65805, 20.048175], [74.677822, 20.068726], [74.694504, 20.115524], [74.699447, 20.151466], [74.714276, 20.215908], [74.734666, 20.275758], [74.776681, 20.291143], [74.826728, 20.26721], [74.863801, 20.272909], [74.879865, 20.297411], [74.895312, 20.351526], [74.921262, 20.372596], [74.966367, 20.372596], [74.995098, 20.387969], [75.00313, 20.410741], [75.018577, 20.446029], [75.042056, 20.452857], [75.090868, 20.450581], [75.108168, 20.475048], [75.10199, 20.506905], [75.09025, 20.538185], [75.060592, 20.584806], [75.056267, 20.621181], [75.113729, 20.668907], [75.169337, 20.670611], [75.207027, 20.647319], [75.226181, 20.615498], [75.249043, 20.582532], [75.292294, 20.550695], [75.320098, 20.552401], [75.349138, 20.576847], [75.360259, 20.599584], [75.430079, 20.620044], [75.46437, 20.605836], [75.500207, 20.592764], [75.519361, 20.599584], [75.561376, 20.622886], [75.602773, 20.633682], [75.634903, 20.616635], [75.673211, 20.584237], [75.704722, 20.56434], [75.751062, 20.545577], [75.775159, 20.556949], [75.809142, 20.585374], [75.848686, 20.595037], [75.879579, 20.581964], [75.944456, 20.595037], [75.985235, 20.581395], [76.010568, 20.54046], [76.020454, 20.485858], [76.055672, 20.480169], [76.097687, 20.461393], [76.124256, 20.416433], [76.131052, 20.340705], [76.186043, 20.324756], [76.253391, 20.303108], [76.289227, 20.263221], [76.293552, 20.227311], [76.274398, 20.198233], [76.213847, 20.158882], [76.199018, 20.128647], [76.211376, 20.076147], [76.195929, 20.049888], [76.171214, 19.996212], [76.17245, 19.963081], [76.205197, 19.945369], [76.23609, 19.931655], [76.270073, 19.892219], [76.327535, 19.833899], [76.35225, 19.836187], [76.385615, 19.851627], [76.407858, 19.869352], [76.429484, 19.890504], [76.456052, 19.914511], [76.483856, 19.904794], [76.511043, 19.883073], [76.533904, 19.864206], [76.568505, 19.84648], [76.602487, 19.847624], [76.640795, 19.860775], [76.658096, 19.884216], [76.700111, 19.920226], [76.726061, 19.941369], [76.769312, 19.948797], [76.81627, 19.93337], [76.882509, 19.90341], [76.929478, 19.91526], [76.956165, 19.933032], [76.980717, 19.943891], [76.993527, 19.961659], [77.009539, 19.984359], [77.034091, 19.9962], [77.062913, 19.988306], [77.086398, 19.970542], [77.10668, 19.953762], [77.138704, 19.961659], [77.162189, 19.980411], [77.185673, 20.002121], [77.209158, 20.000147], [77.239047, 19.961659], [77.294556, 19.960672], [77.348998, 19.961659], [77.406642, 19.959685], [77.431194, 19.939942], [77.437598, 19.90341], [77.434396, 19.859952], [77.447206, 19.83229], [77.48777, 19.801656], [77.50912, 19.762117], [77.498445, 19.715642], [77.495242, 19.677065], [77.521929, 19.646392], [77.559291, 19.629568], [77.603058, 19.65134], [77.646824, 19.668161], [77.692726, 19.690914], [77.708738, 19.664203], [77.711941, 19.618681], [77.732223, 19.602844], [77.770652, 19.598884], [77.755707, 19.549377], [77.759977, 19.49985], [77.783462, 19.458231], [77.811216, 19.42453], [77.845375, 19.414616], [77.88594, 19.42453], [77.89021, 19.446338], [77.907289, 19.485978], [77.913694, 19.535511], [77.928639, 19.571162], [77.964933, 19.583044], [77.994823, 19.573143], [78.026847, 19.543434], [78.043927, 19.46616], [78.063141, 19.444355], [78.10584, 19.404701], [78.137865, 19.388836], [78.178429, 19.414616], [78.178429, 19.440391], [78.176294, 19.476069], [78.161349, 19.505794], [78.137865, 19.537492], [78.150675, 19.583044], [78.189104, 19.569182], [78.246748, 19.543434], [78.280907, 19.56126], [78.276637, 19.594924], [78.255287, 19.630558], [78.221128, 19.652329], [78.172024, 19.656287], [78.142135, 19.680033], [78.12292, 19.713664], [78.061006, 19.68399], [78.033252, 19.69586], [77.988418, 19.729487], [77.962798, 19.765082], [77.982013, 19.806597], [78.035387, 19.826361], [78.041792, 19.873782], [78.058871, 19.909335], [78.116515, 19.933032], [78.12719, 19.91131], [78.169889, 19.873782], [78.186969, 19.897485], [78.225398, 19.942904], [78.261692, 19.97449], [78.315066, 19.978437], [78.357765, 19.97449], [78.366305, 19.938955], [78.39406, 19.90736], [78.419679, 19.933032], [78.458108, 19.956724], [78.485863, 19.942904], [78.494403, 19.89551], [78.515752, 19.854025], [78.534967, 19.838218], [78.577666, 19.861928], [78.616095, 19.893535], [78.654525, 19.913285], [78.697224, 19.921184], [78.733518, 19.909335], [78.776217, 19.859952], [78.780487, 19.808574], [78.821051, 19.800667], [78.870155, 19.816479], [78.89364, 19.850074], [78.927799, 19.854025], [78.947014, 19.838218], [78.989713, 19.800667], [79.008928, 19.761128], [79.085786, 19.723554], [79.141295, 19.689925], [79.16478, 19.721576], [79.166915, 19.769037], [79.166915, 19.808574], [79.171185, 19.86983], [79.207479, 19.901435], [79.239503, 19.883658], [79.303552, 19.840194], [79.322767, 19.80462], [79.38468, 19.816479], [79.425245, 19.848098], [79.487158, 19.883658], [79.521318, 19.859952], [79.589636, 19.806597], [79.617391, 19.771014], [79.600311, 19.71762], [79.591771, 19.654308], [79.593906, 19.616702], [79.576827, 19.56126], [79.598176, 19.507775], [79.625931, 19.464178], [79.698519, 19.456249], [79.722004, 19.491923], [79.728409, 19.547396], [79.726274, 19.620661], [79.756163, 19.652329], [79.805267, 19.640455], [79.860776, 19.596904], [79.912015, 19.573143], [79.976064, 19.608783], [80.012358, 19.600864], [80.067867, 19.565221], [80.102026, 19.517682], [80.078542, 19.452285], [80.108431, 19.414616], [80.114836, 19.353132], [80.108431, 19.30551], [80.072137, 19.275737], [80.020898, 19.265811], [79.971794, 19.238014], [79.967524, 19.174454], [79.961119, 19.124775], [79.929095, 19.067123], [79.967524, 19.011432], [80.010223, 18.959696], [80.014493, 18.907939], [80.023033, 18.796387], [80.072137, 18.752535], [80.144725, 18.690717], [80.242934, 18.694706], [80.292574, 18.660529], [80.324062, 18.638845], [80.40519, 18.574972], [80.473509, 18.515061], [80.494859, 18.407147], [80.503398, 18.359154], [80.567447, 18.33115], [80.575987, 18.303139], [80.593067, 18.263112], [80.661385, 18.211057], [80.746784, 18.166993], [80.810832, 18.114897], [80.832182, 18.070798], [80.857801, 18.022672], [80.889893, 17.977442], [80.891961, 17.974526], [80.92612, 17.926362], [80.92612, 17.83801], [80.9432, 17.797829], [80.9432, 17.725469], [80.93466, 17.665136], [80.95174, 17.63697], [81.002979, 17.616848], [81.032868, 17.612823], [81.071297, 17.653066], [81.135346, 17.669159], [81.212205, 17.673182], [81.259174, 17.628922], [81.284793, 17.564514], [81.327492, 17.528269], [81.411289, 17.493524], [81.404884, 17.471867], [81.356314, 17.446678], [81.294934, 17.42854], [81.274652, 17.385701], [81.258397, 17.358832], [81.257572, 17.35747], [81.225548, 17.35747], [81.189254, 17.327215], [81.178579, 17.282826], [81.167904, 17.248515], [81.142285, 17.234384], [81.069696, 17.230347], [80.988568, 17.228328], [80.950138, 17.220252], [80.903169, 17.163704], [80.883955, 17.109152], [80.86047, 17.068726], [80.824176, 17.056596], [80.777207, 17.066704], [80.749452, 17.107131], [80.725968, 17.159664], [80.700348, 17.236403], [80.640569, 17.234384], [80.580791, 17.200059], [80.506067, 17.183903], [80.469773, 17.165724], [80.467638, 17.109152], [80.488987, 17.062661], [80.538091, 17.012107], [80.621355, 16.963555], [80.644839, 16.921056], [80.600005, 16.880567], [80.555171, 16.833988], [80.521012, 16.836013], [80.476178, 16.876518], [80.433479, 16.933201], [80.403589, 16.99188], [80.358755, 17.066704], [80.301111, 17.103089], [80.241332, 17.082876], [80.205038, 17.044464], [80.138854, 17.034353], [80.083345, 16.967602], [80.053456, 16.917008], [80.104695, 16.864368], [80.183688, 16.825885], [80.196498, 16.779284], [80.179418, 16.7205], [80.140989, 16.669802], [80.10683, 16.633285], [80.053456, 16.639372], [79.985137, 16.681971], [79.923224, 16.686028], [79.880524, 16.702251], [79.812206, 16.740774], [79.7583, 16.705579], [79.743887, 16.696168], [79.678085, 16.680037], [79.677703, 16.679943], [79.57736, 16.661688], [79.447128, 16.631256], [79.35319, 16.586609], [79.287006, 16.531792], [79.265656, 16.464759], [79.31903, 16.381423], [79.33184, 16.300063], [79.316895, 16.251221], [79.263521, 16.236971], [79.180258, 16.27361], [79.131154, 16.253256], [79.105535, 16.214576], [79.0607, 16.198285], [78.990247, 16.206431], [78.936873, 16.181993], [78.883499, 16.139214], [78.817315, 16.110687], [78.772481, 16.104573], [78.687083, 16.108649], [78.610224, 16.1168], [78.490667, 16.131064], [78.386054, 16.126989], [78.3156, 16.076037], [78.285711, 16.014865], [78.272901, 15.965905], [78.262226, 15.923048], [78.232337, 15.904676], [78.189637, 15.902635], [78.166153, 15.880176], [78.127724, 15.878134], [78.095699, 15.900593], [78.059405, 15.943458], [77.993221, 15.963864], [77.918498, 15.990387], [77.841639, 16.008746], [77.762646, 16.020983], [77.670843, 16.029141], [77.57477, 16.016904], [77.508586, 16.002627], [77.463752, 16.010786], [77.418918, 16.03118], [77.382623, 16.067882], [77.348464, 16.094382], [77.28655, 16.102535], [77.224636, 16.063805], [77.173397, 16.039337], [77.109349, 16.014865], [77.009006, 16.014865], [76.953497, 15.996507], [76.923607, 15.943458], [76.925742, 15.855671], [76.880908, 15.804602], [76.80405, 15.78008], [76.77843, 15.771906], [76.746406, 15.708532], [76.746406, 15.618523], [76.720786, 15.565304], [76.686627, 15.540734], [76.637523, 15.52435], [76.569204, 15.520254], [76.470996, 15.505916], [76.382395, 15.45777], [76.321015, 15.403453], [76.270844, 15.349624], [76.241488, 15.339368], [76.185979, 15.348599], [76.135274, 15.329112], [76.051477, 15.284484], [75.979422, 15.302953], [75.916441, 15.298336]], [[75.916651, 18.463775], [75.890399, 18.435327], [75.844543, 18.430541], [75.794025, 18.460622], [75.752152, 18.500568], [75.728819, 18.501309], [75.685568, 18.50709], [75.666173, 18.466602], [75.641303, 18.429686], [75.607105, 18.428318], [75.558141, 18.423531], [75.535602, 18.398907], [75.534048, 18.36606], [75.571354, 18.328404], [75.576794, 18.296893], [75.569799, 18.248913], [75.581457, 18.231769], [75.609437, 18.223538], [75.617602, 18.208405], [75.633667, 18.174786], [75.634771, 18.164428], [75.654515, 18.160403], [75.686381, 18.159716], [75.740786, 18.16109], [75.774206, 18.14461], [75.773563, 18.126978], [75.77576, 18.108203], [75.764879, 18.049086], [75.781978, 18.022261], [75.820838, 18.023637], [75.85659, 18.070402], [75.914104, 18.091711], [75.955296, 18.138429], [76.002706, 18.14873], [76.028354, 18.176192], [76.026022, 18.297578], [76.023691, 18.379064], [76.04623, 18.449514], [76.036903, 18.505547], [75.975503, 18.513744], [75.93742, 18.479587], [75.916651, 18.463775]], [[75.187853, 18.761795], [75.220054, 18.709466], [75.233267, 18.659738], [75.246479, 18.654286], [75.275236, 18.648152], [75.306325, 18.625656], [75.340522, 18.614064], [75.392871, 18.601596], [75.439811, 18.594967], [75.482557, 18.621224], [75.517228, 18.65872], [75.540368, 18.671169], [75.553962, 18.693107], [75.541604, 18.738124], [75.516889, 18.76005], [75.477346, 18.756588], [75.455102, 18.757742], [75.43533, 18.780818], [75.448924, 18.807349], [75.460045, 18.829262], [75.437802, 18.852324], [75.380958, 18.856936], [75.319171, 18.869618], [75.291985, 18.850018], [75.269741, 18.814269], [75.233905, 18.810809], [75.196833, 18.798121], [75.187853, 18.761795]], [[79.937133, 16.942401], [80.000156, 16.989247], [80.024871, 17.067673], [80.029814, 17.132014], [79.979148, 17.182293], [79.933426, 17.227876], [79.903768, 17.179955], [79.871639, 17.139031], [79.828388, 17.103942], [79.809852, 17.074694], [79.827152, 17.030222], [79.866696, 16.985734], [79.895118, 16.965826], [79.937133, 16.942401]], [[79.98162, 16.791785], [79.987181, 16.821689], [79.964319, 16.858618], [79.930336, 16.883232], [79.8945, 16.89085], [79.860517, 16.87034], [79.849395, 16.840448], [79.879671, 16.816998], [79.917979, 16.79413], [79.943312, 16.776536], [79.98162, 16.791785]]]}}, {"type": "Feature", "properties": {"POLY_ID": 25, "STATE_NAME": "Assam", "NATIVE": 1}, "geometry": {"type": "MultiPolygon", "coordinates": [[[[94.676377, 25.252394], [94.667179, 25.220396], [94.657497, 25.161963], [94.681703, 25.129297], [94.72721, 25.113822], [94.77078, 25.100924], [94.80951, 25.072544], [94.82016, 25.032114], [94.82016, 24.977901], [94.810478, 24.951217], [94.794986, 24.913333], [94.782399, 24.888358], [94.756257, 24.849595], [94.726241, 24.811682], [94.703004, 24.772034], [94.70494, 24.754792], [94.702036, 24.705639], [94.682671, 24.683213], [94.650719, 24.665959], [94.629902, 24.636623], [94.62022, 24.597785], [94.592141, 24.557209], [94.566967, 24.529576], [94.544697, 24.490706], [94.510809, 24.45701], [94.461429, 24.395643], [94.459493, 24.374029], [94.447874, 24.344627], [94.443033, 24.319543], [94.432382, 24.294455], [94.396557, 24.23734], [94.37332, 24.200981], [94.368479, 24.17154], [94.360733, 24.142093], [94.345241, 24.097909], [94.339432, 24.065845], [94.329749, 24.036373], [94.313289, 24.025103], [94.283274, 23.995622], [94.27456, 23.968737], [94.261973, 23.941846], [94.249386, 23.915818], [94.234862, 23.882841], [94.21937, 23.842041], [94.200974, 23.810782], [94.172895, 23.801229], [94.145785, 23.82294], [94.116738, 23.842041], [94.076072, 23.854196], [94.02766, 23.868953], [93.99474, 23.877633], [93.96182, 23.885444], [93.930836, 23.884576], [93.878552, 23.870689], [93.8466, 23.875029], [93.815616, 23.882841], [93.787538, 23.901066], [93.769141, 23.918421], [93.743967, 23.935773], [93.704269, 23.942714], [93.651985, 23.947919], [93.644239, 23.944449], [93.634556, 23.933171], [93.620033, 23.920156], [93.598732, 23.911479], [93.569685, 23.904537], [93.545479, 23.914082], [93.519337, 23.917553], [93.497067, 23.935773], [93.475766, 23.952256], [93.472861, 23.968737], [93.464147, 23.990419], [93.45156, 24.011231], [93.440909, 24.041575], [93.41864, 24.057177], [93.398307, 24.069312], [93.377974, 24.062378], [93.364419, 24.045909], [93.348927, 24.027704], [93.332467, 24.009713], [93.324721, 24.013182], [93.299547, 24.013182], [93.272437, 24.014916], [93.249199, 24.01665], [93.224025, 24.021852], [93.194978, 24.02532], [93.169804, 24.032255], [93.127201, 24.027054], [93.082663, 24.007979], [93.061361, 23.99237], [93.043933, 23.988902], [93.022632, 23.988902], [93.009077, 23.997574], [92.976157, 24.014916], [92.968411, 24.023586], [92.950983, 24.033989], [92.9413, 24.047859], [92.925808, 24.082528], [92.916126, 24.124118], [92.912253, 24.141443], [92.910317, 24.158766], [92.906444, 24.181283], [92.910317, 24.236691], [92.910317, 24.269579], [92.910317, 24.295537], [92.912253, 24.312839], [92.925808, 24.32495], [92.943237, 24.352626], [92.939364, 24.385485], [92.933554, 24.414878], [92.949046, 24.537564], [92.964538, 24.551381], [92.983903, 24.560015], [92.999394, 24.563469], [93.01295, 24.577283], [93.016823, 24.594548], [93.024568, 24.639427], [93.030378, 24.649782], [93.057488, 24.670489], [93.074917, 24.687742], [93.090408, 24.704993], [93.109773, 24.76018], [93.123328, 24.829132], [93.129138, 24.842918], [93.13882, 24.854979], [93.162058, 24.863594], [93.175613, 24.880822], [93.175613, 24.908381], [93.187232, 24.937657], [93.198851, 24.944545], [93.222088, 24.954875], [93.239517, 24.963484], [93.255008, 24.984141], [93.278246, 25.027167], [93.294706, 25.0805], [93.310198, 25.09082], [93.335372, 25.101139], [93.364419, 25.097699], [93.377974, 25.08394], [93.389593, 25.071899], [93.410894, 25.071899], [93.436068, 25.08222], [93.480607, 25.0891], [93.505781, 25.0891], [93.534828, 25.097699], [93.571621, 25.116616], [93.589049, 25.132091], [93.600668, 25.147565], [93.620033, 25.171632], [93.643271, 25.214597], [93.658762, 25.262701], [93.658762, 25.331391], [93.671349, 25.345125], [93.677159, 25.348558], [93.696524, 25.350274], [93.737189, 25.377737], [93.746872, 25.386317], [93.783665, 25.418919], [93.804966, 25.417204], [93.843695, 25.413772], [93.892107, 25.417204], [93.915345, 25.420635], [93.932773, 25.424066], [93.948265, 25.441221], [93.967629, 25.47038], [93.979248, 25.487529], [93.992803, 25.499532], [94.012168, 25.497817], [94.035406, 25.492673], [94.056707, 25.480669], [94.083818, 25.466949], [94.107055, 25.454944], [94.124483, 25.448083], [94.143848, 25.448083], [94.170959, 25.453228], [94.200006, 25.466949], [94.21937, 25.478954], [94.232926, 25.485814], [94.254227, 25.496102], [94.269719, 25.501246], [94.283274, 25.513248], [94.28521, 25.526963], [94.287147, 25.537248], [94.308448, 25.55953], [94.335559, 25.566386], [94.352987, 25.574954], [94.372352, 25.610936], [94.401399, 25.636632], [94.444001, 25.631493], [94.471112, 25.609223], [94.484667, 25.583522], [94.486603, 25.550961], [94.500159, 25.499532], [94.519523, 25.472095], [94.531142, 25.429213], [94.55438, 25.384601], [94.585363, 25.339975], [94.631839, 25.300485], [94.660886, 25.273007], [94.676377, 25.252394]]], [[[90.902609, 25.129263], [90.908007, 25.15788], [90.882833, 25.192256], [90.851849, 25.209441], [90.832484, 25.207723], [90.811183, 25.193975], [90.791819, 25.183663], [90.768581, 25.185382], [90.755026, 25.197412], [90.751153, 25.21116], [90.758899, 25.240369], [90.778263, 25.252394], [90.784073, 25.262701], [90.789882, 25.269571], [90.766644, 25.290181], [90.758899, 25.291898], [90.733724, 25.286746], [90.712423, 25.288464], [90.693059, 25.298767], [90.685313, 25.303919], [90.679503, 25.315939], [90.679503, 25.331391], [90.677567, 25.343408], [90.694995, 25.36229], [90.700804, 25.377737], [90.694995, 25.396614], [90.683376, 25.406909], [90.67563, 25.417204], [90.662075, 25.432644], [90.650456, 25.442937], [90.644647, 25.454944], [90.644647, 25.47038], [90.656266, 25.482384], [90.673694, 25.496102], [90.689186, 25.509819], [90.700804, 25.537248], [90.700804, 25.554389], [90.700804, 25.573241], [90.706614, 25.586949], [90.718233, 25.595517], [90.733724, 25.60751], [90.749216, 25.616076], [90.772454, 25.622928], [90.784073, 25.62978], [90.80731, 25.65376], [90.816993, 25.672598], [90.818929, 25.693145], [90.826675, 25.729095], [90.826675, 25.790702], [90.836357, 25.811231], [90.84604, 25.821495], [90.875087, 25.840309], [90.898324, 25.85399], [90.915753, 25.857411], [90.942863, 25.860831], [90.966101, 25.855701], [90.985466, 25.831757], [91.000957, 25.814652], [91.022258, 25.780436], [91.049369, 25.768458], [91.068734, 25.766747], [91.082289, 25.780436], [91.090035, 25.792413], [91.101654, 25.811231], [91.1094, 25.821495], [91.126828, 25.838599], [91.155875, 25.84886], [91.188795, 25.84886], [91.212033, 25.84886], [91.239143, 25.84886], [91.260444, 25.85228], [91.285618, 25.862541], [91.299174, 25.87451], [91.30111, 25.886478], [91.303047, 25.898445], [91.304983, 25.910412], [91.308856, 25.925795], [91.330157, 25.937759], [91.347585, 25.929213], [91.376632, 25.910412], [91.397934, 25.896736], [91.415362, 25.896736], [91.457964, 25.896736], [91.475392, 25.901864], [91.483138, 25.908702], [91.496694, 25.920667], [91.533487, 25.944595], [91.552851, 25.95143], [91.591581, 25.9651], [91.624501, 25.973644], [91.641929, 25.963392], [91.694214, 25.946304], [91.746498, 25.937759], [91.800719, 25.927504], [91.833639, 25.922377], [91.901416, 25.912121], [91.934336, 25.912121], [91.998239, 25.912121], [92.031159, 25.91554], [92.052461, 25.922377], [92.075698, 25.932632], [92.095063, 25.93605], [92.12411, 25.948013], [92.149284, 25.961683], [92.174458, 25.970226], [92.18995, 25.956557], [92.218997, 25.932632], [92.234489, 25.903574], [92.234489, 25.884769], [92.220933, 25.84886], [92.211251, 25.833468], [92.195759, 25.819784], [92.178331, 25.80781], [92.162839, 25.792413], [92.160903, 25.77017], [92.162839, 25.746211], [92.158966, 25.722248], [92.178331, 25.677735], [92.186077, 25.664035], [92.197696, 25.628067], [92.207378, 25.574954], [92.211251, 25.552675], [92.197696, 25.518391], [92.172522, 25.509819], [92.122173, 25.494388], [92.108618, 25.477239], [92.09119, 25.460089], [92.083444, 25.451513], [92.083444, 25.406909], [92.087317, 25.348558], [92.104745, 25.324523], [92.102809, 25.257548], [92.083444, 25.233497], [92.054397, 25.204286], [92.035032, 25.180226], [92.029461, 25.162667], [92.009858, 25.163037], [91.878178, 25.159599], [91.812338, 25.149284], [91.709705, 25.126933], [91.665167, 25.121775], [91.624501, 25.125214], [91.508312, 25.140688], [91.456028, 25.144127], [91.351458, 25.164756], [91.287555, 25.163037], [91.171367, 25.168194], [91.066797, 25.15788], [90.997084, 25.145846], [90.950609, 25.13553], [90.902609, 25.129263]]]]}}, {"type": "Feature", "properties": {"POLY_ID": 24, "STATE_NAME": "Assam", "NATIVE": 0}, "geometry": {"type": "Polygon", "coordinates": [[[92.300874, 23.704991], [92.29791, 23.735741], [92.304127, 23.785895], [92.304127, 23.867299], [92.287029, 23.913585], [92.235733, 23.991058], [92.209308, 24.045973], [92.198427, 24.146926], [92.134695, 24.197956], [92.077182, 24.247696], [92.04143, 24.278761], [92.02744, 24.317256], [92.029928, 24.355982], [92.041326, 24.355653], [92.101356, 24.352194], [92.128467, 24.379865], [92.155093, 24.407962], [92.143475, 24.456362], [92.153157, 24.484011], [92.182204, 24.499561], [92.211251, 24.516836], [92.230616, 24.551381], [92.236425, 24.611811], [92.238362, 24.644605], [92.265472, 24.742936], [92.251917, 24.798108], [92.242235, 24.820515], [92.240298, 24.848087], [92.24998, 24.870485], [92.298392, 24.870485], [92.342931, 24.851533], [92.385533, 24.842918], [92.432009, 24.834302], [92.468802, 24.841194], [92.470738, 24.860148], [92.466865, 24.891157], [92.461056, 24.916993], [92.435882, 24.961762], [92.393279, 24.991026], [92.342931, 25.022005], [92.28871, 25.058137], [92.220933, 25.095979], [92.18414, 25.121775], [92.100872, 25.161318], [92.029461, 25.162667], [92.035032, 25.180226], [92.054397, 25.204286], [92.083444, 25.233497], [92.102809, 25.257548], [92.104745, 25.324523], [92.087317, 25.348558], [92.083444, 25.406909], [92.083444, 25.451513], [92.09119, 25.460089], [92.108618, 25.477239], [92.122173, 25.494388], [92.172522, 25.509819], [92.197696, 25.518391], [92.211251, 25.552675], [92.207378, 25.574954], [92.197696, 25.628067], [92.186077, 25.664035], [92.178331, 25.677735], [92.158966, 25.722248], [92.162839, 25.746211], [92.160903, 25.77017], [92.162839, 25.792413], [92.178331, 25.80781], [92.195759, 25.819784], [92.211251, 25.833468], [92.220933, 25.84886], [92.234489, 25.884769], [92.234489, 25.903574], [92.218997, 25.932632], [92.18995, 25.956557], [92.174458, 25.970226], [92.149284, 25.961683], [92.12411, 25.948013], [92.095063, 25.93605], [92.075698, 25.932632], [92.052461, 25.922377], [92.031159, 25.91554], [91.998239, 25.912121], [91.934336, 25.912121], [91.901416, 25.912121], [91.833639, 25.922377], [91.800719, 25.927504], [91.746498, 25.937759], [91.694214, 25.946304], [91.641929, 25.963392], [91.624501, 25.973644], [91.591581, 25.9651], [91.552851, 25.95143], [91.533487, 25.944595], [91.496694, 25.920667], [91.483138, 25.908702], [91.475392, 25.901864], [91.457964, 25.896736], [91.415362, 25.896736], [91.397934, 25.896736], [91.376632, 25.910412], [91.347585, 25.929213], [91.330157, 25.937759], [91.308856, 25.925795], [91.304983, 25.910412], [91.303047, 25.898445], [91.30111, 25.886478], [91.299174, 25.87451], [91.285618, 25.862541], [91.260444, 25.85228], [91.239143, 25.84886], [91.212033, 25.84886], [91.188795, 25.84886], [91.155875, 25.84886], [91.126828, 25.838599], [91.1094, 25.821495], [91.101654, 25.811231], [91.090035, 25.792413], [91.082289, 25.780436], [91.068734, 25.766747], [91.049369, 25.768458], [91.022258, 25.780436], [91.000957, 25.814652], [90.985466, 25.831757], [90.966101, 25.855701], [90.942863, 25.860831], [90.915753, 25.857411], [90.898324, 25.85399], [90.875087, 25.840309], [90.84604, 25.821495], [90.836357, 25.811231], [90.826675, 25.790702], [90.826675, 25.729095], [90.818929, 25.693145], [90.816993, 25.672598], [90.80731, 25.65376], [90.784073, 25.62978], [90.772454, 25.622928], [90.749216, 25.616076], [90.733724, 25.60751], [90.718233, 25.595517], [90.706614, 25.586949], [90.700804, 25.573241], [90.700804, 25.554389], [90.700804, 25.537248], [90.689186, 25.509819], [90.673694, 25.496102], [90.656266, 25.482384], [90.644647, 25.47038], [90.644647, 25.454944], [90.650456, 25.442937], [90.662075, 25.432644], [90.67563, 25.417204], [90.683376, 25.406909], [90.694995, 25.396614], [90.700804, 25.377737], [90.694995, 25.36229], [90.677567, 25.343408], [90.679503, 25.331391], [90.679503, 25.315939], [90.685313, 25.303919], [90.693059, 25.298767], [90.712423, 25.288464], [90.733724, 25.286746], [90.758899, 25.291898], [90.766644, 25.290181], [90.789882, 25.269571], [90.784073, 25.262701], [90.778263, 25.252394], [90.758899, 25.240369], [90.751153, 25.21116], [90.755026, 25.197412], [90.768581, 25.185382], [90.791819, 25.183663], [90.811183, 25.193975], [90.832484, 25.207723], [90.851849, 25.209441], [90.882833, 25.192256], [90.908007, 25.15788], [90.902609, 25.129263], [90.884769, 25.126933], [90.805374, 25.126933], [90.762771, 25.126933], [90.716296, 25.130372], [90.654329, 25.13553], [90.600108, 25.142407], [90.551696, 25.140688], [90.505221, 25.132091], [90.472301, 25.121775], [90.431635, 25.113177], [90.340621, 25.109738], [90.311574, 25.118336], [90.268972, 25.13725], [90.22056, 25.159599], [90.112118, 25.185382], [90.073388, 25.206005], [89.993993, 25.230061], [89.933962, 25.235215], [89.868122, 25.238651], [89.817774, 25.243805], [89.80906, 25.412056], [89.820679, 25.501246], [89.818742, 25.580095], [89.814869, 25.67431], [89.791632, 25.727384], [89.778077, 25.777014], [89.785822, 25.812942], [89.80906, 25.84886], [89.836171, 25.883059], [89.820679, 25.942886], [89.805187, 25.985603], [89.778077, 26.035138], [89.754839, 26.072704], [89.725792, 26.111966], [89.692872, 26.151217], [89.659952, 26.193868], [89.619286, 26.200691], [89.590723, 26.196001], [89.597501, 26.231816], [89.589755, 26.27018], [89.590723, 26.290636], [89.600405, 26.323019], [89.600405, 26.334947], [89.600405, 26.343467], [89.602342, 26.360505], [89.612024, 26.370726], [89.621707, 26.401386], [89.635262, 26.415011], [89.641071, 26.430337], [89.658499, 26.455876], [89.654627, 26.483113], [89.65269, 26.503537], [89.660436, 26.547778], [89.644944, 26.590305], [89.644944, 26.607311], [89.638167, 26.660019], [89.692872, 26.667243], [89.760648, 26.670643], [89.950422, 26.660444], [90.062738, 26.665543], [90.120832, 26.68424], [90.140196, 26.701235], [90.155688, 26.723326], [90.173116, 26.742015], [90.207973, 26.760701], [90.219592, 26.765797], [90.258321, 26.781083], [90.285432, 26.791273], [90.312542, 26.798066], [90.353208, 26.808255], [90.388065, 26.818443], [90.420985, 26.823537], [90.448095, 26.811651], [90.46746, 26.796368], [90.492634, 26.781083], [90.513935, 26.764098], [90.554601, 26.742015], [90.587521, 26.728423], [90.614632, 26.721626], [90.69209, 26.709732], [90.72501, 26.709732], [90.755994, 26.709732], [90.833453, 26.718228], [90.874119, 26.725025], [90.972878, 26.728423], [91.023227, 26.730122], [91.061956, 26.730122], [91.180081, 26.728423], [91.213001, 26.721626], [91.255603, 26.716529], [91.302078, 26.716529], [91.338871, 26.725025], [91.362109, 26.738617], [91.398902, 26.743713], [91.478297, 26.74881], [91.507344, 26.74881], [91.578994, 26.752207], [91.615787, 26.743713], [91.644834, 26.736918], [91.687436, 26.731821], [91.724229, 26.735219], [91.753276, 26.738617], [91.772641, 26.750509], [91.795878, 26.760701], [91.821052, 26.772591], [91.850099, 26.78448], [91.886892, 26.798066], [91.902384, 26.799764], [91.95951, 26.803161], [92.005985, 26.789575], [92.062143, 26.79467], [92.104745, 26.804859], [92.139602, 26.818443], [92.149284, 26.82863], [92.162839, 26.843909], [92.168649, 26.872766], [92.172522, 26.90501], [92.153157, 26.942335], [92.108618, 26.967779], [92.079571, 26.996609], [92.069889, 27.040691], [92.073762, 27.100009], [92.073762, 27.155914], [92.102809, 27.171157], [92.12411, 27.191478], [92.135729, 27.20841], [92.155093, 27.220261], [92.15703, 27.227033], [92.139602, 27.242268], [92.126046, 27.254116], [92.1183, 27.262578], [92.110555, 27.277809], [92.108618, 27.306574], [92.104745, 27.326876], [92.100872, 27.353939], [92.069889, 27.389452], [91.982748, 27.413122], [91.92659, 27.426646], [91.849131, 27.426646], [91.771672, 27.424956], [91.72907, 27.423265], [91.672912, 27.428337], [91.606104, 27.44693], [91.555756, 27.494246], [91.524772, 27.529723], [91.51509, 27.585454], [91.530582, 27.624283], [91.54801, 27.659727], [91.592549, 27.693474], [91.596422, 27.715405], [91.573184, 27.737333], [91.559629, 27.750826], [91.553819, 27.764317], [91.559629, 27.787923], [91.600295, 27.804782], [91.631278, 27.806468], [91.664198, 27.789609], [91.704864, 27.766003], [91.728102, 27.759258], [91.790069, 27.760944], [91.807497, 27.757571], [91.819116, 27.74408], [91.832671, 27.725526], [91.850099, 27.688412], [91.865591, 27.674914], [91.884956, 27.664789], [91.912066, 27.669852], [91.935304, 27.679976], [91.972097, 27.700223], [91.989525, 27.706971], [92.012763, 27.720466], [92.036001, 27.735647], [92.131856, 27.786237], [92.203505, 27.814896], [92.271282, 27.835123], [92.306138, 27.808153], [92.337122, 27.767689], [92.389406, 27.779492], [92.441691, 27.794667], [92.468802, 27.808153], [92.493976, 27.816582], [92.538514, 27.816582], [92.571434, 27.826696], [92.600482, 27.841865], [92.623719, 27.857032], [92.641147, 27.875568], [92.676004, 27.910947], [92.697305, 27.922738], [92.726352, 27.949686], [92.70021, 27.978312], [92.686654, 28.022081], [92.678909, 28.070885], [92.707956, 28.106215], [92.754431, 28.138172], [92.802843, 28.154989], [92.857064, 28.153307], [92.895793, 28.165078], [92.913221, 28.178529], [92.944205, 28.200384], [92.969379, 28.203746], [93.000363, 28.207108], [93.0236, 28.215513], [93.044901, 28.23064], [93.060393, 28.250806], [93.072012, 28.265929], [93.114614, 28.27097], [93.151407, 28.277691], [93.197883, 28.282731], [93.215311, 28.286091], [93.236612, 28.30289], [93.252104, 28.319687], [93.242421, 28.373424], [93.248231, 28.410357], [93.255977, 28.428819], [93.275341, 28.443923], [93.294706, 28.452314], [93.312134, 28.460704], [93.329562, 28.48587], [93.331499, 28.499291], [93.331499, 28.52445], [93.339245, 28.549606], [93.354737, 28.566373], [93.374101, 28.581463], [93.399275, 28.593197], [93.459306, 28.613312], [93.486417, 28.625045], [93.521273, 28.631748], [93.552257, 28.633424], [93.596795, 28.640128], [93.629715, 28.640128], [93.670381, 28.641803], [93.709111, 28.641803], [93.745904, 28.641803], [93.773014, 28.641803], [93.821426, 28.638452], [93.854346, 28.638452], [93.875647, 28.641803], [93.927932, 28.646831], [93.960852, 28.645155], [94.017009, 28.646831], [94.028628, 28.660236], [94.040247, 28.67364], [94.051866, 28.688717], [94.059612, 28.702118], [94.052834, 28.738965], [94.062516, 28.784173], [94.103182, 28.83104], [94.147721, 28.879564], [94.198069, 28.933089], [94.265846, 29.004982], [94.343305, 29.071826], [94.430446, 29.13029], [94.48854, 29.158678], [94.555348, 29.155338], [94.617315, 29.173704], [94.63668, 29.202083], [94.654108, 29.24047], [94.66379, 29.260494], [94.688964, 29.278846], [94.714139, 29.280514], [94.731567, 29.280514], [94.764487, 29.277178], [94.781915, 29.270504], [94.789661, 29.257157], [94.80128, 29.24047], [94.812898, 29.202083], [94.826454, 29.173704], [94.832263, 29.14031], [94.851628, 29.105237], [94.872929, 29.101896], [94.888421, 29.101896], [94.903913, 29.101896], [94.92715, 29.105237], [94.96588, 29.103567], [94.975562, 29.098556], [94.994927, 29.076839], [95.022037, 29.08185], [95.039465, 29.086862], [95.05883, 29.091874], [95.080131, 29.093544], [95.12467, 29.093544], [95.140162, 29.091874], [95.1634, 29.083521], [95.186637, 29.073497], [95.206002, 29.061802], [95.231176, 29.051776], [95.271842, 29.045092], [95.310571, 29.030052], [95.337682, 29.018353], [95.364792, 29.013339], [95.397712, 29.001639], [95.426759, 28.998296], [95.449997, 28.999967], [95.463552, 29.013339], [95.475171, 29.030052], [95.484854, 29.045092], [95.500345, 29.066814], [95.527456, 29.090203], [95.539075, 29.103567], [95.556503, 29.12528], [95.566185, 29.14198], [95.581677, 29.158678], [95.604915, 29.175374], [95.61847, 29.18539], [95.635898, 29.200414], [95.655263, 29.215436], [95.672691, 29.22545], [95.701738, 29.248813], [95.723039, 29.258825], [95.738531, 29.272173], [95.785006, 29.305537], [95.802435, 29.315544], [95.833418, 29.327219], [95.897322, 29.337225], [95.934115, 29.34056], [95.965098, 29.343896], [96.0077, 29.353901], [96.044493, 29.362237], [96.077413, 29.373908], [96.102587, 29.385578], [96.150999, 29.387245], [96.176173, 29.365572], [96.189729, 29.345563], [96.20522, 29.303869], [96.228458, 29.237132], [96.253632, 29.193737], [96.274933, 29.177043], [96.298171, 29.173704], [96.325282, 29.18539], [96.356265, 29.197076], [96.389185, 29.203753], [96.427914, 29.18706], [96.433724, 29.173704], [96.422105, 29.13697], [96.40274, 29.120269], [96.350456, 29.098556], [96.290425, 29.05846], [96.253632, 29.04175], [96.224585, 29.02671], [96.203284, 28.986594], [96.197475, 28.877891], [96.242013, 28.906329], [96.30398, 28.9264], [96.338837, 28.938106], [96.367884, 28.943123], [96.396931, 28.9565], [96.437597, 28.974892], [96.466644, 28.986594], [96.484072, 28.998296], [96.520865, 29.003311], [96.528611, 28.996624], [96.528611, 28.978236], [96.522801, 28.916365], [96.53442, 28.89462], [96.565404, 28.847774], [96.60026, 28.790869], [96.625434, 28.697093], [96.565404, 28.60996], [96.50731, 28.566373], [96.439533, 28.532836], [96.377566, 28.495936], [96.317536, 28.45567], [96.261378, 28.418749], [96.226522, 28.383498], [96.232331, 28.354954], [96.296234, 28.339841], [96.348519, 28.309609], [96.412423, 28.307929], [96.470517, 28.314648], [96.553785, 28.353275], [96.635117, 28.373424], [96.706766, 28.390213], [96.772606, 28.376782], [96.817145, 28.34152], [96.842319, 28.30625], [96.853938, 28.29953], [96.923651, 28.312969], [96.993364, 28.294491], [97.06695, 28.27265], [97.117298, 28.276011], [97.181201, 28.276011], [97.260597, 28.23232], [97.316754, 28.190298], [97.382594, 28.151626], [97.400497, 28.151626], [97.446498, 28.151626], [97.407768, 28.082662], [97.401959, 28.030497], [97.409705, 28.001882], [97.458116, 27.979995], [97.479418, 27.968209], [97.444561, 27.912632], [97.431006, 27.885677], [97.434879, 27.841865], [97.446498, 27.818268], [97.411641, 27.791295], [97.369039, 27.791295], [97.322564, 27.794667], [97.276088, 27.760944], [97.243168, 27.725526], [97.200566, 27.693474], [97.157964, 27.651289], [97.121171, 27.602338], [97.041775, 27.592208], [97.00111, 27.566879], [96.948825, 27.560124], [96.915905, 27.524655], [96.910095, 27.47228], [96.93527, 27.411432], [96.966253, 27.364087], [96.985618, 27.318417], [97.035966, 27.252423], [97.103742, 27.166076], [97.154091, 27.086453], [97.169582, 27.035605], [97.146345, 27.000001], [97.072759, 27.013565], [96.9953, 27.047471], [96.915905, 27.081369], [96.86362, 27.125423], [96.857811, 27.181318], [96.850065, 27.223647], [96.80359, 27.265963], [96.733877, 27.284578], [96.664164, 27.279501], [96.623498, 27.269348], [96.580896, 27.309958], [96.536357, 27.384379], [96.491818, 27.44862], [96.437597, 27.511141], [96.371757, 27.53479], [96.251696, 27.556747], [96.195538, 27.566879], [96.152936, 27.548302], [96.114206, 27.526345], [96.077413, 27.511141], [96.017383, 27.482419], [95.968971, 27.45876], [95.912813, 27.44862], [95.870211, 27.44862], [95.835355, 27.47228], [95.800498, 27.497625], [95.769515, 27.519588], [95.730785, 27.544925], [95.735626, 27.492557], [95.749182, 27.440169], [95.749182, 27.397906], [95.749182, 27.352248], [95.741436, 27.321801], [95.718198, 27.301499], [95.70077, 27.276117], [95.665914, 27.240575], [95.642676, 27.221954], [95.617502, 27.205024], [95.592328, 27.189784], [95.565217, 27.184704], [95.538106, 27.183011], [95.493568, 27.177931], [95.447092, 27.17285], [95.398681, 27.167769], [95.354142, 27.157607], [95.325095, 27.149139], [95.276683, 27.130505], [95.249572, 27.111869], [95.230208, 27.094925], [95.21278, 27.079674], [95.189542, 27.072895], [95.129511, 27.057641], [95.115956, 27.049166], [95.083036, 27.035605], [95.053989, 27.013565], [95.023005, 26.989826], [94.995895, 26.966083], [94.984276, 26.947425], [94.962975, 26.921977], [94.939737, 26.899919], [94.912627, 26.886343], [94.893262, 26.879555], [94.862278, 26.869371], [94.835168, 26.85749], [94.813867, 26.838816], [94.806121, 26.830328], [94.813867, 26.808255], [94.815803, 26.764098], [94.809994, 26.745412], [94.800311, 26.723326], [94.782883, 26.68594], [94.771264, 26.663843], [94.742217, 26.616239], [94.726726, 26.604335], [94.701551, 26.578824], [94.674441, 26.558411], [94.649267, 26.541398], [94.627966, 26.532891], [94.598919, 26.522682], [94.562126, 26.512472], [94.527269, 26.503963], [94.519523, 26.475028], [94.511777, 26.461409], [94.492413, 26.446087], [94.440128, 26.396703], [94.426573, 26.386483], [94.407208, 26.362634], [94.403335, 26.349004], [94.414954, 26.328557], [94.426573, 26.311515], [94.438192, 26.294471], [94.442064, 26.275721], [94.445937, 26.248442], [94.442064, 26.229685], [94.424636, 26.204103], [94.399462, 26.178515], [94.378161, 26.15463], [94.35686, 26.134153], [94.337495, 26.1205], [94.310385, 26.106846], [94.292956, 26.096604], [94.277465, 26.082947], [94.269719, 26.069289], [94.261973, 26.03343], [94.25229, 26.004394], [94.25229, 25.975352], [94.260036, 25.946304], [94.269719, 25.925795], [94.287147, 25.889898], [94.300702, 25.8728], [94.312321, 25.860831], [94.331686, 25.821495], [94.345241, 25.792413], [94.370415, 25.778725], [94.387843, 25.775303], [94.405272, 25.775303], [94.428509, 25.777014], [94.444001, 25.777014], [94.471112, 25.758191], [94.48273, 25.746211], [94.500159, 25.730807], [94.519523, 25.725672], [94.546634, 25.722248], [94.58149, 25.715401], [94.627966, 25.711977], [94.657013, 25.713689], [94.695742, 25.725672], [94.720916, 25.73423], [94.771264, 25.747923], [94.780947, 25.739365], [94.788693, 25.729095], [94.794502, 25.713689], [94.798375, 25.689721], [94.800311, 25.670885], [94.804184, 25.652047], [94.798375, 25.59723], [94.813867, 25.571527], [94.823549, 25.552675], [94.839041, 25.538962], [94.852596, 25.525249], [94.881643, 25.511534], [94.895198, 25.502961], [94.904881, 25.485814], [94.906817, 25.446367], [94.885516, 25.424066], [94.842914, 25.405193], [94.804184, 25.391466], [94.771264, 25.374304], [94.724789, 25.32624], [94.709297, 25.290181], [94.676377, 25.252394], [94.660886, 25.273007], [94.631839, 25.300485], [94.585363, 25.339975], [94.55438, 25.384601], [94.531142, 25.429213], [94.519523, 25.472095], [94.500159, 25.499532], [94.486603, 25.550961], [94.484667, 25.583522], [94.471112, 25.609223], [94.444001, 25.631493], [94.401399, 25.636632], [94.372352, 25.610936], [94.352987, 25.574954], [94.335559, 25.566386], [94.308448, 25.55953], [94.287147, 25.537248], [94.28521, 25.526963], [94.283274, 25.513248], [94.269719, 25.501246], [94.254227, 25.496102], [94.232926, 25.485814], [94.21937, 25.478954], [94.200006, 25.466949], [94.170959, 25.453228], [94.143848, 25.448083], [94.124483, 25.448083], [94.107055, 25.454944], [94.083818, 25.466949], [94.056707, 25.480669], [94.035406, 25.492673], [94.012168, 25.497817], [93.992803, 25.499532], [93.979248, 25.487529], [93.967629, 25.47038], [93.948265, 25.441221], [93.932773, 25.424066], [93.915345, 25.420635], [93.892107, 25.417204], [93.843695, 25.413772], [93.804966, 25.417204], [93.783665, 25.418919], [93.746872, 25.386317], [93.737189, 25.377737], [93.696524, 25.350274], [93.677159, 25.348558], [93.671349, 25.345125], [93.658762, 25.331391], [93.658762, 25.262701], [93.643271, 25.214597], [93.620033, 25.171632], [93.600668, 25.147565], [93.589049, 25.132091], [93.571621, 25.116616], [93.534828, 25.097699], [93.505781, 25.0891], [93.480607, 25.0891], [93.436068, 25.08222], [93.410894, 25.071899], [93.389593, 25.071899], [93.377974, 25.08394], [93.364419, 25.097699], [93.335372, 25.101139], [93.310198, 25.09082], [93.294706, 25.0805], [93.278246, 25.027167], [93.255008, 24.984141], [93.239517, 24.963484], [93.222088, 24.954875], [93.198851, 24.944545], [93.187232, 24.937657], [93.175613, 24.908381], [93.175613, 24.880822], [93.162058, 24.863594], [93.13882, 24.854979], [93.129138, 24.842918], [93.123328, 24.829132], [93.109773, 24.76018], [93.090408, 24.704993], [93.074917, 24.687742], [93.057488, 24.670489], [93.030378, 24.649782], [93.024568, 24.639427], [93.016823, 24.594548], [93.01295, 24.577283], [92.999394, 24.563469], [92.983903, 24.560015], [92.964538, 24.551381], [92.949046, 24.537564], [92.933554, 24.414878], [92.939364, 24.385485], [92.943237, 24.352626], [92.925808, 24.32495], [92.912253, 24.312839], [92.910317, 24.295537], [92.910317, 24.269579], [92.910317, 24.236691], [92.906444, 24.181283], [92.910317, 24.158766], [92.912253, 24.141443], [92.916126, 24.124118], [92.925808, 24.082528], [92.9413, 24.047859], [92.950983, 24.033989], [92.968411, 24.023586], [92.976157, 24.014916], [93.009077, 23.997574], [93.022632, 23.988902], [93.043933, 23.988902], [93.061361, 23.99237], [93.082663, 24.007979], [93.127201, 24.027054], [93.169804, 24.032255], [93.194978, 24.02532], [93.224025, 24.021852], [93.249199, 24.01665], [93.272437, 24.014916], [93.299547, 24.013182], [93.324721, 24.013182], [93.332467, 24.009713], [93.340213, 24.006245], [93.347959, 23.971556], [93.388625, 23.905622], [93.411862, 23.860489], [93.421545, 23.817078], [93.431227, 23.794499], [93.4351, 23.76844], [93.438973, 23.738901], [93.444782, 23.705879], [93.469957, 23.650244], [93.469957, 23.606762], [93.462211, 23.549344], [93.460274, 23.523236], [93.452528, 23.490159], [93.444782, 23.450106], [93.442846, 23.394361], [93.437037, 23.354279], [93.433164, 23.322902], [93.421545, 23.281053], [93.40799, 23.213021], [93.40218, 23.162409], [93.390561, 23.127493], [93.382815, 23.097807], [93.34215, 23.080341], [93.322785, 23.080341], [93.289865, 23.090821], [93.268564, 23.103046], [93.224025, 23.104792], [93.198851, 23.099553], [93.175613, 23.089074], [93.140757, 23.059379], [93.148503, 22.994725], [93.150439, 22.921294], [93.160121, 22.895059], [93.167867, 22.826821], [93.160121, 22.804067], [93.163994, 22.772555], [93.175613, 22.677972], [93.173677, 22.637665], [93.173677, 22.604359], [93.185295, 22.504388], [93.193041, 22.485086], [93.220152, 22.435941], [93.231771, 22.402582], [93.245326, 22.365701], [93.253072, 22.337594], [93.266627, 22.290149], [93.24339, 22.233896], [93.222088, 22.184653], [93.20466, 22.147709], [93.17755, 22.140671], [93.136884, 22.133632], [93.103964, 22.117794], [93.092345, 22.050899], [93.080726, 21.992778], [93.065234, 21.978684], [93.034251, 21.959302], [93.005204, 21.939917], [92.970347, 21.925817], [92.952919, 21.918766], [92.935491, 21.945204], [92.923872, 21.971636], [92.91419, 21.999824], [92.904507, 22.031528], [92.883206, 22.054421], [92.850286, 22.077309], [92.805747, 22.103714], [92.770891, 22.119554], [92.724416, 22.119554], [92.703114, 22.084351], [92.706987, 22.050899], [92.71086, 22.031528], [92.714733, 22.012155], [92.708924, 21.991016], [92.680078, 21.968271], [92.679877, 21.968112], [92.648893, 21.95754], [92.625656, 21.961064], [92.61791, 22.0192], [92.608227, 22.073788], [92.615973, 22.116034], [92.631465, 22.152988], [92.627592, 22.204001], [92.608227, 22.237412], [92.596609, 22.279604], [92.596609, 22.349891], [92.592736, 22.414873], [92.590799, 22.49035], [92.588863, 22.523686], [92.532705, 22.606112], [92.523023, 22.684981], [92.497849, 22.788312], [92.492039, 22.847821], [92.476547, 22.884563], [92.45331, 22.91255], [92.428136, 22.94053], [92.404898, 22.973749], [92.408771, 23.005212], [92.416517, 23.061126], [92.422326, 23.090821], [92.395216, 23.132731], [92.393279, 23.174628], [92.408771, 23.209531], [92.426199, 23.240936], [92.426199, 23.275821], [92.399089, 23.312441], [92.379724, 23.371707], [92.35455, 23.430947], [92.34874, 23.497123], [92.335185, 23.570226], [92.342931, 23.624157], [92.370042, 23.67111], [92.377787, 23.716308], [92.377787, 23.738901], [92.32405, 23.721088], [92.309527, 23.717612], [92.300874, 23.704991]]]}}, {"type": "Feature", "properties": {"POLY_ID": 23, "STATE_NAME": "Bengal", "NATIVE": 1}, "geometry": {"type": "MultiPolygon", "coordinates": [[[[89.600405, 26.323019], [89.590723, 26.290636], [89.589755, 26.27018], [89.597501, 26.231816], [89.590723, 26.196001], [89.588787, 26.174677], [89.58685, 26.15335], [89.578136, 26.141406], [89.578136, 26.128607], [89.590723, 26.117513], [89.599437, 26.108126], [89.607183, 26.098738], [89.60331, 26.081667], [89.599437, 26.07057], [89.59266, 26.05008], [89.585882, 26.038127], [89.575231, 26.026172], [89.566517, 26.007384], [89.57039, 25.978342], [89.565549, 25.951003], [89.52682, 25.953566], [89.503582, 25.966382], [89.485185, 25.977488], [89.460011, 25.982613], [89.447424, 25.981759], [89.426123, 25.981759], [89.407727, 25.989447], [89.385457, 25.998843], [89.340918, 26.009092], [89.319617, 26.009946], [89.295411, 26.013362], [89.280888, 26.021048], [89.250873, 26.035565], [89.23054, 26.045811], [89.216016, 26.065448], [89.203429, 26.086789], [89.195683, 26.100445], [89.174382, 26.110686], [89.143398, 26.11154], [89.128875, 26.161028], [89.10709, 26.248016], [89.085788, 26.288932], [89.070297, 26.331539], [89.03544, 26.370726], [88.976862, 26.399683], [89.029147, 26.394574], [89.087241, 26.387761], [89.09886, 26.384354], [89.110478, 26.380947], [89.145335, 26.369023], [89.162763, 26.360505], [89.19762, 26.35369], [89.226667, 26.357097], [89.247968, 26.360505], [89.275078, 26.363912], [89.302189, 26.369023], [89.309935, 26.369023], [89.387394, 26.351986], [89.39514, 26.346875], [89.443551, 26.341763], [89.490027, 26.343467], [89.509391, 26.343467], [89.532629, 26.343467], [89.567485, 26.333243], [89.588787, 26.321315], [89.600405, 26.323019]]], [[[88.926613, 26.406385], [88.911022, 26.397129], [88.891657, 26.392019], [88.878102, 26.381799], [88.871324, 26.368171], [88.873261, 26.361356], [88.883911, 26.351986], [88.896499, 26.340059], [88.915863, 26.328983], [88.930387, 26.317054], [88.941037, 26.307681], [88.96718, 26.280409], [88.98364, 26.275294], [88.997195, 26.267623], [89.0001, 26.250573], [89.0001, 26.241195], [88.997195, 26.233522], [88.990417, 26.228406], [88.981703, 26.224995], [88.965243, 26.224995], [88.941037, 26.225848], [88.908117, 26.230964], [88.898435, 26.236932], [88.889721, 26.242048], [88.873261, 26.259951], [88.828722, 26.267623], [88.799675, 26.26677], [88.770628, 26.265918], [88.7532, 26.259098], [88.731899, 26.248016], [88.704788, 26.23608], [88.685423, 26.22329], [88.680582, 26.208793], [88.680582, 26.185766], [88.694137, 26.145672], [88.705756, 26.125193], [88.690264, 26.118367], [88.662186, 26.113246], [88.62152, 26.126047], [88.592473, 26.142259], [88.573108, 26.174677], [88.568267, 26.211351], [88.5886, 26.251426], [88.606996, 26.296602], [88.612806, 26.331539], [88.639916, 26.341763], [88.667027, 26.35369], [88.676709, 26.360505], [88.692201, 26.369023], [88.73093, 26.384354], [88.759977, 26.394574], [88.820008, 26.404793], [88.841309, 26.413308], [88.866483, 26.409902], [88.909086, 26.408199], [88.926613, 26.406385]]], [[[88.794834, 26.140552], [88.820976, 26.143965], [88.830659, 26.142259], [88.840341, 26.136286], [88.850023, 26.128607], [88.853896, 26.120927], [88.849055, 26.108979], [88.843246, 26.096177], [88.836468, 26.085081], [88.827754, 26.073131], [88.816135, 26.062033], [88.794834, 26.049226], [88.785152, 26.047519], [88.757073, 26.056057], [88.750295, 26.068862], [88.744486, 26.097884], [88.74739, 26.11154], [88.766755, 26.125193], [88.794834, 26.140552]]], [[[92.029928, 24.355982], [92.02744, 24.317256], [92.04143, 24.278761], [92.077182, 24.247696], [92.134695, 24.197956], [92.198427, 24.146926], [92.209308, 24.045973], [92.235733, 23.991058], [92.287029, 23.913585], [92.304127, 23.867299], [92.304127, 23.785895], [92.29791, 23.735741], [92.300874, 23.704991], [92.294035, 23.695015], [92.282416, 23.686323], [92.268861, 23.686323], [92.24756, 23.686323], [92.212703, 23.686323], [92.18172, 23.686323], [92.146863, 23.682846], [92.127499, 23.681107], [92.102325, 23.661981], [92.044231, 23.651548], [92.003565, 23.672414], [91.978391, 23.665459], [91.937725, 23.637636], [91.941598, 23.620243], [91.947407, 23.58893], [91.955153, 23.55587], [91.957089, 23.517579], [91.957089, 23.468828], [91.945471, 23.421801], [91.900932, 23.385213], [91.848647, 23.357329], [91.815727, 23.315492], [91.806045, 23.268409], [91.807981, 23.217819], [91.821536, 23.188154], [91.835092, 23.151499], [91.837028, 23.09737], [91.827346, 23.04846], [91.796362, 23.010018], [91.75376, 22.980304], [91.711158, 22.962823], [91.676301, 22.93135], [91.635635, 22.922606], [91.600779, 22.948836], [91.569795, 22.980304], [91.552367, 23.011765], [91.544621, 23.051954], [91.536875, 23.085145], [91.527193, 23.127057], [91.505892, 23.181173], [91.476845, 23.202115], [91.455544, 23.212585], [91.428433, 23.219564], [91.403259, 23.217819], [91.401322, 23.20735], [91.403259, 23.186409], [91.407132, 23.141024], [91.420687, 23.11658], [91.434242, 23.076411], [91.418751, 23.039724], [91.403259, 23.022251], [91.370339, 23.017008], [91.345165, 23.050207], [91.329673, 23.104356], [91.3258, 23.151499], [91.3258, 23.212585], [91.316118, 23.256199], [91.294817, 23.296312], [91.273515, 23.341642], [91.258024, 23.388698], [91.213485, 23.477535], [91.197993, 23.514097], [91.178628, 23.541947], [91.180565, 23.576751], [91.186374, 23.58893], [91.196057, 23.609806], [91.19412, 23.620243], [91.186374, 23.625461], [91.176692, 23.639375], [91.16701, 23.661981], [91.163137, 23.682846], [91.163137, 23.70023], [91.170883, 23.71935], [91.186374, 23.731516], [91.201866, 23.748893], [91.221231, 23.764531], [91.234786, 23.780167], [91.236723, 23.795801], [91.240595, 23.830537], [91.242532, 23.847902], [91.244468, 23.861792], [91.261897, 23.882624], [91.275452, 23.894774], [91.314181, 23.94857], [91.351942, 23.979795], [91.367434, 23.990202], [91.384862, 24.007546], [91.396481, 24.023152], [91.398418, 24.04916], [91.411973, 24.069962], [91.427465, 24.071695], [91.487495, 24.063028], [91.514606, 24.063028], [91.549462, 24.063028], [91.568827, 24.068228], [91.592065, 24.101158], [91.599811, 24.121952], [91.607557, 24.144475], [91.619175, 24.16353], [91.640477, 24.173922], [91.655968, 24.16353], [91.673397, 24.153136], [91.692761, 24.130615], [91.706316, 24.14794], [91.719872, 24.182581], [91.729554, 24.198167], [91.752792, 24.218946], [91.789585, 24.218946], [91.822505, 24.201631], [91.845742, 24.177386], [91.878662, 24.154869], [91.898027, 24.173922], [91.911582, 24.21202], [91.917392, 24.260492], [91.932883, 24.303756], [91.942566, 24.340086], [91.981295, 24.357383], [92.029928, 24.355982]]]]}}, {"type": "Feature", "properties": {"POLY_ID": 15, "STATE_NAME": "Rajputana Agency", "NATIVE": 1}, "geometry": {"type": "MultiPolygon", "coordinates": [[[[77.173262, 23.837707], [77.178601, 23.875761], [77.182474, 23.923491], [77.196997, 23.978142], [77.199902, 24.009361], [77.211521, 24.123766], [77.213457, 24.184394], [77.242504, 24.224221], [77.276393, 24.244995], [77.320931, 24.234608], [77.373216, 24.220758], [77.410009, 24.229415], [77.441961, 24.24586], [77.472944, 24.251919], [77.50296, 24.268362], [77.531038, 24.285668], [77.556213, 24.297781], [77.587196, 24.29432], [77.630767, 24.270958], [77.659814, 24.258842], [77.70048, 24.258842], [77.741145, 24.251919], [77.769224, 24.227683], [77.776002, 24.165343], [77.786653, 24.134161], [77.80989, 24.114236], [77.836032, 24.097774], [77.850556, 24.076976], [77.836032, 24.04404], [77.816668, 24.023234], [77.772129, 24.005893], [77.738241, 23.995487], [77.676274, 23.998956], [77.623989, 24.00069], [77.580418, 23.993753], [77.534911, 23.97554], [77.504896, 23.942578], [77.477786, 23.922624], [77.430342, 23.898327], [77.37128, 23.878365], [77.337391, 23.871421], [77.273488, 23.853192], [77.234759, 23.840169], [77.205071, 23.819068], [77.194577, 23.832355], [77.173262, 23.837707]]], [[[72.400119, 24.391726], [72.373009, 24.407287], [72.349771, 24.436675], [72.35558, 24.472968], [72.384627, 24.497158], [72.382691, 24.536889], [72.359453, 24.557614], [72.293613, 24.567975], [72.233583, 24.547252], [72.183235, 24.524798], [72.13095, 24.523071], [72.060513, 24.520397], [72.039936, 24.519616], [72.030253, 24.516162], [71.958604, 24.474696], [71.925684, 24.467784], [71.873399, 24.490247], [71.817242, 24.509252], [71.784322, 24.528253], [71.73591, 24.548979], [71.685562, 24.567975], [71.623595, 24.567975], [71.584865, 24.55416], [71.530644, 24.538616], [71.45609, 24.519616], [71.355394, 24.523071], [71.314664, 24.533722], [71.317595, 24.552371], [71.355698, 24.571014], [71.373284, 24.578003], [71.399664, 24.587321], [71.420181, 24.596637], [71.41725, 24.60828], [71.387939, 24.60828], [71.33225, 24.605951], [71.30294, 24.612936], [71.238457, 24.631558], [71.206215, 24.603623], [71.171043, 24.601294], [71.088411, 24.639553], [71.071096, 24.679412], [71.043985, 24.703564], [70.995573, 24.767373], [70.95878, 24.825981], [70.935543, 24.858721], [70.927797, 24.927621], [70.918114, 24.993043], [70.912305, 25.058433], [70.881322, 25.091115], [70.817418, 25.153018], [70.780342, 25.190804], [70.765133, 25.2063], [70.710912, 25.276737], [70.688643, 25.350569], [70.686706, 25.429508], [70.696389, 25.556397], [70.690579, 25.587244], [70.640231, 25.61637], [70.572455, 25.597525], [70.502742, 25.578676], [70.423346, 25.56668], [70.367189, 25.571821], [70.301349, 25.597525], [70.252937, 25.642065], [70.200652, 25.703712], [70.169669, 25.761908], [70.130939, 25.814947], [70.101892, 25.874804], [70.094147, 25.917543], [70.099956, 25.961977], [70.098019, 26.00298], [70.136749, 26.052508], [70.165796, 26.090069], [70.185161, 26.141272], [70.187097, 26.206101], [70.189034, 26.248735], [70.196779, 26.304991], [70.198716, 26.361223], [70.196779, 26.408917], [70.175478, 26.442974], [70.096083, 26.45319], [70.020561, 26.454892], [69.912118, 26.451487], [69.832723, 26.451487], [69.797867, 26.473618], [69.722344, 26.516168], [69.652631, 26.546795], [69.569363, 26.587621], [69.517078, 26.645436], [69.509333, 26.704926], [69.497714, 26.789867], [69.524824, 26.857781], [69.561617, 26.944323], [69.596474, 27.02742], [69.666187, 27.083355], [69.732027, 27.144348], [69.811422, 27.201928], [69.877262, 27.264562], [69.927432, 27.302139], [69.972149, 27.335624], [70.020561, 27.382979], [70.051544, 27.44722], [70.101892, 27.543526], [70.113511, 27.587433], [70.165796, 27.638077], [70.204525, 27.683641], [70.277115, 27.732997], [70.283921, 27.737623], [70.357506, 27.789899], [70.405918, 27.835413], [70.485313, 27.877542], [70.597629, 27.859007], [70.647977, 27.840469], [70.671215, 27.761234], [70.71769, 27.676891], [70.756419, 27.616133], [70.808704, 27.57899], [70.884226, 27.557037], [70.979113, 27.558726], [71.062381, 27.590809], [71.147586, 27.617821], [71.219236, 27.64314], [71.364471, 27.683641], [71.486468, 27.700512], [71.629767, 27.703887], [71.751765, 27.719069], [71.813732, 27.757861], [71.897968, 27.818557], [71.903778, 27.870802], [71.930888, 27.924712], [71.981237, 28.005538], [72.023839, 28.071174], [72.066441, 28.116596], [72.132281, 28.158641], [72.171011, 28.185543], [72.218454, 28.262858], [72.232009, 28.311578], [72.25912, 28.370355], [72.288167, 28.437499], [72.295913, 28.472737], [72.328833, 28.531447], [72.381118, 28.603543], [72.45664, 28.662199], [72.524416, 28.692356], [72.586383, 28.709106], [72.661906, 28.747626], [72.718063, 28.784461], [72.783903, 28.811244], [72.834252, 28.838021], [72.894282, 28.866467], [72.933012, 28.908289], [72.954313, 28.936721], [72.991106, 28.961804], [73.027899, 29.008612], [73.058882, 29.047051], [73.087929, 29.078796], [73.101484, 29.097172], [73.120849, 29.127237], [73.146023, 29.172322], [73.19734, 29.23575], [73.220577, 29.27246], [73.232196, 29.299151], [73.243815, 29.337512], [73.265116, 29.369193], [73.280608, 29.387532], [73.2961, 29.410869], [73.317401, 29.447533], [73.325147, 29.465862], [73.346448, 29.499181], [73.346448, 29.54415], [73.360003, 29.602422], [73.360003, 29.620908], [73.360003, 29.645694], [73.354194, 29.682299], [73.348384, 29.707252], [73.360003, 29.728874], [73.379368, 29.745504], [73.416161, 29.782084], [73.445208, 29.800371], [73.478128, 29.823641], [73.497493, 29.846908], [73.522667, 29.863525], [73.563332, 29.873494], [73.623363, 29.896753], [73.665965, 29.898414], [73.702758, 29.898414], [73.739551, 29.898414], [73.809264, 29.918347], [73.844121, 29.939938], [73.88285, 29.961526], [73.911897, 29.98477], [73.957404, 30.011331], [73.961277, 29.949902], [73.949658, 29.901736], [73.930294, 29.850232], [73.887691, 29.823641], [73.870263, 29.798709], [73.870263, 29.763795], [73.86639, 29.740515], [73.887691, 29.715568], [73.910929, 29.702262], [73.943849, 29.68729], [73.992261, 29.688954], [74.034863, 29.702262], [74.071656, 29.718895], [74.094894, 29.730537], [74.131686, 29.757144], [74.166543, 29.773771], [74.197526, 29.777097], [74.257557, 29.772109], [74.28854, 29.765458], [74.329206, 29.755482], [74.35438, 29.752156], [74.395046, 29.753819], [74.460886, 29.76047], [74.503489, 29.745504], [74.526726, 29.720558], [74.528663, 29.697271], [74.52479, 29.662334], [74.507362, 29.627388], [74.482187, 29.58744], [74.45895, 29.537489], [74.457013, 29.500847], [74.480251, 29.480857], [74.520917, 29.48752], [74.563519, 29.50751], [74.600312, 29.502513], [74.627423, 29.474193], [74.627423, 29.439201], [74.600312, 29.395867], [74.573202, 29.355855], [74.549964, 29.322502], [74.548027, 29.27246], [74.569329, 29.219061], [74.59063, 29.187347], [74.629359, 29.172322], [74.699072, 29.160634], [74.766849, 29.165643], [74.823006, 29.172322], [74.875291, 29.17733], [74.923703, 29.158965], [74.999225, 29.123896], [75.046669, 29.095502], [75.083461, 29.068772], [75.122191, 29.050393], [75.16092, 29.052064], [75.222887, 29.060418], [75.269363, 29.068772], [75.302283, 29.065431], [75.321647, 29.052064], [75.342948, 29.035353], [75.352631, 29.021983], [75.354567, 28.993568], [75.356504, 28.965148], [75.368123, 28.955116], [75.39136, 28.940066], [75.433962, 28.925015], [75.4572, 28.911635], [75.478501, 28.891562], [75.486247, 28.869814], [75.488184, 28.851408], [75.474628, 28.833001], [75.464946, 28.816265], [75.4572, 28.797853], [75.451391, 28.747626], [75.441708, 28.709106], [75.449454, 28.682304], [75.470755, 28.657173], [75.497866, 28.620305], [75.519167, 28.590133], [75.532722, 28.571691], [75.559833, 28.538155], [75.575325, 28.51803], [75.579198, 28.491191], [75.596626, 28.450924], [75.592753, 28.440855], [75.567579, 28.388823], [75.569515, 28.372034], [75.585007, 28.341809], [75.608245, 28.311578], [75.635355, 28.28806], [75.664402, 28.269579], [75.710878, 28.251095], [75.747671, 28.241012], [75.799955, 28.214121], [75.821256, 28.205716], [75.842558, 28.182181], [75.875478, 28.113232], [75.916144, 28.081269], [75.929699, 28.076222], [75.966492, 28.054347], [75.974238, 28.045933], [75.978111, 28.037518], [75.976174, 28.017321], [75.962619, 27.99712], [75.945191, 27.981968], [75.921953, 27.975234], [75.906461, 27.948291], [75.900652, 27.926396], [75.902588, 27.912921], [75.925826, 27.875857], [75.916144, 27.855636], [75.904525, 27.835413], [75.890969, 27.803386], [75.894842, 27.78484], [75.906461, 27.773038], [75.921953, 27.761234], [75.947127, 27.744369], [75.949064, 27.730876], [75.956809, 27.688702], [75.968428, 27.661704], [75.981984, 27.646516], [76.020713, 27.638077], [76.057506, 27.638077], [76.102045, 27.639765], [76.140774, 27.656642], [76.169821, 27.671829], [76.183376, 27.69039], [76.183376, 27.708948], [76.191122, 27.742683], [76.194995, 27.752802], [76.196932, 27.78484], [76.202741, 27.808443], [76.210487, 27.818557], [76.233725, 27.862377], [76.24728, 27.877542], [76.255026, 27.892706], [76.264708, 27.906183], [76.278263, 27.919659], [76.289882, 27.931449], [76.303438, 27.944923], [76.303438, 27.958395], [76.303438, 27.970182], [76.305374, 27.990386], [76.309247, 28.007221], [76.318929, 28.030786], [76.326675, 28.039201], [76.363468, 28.062761], [76.390579, 28.067809], [76.433181, 28.062761], [76.456419, 28.04425], [76.457387, 28.002171], [76.46126, 27.971866], [76.46126, 27.956711], [76.453514, 27.929765], [76.451577, 27.901129], [76.46126, 27.874172], [76.469006, 27.848896], [76.476752, 27.840469], [76.49418, 27.821929], [76.515481, 27.810129], [76.530973, 27.805072], [76.55421, 27.805072], [76.573575, 27.818557], [76.58713, 27.830356], [76.606495, 27.864062], [76.608432, 27.875857], [76.62005, 27.89776], [76.621987, 27.914606], [76.627796, 27.926396], [76.631511, 27.931684], [76.649097, 27.956711], [76.656843, 27.960079], [76.68589, 27.965131], [76.711064, 27.966815], [76.736239, 27.971866], [76.753667, 27.978601], [76.776904, 28.003854], [76.796269, 28.015638], [76.811761, 28.024054], [76.831126, 28.034152], [76.846617, 28.035835], [76.877601, 28.024054], [76.887283, 28.024054], [76.910521, 28.007221], [76.924076, 27.987019], [76.924076, 27.955027], [76.926013, 27.864062], [76.926013, 27.810129], [76.920203, 27.737623], [76.91633, 27.72919], [76.908584, 27.720756], [76.902775, 27.712321], [76.885347, 27.688702], [76.879537, 27.676891], [76.875664, 27.661704], [76.867919, 27.639765], [76.862109, 27.604316], [76.867919, 27.587433], [76.871791, 27.570547], [76.877601, 27.555348], [76.893093, 27.540148], [76.906648, 27.528324], [76.920203, 27.521567], [76.956996, 27.521567], [76.978297, 27.523257], [77.007344, 27.535081], [77.022836, 27.546904], [77.036391, 27.558726], [77.044137, 27.572236], [77.059629, 27.589121], [77.077057, 27.606004], [77.094486, 27.619509], [77.11966, 27.639765], [77.137088, 27.651579], [77.187436, 27.675204], [77.230038, 27.678579], [77.28426, 27.678579], [77.332671, 27.680266], [77.37721, 27.673517], [77.379147, 27.653266], [77.38302, 27.612757], [77.38302, 27.573924], [77.390765, 27.543526], [77.402384, 27.499605], [77.408194, 27.44722], [77.419812, 27.403269], [77.425622, 27.357612], [77.419812, 27.310249], [77.405289, 27.2781], [77.385924, 27.232402], [77.385924, 27.215473], [77.39367, 27.200235], [77.405289, 27.183302], [77.42659, 27.168061], [77.445955, 27.154511], [77.471129, 27.147736], [77.505985, 27.151124], [77.535032, 27.164673], [77.566016, 27.183302], [77.587317, 27.191769], [77.618301, 27.188382], [77.633792, 27.186689], [77.649284, 27.173141], [77.658967, 27.152817], [77.660903, 27.135878], [77.65703, 27.118937], [77.633792, 27.103689], [77.620237, 27.091828], [77.606682, 27.066407], [77.596999, 27.056238], [77.583444, 27.030811], [77.581508, 27.015552], [77.581508, 26.991813], [77.598936, 26.973159], [77.608618, 26.964678], [77.643475, 26.957894], [77.664776, 26.957894], [77.686077, 26.961286], [77.720934, 26.971463], [77.746108, 26.983334], [77.759663, 26.991813], [77.798392, 27.010466], [77.823566, 27.010466], [77.848741, 26.996901], [77.862296, 26.983334], [77.858423, 26.95959], [77.85455, 26.929055], [77.839058, 26.913785], [77.800329, 26.891726], [77.765472, 26.883241], [77.699632, 26.87136], [77.645411, 26.847596], [77.614428, 26.827224], [77.567952, 26.794962], [77.540842, 26.762692], [77.49243, 26.696429], [77.486621, 26.665835], [77.486621, 26.635235], [77.494367, 26.616531], [77.504049, 26.606328], [77.540842, 26.602927], [77.567952, 26.609729], [77.589254, 26.623333], [77.610555, 26.638635], [77.622174, 26.657336], [77.629919, 26.672635], [77.643475, 26.698129], [77.664776, 26.71852], [77.688014, 26.732113], [77.730616, 26.760993], [77.75579, 26.769486], [77.831312, 26.791565], [77.899089, 26.791565], [77.922326, 26.788169], [77.984293, 26.779677], [78.024959, 26.769486], [78.050133, 26.767787], [78.088863, 26.789867], [78.143084, 26.834015], [78.212797, 26.859479], [78.255399, 26.856084], [78.278637, 26.82213], [78.288319, 26.76439], [78.284809, 26.746766], [78.217033, 26.705988], [78.149257, 26.673697], [78.082448, 26.642248], [78.038878, 26.606541], [77.968197, 26.557215], [77.926562, 26.529143], [77.868468, 26.493405], [77.805533, 26.464468], [77.75228, 26.427011], [77.713551, 26.375917], [77.684504, 26.340139], [77.65933, 26.326507], [77.566379, 26.328211], [77.495214, 26.309465], [77.435183, 26.289864], [77.353851, 26.254916], [77.307376, 26.224222], [77.243473, 26.19011], [77.236129, 26.18386], [77.186347, 26.141486], [77.144713, 26.102232], [77.089039, 26.086015], [77.01739, 26.067235], [76.971883, 26.032229], [76.93509, 25.991235], [76.889583, 25.955355], [76.857631, 25.945102], [76.792759, 25.941684], [76.74822, 25.928012], [76.714332, 25.902372], [76.669793, 25.865613], [76.605406, 25.795487], [76.569581, 25.779233], [76.538598, 25.769822], [76.487281, 25.751854], [76.463075, 25.730459], [76.425314, 25.680812], [76.402076, 25.644848], [76.387553, 25.606305], [76.385616, 25.516329], [76.394331, 25.45288], [76.410791, 25.391975], [76.421441, 25.329325], [76.447584, 25.278669], [76.476631, 25.253763], [76.519233, 25.250327], [76.559899, 25.268364], [76.588946, 25.285539], [76.617993, 25.29155], [76.648008, 25.285539], [76.677055, 25.261493], [76.711912, 25.228852], [76.738054, 25.215107], [76.776783, 25.212529], [76.849401, 25.215107], [76.901686, 25.225416], [76.958812, 25.240879], [76.999477, 25.253763], [77.03627, 25.270081], [77.075, 25.290691], [77.105015, 25.30357], [77.152459, 25.319882], [77.192156, 25.307005], [77.225076, 25.282963], [77.25025, 25.258916], [77.267679, 25.234866], [77.280266, 25.181595], [77.281234, 25.141199], [77.291884, 25.100789], [77.280266, 25.059508], [77.251219, 25.038002], [77.196997, 25.03284], [77.135999, 25.030259], [77.081777, 25.017353], [77.018842, 25.017353], [76.975272, 25.013051], [76.951543, 24.993167], [76.941383, 24.984652], [76.881353, 24.954526], [76.835846, 24.955387], [76.781625, 24.951082], [76.751609, 24.925254], [76.73999, 24.906309], [76.735105, 24.88796], [76.731276, 24.873581], [76.770974, 24.834813], [76.786466, 24.801205], [76.790339, 24.781381], [76.782593, 24.761554], [76.747736, 24.727927], [76.72934, 24.702055], [76.720626, 24.678765], [76.736118, 24.651157], [76.798085, 24.648569], [76.878448, 24.653746], [76.918146, 24.647706], [76.92105, 24.608008], [76.908463, 24.568299], [76.894908, 24.534622], [76.89394, 24.484524], [76.88813, 24.436999], [76.868766, 24.381675], [76.83875, 24.372164], [76.801958, 24.388592], [76.747736, 24.430085], [76.71288, 24.43527], [76.681896, 24.42922], [76.669309, 24.411069], [76.685769, 24.366111], [76.720626, 24.330653], [76.722562, 24.302972], [76.708039, 24.27615], [76.689642, 24.246726], [76.702229, 24.219892], [76.722562, 24.193053], [76.746768, 24.174003], [76.760323, 24.15928], [76.761292, 24.125499], [76.77049, 24.087375], [76.735633, 24.063109], [76.69884, 24.035371], [76.650429, 24.061376], [76.603953, 24.118568], [76.584589, 24.177467], [76.491638, 24.191322], [76.404497, 24.177467], [76.317356, 24.161879], [76.206977, 24.151485], [76.121772, 24.182663], [76.092725, 24.224221], [76.067551, 24.27788], [76.028822, 24.321138], [75.988156, 24.350545], [75.906824, 24.354005], [75.852603, 24.315948], [75.810001, 24.270958], [75.765462, 24.193053], [75.75578, 24.141091], [75.773208, 24.087375], [75.798382, 24.028435], [75.846794, 23.986815], [75.836627, 23.942145], [75.836627, 23.895289], [75.819199, 23.853626], [75.799834, 23.808476], [75.764978, 23.792843], [75.703011, 23.791106], [75.658472, 23.775471], [75.621679, 23.749409], [75.59118, 23.70205], [75.518562, 23.703788], [75.452722, 23.726383], [75.439167, 23.764613], [75.433357, 23.801094], [75.423675, 23.851456], [75.447397, 23.867515], [75.489999, 23.886611], [75.532601, 23.884875], [75.590696, 23.900496], [75.621679, 23.929999], [75.627488, 23.969903], [75.621679, 24.016731], [75.613847, 24.044128], [75.643464, 24.078709], [75.655083, 24.134161], [75.627973, 24.201712], [75.604735, 24.248457], [75.596989, 24.312488], [75.627973, 24.331518], [75.678321, 24.331518], [75.74997, 24.357464], [75.763525, 24.39205], [75.74997, 24.447369], [75.711241, 24.490571], [75.658956, 24.544122], [75.65121, 24.582112], [75.6241, 24.632173], [75.612555, 24.635174], [75.577624, 24.644254], [75.496293, 24.592471], [75.451754, 24.563118], [75.382041, 24.552757], [75.312328, 24.516485], [75.26198, 24.487116], [75.200013, 24.481932], [75.141919, 24.49921], [75.114808, 24.514758], [75.103673, 24.553189], [75.088182, 24.598082], [75.091086, 24.637782], [75.106578, 24.67057], [75.140466, 24.689548], [75.18791, 24.704211], [75.21502, 24.716285], [75.24794, 24.744742], [75.2549, 24.766433], [75.255686, 24.768882], [75.239226, 24.786984], [75.207274, 24.794741], [75.17145, 24.78526], [75.139498, 24.775778], [75.107546, 24.78095], [75.088182, 24.801636], [75.090118, 24.820595], [75.124006, 24.848168], [75.155958, 24.869705], [75.168545, 24.894683], [75.162736, 24.92224], [75.158484, 24.924276], [75.137562, 24.934294], [75.070753, 24.920518], [75.055854, 24.91934], [75.027183, 24.917073], [74.992326, 24.936016], [74.965216, 24.974754], [74.943915, 25.030689], [74.90809, 25.058218], [74.851932, 25.024667], [74.833536, 24.997131], [74.819112, 24.990538], [74.799648, 24.98164], [74.771569, 24.979058], [74.740585, 24.968729], [74.732839, 24.936016], [74.737644, 24.925192], [74.747363, 24.903295], [74.7706, 24.88607], [74.797711, 24.874873], [74.839345, 24.872289], [74.889693, 24.869705], [74.920677, 24.856783], [74.953597, 24.836967], [74.974898, 24.81801], [74.992326, 24.784398], [74.979739, 24.75595], [74.954565, 24.746466], [74.931328, 24.75595], [74.898408, 24.762847], [74.864519, 24.766295], [74.820949, 24.766295], [74.79287, 24.759399], [74.77641, 24.745604], [74.775442, 24.729221], [74.774729, 24.707626], [74.774473, 24.699898], [74.798679, 24.686097], [74.831599, 24.680059], [74.865488, 24.659354], [74.878075, 24.64296], [74.89163, 24.611029], [74.870813, 24.573047], [74.833052, 24.570457], [74.800132, 24.57132], [74.767212, 24.577364], [74.721705, 24.580817], [74.698467, 24.57909], [74.670388, 24.572184], [74.651992, 24.56614], [74.637468, 24.54628], [74.633595, 24.522963], [74.631659, 24.507416], [74.632311, 24.494606], [74.632627, 24.488411], [74.628754, 24.47286], [74.618103, 24.456443], [74.607453, 24.431381], [74.609873, 24.401128], [74.661674, 24.355302], [74.710086, 24.304269], [74.713959, 24.273986], [74.709118, 24.185693], [74.715895, 24.116402], [74.788513, 24.106005], [74.810782, 24.094741], [74.826274, 24.065276], [74.853385, 24.01413], [74.854353, 23.975107], [74.857258, 23.949952], [74.845639, 23.92219], [74.835956, 23.900496], [74.822401, 23.888346], [74.807878, 23.870987], [74.786576, 23.826711], [74.799163, 23.775471], [74.815623, 23.722473], [74.818528, 23.672061], [74.81756, 23.621629], [74.81756, 23.589447], [74.833052, 23.564217], [74.848505, 23.546571], [74.83402, 23.536807], [74.783672, 23.489805], [74.739133, 23.470651], [74.692658, 23.461944], [74.657801, 23.449753], [74.619072, 23.432335], [74.582279, 23.400976], [74.524185, 23.359154], [74.493201, 23.341723], [74.462218, 23.301625], [74.458345, 23.273723], [74.475773, 23.212666], [74.529994, 23.191726], [74.568724, 23.169037], [74.576469, 23.135868], [74.576469, 23.102691], [74.549359, 23.048542], [74.495138, 23.011847], [74.454472, 22.989126], [74.396378, 22.97689], [74.316982, 22.961156], [74.289146, 22.962577], [74.223306, 23.002781], [74.203941, 23.030742], [74.196274, 23.054952], [74.188449, 23.079659], [74.184576, 23.114588], [74.159402, 23.149508], [74.109054, 23.179182], [74.054833, 23.208849], [74.029659, 23.245488], [74.008357, 23.282116], [73.977374, 23.294323], [73.897979, 23.303042], [73.82052, 23.310016], [73.789536, 23.332681], [73.758553, 23.367541], [73.737252, 23.407619], [73.727569, 23.451168], [73.704332, 23.489479], [73.68884, 23.520815], [73.65592, 23.545183], [73.615254, 23.546924], [73.578461, 23.533], [73.543605, 23.510371], [73.522304, 23.501666], [73.482606, 23.515593], [73.44194, 23.560846], [73.430321, 23.607822], [73.440004, 23.644347], [73.465178, 23.682601], [73.494225, 23.712153], [73.476796, 23.760812], [73.457432, 23.790346], [73.455495, 23.830293], [73.457432, 23.885851], [73.459368, 23.929239], [73.447749, 23.96047], [73.399338, 23.96394], [73.370291, 23.918827], [73.347053, 23.892794], [73.308324, 23.870228], [73.288959, 23.871964], [73.259912, 23.906679], [73.252166, 23.944856], [73.240547, 23.976082], [73.197945, 24.002099], [73.155342, 24.022909], [73.143724, 24.095716], [73.157279, 24.133837], [73.209564, 24.170214], [73.234738, 24.192729], [73.248293, 24.218702], [73.232801, 24.26371], [73.207627, 24.306973], [73.203754, 24.350221], [73.203754, 24.395184], [73.168898, 24.42976], [73.11855, 24.434946], [73.087566, 24.410745], [73.058519, 24.365787], [73.039154, 24.326004], [73.002361, 24.319084], [72.94814, 24.317354], [72.936521, 24.284478], [72.927125, 24.224007], [72.893778, 24.226866], [72.844403, 24.250722], [72.828462, 24.258423], [72.765867, 24.337779], [72.711437, 24.383385], [72.66245, 24.389897], [72.632513, 24.356243], [72.591602, 24.338517], [72.559033, 24.324742], [72.519571, 24.337779], [72.493716, 24.354071], [72.470584, 24.366016], [72.438462, 24.387813], [72.400119, 24.391726]], [[75.050057, 25.742441], [75.02331, 25.761266], [74.992326, 25.846802], [74.971025, 25.918611], [74.974898, 25.993798], [74.974898, 26.103085], [74.959406, 26.179875], [74.897439, 26.27026], [74.831599, 26.338435], [74.81998, 26.404873], [74.803614, 26.438454], [74.796743, 26.452551], [74.748869, 26.484536], [74.748331, 26.484895], [74.711538, 26.461064], [74.690237, 26.427011], [74.66119, 26.391247], [74.622461, 26.381027], [74.566303, 26.38784], [74.541129, 26.37762], [74.527574, 26.360585], [74.510145, 26.341843], [74.498526, 26.321394], [74.477225, 26.300943], [74.440432, 26.280488], [74.411385, 26.27026], [74.380402, 26.27026], [74.359101, 26.283898], [74.328117, 26.289012], [74.304879, 26.282193], [74.285515, 26.268555], [74.260341, 26.249801], [74.246785, 26.23616], [74.231294, 26.212284], [74.225484, 26.191816], [74.225484, 26.159402], [74.26615, 26.150871], [74.275832, 26.154283], [74.308752, 26.161108], [74.324244, 26.150871], [74.314562, 26.1321], [74.295197, 26.097964], [74.286305, 26.086207], [74.283578, 26.082601], [74.260341, 26.062113], [74.223548, 26.029668], [74.190628, 25.998923], [74.179009, 25.980131], [74.16739, 25.957918], [74.165454, 25.92032], [74.163517, 25.899808], [74.157708, 25.869033], [74.114137, 25.838251], [74.088963, 25.817726], [74.050234, 25.80062], [74.01925, 25.780089], [73.99214, 25.757843], [73.984394, 25.745864], [73.965029, 25.732171], [73.95341, 25.699646], [73.947601, 25.685948], [73.947601, 25.653412], [73.943728, 25.627719], [73.941791, 25.610588], [73.943728, 25.595169], [73.922427, 25.569465], [73.910808, 25.554041], [73.891443, 25.533472], [73.866269, 25.514614], [73.846904, 25.499183], [73.78881, 25.451165], [73.773318, 25.432295], [73.7617, 25.413424], [73.759763, 25.399697], [73.757827, 25.348209], [73.777191, 25.329325], [73.779128, 25.308722], [73.779128, 25.27781], [73.777191, 25.236584], [73.79462, 25.212529], [73.841095, 25.217684], [73.85465, 25.23143], [73.879824, 25.253763], [73.901125, 25.279528], [73.934045, 25.310439], [73.955347, 25.339626], [73.965029, 25.360225], [73.982457, 25.379104], [74.005695, 25.401413], [74.046361, 25.437442], [74.069598, 25.468316], [74.094772, 25.49061], [74.114137, 25.511185], [74.147057, 25.554041], [74.15674, 25.569465], [74.172231, 25.590028], [74.195469, 25.631145], [74.205151, 25.643136], [74.220643, 25.667112], [74.234198, 25.691085], [74.255499, 25.715053], [74.290356, 25.749286], [74.309721, 25.768111], [74.363942, 25.785222], [74.392989, 25.785222], [74.429782, 25.785222], [74.472384, 25.769822], [74.534351, 25.744152], [74.553716, 25.730459], [74.590509, 25.720189], [74.629238, 25.718477], [74.679586, 25.720189], [74.718316, 25.730459], [74.757045, 25.732171], [74.771475, 25.733765], [74.788029, 25.735594], [74.828695, 25.742441], [74.872265, 25.739017], [74.906153, 25.742441], [74.944883, 25.737306], [74.970057, 25.737306], [75.003936, 25.736297], [75.048977, 25.734255], [75.073779, 25.732599], [75.080073, 25.726608], [75.081041, 25.717621], [75.084213, 25.705798], [75.084672, 25.686162], [75.091449, 25.66069], [75.102221, 25.642279], [75.114808, 25.617441], [75.131268, 25.594312], [75.158379, 25.582318], [75.189362, 25.570322], [75.234869, 25.567751], [75.273599, 25.567751], [75.31136, 25.566038], [75.348153, 25.583174], [75.359771, 25.599452], [75.37139, 25.630289], [75.375263, 25.651699], [75.381073, 25.684236], [75.382041, 25.713342], [75.373327, 25.741585], [75.370422, 25.775811], [75.367517, 25.804041], [75.348153, 25.834831], [75.321042, 25.865613], [75.313296, 25.885276], [75.308455, 25.939121], [75.297804, 25.976714], [75.270694, 25.993798], [75.240679, 26.002339], [75.214536, 25.986964], [75.200013, 25.974151], [75.185489, 25.941684], [75.17387, 25.92032], [75.158379, 25.899808], [75.139982, 25.883566], [75.134173, 25.861338], [75.1303, 25.837396], [75.131268, 25.796343], [75.125459, 25.777522], [75.095443, 25.752709], [75.050057, 25.742441]]]]}}, {"type": "Feature", "properties": {"POLY_ID": 5, "STATE_NAME": "Bombay Presidency", "NATIVE": 0}, "geometry": {"type": "MultiPolygon", "coordinates": [[[[69.567881, 26.959267], [69.534472, 26.97195], [69.478984, 26.98005], [69.434166, 26.994626], [69.382946, 27.022148], [69.318921, 27.051272], [69.269835, 27.05936], [69.233554, 27.069062], [69.199407, 27.077146], [69.158858, 27.086846], [69.137516, 27.088462], [69.103369, 27.081996], [69.071357, 27.077146], [69.007331, 27.078763], [68.924099, 27.149844], [68.887818, 27.185347], [68.879281, 27.206313], [68.885683, 27.225659], [68.904891, 27.243386], [68.928367, 27.264328], [68.936904, 27.299748], [68.909159, 27.307795], [68.879281, 27.319057], [68.857939, 27.331926], [68.845134, 27.357653], [68.849402, 27.384973], [68.853671, 27.402643], [68.862208, 27.428333], [68.870744, 27.439568], [68.889952, 27.450801], [68.91983, 27.466843], [68.924099, 27.481276], [68.91983, 27.492499], [68.902757, 27.502116], [68.864342, 27.518141], [68.825927, 27.537364], [68.789646, 27.554979], [68.770438, 27.562984], [68.702145, 27.583789], [68.629583, 27.644554], [68.601838, 27.559782], [68.580497, 27.553378], [68.565557, 27.550176], [68.554887, 27.542169], [68.550618, 27.532559], [68.539947, 27.513334], [68.527142, 27.506924], [68.512203, 27.506924], [68.480191, 27.505322], [68.465251, 27.495705], [68.460983, 27.486086], [68.465251, 27.471654], [68.475922, 27.457218], [68.486593, 27.439568], [68.49513, 27.431543], [68.505801, 27.413884], [68.505801, 27.399431], [68.492996, 27.391399], [68.45458, 27.383367], [68.384153, 27.378546], [68.367079, 27.36569], [68.339335, 27.341575], [68.32653, 27.325492], [68.356408, 27.312622], [68.362811, 27.282041], [68.360677, 27.251442], [68.356408, 27.232106], [68.339335, 27.199863], [68.219821, 27.153073], [68.209151, 27.133698], [68.226224, 27.124008], [68.2497, 27.106238], [68.266773, 27.096543], [68.317993, 27.086846], [68.332933, 27.093311], [68.360677, 27.098159], [68.386287, 27.081996], [68.396958, 27.062594], [68.409763, 27.025385], [68.426836, 27.004342], [68.44391, 26.968709], [68.463117, 26.947642], [68.46952, 26.913591], [68.405494, 26.798294], [68.375616, 26.74787], [68.328664, 26.697395], [68.320128, 26.6485], [68.32653, 26.597926], [68.30092, 26.53913], [68.330798, 26.524421], [68.364945, 26.512977], [68.416165, 26.512977], [68.465251, 26.491718], [68.512203, 26.491718], [68.527142, 26.491718], [68.576228, 26.508072], [68.635985, 26.512977], [68.6744, 26.496625], [68.685071, 26.485175], [68.695742, 26.478631], [68.759767, 26.462267], [68.802451, 26.45572], [68.864342, 26.427886], [68.902757, 26.296698], [68.840866, 26.224401], [68.749096, 26.163526], [68.768304, 26.124001], [68.793914, 26.119059], [68.843, 26.104228], [68.860073, 26.095986], [68.943306, 26.097635], [69.035076, 26.095986], [69.096967, 26.091041], [69.169528, 26.081149], [69.23142, 26.086095], [69.299713, 26.086095], [69.382946, 26.071254], [69.464044, 26.058059], [69.519533, 26.04981], [69.562216, 26.05311], [69.617705, 26.067956], [69.692401, 26.082797], [69.777768, 26.086095], [69.935697, 26.077851], [70.05521, 26.05311], [70.124668, 26.037064], [70.098019, 26.00298], [70.099956, 25.961977], [70.094147, 25.917543], [70.101892, 25.874804], [70.130939, 25.814947], [70.169669, 25.761908], [70.200652, 25.703712], [70.252937, 25.642065], [70.301349, 25.597525], [70.367189, 25.571821], [70.423346, 25.56668], [70.502742, 25.578676], [70.572455, 25.597525], [70.640231, 25.61637], [70.690579, 25.587244], [70.696389, 25.556397], [70.686706, 25.429508], [70.688643, 25.350569], [70.710912, 25.276737], [70.765133, 25.2063], [70.780342, 25.190804], [70.817418, 25.153018], [70.881322, 25.091115], [70.912305, 25.058433], [70.918114, 24.993043], [70.927797, 24.927621], [70.935543, 24.858721], [70.95878, 24.825981], [70.995573, 24.767373], [71.043985, 24.703564], [71.071096, 24.679412], [71.088411, 24.639553], [71.071956, 24.624072], [71.008052, 24.604221], [70.988688, 24.56451], [70.993529, 24.547241], [70.990624, 24.504922], [71.004179, 24.493692], [71.000307, 24.415056], [71.036131, 24.402089], [71.106812, 24.402954], [71.129082, 24.385663], [71.112622, 24.366641], [71.081638, 24.360588], [71.066147, 24.342427], [71.025481, 24.319938], [70.984815, 24.332913], [70.951895, 24.324263], [70.880245, 24.274949], [70.874436, 24.255911], [70.912197, 24.232542], [70.85604, 24.217825], [70.818278, 24.193584], [70.725328, 24.184925], [70.661424, 24.190986], [70.574283, 24.221288], [70.582997, 24.260238], [70.563633, 24.318208], [70.580093, 24.330318], [70.600425, 24.380475], [70.57041, 24.390851], [70.284757, 24.307963], [70.250409, 24.297554], [70.171982, 24.276788], [70.10711, 24.267269], [70.067412, 24.17291], [70.026746, 24.145195], [69.730466, 24.145195], [69.593945, 24.262942], [69.502931, 24.241305], [69.468075, 24.243902], [69.443869, 24.252557], [69.403203, 24.242171], [69.356728, 24.244768], [69.314125, 24.253422], [69.192128, 24.210142], [69.097241, 24.245633], [69.037694, 24.215337], [69.010584, 24.199753], [68.983473, 24.201484], [68.972822, 24.234381], [68.944744, 24.274192], [68.906014, 24.252557], [68.898268, 24.238709], [68.89488, 24.231135], [68.889312, 24.231351], [68.890765, 24.233948], [68.884229, 24.23503], [68.881082, 24.23741], [68.875999, 24.240656], [68.877451, 24.247797], [68.88205, 24.248446], [68.883261, 24.2452], [68.892459, 24.255586], [68.901899, 24.26424], [68.908919, 24.265538], [68.915939, 24.272029], [68.91957, 24.281547], [68.913276, 24.28782], [68.903836, 24.290199], [68.895606, 24.288685], [68.885923, 24.288253], [68.880598, 24.282412], [68.876967, 24.281331], [68.870674, 24.290199], [68.866075, 24.298635], [68.860507, 24.302096], [68.844289, 24.299933], [68.827345, 24.288469], [68.822504, 24.289118], [68.815484, 24.291497], [68.807254, 24.292146], [68.810401, 24.297121], [68.803381, 24.300365], [68.792489, 24.300365], [68.787163, 24.294958], [68.780628, 24.293444], [68.773124, 24.299717], [68.765378, 24.301447], [68.77966, 24.310747], [68.785227, 24.320479], [68.781959, 24.328912], [68.77615, 24.337994], [68.770098, 24.352264], [68.759206, 24.348372], [68.746134, 24.340156], [68.740809, 24.329561], [68.716119, 24.31983], [68.718056, 24.347508], [68.694818, 24.35875], [68.657057, 24.345778], [68.629946, 24.347508], [68.625105, 24.334534], [68.627042, 24.315505], [68.577662, 24.310314], [68.561202, 24.272245], [68.57863, 24.254072], [68.582503, 24.176157], [68.437267, 24.099062], [68.401443, 24.13545], [68.343349, 24.130252], [68.332698, 24.086931], [68.300746, 24.102528], [68.248946, 24.073932], [68.205375, 24.095596], [68.198598, 24.107727], [68.237327, 24.136316], [68.228613, 24.154506], [68.240232, 24.157104], [68.254755, 24.146711], [68.272183, 24.161435], [68.270247, 24.179621], [68.249914, 24.183085], [68.199566, 24.208194], [68.179233, 24.189146], [68.179233, 24.157104], [68.135662, 24.119857], [68.047553, 24.105994], [68.057235, 24.12852], [68.030125, 24.141513], [68.012696, 24.131119], [67.990427, 24.112926], [67.966221, 24.117257], [67.94492, 24.151908], [67.907159, 24.144112], [67.889731, 24.144112], [67.886826, 24.19261], [67.840835, 24.170961], [67.786614, 24.163167], [67.766281, 24.136316], [67.770154, 24.080865], [67.704314, 24.037527], [67.627823, 24.009784], [67.601681, 24.00198], [67.58038, 24.021055], [67.553269, 24.010651], [67.526158, 24.021922], [67.507762, 24.068732], [67.569729, 24.063532], [67.592967, 24.088664], [67.58038, 24.113792], [67.550364, 24.102528], [67.513571, 24.138049], [67.515508, 24.180487], [67.540198, 24.258399], [67.5828, 24.283494], [67.577959, 24.334534], [67.53923, 24.390742], [67.449184, 24.399388], [67.387217, 24.430506], [67.386248, 24.593755], [67.485008, 24.617923], [67.393026, 24.667108], [67.38528, 24.699025], [67.480167, 24.69385], [67.470485, 24.735246], [67.4182, 24.751628], [67.332995, 24.741282], [67.304917, 24.775767], [67.186308, 24.771457], [67.16307, 24.754215], [67.122404, 24.742144], [67.08077, 24.772319], [67.100135, 24.724036], [67.079802, 24.716274], [67.030422, 24.765423], [66.981042, 24.770595], [66.974264, 24.790421], [67.032359, 24.785249], [67.018803, 24.802487], [66.957804, 24.827478], [66.867759, 24.825755], [66.815958, 24.805073], [66.752054, 24.810243], [66.670723, 24.786973], [66.649422, 24.812829], [66.697833, 24.845572], [66.685246, 24.866248], [66.6836, 24.881262], [66.740557, 24.934391], [66.96906, 25.01874], [67.044582, 25.168371], [67.114295, 25.228519], [67.096867, 25.288641], [67.214992, 25.441398], [67.327307, 25.563135], [67.402829, 25.730983], [67.466733, 25.785746], [67.443495, 25.893493], [67.457051, 26.043853], [67.406702, 26.100194], [67.273086, 26.342365], [67.184008, 26.46499], [67.154961, 26.672518], [67.185945, 26.704809], [67.16658, 26.934028], [67.191754, 27.049341], [67.151088, 27.223821], [67.182072, 27.296597], [67.201437, 27.325358], [67.218865, 27.474144], [67.288578, 27.538343], [67.286641, 27.599135], [67.381528, 27.654838], [67.424131, 27.804956], [67.81917, 27.865631], [67.904375, 27.917859], [67.939232, 27.927965], [67.977961, 27.995321], [68.102863, 28.071058], [68.217115, 28.165252], [68.370096, 28.225771], [68.472729, 28.353448], [69.356728, 28.355128], [69.39933, 28.360165], [69.449678, 28.393744], [69.494217, 28.392065], [69.591041, 28.345052], [69.699483, 28.331617], [69.792433, 28.230813], [69.813735, 28.111435], [69.815671, 28.042451], [69.935732, 27.895959], [70.05192, 27.80327], [70.195219, 27.76449], [70.277115, 27.732997], [70.204525, 27.683641], [70.165796, 27.638077], [70.113511, 27.587433], [70.101892, 27.543526], [70.051544, 27.44722], [70.020561, 27.382979], [69.972149, 27.335624], [69.927432, 27.302139], [69.877262, 27.264562], [69.811422, 27.201928], [69.732027, 27.144348], [69.666187, 27.083355], [69.596474, 27.02742], [69.567881, 26.959267]]], [[[75.752152, 18.500568], [75.794025, 18.460622], [75.844543, 18.430541], [75.890399, 18.435327], [75.916651, 18.463775], [75.93742, 18.479587], [75.975503, 18.513744], [76.036903, 18.505547], [76.04623, 18.449514], [76.023691, 18.379064], [76.026022, 18.297578], [76.028354, 18.176192], [76.002706, 18.14873], [75.955296, 18.138429], [75.914104, 18.091711], [75.85659, 18.070402], [75.820838, 18.023637], [75.781978, 18.022261], [75.764879, 18.049086], [75.77576, 18.108203], [75.773563, 18.126978], [75.774206, 18.14461], [75.740786, 18.16109], [75.686381, 18.159716], [75.654515, 18.160403], [75.634771, 18.164428], [75.633667, 18.174786], [75.617602, 18.208405], [75.609437, 18.223538], [75.581457, 18.231769], [75.569799, 18.248913], [75.576794, 18.296893], [75.571354, 18.328404], [75.534048, 18.36606], [75.535602, 18.398907], [75.558141, 18.423531], [75.607105, 18.428318], [75.641303, 18.429686], [75.666173, 18.466602], [75.685568, 18.50709], [75.728819, 18.501309], [75.752152, 18.500568]]], [[[72.129982, 21.695782], [72.160562, 21.680696], [72.171443, 21.645601], [72.177568, 21.61673], [72.155899, 21.607883], [72.118593, 21.577953], [72.109266, 21.540193], [72.103049, 21.481554], [72.101494, 21.439821], [72.081287, 21.422859], [72.031545, 21.434602], [72.003566, 21.484162], [71.988022, 21.551914], [71.972477, 21.590968], [71.95227, 21.646901], [71.941389, 21.697586], [71.995794, 21.713173], [72.08595, 21.676797], [72.129982, 21.695782]]], [[[73.118638, 21.777875], [73.106689, 21.741243], [73.097006, 21.702403], [73.069896, 21.660019], [73.040849, 21.615853], [73.044722, 21.576975], [73.075705, 21.552228], [73.079578, 21.520403], [73.080196, 21.493401], [73.031408, 21.517308], [72.994615, 21.506698], [72.955886, 21.480168], [72.934585, 21.453633], [72.905538, 21.427092], [72.901665, 21.397005], [72.897792, 21.363371], [72.884237, 21.304931], [72.866808, 21.2695], [72.839698, 21.214562], [72.857126, 21.170239], [72.866808, 21.152506], [72.880364, 21.101065], [72.870681, 21.081547], [72.835825, 21.077998], [72.799032, 21.077998], [72.744811, 21.079773], [72.732139, 21.07555], [72.72351, 21.072675], [72.698336, 21.060252], [72.678971, 21.054927], [72.65767, 21.062026], [72.638305, 21.081547], [72.599576, 21.095742], [72.593766, 21.122353], [72.587957, 21.156053], [72.584084, 21.173786], [72.574401, 21.195062], [72.545354, 21.209244], [72.5531, 21.239376], [72.570529, 21.258869], [72.587957, 21.274815], [72.615067, 21.294303], [72.61894, 21.315559], [72.601512, 21.327956], [72.551164, 21.345665], [72.55891, 21.35983], [72.603449, 21.3616], [72.647987, 21.368682], [72.682844, 21.370452], [72.704145, 21.382845], [72.708018, 21.404085], [72.673161, 21.416474], [72.609258, 21.421783], [72.580211, 21.432401], [72.589893, 21.457171], [72.628623, 21.45894], [72.663479, 21.480168], [72.706081, 21.519077], [72.742874, 21.54383], [72.744811, 21.570347], [72.799032, 21.628663], [72.78935, 21.63043], [72.754493, 21.642796], [72.729319, 21.648096], [72.655733, 21.642796], [72.597639, 21.62513], [72.555037, 21.603926], [72.52599, 21.602159], [72.481451, 21.602159], [72.452404, 21.626896], [72.469832, 21.67459], [72.496943, 21.701079], [72.522117, 21.734624], [72.529863, 21.7611], [72.547291, 21.799922], [72.549227, 21.806979], [72.603449, 21.835204], [72.615067, 21.845786], [72.644114, 21.881056], [72.655733, 21.919841], [72.646051, 21.921603], [72.603449, 21.921603], [72.545354, 21.918078], [72.531799, 21.911027], [72.514371, 21.886345], [72.483387, 21.888108], [72.469832, 21.919841], [72.473705, 21.946278], [72.485324, 22.006182], [72.485324, 22.057255], [72.489197, 22.103026], [72.500816, 22.129425], [72.545354, 22.1523], [72.622813, 22.129425], [72.680907, 22.110067], [72.711891, 22.103026], [72.746747, 22.106546], [72.765628, 22.130745], [72.800968, 22.155819], [72.823722, 22.183527], [72.84115, 22.200676], [72.862935, 22.161977], [72.899728, 22.089825], [72.93749, 22.021154], [72.966537, 21.970067], [73.008171, 21.896924], [73.049805, 21.842259], [73.095312, 21.790217], [73.118638, 21.777875]]], [[[74.750016, 16.823151], [74.740126, 16.846962], [74.740126, 16.891737], [74.775878, 16.909919], [74.789091, 16.9246], [74.792977, 16.945568], [74.782096, 16.965832], [74.753339, 16.983994], [74.741681, 17.000755], [74.754116, 17.016116], [74.795308, 17.019606], [74.826397, 17.016814], [74.834169, 16.993073], [74.8365, 16.95046], [74.833392, 16.929493], [74.842718, 16.915933], [74.858468, 16.915933], [74.911721, 16.904916], [74.945609, 16.896653], [74.953355, 16.896653], [75.010481, 16.897571], [75.047274, 16.89849], [75.072448, 16.90308], [75.085035, 16.924195], [75.08213, 16.937045], [75.054051, 16.95173], [75.03856, 16.961824], [75.008544, 16.969165], [74.976592, 16.971918], [74.948514, 16.971918], [74.929149, 16.972836], [74.91753, 16.983846], [74.91753, 16.988434], [74.914625, 17.02696], [74.920435, 17.040717], [74.931085, 17.055389], [74.957228, 17.070059], [74.97272, 17.080143], [75.008544, 17.088394], [75.025972, 17.089311], [75.03856, 17.08381], [75.046305, 17.070976], [75.051147, 17.053555], [75.063734, 17.038883], [75.079225, 17.025126], [75.08794, 17.016871], [75.136351, 16.993021], [75.155716, 16.994855], [75.173144, 17.006781], [75.191541, 17.004946], [75.220588, 16.992103], [75.252539, 16.982929], [75.264158, 16.982011], [75.289332, 16.987516], [75.298047, 17.01045], [75.300951, 17.022374], [75.317411, 17.064558], [75.332903, 17.08106], [75.36195, 17.090227], [75.392934, 17.092061], [75.42779, 17.092061], [75.446186, 17.091144], [75.465551, 17.082894], [75.476202, 17.074643], [75.490725, 17.059056], [75.489757, 17.037966], [75.485884, 17.025126], [75.476202, 17.008616], [75.465551, 16.998525], [75.439409, 16.982011], [75.416171, 16.972836], [75.392934, 16.970083], [75.372601, 16.965495], [75.354204, 16.949894], [75.339681, 16.932456], [75.32903, 16.914097], [75.323221, 16.891144], [75.316443, 16.873697], [75.299015, 16.853492], [75.265127, 16.819503], [75.247698, 16.80664], [75.236079, 16.808478], [75.228334, 16.809397], [75.19735, 16.801127], [75.183795, 16.804802], [75.158621, 16.802965], [75.140224, 16.793776], [75.129574, 16.773557], [75.128605, 16.750577], [75.133447, 16.735868], [75.14797, 16.711961], [75.14797, 16.693569], [75.140224, 16.679772], [75.140224, 16.656774], [75.149907, 16.634692], [75.157652, 16.608924], [75.159589, 16.579469], [75.161525, 16.535272], [75.170239, 16.501192], [75.177985, 16.468946], [75.181858, 16.445907], [75.206064, 16.419177], [75.228334, 16.397051], [75.226397, 16.385986], [75.219619, 16.365699], [75.215747, 16.347252], [75.209937, 16.32788], [75.196382, 16.30666], [75.193477, 16.287281], [75.191541, 16.268823], [75.177017, 16.245745], [75.158621, 16.231897], [75.128605, 16.218047], [75.106336, 16.199577], [75.097622, 16.169096], [75.102463, 16.13214], [75.11505, 16.108111], [75.129574, 16.079456], [75.146034, 16.065588], [75.163462, 16.054493], [75.182827, 16.038772], [75.184763, 16.0138], [75.195414, 15.987898], [75.205096, 15.974019], [75.229302, 15.974019], [75.258349, 15.961064], [75.300951, 15.922191], [75.319348, 15.933299], [75.354204, 15.958288], [75.365823, 15.986972], [75.379378, 16.0101], [75.410362, 16.033223], [75.442314, 16.047095], [75.466519, 16.057267], [75.485884, 16.066513], [75.474265, 16.097944], [75.463615, 16.119202], [75.453932, 16.145076], [75.445218, 16.165401], [75.441345, 16.182952], [75.434568, 16.206042], [75.42779, 16.244822], [75.432631, 16.268823], [75.42779, 16.305737], [75.437472, 16.33157], [75.440377, 16.353709], [75.441345, 16.397051], [75.432631, 16.41088], [75.416171, 16.418255], [75.398743, 16.429317], [75.389061, 16.439456], [75.397775, 16.45881], [75.409394, 16.482767], [75.423917, 16.502114], [75.430695, 16.52422], [75.430695, 16.542639], [75.423917, 16.564739], [75.401648, 16.592357], [75.385188, 16.62733], [75.404552, 16.62733], [75.442314, 16.618128], [75.455869, 16.596959], [75.471361, 16.575787], [75.495566, 16.568421], [75.513963, 16.576707], [75.524613, 16.591436], [75.528486, 16.608924], [75.534296, 16.642053], [75.546883, 16.661374], [75.558502, 16.670573], [75.561406, 16.696328], [75.561406, 16.719318], [75.554629, 16.744142], [75.540105, 16.755174], [75.514931, 16.765285], [75.501376, 16.775395], [75.492662, 16.788262], [75.494598, 16.808478], [75.502344, 16.827772], [75.515899, 16.844307], [75.528486, 16.859921], [75.546883, 16.87737], [75.566248, 16.895735], [75.572057, 16.921441], [75.57593, 16.94347], [75.581739, 16.96733], [75.585612, 16.983846], [75.580771, 17.004946], [75.557533, 17.027877], [75.532359, 17.04897], [75.544946, 17.054472], [75.560438, 17.066391], [75.584644, 17.091144], [75.605945, 17.104893], [75.621437, 17.122306], [75.642738, 17.145215], [75.659198, 17.175447], [75.666944, 17.19285], [75.676626, 17.218492], [75.677595, 17.238636], [75.677595, 17.261522], [75.667912, 17.277998], [75.661135, 17.298131], [75.655325, 17.314601], [75.649516, 17.335644], [75.654357, 17.363084], [75.660166, 17.396919], [75.665008, 17.424346], [75.661135, 17.47644], [75.65, 17.495627], [75.650968, 17.519377], [75.647095, 17.537644], [75.65, 17.561386], [75.654841, 17.582385], [75.665492, 17.601555], [75.675174, 17.622547], [75.671301, 17.641711], [75.652905, 17.657222], [75.626762, 17.665433], [75.60062, 17.667257], [75.569636, 17.67638], [75.547367, 17.685501], [75.512511, 17.710127], [75.487336, 17.727452], [75.450544, 17.735659], [75.435052, 17.729276], [75.417624, 17.719246], [75.393418, 17.705567], [75.381799, 17.683677], [75.368244, 17.667257], [75.348879, 17.648098], [75.338228, 17.634411], [75.33726, 17.602468], [75.344038, 17.579647], [75.359529, 17.556821], [75.384704, 17.528511], [75.394386, 17.519377], [75.427306, 17.49654], [75.444734, 17.485577], [75.462162, 17.47644], [75.454416, 17.465475], [75.441829, 17.459992], [75.406973, 17.452681], [75.379862, 17.439885], [75.361466, 17.422518], [75.342101, 17.405148], [75.330482, 17.386861], [75.321768, 17.378631], [75.303372, 17.370401], [75.274325, 17.373144], [75.248182, 17.376802], [75.207517, 17.377717], [75.178469, 17.374059], [75.147486, 17.37223], [75.131026, 17.383204], [75.103915, 17.402405], [75.075837, 17.411548], [75.053567, 17.430745], [75.051631, 17.449025], [75.047758, 17.474612], [75.04679, 17.497454], [75.062281, 17.51755], [75.088424, 17.531251], [75.101011, 17.547689], [75.104884, 17.568691], [75.098106, 17.58695], [75.086487, 17.600642], [75.074868, 17.624372], [75.065186, 17.650835], [75.072932, 17.669994], [75.09036, 17.68915], [75.088424, 17.709215], [75.07971, 17.721981], [75.067122, 17.732011], [75.026457, 17.726541], [74.983854, 17.719246], [74.947061, 17.711038], [74.886063, 17.686413], [74.854111, 17.680028], [74.857984, 17.648098], [74.840555, 17.633498], [74.811508, 17.622547], [74.78343, 17.608857], [74.767938, 17.584211], [74.784398, 17.551342], [74.800858, 17.495627], [74.815381, 17.467302], [74.837651, 17.435315], [74.862825, 17.410634], [74.880253, 17.385947], [74.878317, 17.375888], [74.871539, 17.345706], [74.871539, 17.297216], [74.86573, 17.270675], [74.850238, 17.251453], [74.827968, 17.228565], [74.806667, 17.212998], [74.764065, 17.203841], [74.727272, 17.164455], [74.722431, 17.134219], [74.699193, 17.139717], [74.670146, 17.130554], [74.643036, 17.104893], [74.621734, 17.092061], [74.583005, 17.092061], [74.534593, 17.090227], [74.505546, 17.073726], [74.480372, 17.022374], [74.468753, 17.037049], [74.426151, 17.046219], [74.373866, 17.051721], [74.3332, 17.062724], [74.286725, 17.062724], [74.246059, 17.053555], [74.220885, 17.035214], [74.193774, 17.046219], [74.149236, 17.070059], [74.120189, 17.08656], [74.125998, 17.108559], [74.100824, 17.134219], [74.060158, 17.158042], [74.011746, 17.174531], [74.004, 17.209335], [73.969144, 17.256945], [73.889749, 17.282574], [73.804544, 17.278913], [73.74645, 17.271591], [73.752259, 17.218492], [73.781306, 17.183691], [73.837464, 17.134219], [73.912986, 17.079227], [73.955589, 17.018706], [73.988509, 16.961824], [73.980763, 16.939799], [73.922669, 16.914097], [73.876193, 16.901244], [73.852956, 16.851655], [73.866511, 16.81491], [73.897495, 16.757931], [73.953652, 16.717479], [73.949779, 16.693569], [73.936224, 16.665974], [73.936224, 16.642053], [73.959462, 16.614447], [73.961398, 16.590516], [73.947843, 16.559214], [73.91105, 16.535272], [73.903304, 16.507641], [73.846178, 16.496586], [73.806481, 16.473553], [73.760973, 16.436691], [73.737736, 16.384142], [73.716435, 16.339873], [73.699975, 16.289127], [73.675769, 16.242976], [73.638008, 16.188494], [73.607024, 16.146], [73.568295, 16.102566], [73.546994, 16.073909], [73.502945, 16.04452], [73.498098, 16.068824], [73.500034, 16.098406], [73.498098, 16.135374], [73.492288, 16.179719], [73.484542, 16.212968], [73.449686, 16.238821], [73.379973, 16.345869], [73.364481, 16.369849], [73.362545, 16.4012], [73.356735, 16.428856], [73.327688, 16.484149], [73.335434, 16.520997], [73.356735, 16.561516], [73.358672, 16.596499], [73.34318, 16.640673], [73.335434, 16.703225], [73.319942, 16.767583], [73.31026, 16.857625], [73.306387, 16.9219], [73.302514, 17.024667], [73.304451, 17.076018], [73.279277, 17.13651], [73.240547, 17.237263], [73.259912, 17.27937], [73.209564, 17.326953], [73.207627, 17.387319], [73.215373, 17.414748], [73.223119, 17.434858], [73.240547, 17.460449], [73.228928, 17.482379], [73.219246, 17.502478], [73.209564, 17.54632], [73.2115, 17.582842], [73.219246, 17.615702], [73.230865, 17.633954], [73.248293, 17.67045], [73.221182, 17.675923], [73.190199, 17.697815], [73.176644, 17.732467], [73.168898, 17.788985], [73.143724, 17.832722], [73.110804, 17.909224], [73.091439, 17.982038], [73.077884, 18.03662], [73.076256, 18.045284], [73.104994, 18.050261], [73.137914, 18.050261], [73.148565, 18.054808], [73.164057, 18.066629], [73.173739, 18.076631], [73.190199, 18.092086], [73.203754, 18.09754], [73.221182, 18.091177], [73.240547, 18.082086], [73.257975, 18.079358], [73.280245, 18.079358], [73.295737, 18.080267], [73.318006, 18.08845], [73.324784, 18.089359], [73.307355, 18.112084], [73.303482, 18.124808], [73.2938, 18.13844], [73.287022, 18.153887], [73.287022, 18.172058], [73.285086, 18.188409], [73.284118, 18.20385], [73.278308, 18.225646], [73.270562, 18.244714], [73.266689, 18.251069], [73.261848, 18.266502], [73.253134, 18.27921], [73.231833, 18.29464], [73.203754, 18.313697], [73.172771, 18.324585], [73.14566, 18.333658], [73.124359, 18.348174], [73.107899, 18.358152], [73.093375, 18.374478], [73.090471, 18.393523], [73.080788, 18.422537], [73.074979, 18.440668], [73.074979, 18.463328], [73.06917, 18.477827], [73.047868, 18.503198], [73.01398, 18.520411], [73.004298, 18.536715], [72.992679, 18.56479], [72.982997, 18.573845], [72.969441, 18.588332], [72.957823, 18.603722], [72.945235, 18.613679], [72.934585, 18.622731], [72.920061, 18.628161], [72.891014, 18.693308], [72.858094, 18.743954], [72.858094, 18.778309], [72.869713, 18.814462], [72.894887, 18.830727], [72.93168, 18.832534], [72.9646, 18.818077], [72.983965, 18.812655], [72.983965, 18.854217], [72.974283, 18.884929], [72.939426, 18.890348], [72.900697, 18.906603], [72.929744, 18.931884], [72.9646, 18.962576], [72.976219, 19.005892], [72.983965, 19.043781], [72.974283, 19.094282], [72.960727, 19.133947], [72.943299, 19.087069], [72.900697, 19.056409], [72.86584, 19.029349], [72.836793, 18.998674], [72.836793, 18.964381], [72.819365, 18.940912], [72.784508, 18.93369], [72.780636, 18.987846], [72.8, 19.027545], [72.807746, 19.101495], [72.784508, 19.233052], [72.778699, 19.24746], [72.765144, 19.260067], [72.751588, 19.294277], [72.769017, 19.317678], [72.801937, 19.342875], [72.830984, 19.368066], [72.854221, 19.395051], [72.823238, 19.39685], [72.786445, 19.411239], [72.728351, 19.42203], [72.736097, 19.459791], [72.743843, 19.510121], [72.77289, 19.553244], [72.782572, 19.589168], [72.747716, 19.589168], [72.70705, 19.567615], [72.67413, 19.569411], [72.656701, 19.603535], [72.656701, 19.678934], [72.623781, 19.782979], [72.596671, 19.817044], [72.600544, 19.885146], [72.633464, 19.951419], [72.654765, 19.974696], [72.662511, 20.028394], [72.664447, 20.073126], [72.689621, 20.116052], [72.712859, 20.162539], [72.697367, 20.234024], [72.693494, 20.269751], [72.726414, 20.298325], [72.765144, 20.350098], [72.784508, 20.394714], [72.821301, 20.469631], [72.858094, 20.473197], [72.889078, 20.483896], [72.927807, 20.51242], [72.956854, 20.539156], [72.960727, 20.583704], [72.93749, 20.606862], [72.916188, 20.61933], [72.873586, 20.624673], [72.836793, 20.624673], [72.801937, 20.633578], [72.8, 20.658507], [72.83873, 20.679871], [72.858094, 20.686992], [72.887141, 20.71547], [72.87165, 20.736824], [72.842603, 20.754617], [72.815492, 20.78308], [72.798064, 20.797309], [72.755461, 20.761733], [72.743843, 20.779522], [72.726414, 20.838208], [72.745779, 20.864874], [72.758366, 20.895089], [72.787413, 20.907528], [72.82227, 20.912859], [72.876491, 20.912859], [72.913284, 20.923519], [72.94814, 20.957272], [72.977187, 20.978585], [73.015917, 21.038953], [73.048837, 21.074449], [73.072074, 21.101065], [73.087566, 21.136544], [73.089502, 21.16492], [73.089502, 21.193289], [73.106931, 21.257097], [73.11274, 21.28013], [73.180517, 21.310245], [73.236674, 21.333269], [73.226992, 21.391695], [73.201818, 21.420013], [73.244178, 21.42488], [73.294526, 21.431958], [73.344874, 21.42311], [73.381667, 21.412492], [73.406665, 21.37983], [73.385782, 21.376649], [73.374164, 21.332383], [73.366418, 21.270386], [73.325752, 21.217221], [73.283149, 21.195948], [73.259912, 21.158713], [73.259912, 21.128562], [73.234738, 21.094855], [73.240547, 21.038065], [73.238611, 21.011436], [73.205691, 21.000783], [73.130168, 21.002558], [73.099185, 20.99368], [73.103058, 20.947503], [73.124359, 20.908416], [73.161152, 20.871095], [73.17858, 20.831985], [73.213128, 20.810413], [73.210048, 20.786637], [73.211016, 20.770628], [73.205207, 20.74839], [73.194556, 20.725258], [73.185842, 20.697672], [73.173255, 20.675421], [73.164541, 20.653166], [73.158731, 20.630016], [73.150985, 20.623783], [73.119034, 20.61933], [73.096764, 20.616658], [73.082241, 20.608643], [73.064812, 20.600627], [73.052225, 20.583704], [73.046416, 20.568559], [73.048352, 20.532919], [73.058035, 20.514203], [73.062876, 20.460714], [73.062876, 20.42861], [73.054162, 20.403635], [73.050289, 20.3733], [73.039638, 20.355453], [73.025115, 20.338496], [73.014464, 20.322429], [72.995554, 20.304025], [72.984933, 20.313502], [72.91522, 20.334926], [72.88811, 20.28136], [72.903601, 20.21705], [72.934585, 20.149131], [73.012044, 20.116946], [73.070138, 20.095485], [73.108867, 20.106216], [73.147597, 20.149131], [73.184874, 20.142874], [73.217794, 20.144662], [73.244904, 20.151813], [73.268142, 20.157176], [73.277824, 20.157176], [73.291379, 20.151813], [73.293316, 20.148238], [73.308808, 20.187564], [73.316554, 20.205435], [73.332045, 20.216157], [73.341728, 20.226877], [73.345601, 20.242957], [73.347537, 20.264392], [73.347537, 20.28761], [73.345601, 20.307253], [73.349474, 20.323322], [73.357219, 20.346529], [73.364965, 20.357238], [73.38433, 20.369731], [73.399822, 20.376869], [73.421123, 20.385792], [73.446297, 20.400066], [73.463725, 20.408987], [73.486963, 20.426827], [73.492772, 20.432178], [73.504391, 20.451798], [73.508264, 20.460714], [73.521819, 20.453581], [73.54893, 20.44288], [73.564422, 20.441096], [73.589596, 20.433962], [73.610897, 20.432178], [73.628325, 20.42861], [73.641881, 20.430394], [73.663182, 20.437529], [73.682546, 20.455364], [73.686419, 20.464281], [73.692229, 20.485679], [73.699975, 20.508855], [73.705784, 20.528463], [73.709657, 20.542721], [73.703848, 20.555195], [73.725149, 20.573014], [73.750323, 20.589048], [73.765815, 20.605081], [73.789052, 20.613987], [73.800671, 20.624673], [73.810353, 20.63892], [73.821972, 20.660288], [73.831655, 20.674531], [73.837464, 20.694112], [73.849083, 20.71369], [73.854892, 20.726148], [73.864575, 20.740383], [73.87813, 20.756396], [73.891685, 20.761733], [73.899431, 20.774186], [73.90524, 20.786637], [73.909113, 20.809758], [73.909113, 20.829318], [73.912986, 20.848875], [73.912986, 20.855986], [73.895558, 20.864874], [73.885876, 20.861319], [73.858765, 20.870206], [73.84521, 20.882648], [73.841337, 20.889757], [73.808417, 20.918189], [73.787116, 20.935956], [73.756132, 20.944838], [73.732895, 20.95372], [73.713046, 20.967041], [73.73822, 20.988353], [73.730474, 21.041615], [73.695618, 21.066463], [73.635587, 21.084209], [73.587175, 21.094855], [73.563938, 21.121466], [73.600731, 21.167579], [73.654952, 21.172899], [73.720792, 21.194175], [73.775013, 21.204812], [73.813742, 21.226083], [73.827298, 21.261527], [73.819552, 21.335925], [73.786632, 21.364256], [73.81931, 21.37001], [73.823183, 21.42488], [73.811564, 21.495645], [73.798008, 21.539852], [73.811564, 21.568137], [73.823183, 21.596416], [73.830928, 21.624688], [73.815437, 21.667084], [73.799945, 21.718294], [73.770898, 21.753599], [73.778644, 21.773012], [73.817373, 21.780071], [73.875467, 21.794187], [73.935498, 21.810066], [73.985846, 21.824179], [74.01223, 21.84755], [74.041277, 21.810507], [74.081943, 21.776983], [74.134228, 21.766394], [74.18264, 21.784041], [74.225242, 21.80345], [74.277527, 21.82462], [74.316256, 21.851077], [74.353049, 21.881056], [74.384033, 21.882819], [74.405334, 21.84755], [74.434381, 21.810507], [74.455682, 21.74698], [74.426635, 21.724032], [74.391779, 21.701079], [74.391779, 21.667526], [74.415016, 21.63573], [74.446, 21.610994], [74.496348, 21.600392], [74.509903, 21.59509], [74.567997, 21.566812], [74.64352, 21.55267], [74.767454, 21.540294], [74.810056, 21.536758], [74.912689, 21.540294], [74.964974, 21.549134], [74.984338, 21.536758], [74.982402, 21.494318], [74.990148, 21.464248], [75.001767, 21.423553], [75.017258, 21.407625], [75.067607, 21.407625], [75.108272, 21.416474], [75.13151, 21.398775], [75.158621, 21.370452], [75.187668, 21.347435], [75.23027, 21.358059], [75.286428, 21.379304], [75.336776, 21.382845], [75.404552, 21.3616], [75.439409, 21.331498], [75.503312, 21.306702], [75.561406, 21.31733], [75.613691, 21.343894], [75.662103, 21.363371], [75.733752, 21.350977], [75.774418, 21.340352], [75.807338, 21.349206], [75.840258, 21.370452], [75.859623, 21.382845], [75.919653, 21.388155], [75.939018, 21.404085], [75.960319, 21.432401], [75.995176, 21.45894], [76.035842, 21.485475], [76.078444, 21.496087], [76.122983, 21.480168], [76.140411, 21.450094], [76.144284, 21.425322], [76.128792, 21.386385], [76.105554, 21.365141], [76.084253, 21.33504], [76.076507, 21.301388], [76.08619, 21.278359], [76.109427, 21.239376], [76.15203, 21.239376], [76.21206, 21.221652], [76.241107, 21.195062], [76.281773, 21.191516], [76.326312, 21.189743], [76.351486, 21.172013], [76.357296, 21.125901], [76.355359, 21.090419], [76.334058, 21.060252], [76.303074, 21.046053], [76.252726, 21.049603], [76.210124, 21.072675], [76.148157, 21.092194], [76.099745, 21.097516], [76.04746, 21.090419], [76.035842, 21.051378], [76.031969, 20.971482], [76.031969, 20.937732], [76.039715, 20.879094], [76.04746, 20.813314], [76.024223, 20.772407], [76.006795, 20.743942], [75.946764, 20.731486], [75.939018, 20.665629], [75.944456, 20.595037], [75.879579, 20.581964], [75.848686, 20.595037], [75.809142, 20.585374], [75.775159, 20.556949], [75.751062, 20.545577], [75.704722, 20.56434], [75.673211, 20.584237], [75.634903, 20.616635], [75.602773, 20.633682], [75.561376, 20.622886], [75.519361, 20.599584], [75.500207, 20.592764], [75.46437, 20.605836], [75.430079, 20.620044], [75.360259, 20.599584], [75.349138, 20.576847], [75.320098, 20.552401], [75.292294, 20.550695], [75.249043, 20.582532], [75.226181, 20.615498], [75.207027, 20.647319], [75.169337, 20.670611], [75.113729, 20.668907], [75.056267, 20.621181], [75.060592, 20.584806], [75.09025, 20.538185], [75.10199, 20.506905], [75.108168, 20.475048], [75.090868, 20.450581], [75.042056, 20.452857], [75.018577, 20.446029], [75.00313, 20.410741], [74.995098, 20.387969], [74.966367, 20.372596], [74.921262, 20.372596], [74.895312, 20.351526], [74.879865, 20.297411], [74.863801, 20.272909], [74.826728, 20.26721], [74.776681, 20.291143], [74.734666, 20.275758], [74.714276, 20.215908], [74.699447, 20.151466], [74.694504, 20.115524], [74.677822, 20.068726], [74.65805, 20.048175], [74.612327, 20.015058], [74.592555, 19.981361], [74.588848, 19.937941], [74.609856, 19.906509], [74.64631, 19.893362], [74.678439, 19.87221], [74.685854, 19.841334], [74.693268, 19.808161], [74.695122, 19.761819], [74.708097, 19.73721], [74.752584, 19.717176], [74.825493, 19.704582], [74.89871, 19.653619], [74.930222, 19.622687], [75.004366, 19.631853], [75.079128, 19.634144], [75.106315, 19.611229], [75.138444, 19.590601], [75.185402, 19.58659], [75.242864, 19.588882], [75.260164, 19.575702], [75.260164, 19.539591], [75.265725, 19.489707], [75.271904, 19.45185], [75.312374, 19.427179], [75.356861, 19.410538], [75.376015, 19.385285], [75.394551, 19.364619], [75.385901, 19.327872], [75.374161, 19.309495], [75.346975, 19.291689], [75.308049, 19.276753], [75.269123, 19.257793], [75.26727, 19.223887], [75.301253, 19.183648], [75.332146, 19.142246], [75.323496, 19.11061], [75.290749, 19.098528], [75.234523, 19.120389], [75.180768, 19.090473], [75.162232, 19.10198], [75.15111, 19.152023], [75.139371, 19.189972], [75.095502, 19.202045], [75.052869, 19.202045], [75.015179, 19.219864], [74.989846, 19.216415], [74.946904, 19.169849], [74.933311, 19.130168], [74.930839, 19.093925], [74.911685, 19.074362], [74.855459, 19.067456], [74.821476, 19.06055], [74.801087, 19.008167], [74.806648, 18.97592], [74.856695, 18.950001], [74.865963, 18.927534], [74.883263, 18.886045], [74.954627, 18.820324], [75.028154, 18.75803], [75.092413, 18.715906], [75.135046, 18.67319], [75.157289, 18.616597], [75.15976, 18.558244], [75.160996, 18.512582], [75.209808, 18.484252], [75.248116, 18.473843], [75.253059, 18.412528], [75.278391, 18.388804], [75.325967, 18.381859], [75.319789, 18.337289], [75.312374, 18.302547], [75.341105, 18.226081], [75.373235, 18.213332], [75.43255, 18.221445], [75.46159, 18.213332], [75.483215, 18.190148], [75.492483, 18.151305], [75.512255, 18.12289], [75.538206, 18.10259], [75.53697, 18.025416], [75.54871, 17.96039], [75.585782, 17.950517], [75.625326, 17.954001], [75.669812, 17.931349], [75.694527, 17.914502], [75.734071, 17.91973], [75.792768, 17.904625], [75.840344, 17.893585], [75.888538, 17.893585], [75.933025, 17.909854], [75.956504, 17.940643], [75.986162, 17.978972], [76.011494, 17.972004], [76.028795, 17.947032], [76.051347, 17.886031], [76.051347, 17.843021], [76.037754, 17.805812], [76.059997, 17.774989], [76.088052, 17.764654], [76.090547, 17.716966], [76.084253, 17.69143], [76.065373, 17.674555], [76.03681, 17.663152], [76.001953, 17.654485], [75.964192, 17.649923], [75.912876, 17.651291], [75.890606, 17.63076], [75.886733, 17.607488], [75.895448, 17.563669], [75.893995, 17.526684], [75.892543, 17.493343], [75.889638, 17.480095], [75.925947, 17.468673], [75.942407, 17.457707], [75.969033, 17.454051], [75.993723, 17.447197], [76.008731, 17.443541], [76.023675, 17.441402], [76.031242, 17.437143], [76.0186, 17.433663], [76.017982, 17.372986], [76.040225, 17.343219], [76.043933, 17.300599], [76.045168, 17.264973], [76.058762, 17.242191], [76.10572, 17.248033], [76.140938, 17.267894], [76.178011, 17.298263], [76.233001, 17.302935], [76.232383, 17.27023], [76.224351, 17.21356], [76.228676, 17.155694], [76.273163, 17.144586], [76.283048, 17.126458], [76.254626, 17.088441], [76.232383, 17.064455], [76.239798, 17.042219], [76.264512, 16.991296], [76.27378, 16.959092], [76.23918, 16.91282], [76.236708, 16.868875], [76.271927, 16.827844], [76.323828, 16.787973], [76.328153, 16.749848], [76.315178, 16.694692], [76.287991, 16.62894], [76.290463, 16.589589], [76.283048, 16.541999], [76.21879, 16.511437], [76.23918, 16.466755], [76.262659, 16.413821], [76.275634, 16.372045], [76.270691, 16.325545], [76.233001, 16.305527], [76.157003, 16.305527], [76.157621, 16.248986], [76.23918, 16.193008], [76.244741, 16.12403], [76.245358, 16.083922], [76.211376, 16.052652], [76.147117, 16.072713], [76.113752, 16.116363], [76.054436, 16.152923], [76.008096, 16.146438], [75.995121, 16.109286], [75.978438, 16.057963], [75.950016, 16.051472], [75.888847, 16.075663], [75.850539, 16.099259], [75.825207, 16.098669], [75.77794, 16.076253], [75.771761, 16.036129], [75.795858, 15.963516], [75.83293, 15.904449], [75.871856, 15.867222], [75.917578, 15.860721], [75.931789, 15.829983], [75.913253, 15.778538], [75.932407, 15.724113], [75.941675, 15.683277], [75.916342, 15.648348], [75.878652, 15.614594], [75.860116, 15.570165], [75.88236, 15.528684], [75.88792, 15.48778], [75.881124, 15.440339], [75.867531, 15.404151], [75.874327, 15.378636], [75.876181, 15.33115], [75.893481, 15.302055], [75.916441, 15.298336], [75.913423, 15.265483], [75.889154, 15.275208], [75.86398, 15.284515], [75.821378, 15.308712], [75.786521, 15.318016], [75.747792, 15.319877], [75.718745, 15.32546], [75.685825, 15.344066], [75.652905, 15.37755], [75.623858, 15.37569], [75.60062, 15.349648], [75.592874, 15.340345], [75.5677, 15.344066], [75.546399, 15.36267], [75.527034, 15.36639], [75.496051, 15.345927], [75.474749, 15.342206], [75.441829, 15.355229], [75.408909, 15.36267], [75.375989, 15.357089], [75.343069, 15.36453], [75.312086, 15.38871], [75.290785, 15.392429], [75.263674, 15.358949], [75.224945, 15.37011], [75.232691, 15.338485], [75.211389, 15.284515], [75.228818, 15.256591], [75.300467, 15.258453], [75.354688, 15.254729], [75.391481, 15.226797], [75.422465, 15.223072], [75.443766, 15.208172], [75.459258, 15.170913], [75.484432, 15.161597], [75.536716, 15.159734], [75.554145, 15.137371], [75.596747, 15.098225], [75.639349, 15.098225], [75.692118, 15.097759], [75.716324, 15.044612], [75.706642, 15.024093], [75.680499, 15.004503], [75.657262, 14.978378], [75.652421, 14.939179], [75.660166, 14.894365], [75.662103, 14.846731], [75.664039, 14.809357], [75.666784, 14.792428], [75.669987, 14.764604], [75.675324, 14.694498], [75.690269, 14.611966], [75.642232, 14.573776], [75.640097, 14.514917], [75.61768, 14.500456], [75.565374, 14.50872], [75.526944, 14.473595], [75.545092, 14.429158], [75.50773, 14.401247], [75.441546, 14.430192], [75.398847, 14.470496], [75.354546, 14.58926], [75.331596, 14.598549], [75.292633, 14.60629], [75.290921, 14.60899], [75.272351, 14.638279], [75.238725, 14.700685], [75.198161, 14.788307], [75.149057, 14.812005], [75.117032, 14.792428], [75.070063, 14.764088], [75.034303, 14.760481], [74.970254, 14.768211], [74.957444, 14.735226], [74.977193, 14.70017], [74.999076, 14.661492], [74.965984, 14.634152], [74.920082, 14.645502], [74.879518, 14.641891], [74.860304, 14.592872], [74.86831, 14.472562], [74.822408, 14.439494], [74.758359, 14.439494], [74.661753, 14.446212], [74.603575, 14.401247], [74.551268, 14.324198], [74.538459, 14.240887], [74.509419, 14.235581], [74.467785, 14.231355], [74.426635, 14.224312], [74.397588, 14.213511], [74.384033, 14.206466], [74.402429, 14.268914], [74.404366, 14.319599], [74.406302, 14.374013], [74.402429, 14.413401], [74.369509, 14.441528], [74.334653, 14.482767], [74.301733, 14.501507], [74.286241, 14.525866], [74.284304, 14.597037], [74.282368, 14.641965], [74.286241, 14.714936], [74.253321, 14.731769], [74.185545, 14.75047], [74.142942, 14.771037], [74.135196, 14.791601], [74.139069, 14.825243], [74.148752, 14.866347], [74.131323, 14.896232], [74.088721, 14.918641], [74.090657, 14.939179], [74.117768, 14.997039], [74.16037, 15.049275], [74.202973, 15.06979], [74.241702, 15.095895], [74.237829, 15.14995], [74.235893, 15.198393], [74.257194, 15.248677], [74.305606, 15.330577], [74.332716, 15.369645], [74.334653, 15.419857], [74.311415, 15.473764], [74.305606, 15.507211], [74.307542, 15.561079], [74.284304, 15.607496], [74.26494, 15.646473], [74.251384, 15.689147], [74.23202, 15.763326], [74.216528, 15.792985], [74.162307, 15.8319], [74.141023, 15.837213], [74.152625, 15.877749], [74.159402, 15.896268], [74.167148, 15.915711], [74.167148, 15.956437], [74.164243, 15.965691], [74.14972, 15.974944], [74.134228, 15.991598], [74.119705, 16.0027], [74.093562, 16.0138], [74.075166, 16.028599], [74.049023, 16.037847], [74.037405, 16.043396], [74.021913, 16.066513], [73.992866, 16.078532], [73.977374, 16.085003], [73.964787, 16.105339], [73.963819, 16.129367], [73.973501, 16.146], [74.002548, 16.185723], [74.023849, 16.195883], [74.042246, 16.199577], [74.07807, 16.187571], [74.11099, 16.190341], [74.140037, 16.204195], [74.16037, 16.207889], [74.188449, 16.194959], [74.205877, 16.178334], [74.23202, 16.155239], [74.251384, 16.142304], [74.291082, 16.128443], [74.31432, 16.133064], [74.329812, 16.142304], [74.34724, 16.16263], [74.35789, 16.204195], [74.3637, 16.219893], [74.376287, 16.23559], [74.389842, 16.245745], [74.430508, 16.253131], [74.472142, 16.257746], [74.491507, 16.269746], [74.512808, 16.284513], [74.535077, 16.310351], [74.545728, 16.334338], [74.567029, 16.380454], [74.566061, 16.422865], [74.559283, 16.446829], [74.53895, 16.457888], [74.518617, 16.464339], [74.490539, 16.475396], [74.468269, 16.486452], [74.454714, 16.497508], [74.454714, 16.516852], [74.457619, 16.538035], [74.461491, 16.556452], [74.459555, 16.579469], [74.451809, 16.590516], [74.432444, 16.614447], [74.401461, 16.646654], [74.406302, 16.674253], [74.414048, 16.680692], [74.42954, 16.704605], [74.454714, 16.716559], [74.471174, 16.725754], [74.483761, 16.735868], [74.487634, 16.751497], [74.490539, 16.771719], [74.492475, 16.796532], [74.504094, 16.823178], [74.508935, 16.825934], [74.542823, 16.820422], [74.546696, 16.802965], [74.550569, 16.78091], [74.563156, 16.765285], [74.570104, 16.759549], [74.598674, 16.727891], [74.617327, 16.711064], [74.631317, 16.663368], [74.637534, 16.640911], [74.656965, 16.617745], [74.660074, 16.582631], [74.663182, 16.536253], [74.667846, 16.507427], [74.693494, 16.484217], [74.755671, 16.481403], [74.810075, 16.485624], [74.851267, 16.517974], [74.85904, 16.547499], [74.856708, 16.593869], [74.846604, 16.618447], [74.814739, 16.645122], [74.81163, 16.676698], [74.793754, 16.715271], [74.779764, 16.746115], [74.760334, 16.794456], [74.750016, 16.823151]], [[73.511169, 18.449279], [73.492288, 18.476015], [73.447749, 18.525846], [73.398369, 18.567507], [73.393528, 18.625446], [73.393528, 18.658929], [73.403211, 18.680644], [73.420639, 18.704163], [73.434194, 18.742146], [73.440004, 18.767461], [73.440972, 18.790964], [73.430321, 18.812655], [73.420639, 18.826209], [73.416766, 18.831631], [73.385782, 18.825306], [73.375132, 18.802714], [73.350926, 18.774693], [73.341244, 18.759325], [73.320911, 18.737625], [73.300578, 18.71773], [73.280245, 18.705972], [73.257007, 18.690595], [73.243452, 18.677025], [73.237642, 18.651691], [73.236674, 18.629971], [73.242484, 18.611869], [73.242484, 18.590142], [73.245388, 18.575656], [73.246357, 18.552112], [73.245388, 18.536715], [73.24442, 18.513163], [73.252166, 18.49595], [73.265721, 18.481452], [73.295737, 18.482358], [73.313165, 18.471484], [73.32672, 18.460609], [73.345117, 18.439762], [73.351894, 18.436136], [73.380941, 18.434323], [73.40902, 18.435229], [73.42548, 18.443387], [73.447749, 18.44792], [73.471955, 18.443387], [73.497129, 18.4452], [73.511169, 18.449279]], [[73.511169, 18.449279], [73.553771, 18.354977], [73.590564, 18.340463], [73.642849, 18.276941], [73.679642, 18.220652], [73.726117, 18.184322], [73.788084, 18.144346], [73.904272, 18.135259], [73.966239, 18.131624], [74.039825, 18.140712], [74.105665, 18.142529], [74.128903, 18.158884], [74.105665, 18.198855], [74.045635, 18.242444], [74.001096, 18.258786], [73.99335, 18.287833], [74.004969, 18.36042], [73.983668, 18.393069], [73.944938, 18.409391], [73.890717, 18.405764], [73.838432, 18.414831], [73.793893, 18.440215], [73.760973, 18.476468], [73.718371, 18.510899], [73.673832, 18.532639], [73.627357, 18.532639], [73.604119, 18.507275], [73.584755, 18.489154], [73.538279, 18.463781], [73.511169, 18.449279]], [[75.426338, 15.040415], [75.488305, 15.047876], [75.499924, 15.077715], [75.486368, 15.103818], [75.443766, 15.105682], [75.4031, 15.111275], [75.366307, 15.094496], [75.350815, 15.066526], [75.362434, 15.036684], [75.379862, 15.034819], [75.426338, 15.040415]], [[74.523943, 15.945331], [74.556863, 15.899046], [74.611084, 15.867562], [74.667241, 15.834216], [74.725336, 15.84348], [74.785366, 15.897194], [74.796985, 15.919414], [74.818286, 15.94348], [74.845397, 15.973094], [74.862825, 16.02305], [74.860888, 16.084078], [74.853143, 16.12105], [74.812477, 16.130291], [74.773747, 16.10996], [74.735018, 16.071136], [74.686606, 16.035998], [74.655623, 16.058191], [74.647877, 16.098869], [74.667241, 16.13214], [74.702098, 16.174639], [74.75051, 16.204195], [74.779557, 16.237436], [74.78343, 16.268823], [74.771811, 16.294664], [74.748573, 16.303892], [74.674987, 16.257746], [74.616893, 16.21897], [74.556863, 16.174639], [74.510387, 16.161706], [74.48134, 16.111808], [74.496832, 16.06189], [74.543307, 16.035998], [74.587846, 16.02305], [74.591719, 15.998999], [74.562672, 15.980496], [74.539434, 15.973094], [74.523943, 15.945331]], [[74.242186, 18.173421], [74.221853, 18.121627], [74.216044, 18.086177], [74.226694, 18.037074], [74.274138, 17.99978], [74.321582, 18.010696], [74.378707, 18.017974], [74.430024, 17.988862], [74.442611, 17.980673], [74.508451, 17.986132], [74.564609, 17.995231], [74.625607, 17.985223], [74.656591, 17.996141], [74.654654, 18.017064], [74.653686, 18.047078], [74.673051, 18.068902], [74.68467, 18.103449], [74.688543, 18.130715], [74.667241, 18.152524], [74.620766, 18.177963], [74.582037, 18.187955], [74.53653, 18.182505], [74.485213, 18.16797], [74.410659, 18.157976], [74.379676, 18.145255], [74.329327, 18.153433], [74.287693, 18.166153], [74.242186, 18.173421]], [[73.511169, 18.643094], [73.592501, 18.597838], [73.652531, 18.639474], [73.673832, 18.681096], [73.662213, 18.711851], [73.625421, 18.744406], [73.578945, 18.744406], [73.549898, 18.717277], [73.526661, 18.688333], [73.503423, 18.675668], [73.497614, 18.652143], [73.511169, 18.643094]], [[73.204238, 19.790152], [73.25265, 19.826007], [73.283634, 19.861852], [73.355283, 19.863644], [73.409504, 19.870812], [73.428869, 19.883354], [73.428869, 19.913809], [73.415314, 19.949628], [73.403695, 19.983647], [73.392076, 20.026605], [73.364965, 20.035552], [73.316554, 20.031973], [73.291379, 20.028394], [73.246841, 20.001548], [73.227476, 19.976486], [73.204238, 19.949628], [73.169382, 19.929929], [73.130652, 19.904852], [73.12097, 19.883354], [73.117097, 19.849307], [73.134525, 19.820629], [73.175191, 19.804495], [73.194556, 19.786565], [73.204238, 19.790152]], [[72.865356, 19.919182], [72.89634, 19.951419], [72.871165, 19.971115], [72.85761, 19.981857], [72.836309, 19.978276], [72.815008, 19.962162], [72.79758, 19.947837], [72.79177, 19.920973], [72.79758, 19.899478], [72.822754, 19.892312], [72.838246, 19.894104], [72.859547, 19.913809], [72.865356, 19.919182]]], [[[72.888594, 23.455957], [72.921514, 23.445072], [72.946688, 23.429395], [72.98929, 23.418943], [73.012528, 23.417201], [73.037702, 23.399779], [73.049321, 23.384096], [73.068685, 23.361441], [73.095796, 23.345754], [73.115161, 23.338782], [73.130652, 23.317862], [73.144208, 23.295195], [73.163572, 23.272524], [73.18681, 23.249849], [73.175191, 23.228915], [73.161636, 23.225425], [73.119034, 23.228915], [73.099669, 23.214957], [73.082241, 23.194017], [73.064812, 23.197507], [73.041575, 23.220191], [73.020274, 23.207977], [73.024147, 23.176564], [72.998973, 23.153872], [72.940878, 23.135105], [72.938942, 23.166528], [72.925387, 23.215393], [72.917641, 23.236329], [72.869229, 23.269472], [72.851801, 23.295631], [72.851801, 23.342704], [72.861483, 23.394987], [72.86342, 23.417636], [72.888594, 23.455957]]], [[[71.719172, 22.25053], [71.71945, 22.250791], [71.770766, 22.278038], [71.815305, 22.295614], [71.861781, 22.31758], [71.921811, 22.352718], [71.983778, 22.401018], [72.024444, 22.452809], [72.045745, 22.504579], [72.056396, 22.554575], [72.073824, 22.595784], [72.096093, 22.633475], [72.095125, 22.678164], [72.087379, 22.745605], [72.070919, 22.794631], [72.060269, 22.850637], [72.050586, 22.898748], [72.037031, 22.947716], [72.019603, 22.999286], [72.017666, 23.036858], [72.019603, 23.124192], [72.018635, 23.233276], [72.023476, 23.321349], [72.023476, 23.37974], [72.029285, 23.423298], [72.04172, 23.45859], [72.050102, 23.440282], [72.086895, 23.403699], [72.119815, 23.396729], [72.177909, 23.400214], [72.239876, 23.396729], [72.266987, 23.394987], [72.299907, 23.36362], [72.299907, 23.337474], [72.284415, 23.318298], [72.261177, 23.290399], [72.245686, 23.264239], [72.23794, 23.227606], [72.259241, 23.203178], [72.272796, 23.170019], [72.27086, 23.129867], [72.280542, 23.077476], [72.290224, 23.049525], [72.307653, 23.030305], [72.33089, 23.025063], [72.358001, 23.037295], [72.394794, 23.061754], [72.419968, 23.060007], [72.464507, 23.042536], [72.489681, 23.053019], [72.514855, 23.075729], [72.543902, 23.107166], [72.56133, 23.135105], [72.598123, 23.140342], [72.621361, 23.108913], [72.654281, 23.073982], [72.677518, 23.061754], [72.710438, 23.054766], [72.73174, 23.054766], [72.751104, 23.023316], [72.756914, 23.011083], [72.79177, 22.991857], [72.86342, 22.99011], [72.906666, 22.997545], [72.920545, 22.968696], [72.927323, 22.951212], [72.941847, 22.946841], [72.955402, 22.949464], [72.983481, 22.963451], [73.018337, 22.971318], [73.067717, 22.968696], [73.130652, 22.966948], [73.168414, 22.966948], [73.201334, 22.987925], [73.220698, 23.015889], [73.249745, 23.036858], [73.279761, 23.034237], [73.294284, 23.026374], [73.324299, 23.013267], [73.316554, 22.996664], [73.298157, 22.976562], [73.30203, 22.952961], [73.328172, 22.927606], [73.35141, 22.90487], [73.377552, 22.875132], [73.432742, 22.860261], [73.480185, 22.857636], [73.531502, 22.86726], [73.566358, 22.890002], [73.609929, 22.911866], [73.654468, 22.935475], [73.694165, 22.963451], [73.732895, 22.978311], [73.770656, 22.982681], [73.823909, 22.981807], [73.881035, 22.979185], [73.915891, 22.978311], [73.912018, 22.960829], [73.914923, 22.925857], [73.943002, 22.897874], [73.98754, 22.858511], [73.969144, 22.836638], [73.950748, 22.823512], [73.929446, 22.806009], [73.914923, 22.784127], [73.910082, 22.761365], [73.896526, 22.743854], [73.875225, 22.728967], [73.854892, 22.719333], [73.834559, 22.708823], [73.802608, 22.695684], [73.789052, 22.675535], [73.777433, 22.62734], [73.76291, 22.610687], [73.736768, 22.586141], [73.691261, 22.55019], [73.676737, 22.517738], [73.675769, 22.459391], [73.677705, 22.411553], [73.704816, 22.385213], [73.744513, 22.35184], [73.733863, 22.314066], [73.730958, 22.283311], [73.732411, 22.234967], [73.73822, 22.182207], [73.698522, 22.216504], [73.656888, 22.229692], [73.588144, 22.228813], [73.531986, 22.233209], [73.512621, 22.258702], [73.50778, 22.321973], [73.50778, 22.377309], [73.496161, 22.412431], [73.440972, 22.468606], [73.40902, 22.490542], [73.395949, 22.530895], [73.380457, 22.560713], [73.361092, 22.587018], [73.343664, 22.602798], [73.330109, 22.590524], [73.316554, 22.57825], [73.291379, 22.55896], [73.272015, 22.532649], [73.26088, 22.483523], [73.214405, 22.482645], [73.161152, 22.436133], [73.130168, 22.408041], [73.111772, 22.377309], [73.109835, 22.339543], [73.099185, 22.31143], [73.072074, 22.274523], [73.044964, 22.273644], [73.018821, 22.30528], [73.016885, 22.344813], [73.012044, 22.369406], [72.996552, 22.375553], [72.956854, 22.35184], [72.928775, 22.356232], [72.909411, 22.37204], [72.891983, 22.393115], [72.893919, 22.416821], [72.92103, 22.451931], [72.939426, 22.482645], [72.955886, 22.502825], [72.961695, 22.529141], [72.939426, 22.543174], [72.89876, 22.546682], [72.875523, 22.543174], [72.858094, 22.559836], [72.852285, 22.584387], [72.820333, 22.594031], [72.792254, 22.594031], [72.774826, 22.583511], [72.761271, 22.565098], [72.753525, 22.533527], [72.754493, 22.500193], [72.758366, 22.465095], [72.735613, 22.472993], [72.718184, 22.483523], [72.700756, 22.497561], [72.685264, 22.487032], [72.663963, 22.483523], [72.644599, 22.487032], [72.629107, 22.508089], [72.609742, 22.537912], [72.582631, 22.553698], [72.56714, 22.54142], [72.545839, 22.516861], [72.53422, 22.488787], [72.509046, 22.453687], [72.483871, 22.432622], [72.472253, 22.406285], [72.472253, 22.378188], [72.470316, 22.350083], [72.458697, 22.320216], [72.437396, 22.295614], [72.426746, 22.248154], [72.42898, 22.186654], [72.409802, 22.162856], [72.384627, 22.150541], [72.357517, 22.15406], [72.326533, 22.175171], [72.309831, 22.186605], [72.309797, 22.226178], [72.301359, 22.273644], [72.278122, 22.296493], [72.220027, 22.319337], [72.22971, 22.30528], [72.241329, 22.277159], [72.241329, 22.243758], [72.237456, 22.219141], [72.216155, 22.192761], [72.181298, 22.173412], [72.177425, 22.150541], [72.175489, 22.104786], [72.16387, 22.055494], [72.134823, 22.041407], [72.082538, 22.007944], [72.037763, 21.962015], [72.000238, 21.921603], [71.964705, 21.940347], [71.911855, 21.970098], [71.821698, 21.999834], [71.759521, 22.042472], [71.702008, 22.067008], [71.610297, 22.051513], [71.565219, 22.065717], [71.529467, 22.118629], [71.470399, 22.15087], [71.482834, 22.192112], [71.569882, 22.195977], [71.650712, 22.214011], [71.719172, 22.25053]]], [[[74.253395, 22.524113], [74.240492, 22.552821], [74.226937, 22.568605], [74.197889, 22.593154], [74.176588, 22.638733], [74.178525, 22.668526], [74.168842, 22.684296], [74.163033, 22.70532], [74.166906, 22.735097], [74.15916, 22.761365], [74.145605, 22.784127], [74.124304, 22.812135], [74.112685, 22.838388], [74.09332, 22.854137], [74.070082, 22.871633], [74.072019, 22.90487], [74.067178, 22.935475], [74.063305, 22.967822], [74.101066, 22.985303], [74.128177, 23.008024], [74.151414, 23.020258], [74.196274, 23.054952], [74.203941, 23.030742], [74.223306, 23.002781], [74.289146, 22.962577], [74.283336, 22.929355], [74.283336, 22.88213], [74.279463, 22.834888], [74.310447, 22.801633], [74.356922, 22.768369], [74.376287, 22.736848], [74.376287, 22.680792], [74.370477, 22.628217], [74.343367, 22.577373], [74.318193, 22.556329], [74.27559, 22.531772], [74.253395, 22.524113]]], [[[73.369807, 23.390195], [73.381425, 23.389324], [73.394981, 23.392809], [73.413377, 23.394551], [73.427901, 23.384968], [73.432742, 23.371898], [73.436615, 23.357955], [73.448234, 23.344011], [73.458884, 23.323964], [73.465662, 23.319605], [73.481154, 23.289092], [73.482122, 23.276012], [73.474376, 23.260315], [73.459852, 23.251593], [73.451138, 23.251593], [73.409504, 23.260315], [73.395949, 23.257698], [73.383362, 23.24636], [73.371743, 23.244616], [73.350442, 23.251593], [73.329141, 23.274268], [73.310744, 23.294323], [73.284602, 23.310888], [73.271047, 23.332681], [73.272983, 23.364927], [73.296221, 23.388453], [73.313649, 23.398907], [73.345601, 23.402392], [73.369807, 23.390195]]], [[[75.392871, 18.601596], [75.340522, 18.614064], [75.306325, 18.625656], [75.275236, 18.648152], [75.246479, 18.654286], [75.233267, 18.659738], [75.220054, 18.709466], [75.187853, 18.761795], [75.196833, 18.798121], [75.233905, 18.810809], [75.269741, 18.814269], [75.291985, 18.850018], [75.319171, 18.869618], [75.380958, 18.856936], [75.437802, 18.852324], [75.460045, 18.829262], [75.448924, 18.807349], [75.43533, 18.780818], [75.455102, 18.757742], [75.477346, 18.756588], [75.516889, 18.76005], [75.541604, 18.738124], [75.553962, 18.693107], [75.540368, 18.671169], [75.517228, 18.65872], [75.482557, 18.621224], [75.439811, 18.594967], [75.392871, 18.601596]]]]}}, {"type": "Feature", "properties": {"POLY_ID": 16, "STATE_NAME": "Punjab", "NATIVE": 0}, "geometry": {"type": "MultiPolygon", "coordinates": [[[[75.964756, 32.44113], [75.976325, 32.403267], [76.000531, 32.352606], [76.016023, 32.317461], [76.025705, 32.306834], [76.039261, 32.297024], [76.066371, 32.282308], [76.083799, 32.270861], [76.108974, 32.265955], [76.141894, 32.247147], [76.158354, 32.23488], [76.173845, 32.217704], [76.192242, 32.200526], [76.206765, 32.183347], [76.214511, 32.171074], [76.230003, 32.161256], [76.240654, 32.157983], [76.262923, 32.157983], [76.272605, 32.161256], [76.283256, 32.171892], [76.29197, 32.184983], [76.299716, 32.197254], [76.32489, 32.217704], [76.342318, 32.232426], [76.356842, 32.24224], [76.37427, 32.252871], [76.392666, 32.265137], [76.412031, 32.276585], [76.428491, 32.285578], [76.466252, 32.293754], [76.483681, 32.290484], [76.514664, 32.288849], [76.547584, 32.279855], [76.570822, 32.266773], [76.591155, 32.2496], [76.610519, 32.23079], [76.619233, 32.218522], [76.629884, 32.206252], [76.642471, 32.1948], [76.652153, 32.183347], [76.658931, 32.171892], [76.666677, 32.153073], [76.677328, 32.123612], [76.686042, 32.114609], [76.70347, 32.105606], [76.720898, 32.107243], [76.750913, 32.109698], [76.766405, 32.112972], [76.788675, 32.122794], [76.81869, 32.122794], [76.842896, 32.117883], [76.870975, 32.10888], [76.904863, 32.099876], [76.921323, 32.099876], [76.95037, 32.098239], [76.959084, 32.099876], [76.96683, 32.10888], [76.974576, 32.120339], [76.986194, 32.135888], [76.992972, 32.1498], [76.994909, 32.16371], [76.994909, 32.188255], [76.992004, 32.200526], [76.986194, 32.226701], [76.980385, 32.238151], [76.971671, 32.2496], [76.96102, 32.261049], [76.948433, 32.275767], [76.937783, 32.285578], [76.931005, 32.301929], [76.921323, 32.320731], [76.916482, 32.331356], [76.916482, 32.343616], [76.922291, 32.361596], [76.931489, 32.386926], [76.939235, 32.408986], [76.933426, 32.44166], [76.935362, 32.457995], [76.934394, 32.484127], [76.932457, 32.501274], [76.933426, 32.51597], [76.937299, 32.529031], [76.940203, 32.54046], [76.943108, 32.555968], [76.947949, 32.569843], [76.957632, 32.580452], [76.971187, 32.589428], [76.984742, 32.595956], [77.001202, 32.609012], [77.014757, 32.617986], [77.030249, 32.627777], [77.047677, 32.637566], [77.063169, 32.648171], [77.082534, 32.668563], [77.09028, 32.676718], [77.095121, 32.684058], [77.10093, 32.692214], [77.110613, 32.706076], [77.115454, 32.715861], [77.124168, 32.733798], [77.129977, 32.750918], [77.13143, 32.791673], [77.13143, 32.821824], [77.136271, 32.840768], [77.14208, 32.859302], [77.145953, 32.872336], [77.156604, 32.894328], [77.15854, 32.915096], [77.16677, 32.939118], [77.174001, 32.962203], [77.276423, 32.911431], [77.35485, 32.877224], [77.411008, 32.847897], [77.458451, 32.825084], [77.501053, 32.833232], [77.545592, 32.854414], [77.57948, 32.855229], [77.613369, 32.831602], [77.653066, 32.803897], [77.689859, 32.82101], [77.728589, 32.8536], [77.785715, 32.903287], [77.845745, 32.924461], [77.897062, 32.907359], [77.933854, 32.870707], [77.94741, 32.818565], [77.950314, 32.774557], [78.012282, 32.733798], [78.039392, 32.688952], [78.028742, 32.635935], [78.005504, 32.596772], [78.002599, 32.554336], [78.052947, 32.524133], [78.108137, 32.530664], [78.142025, 32.548622], [78.173009, 32.582084], [78.21077, 32.613907], [78.238849, 32.642461], [78.29307, 32.6653], [78.345354, 32.664484], [78.394734, 32.635935], [78.439273, 32.59106], [78.478971, 32.537195], [78.525446, 32.469428], [78.494463, 32.450644], [78.465415, 32.413887], [78.455733, 32.377939], [78.482844, 32.34852], [78.510923, 32.316643], [78.518668, 32.288849], [78.499304, 32.252054], [78.478971, 32.221793], [78.474614, 32.171074], [78.526898, 32.153891], [78.573374, 32.13016], [78.599516, 32.095783], [78.634373, 32.049117], [78.659547, 32.015542], [78.70699, 31.97131], [78.716187, 31.962369], [78.694645, 31.945092], [78.674312, 31.927884], [78.653011, 31.904938], [78.64236, 31.898381], [78.622028, 31.886906], [78.607504, 31.872151], [78.587171, 31.860674], [78.571679, 31.850836], [78.542632, 31.831158], [78.526172, 31.820498], [78.503903, 31.810657], [78.481633, 31.802456], [78.445809, 31.795075], [78.409016, 31.786053], [78.387715, 31.783592], [78.373191, 31.780311], [78.340271, 31.765546], [78.317033, 31.75242], [78.303478, 31.738473], [78.28605, 31.71796], [78.274431, 31.697445], [78.268622, 31.685134], [78.259908, 31.668718], [78.240543, 31.641628], [78.226504, 31.630955], [78.214885, 31.625208], [78.189711, 31.618639], [78.169378, 31.614533], [78.142267, 31.612891], [78.119029, 31.612891], [78.09676, 31.612891], [78.058999, 31.610428], [78.034793, 31.604679], [78.008651, 31.595646], [78.005746, 31.580863], [78.005746, 31.571007], [78.013492, 31.561972], [78.024142, 31.553758], [78.034793, 31.547186], [78.051253, 31.53322], [78.057062, 31.520075], [78.059967, 31.505285], [78.060935, 31.489672], [78.057062, 31.476522], [78.044475, 31.461728], [78.033825, 31.45022], [78.001873, 31.441178], [77.982508, 31.439534], [77.958302, 31.442], [77.916668, 31.451042], [77.903113, 31.456796], [77.864384, 31.468303], [77.814035, 31.4757], [77.791766, 31.4757], [77.763687, 31.474879], [77.741418, 31.471591], [77.724958, 31.465016], [77.704625, 31.455152], [77.684292, 31.443644], [77.6688, 31.432957], [77.657181, 31.423914], [77.649435, 31.406648], [77.650404, 31.386913], [77.650404, 31.370465], [77.650404, 31.344967], [77.649435, 31.324402], [77.653308, 31.306302], [77.661054, 31.285731], [77.661054, 31.273387], [77.661054, 31.251165], [77.655245, 31.226471], [77.649435, 31.210006], [77.639753, 31.197656], [77.627166, 31.182011], [77.607801, 31.163894], [77.595214, 31.152363], [77.581659, 31.146598], [77.562294, 31.134243], [77.552612, 31.128477], [77.538088, 31.1293], [77.510978, 31.127653], [77.502264, 31.119415], [77.488708, 31.116944], [77.464503, 31.112001], [77.446106, 31.102114], [77.424805, 31.099643], [77.397694, 31.099643], [77.366711, 31.107882], [77.344441, 31.123534], [77.31249, 31.150716], [77.299903, 31.164717], [77.27376, 31.178717], [77.262141, 31.189422], [77.253427, 31.212475], [77.253427, 31.256927], [77.255364, 31.270095], [77.259237, 31.305479], [77.26311, 31.31782], [77.266983, 31.326047], [77.272792, 31.357305], [77.27376, 31.37211], [77.269887, 31.385268], [77.266014, 31.391024], [77.254396, 31.399248], [77.243745, 31.405003], [77.233094, 31.419803], [77.227285, 31.45433], [77.225349, 31.496246], [77.219539, 31.50775], [77.21373, 31.519253], [77.203079, 31.534864], [77.193397, 31.546365], [77.175969, 31.556222], [77.145953, 31.560329], [77.120779, 31.557044], [77.100446, 31.551294], [77.084954, 31.551294], [77.067526, 31.554579], [77.058812, 31.563615], [77.042352, 31.581685], [77.028797, 31.597289], [77.01621, 31.607143], [76.996845, 31.61946], [76.976512, 31.624386], [76.951338, 31.639165], [76.932942, 31.658868], [76.91745, 31.684313], [76.899053, 31.713037], [76.877752, 31.734371], [76.839991, 31.749139], [76.783833, 31.754882], [76.744136, 31.749959], [76.691851, 31.754061], [76.629884, 31.755702], [76.605678, 31.745037], [76.586313, 31.728627], [76.581472, 31.701548], [76.595028, 31.682672], [76.61536, 31.668718], [76.622138, 31.638344], [76.612456, 31.624386], [76.586313, 31.603037], [76.565012, 31.579221], [76.55533, 31.515967], [76.559203, 31.492959], [76.566949, 31.460906], [76.580504, 31.445288], [76.599869, 31.420625], [76.601805, 31.387735], [76.613424, 31.35566], [76.617297, 31.292314], [76.607615, 31.276679], [76.596964, 31.260219], [76.58825, 31.241288], [76.587282, 31.218238], [76.589218, 31.191892], [76.601805, 31.167188], [76.611488, 31.144127], [76.611488, 31.123534], [76.594059, 31.114472], [76.566949, 31.106234], [76.528219, 31.107058], [76.48949, 31.114472], [76.45657, 31.126829], [76.429459, 31.130948], [76.413968, 31.108705], [76.422682, 31.08646], [76.432364, 31.060914], [76.449792, 31.03454], [76.467221, 31.002391], [76.485617, 30.970234], [76.508855, 30.946319], [76.544679, 30.924874], [76.554362, 30.913326], [76.54952, 30.890226], [76.53887, 30.860521], [76.544679, 30.811], [76.55533, 30.796141], [76.583409, 30.782105], [76.597932, 30.76394], [76.632789, 30.737514], [76.675875, 30.708605], [76.687494, 30.688778], [76.717509, 30.66647], [76.740747, 30.642506], [76.747525, 30.602006], [76.769794, 30.582166], [76.797873, 30.562322], [76.797873, 30.536687], [76.813365, 30.504431], [76.836602, 30.478786], [76.866617, 30.470512], [76.927616, 30.484577], [76.961504, 30.49864], [76.990067, 30.516838], [77.014273, 30.501949], [77.051066, 30.464721], [77.073336, 30.431621], [77.087859, 30.407619], [77.093669, 30.346354], [77.116906, 30.305774], [77.123684, 30.241981], [77.137239, 30.220435], [77.173064, 30.18728], [77.21373, 30.152459], [77.27376, 30.147484], [77.320236, 30.160751], [77.383171, 30.167383], [77.418996, 30.145826], [77.448043, 30.116801], [77.474459, 30.094082], [77.451189, 30.060394], [77.439283, 30.044697], [77.398663, 30.055416], [77.369616, 30.07118], [77.346378, 30.084453], [77.318299, 30.0886], [77.294093, 30.083623], [77.264078, 30.065372], [77.249554, 30.0438], [77.244713, 30.022224], [77.2573, 30.000645], [77.27376, 29.986534], [77.285379, 29.973252], [77.287316, 29.946684], [77.292157, 29.930907], [77.303776, 29.913468], [77.311288, 29.900237], [77.305954, 29.884397], [77.286589, 29.843688], [77.26432, 29.811279], [77.250765, 29.788838], [77.226559, 29.756417], [77.19848, 29.725652], [77.176211, 29.690721], [77.155878, 29.624996], [77.143291, 29.597532], [77.128767, 29.560905], [77.115212, 29.525935], [77.121989, 29.446804], [77.105529, 29.428473], [77.090038, 29.401805], [77.076482, 29.35846], [77.081324, 29.322607], [77.101657, 29.267559], [77.09972, 29.25421], [77.088101, 29.225841], [77.080355, 29.195798], [77.073578, 29.172426], [77.092942, 29.144876], [77.107466, 29.107299], [77.103593, 29.082242], [77.095847, 29.042978], [77.076482, 29.003702], [77.071641, 28.9594], [77.091006, 28.932645], [77.107466, 28.907558], [77.121989, 28.87912], [77.128767, 28.834779], [77.126831, 28.764475], [77.139418, 28.727635], [77.155878, 28.705024], [77.155878, 28.693507], [77.155878, 28.684922], [77.097784, 28.681571], [77.031944, 28.676545], [76.975786, 28.66733], [76.921565, 28.659791], [76.879931, 28.647223], [76.854757, 28.624599], [76.849915, 28.60281], [76.867344, 28.575988], [76.889613, 28.544129], [76.894454, 28.518135], [76.89155, 28.48878], [76.883804, 28.459419], [76.860566, 28.434247], [76.821837, 28.408232], [76.798599, 28.392285], [76.795694, 28.372139], [76.815059, 28.352829], [76.860566, 28.341074], [76.916724, 28.330998], [76.969008, 28.331838], [76.998055, 28.3226], [77.031944, 28.309163], [77.090038, 28.292365], [77.149826, 28.311683], [77.190976, 28.32386], [77.220023, 28.326799], [77.259237, 28.334357], [77.29845, 28.359546], [77.322656, 28.327639], [77.371068, 28.235235], [77.418511, 28.179764], [77.440781, 28.15202], [77.441749, 28.103245], [77.434003, 28.029208], [77.426257, 27.986283], [77.436908, 27.953448], [77.472733, 27.92566], [77.495002, 27.893653], [77.496938, 27.86838], [77.471764, 27.826248], [77.442717, 27.781574], [77.41948, 27.745318], [77.390433, 27.700618], [77.37721, 27.673517], [77.332671, 27.680266], [77.28426, 27.678579], [77.230038, 27.678579], [77.187436, 27.675204], [77.137088, 27.651579], [77.11966, 27.639765], [77.094486, 27.619509], [77.077057, 27.606004], [77.059629, 27.589121], [77.044137, 27.572236], [77.036391, 27.558726], [77.022836, 27.546904], [77.007344, 27.535081], [76.978297, 27.523257], [76.956996, 27.521567], [76.920203, 27.521567], [76.906648, 27.528324], [76.893093, 27.540148], [76.877601, 27.555348], [76.871791, 27.570547], [76.867919, 27.587433], [76.862109, 27.604316], [76.867919, 27.639765], [76.875664, 27.661704], [76.879537, 27.676891], [76.885347, 27.688702], [76.902775, 27.712321], [76.908584, 27.720756], [76.91633, 27.72919], [76.920203, 27.737623], [76.926013, 27.810129], [76.926013, 27.864062], [76.924076, 27.955027], [76.924076, 27.987019], [76.910521, 28.007221], [76.887283, 28.024054], [76.877601, 28.024054], [76.846617, 28.035835], [76.831126, 28.034152], [76.811761, 28.024054], [76.796269, 28.015638], [76.776904, 28.003854], [76.753667, 27.978601], [76.736239, 27.971866], [76.711064, 27.966815], [76.68589, 27.965131], [76.656843, 27.960079], [76.649097, 27.956711], [76.631511, 27.931684], [76.600111, 27.923133], [76.566223, 27.918501], [76.531366, 27.925238], [76.512001, 27.939555], [76.486343, 27.950922], [76.46126, 27.956711], [76.46126, 27.971866], [76.457387, 28.002171], [76.456419, 28.04425], [76.433181, 28.062761], [76.390579, 28.067809], [76.391698, 28.088104], [76.402349, 28.103245], [76.418809, 28.11502], [76.436237, 28.135203], [76.460443, 28.157065], [76.454633, 28.175561], [76.436237, 28.197416], [76.415904, 28.22347], [76.382984, 28.242798], [76.345223, 28.255401], [76.305525, 28.258762], [76.326826, 28.277244], [76.334572, 28.304124], [76.338445, 28.325959], [76.354905, 28.349471], [76.375238, 28.371299], [76.39073, 28.388088], [76.40719, 28.409072], [76.412031, 28.430891], [76.406222, 28.45858], [76.403317, 28.487102], [76.388793, 28.51478], [76.373302, 28.540776], [76.349096, 28.561736], [76.330699, 28.575149], [76.289065, 28.569281], [76.216448, 28.572634], [76.162227, 28.573473], [76.117688, 28.570958], [76.082831, 28.548322], [76.052816, 28.522328], [76.031515, 28.498845], [75.998595, 28.48123], [75.972452, 28.463614], [75.93566, 28.444317], [75.90274, 28.424178], [75.871756, 28.402357], [75.841741, 28.388088], [75.800107, 28.373818], [75.777837, 28.383891], [75.743949, 28.400679], [75.707156, 28.409072], [75.675204, 28.42166], [75.649062, 28.43173], [75.612269, 28.445156], [75.596626, 28.450924], [75.579198, 28.491191], [75.575325, 28.51803], [75.559833, 28.538155], [75.532722, 28.571691], [75.519167, 28.590133], [75.497866, 28.620305], [75.470755, 28.657173], [75.449454, 28.682304], [75.441708, 28.709106], [75.451391, 28.747626], [75.4572, 28.797853], [75.464946, 28.816265], [75.474628, 28.833001], [75.488184, 28.851408], [75.486247, 28.869814], [75.478501, 28.891562], [75.4572, 28.911635], [75.433962, 28.925015], [75.39136, 28.940066], [75.368123, 28.955116], [75.356504, 28.965148], [75.354567, 28.993568], [75.352631, 29.021983], [75.342948, 29.035353], [75.321647, 29.052064], [75.302283, 29.065431], [75.269363, 29.068772], [75.222887, 29.060418], [75.16092, 29.052064], [75.122191, 29.050393], [75.083461, 29.068772], [75.046669, 29.095502], [74.999225, 29.123896], [74.923703, 29.158965], [74.875291, 29.17733], [74.823006, 29.172322], [74.766849, 29.165643], [74.699072, 29.160634], [74.629359, 29.172322], [74.59063, 29.187347], [74.569329, 29.219061], [74.548027, 29.27246], [74.549964, 29.322502], [74.573202, 29.355855], [74.600312, 29.395867], [74.627423, 29.439201], [74.627423, 29.474193], [74.600312, 29.502513], [74.563519, 29.50751], [74.520917, 29.48752], [74.480251, 29.480857], [74.457013, 29.500847], [74.45895, 29.537489], [74.482187, 29.58744], [74.507362, 29.627388], [74.52479, 29.662334], [74.528663, 29.697271], [74.526726, 29.720558], [74.503489, 29.745504], [74.460886, 29.76047], [74.395046, 29.753819], [74.35438, 29.752156], [74.329206, 29.755482], [74.28854, 29.765458], [74.257557, 29.772109], [74.197526, 29.777097], [74.166543, 29.773771], [74.131686, 29.757144], [74.094894, 29.730537], [74.071656, 29.718895], [74.034863, 29.702262], [73.992261, 29.688954], [73.943849, 29.68729], [73.910929, 29.702262], [73.887691, 29.715568], [73.86639, 29.740515], [73.870263, 29.763795], [73.870263, 29.798709], [73.887691, 29.823641], [73.930294, 29.850232], [73.949658, 29.901736], [73.961277, 29.949902], [73.957404, 30.011331], [73.911897, 29.98477], [73.88285, 29.961526], [73.844121, 29.939938], [73.809264, 29.918347], [73.739551, 29.898414], [73.702758, 29.898414], [73.665965, 29.898414], [73.623363, 29.896753], [73.563332, 29.873494], [73.522667, 29.863525], [73.497493, 29.846908], [73.478128, 29.823641], [73.445208, 29.800371], [73.416161, 29.782084], [73.379368, 29.745504], [73.360003, 29.728874], [73.348384, 29.707252], [73.354194, 29.682299], [73.360003, 29.645694], [73.360003, 29.620908], [73.360003, 29.602422], [73.346448, 29.54415], [73.346448, 29.499181], [73.325147, 29.465862], [73.317401, 29.447533], [73.2961, 29.410869], [73.280608, 29.387532], [73.265116, 29.369193], [73.243815, 29.337512], [73.232196, 29.299151], [73.220577, 29.27246], [73.19734, 29.23575], [73.146023, 29.172322], [73.120849, 29.127237], [73.101484, 29.097172], [73.087929, 29.078796], [73.058882, 29.047051], [73.027899, 29.008612], [72.991106, 28.961804], [72.954313, 28.936721], [72.933012, 28.908289], [72.894282, 28.866467], [72.834252, 28.838021], [72.783903, 28.811244], [72.718063, 28.784461], [72.661906, 28.747626], [72.586383, 28.709106], [72.524416, 28.692356], [72.45664, 28.662199], [72.381118, 28.603543], [72.328833, 28.531447], [72.295913, 28.472737], [72.288167, 28.437499], [72.25912, 28.370355], [72.232009, 28.311578], [72.218454, 28.262858], [72.171011, 28.185543], [72.132281, 28.158641], [72.066441, 28.116596], [72.023839, 28.071174], [71.981237, 28.005538], [71.930888, 27.924712], [71.903778, 27.870802], [71.897968, 27.818557], [71.813732, 27.757861], [71.751765, 27.719069], [71.629767, 27.703887], [71.486468, 27.700512], [71.364471, 27.683641], [71.219236, 27.64314], [71.147586, 27.617821], [71.062381, 27.590809], [70.979113, 27.558726], [70.884226, 27.557037], [70.808704, 27.57899], [70.756419, 27.616133], [70.71769, 27.676891], [70.671215, 27.761234], [70.647977, 27.840469], [70.597629, 27.859007], [70.485313, 27.877542], [70.405918, 27.835413], [70.357506, 27.789899], [70.283921, 27.737623], [70.277115, 27.732997], [70.195219, 27.76449], [70.05192, 27.80327], [69.935732, 27.895959], [69.815671, 28.042451], [69.813735, 28.111435], [69.792433, 28.230813], [69.699483, 28.331617], [69.591041, 28.345052], [69.494217, 28.392065], [69.449678, 28.393744], [69.39933, 28.360165], [69.356728, 28.355128], [69.282174, 28.403816], [69.266682, 28.472621], [69.384806, 28.522946], [69.489376, 28.742487], [69.442901, 28.765929], [69.468075, 28.834559], [69.533915, 28.883083], [69.588136, 28.960017], [69.67915, 29.00014], [69.730466, 29.203925], [69.643325, 29.173876], [69.610405, 29.240642], [69.643325, 29.292364], [69.556184, 29.352405], [69.523264, 29.315716], [69.556184, 29.537374], [69.612342, 29.58899], [69.678182, 29.579001], [69.767259, 29.612294], [69.889257, 29.737075], [69.947351, 29.825189], [69.999636, 29.928198], [70.05773, 30.062665], [70.075158, 30.130682], [70.152617, 30.162191], [70.104205, 30.190378], [70.022873, 30.145608], [69.99189, 30.221874], [69.988017, 30.327918], [70.080967, 30.476914], [70.077094, 30.562932], [70.11776, 30.629066], [70.181664, 30.650553], [70.202965, 30.708388], [70.274614, 30.723256], [70.264932, 30.761246], [70.228139, 30.771155], [70.243631, 30.927957], [70.21279, 30.942287], [70.237821, 30.9527], [70.232012, 31.0335], [70.365629, 31.061522], [70.377247, 31.127437], [70.493436, 31.191676], [70.594132, 31.196616], [70.787779, 31.180148], [70.857492, 31.320072], [70.867174, 31.438496], [70.87492, 31.543685], [70.994013, 31.688201], [71.028869, 31.739078], [71.050171, 31.7965], [71.069535, 31.878494], [71.108265, 31.921113], [71.123757, 32.003041], [71.15474, 32.05054], [71.197342, 32.114394], [71.298039, 32.232211], [71.350323, 32.24039], [71.350323, 32.367918], [71.329022, 32.402235], [71.280611, 32.371187], [71.239945, 32.379358], [71.255436, 32.425109], [71.280611, 32.465947], [71.261246, 32.493711], [71.205088, 32.474114], [71.174105, 32.462681], [71.117947, 32.665086], [71.156676, 32.689553], [71.176041, 32.800423], [71.238008, 32.859089], [71.321276, 32.880268], [71.342578, 32.85583], [71.439401, 32.880268], [71.507178, 32.911217], [71.514923, 32.917732], [71.458766, 32.940532], [71.406481, 33.08052], [71.586573, 33.087028], [71.640794, 32.938904], [71.70857, 32.904702], [71.733745, 32.912846], [71.718253, 32.974727], [71.74149, 33.010541], [71.766665, 33.064248], [71.724062, 33.114684], [71.695015, 33.143963], [71.706634, 33.163478], [71.725999, 33.191122], [71.720189, 33.217135], [71.749236, 33.239893], [71.822822, 33.272399], [71.859615, 33.277275], [71.88963, 33.321146], [71.930296, 33.355261], [71.959343, 33.395864], [71.969026, 33.423468], [71.96128, 33.44295], [71.972899, 33.459184], [71.982581, 33.47704], [71.984517, 33.525726], [71.9942, 33.550064], [72.015501, 33.574398], [72.023247, 33.613325], [72.06004, 33.650622], [72.12588, 33.666836], [72.18591, 33.653865], [72.22464, 33.650622], [72.245941, 33.653865], [72.247877, 33.715466], [72.25175, 33.760842], [72.25756, 33.786766], [72.309844, 33.806206], [72.362129, 33.830503], [72.414414, 33.858035], [72.474444, 33.879086], [72.540284, 33.864513], [72.565458, 33.819165], [72.625489, 33.812685], [72.654536, 33.799726], [72.615807, 33.760842], [72.665187, 33.737346], [72.690361, 33.75274], [72.731995, 33.791626], [72.775565, 33.808636], [72.785248, 33.782716], [72.80074, 33.761652], [72.837532, 33.738966], [72.823009, 33.708173], [72.855929, 33.683047], [72.874325, 33.666025], [72.828818, 33.641704], [72.853024, 33.633596], [72.902404, 33.624677], [72.944038, 33.612514], [73.012783, 33.631164], [73.102829, 33.667646], [73.217081, 33.696016], [73.318745, 33.673321], [73.34634, 33.781906], [73.368609, 33.824834], [73.389911, 33.858845], [73.458655, 33.887991], [73.516749, 33.879086], [73.558511, 33.869163], [73.561063, 33.864118], [73.599793, 33.803381], [73.617221, 33.652659], [73.625935, 33.589413], [73.62884, 33.520462], [73.632713, 33.44499], [73.65595, 33.417389], [73.652077, 33.377604], [73.643363, 33.338621], [73.632713, 33.250062], [73.637554, 33.196416], [73.651109, 33.135434], [73.677251, 33.076869], [73.69468, 33.048392], [73.709203, 33.038628], [73.687902, 33.002005], [73.681124, 32.968631], [73.700489, 32.922221], [73.746964, 32.916521], [73.788598, 32.885573], [73.83701, 32.865208], [73.899945, 32.857877], [73.953198, 32.853803], [74.002578, 32.83425], [74.052927, 32.81062], [74.124092, 32.775576], [74.176377, 32.754383], [74.218011, 32.717696], [74.25674, 32.696495], [74.312898, 32.672844], [74.351627, 32.651638], [74.409721, 32.638586], [74.451355, 32.626349], [74.5201, 32.614927], [74.576258, 32.619822], [74.592718, 32.64348], [74.615955, 32.669582], [74.642098, 32.685893], [74.674049, 32.694864], [74.692446, 32.680185], [74.699223, 32.650822], [74.687605, 32.611663], [74.679859, 32.581472], [74.674049, 32.524337], [74.66824, 32.481881], [74.655653, 32.43778], [74.648875, 32.415725], [74.669208, 32.378143], [74.706001, 32.348724], [74.762159, 32.335648], [74.851236, 32.33483], [74.911267, 32.323387], [74.950965, 32.325839], [74.987757, 32.347907], [75.010995, 32.351176], [75.078772, 32.328291], [75.166881, 32.308673], [75.241435, 32.280877], [75.285974, 32.245716], [75.322767, 32.208093], [75.344068, 32.180279], [75.346731, 32.160437], [75.384492, 32.172711], [75.447427, 32.197254], [75.5336, 32.228337], [75.617836, 32.269226], [75.729183, 32.318278], [75.814388, 32.358327], [75.914116, 32.413887], [75.964756, 32.44113]], [[76.282772, 28.853396], [76.321501, 28.854232], [76.342802, 28.848376], [76.367976, 28.837498], [76.387341, 28.829968], [76.410579, 28.826621], [76.424134, 28.832478], [76.432848, 28.837498], [76.455118, 28.849212], [76.461895, 28.857579], [76.4648, 28.869291], [76.472546, 28.886857], [76.473514, 28.896894], [76.478355, 28.915293], [76.482228, 28.925328], [76.487069, 28.937871], [76.493847, 28.954593], [76.501593, 28.967133], [76.521926, 28.978], [76.545163, 28.98218], [76.55775, 28.981344], [76.589702, 28.975493], [76.604226, 28.972149], [76.617781, 28.972149], [76.630368, 28.973821], [76.639082, 28.976329], [76.644892, 28.983016], [76.641987, 29.016447], [76.642955, 29.027311], [76.643923, 29.04987], [76.64586, 29.059061], [76.659415, 29.07911], [76.669098, 29.088298], [76.67878, 29.097485], [76.688462, 29.107508], [76.704922, 29.12922], [76.710732, 29.138405], [76.714605, 29.143415], [76.7117, 29.186825], [76.69524, 29.203518], [76.685558, 29.211864], [76.655542, 29.211864], [76.649733, 29.206856], [76.641019, 29.200179], [76.6294, 29.194337], [76.613908, 29.18766], [76.59067, 29.18599], [76.579052, 29.181817], [76.541291, 29.183486], [76.501593, 29.178478], [76.493847, 29.169295], [76.487069, 29.161782], [76.476419, 29.155103], [76.459959, 29.151764], [76.447372, 29.150094], [76.414452, 29.148424], [76.375722, 29.154268], [76.369913, 29.155103], [76.345707, 29.147589], [76.315692, 29.14258], [76.309882, 29.149259], [76.312787, 29.164287], [76.314724, 29.175974], [76.308914, 29.200179], [76.296327, 29.217705], [76.293422, 29.22605], [76.287613, 29.245241], [76.271153, 29.269436], [76.269216, 29.278612], [76.270185, 29.30697], [76.291486, 29.350331], [76.305041, 29.359502], [76.331184, 29.369506], [76.355389, 29.383677], [76.381532, 29.39868], [76.396055, 29.407014], [76.407674, 29.417015], [76.41542, 29.431181], [76.414452, 29.452012], [76.408642, 29.458677], [76.376691, 29.475338], [76.368945, 29.476171], [76.331184, 29.482002], [76.310851, 29.487], [76.279867, 29.498661], [76.256629, 29.51615], [76.25082, 29.565276], [76.228551, 29.591914], [76.192726, 29.60856], [76.177234, 29.631029], [76.167552, 29.668469], [76.166584, 29.708395], [76.183044, 29.754131], [76.194662, 29.780734], [76.185948, 29.817305], [76.195631, 29.841403], [76.191758, 29.868821], [76.210154, 29.886266], [76.223709, 29.912014], [76.246947, 29.92198], [76.260502, 29.910353], [76.26728, 29.899556], [76.269216, 29.885435], [76.272121, 29.871313], [76.281804, 29.856359], [76.287613, 29.838911], [76.304073, 29.822291], [76.315692, 29.810656], [76.326342, 29.8065], [76.335056, 29.812318], [76.343771, 29.820629], [76.34958, 29.830601], [76.352485, 29.845558], [76.352485, 29.860513], [76.356358, 29.881282], [76.361199, 29.89125], [76.368945, 29.898725], [76.39896, 29.895403], [76.418325, 29.886266], [76.429943, 29.875467], [76.441562, 29.861344], [76.454149, 29.849712], [76.466736, 29.839741], [76.48126, 29.834756], [76.495783, 29.835587], [76.519989, 29.842234], [76.532576, 29.84805], [76.550005, 29.853036], [76.55775, 29.859682], [76.568401, 29.86799], [76.577115, 29.876298], [76.579052, 29.886266], [76.579052, 29.92198], [76.56356, 29.955195], [76.545163, 29.97512], [76.544195, 29.995873], [76.561623, 30.024091], [76.583893, 30.022432], [76.591639, 30.013302], [76.600353, 30.007493], [76.617781, 30.012473], [76.627463, 30.019942], [76.639566, 30.044007], [76.656026, 30.063091], [76.667645, 30.066409], [76.684105, 30.073046], [76.694756, 30.082172], [76.705406, 30.093785], [76.722835, 30.106227], [76.727676, 30.111203], [76.746072, 30.117009], [76.772215, 30.129449], [76.783833, 30.134424], [76.809007, 30.140229], [76.826436, 30.145204], [76.834182, 30.14935], [76.838055, 30.160958], [76.842896, 30.174223], [76.844832, 30.189145], [76.836118, 30.199921], [76.827404, 30.204065], [76.809976, 30.210696], [76.805135, 30.216498], [76.795452, 30.231415], [76.798357, 30.242188], [76.809976, 30.25296], [76.820626, 30.271188], [76.80223, 30.296041], [76.794484, 30.31592], [76.778024, 30.33414], [76.768342, 30.339937], [76.755755, 30.360638], [76.755755, 30.372229], [76.743167, 30.388787], [76.731549, 30.39127], [76.716057, 30.386303], [76.702502, 30.37968], [76.671518, 30.371401], [76.655058, 30.365606], [76.628916, 30.367262], [76.606646, 30.378852], [76.583409, 30.392926], [76.570822, 30.405342], [76.552425, 30.425207], [76.511759, 30.437621], [76.499172, 30.450033], [76.495299, 30.466582], [76.494331, 30.480647], [76.48949, 30.493057], [76.484649, 30.507119], [76.488038, 30.530278], [76.490942, 30.565836], [76.494815, 30.588986], [76.485133, 30.612959], [76.472546, 30.633622], [76.455118, 30.65015], [76.436721, 30.660893], [76.423166, 30.673287], [76.410579, 30.686507], [76.409611, 30.673287], [76.403801, 30.656761], [76.401865, 30.640234], [76.397023, 30.619571], [76.396055, 30.604693], [76.407674, 30.574931], [76.412515, 30.56749], [76.414452, 30.555087], [76.408642, 30.541856], [76.412515, 30.519526], [76.417356, 30.501329], [76.414452, 30.495538], [76.405738, 30.491402], [76.397992, 30.487266], [76.375722, 30.478993], [76.339898, 30.459963], [76.306009, 30.445896], [76.264375, 30.422724], [76.242106, 30.419413], [76.210154, 30.416103], [76.195631, 30.411136], [76.178202, 30.397893], [76.16852, 30.397893], [76.159806, 30.399548], [76.125918, 30.404515], [76.107521, 30.401204], [76.092029, 30.387959], [76.068792, 30.37968], [76.045554, 30.374713], [76.033935, 30.378025], [76.012634, 30.396237], [76.014571, 30.411136], [76.031031, 30.428517], [76.021348, 30.456653], [76.015539, 30.46741], [76.009729, 30.478165], [76.016507, 30.490575], [76.027158, 30.504638], [76.023285, 30.526143], [76.011666, 30.53524], [76.008761, 30.542683], [75.993269, 30.548472], [75.972937, 30.545164], [75.951635, 30.541856], [75.932271, 30.529451], [75.92162, 30.517045], [75.912906, 30.496365], [75.903224, 30.47982], [75.897414, 30.465755], [75.887732, 30.451688], [75.869335, 30.429345], [75.856748, 30.406998], [75.82867, 30.376369], [75.79575, 30.388787], [75.782194, 30.397065], [75.742497, 30.415275], [75.723132, 30.416103], [75.693117, 30.407826], [75.667943, 30.400376], [75.660197, 30.38382], [75.653419, 30.373057], [75.645673, 30.368917], [75.624372, 30.364778], [75.600166, 30.363122], [75.570151, 30.360638], [75.536263, 30.35981], [75.508184, 30.356498], [75.46655, 30.345733], [75.455899, 30.33828], [75.437503, 30.327515], [75.422011, 30.319233], [75.397805, 30.308465], [75.380377, 30.296041], [75.350361, 30.269531], [75.32906, 30.24716], [75.322283, 30.238874], [75.311632, 30.229758], [75.307759, 30.225614], [75.243371, 30.227272], [75.17269, 30.228929], [75.159135, 30.23473], [75.121374, 30.24716], [75.102977, 30.25296], [75.077803, 30.25296], [75.034233, 30.254617], [75.011963, 30.248817], [74.994535, 30.238874], [74.984853, 30.238874], [74.959679, 30.255446], [74.943219, 30.272845], [74.9316, 30.290242], [74.912235, 30.31592], [74.904489, 30.329999], [74.887061, 30.356498], [74.860919, 30.389615], [74.857046, 30.395409], [74.840586, 30.405342], [74.77765, 30.401204], [74.75054, 30.409481], [74.729239, 30.423551], [74.715683, 30.437621], [74.703096, 30.450033], [74.672113, 30.465755], [74.644034, 30.463273], [74.606273, 30.441758], [74.596591, 30.435138], [74.576258, 30.439276], [74.548179, 30.445896], [74.527846, 30.443413], [74.508481, 30.439276], [74.492021, 30.426034], [74.473625, 30.396237], [74.466847, 30.381336], [74.460069, 30.364778], [74.453292, 30.353186], [74.453292, 30.335796], [74.468783, 30.320061], [74.476529, 30.31095], [74.506545, 30.293556], [74.543338, 30.27036], [74.562218, 30.256275], [74.569964, 30.243017], [74.576742, 30.230587], [74.578678, 30.220642], [74.587392, 30.197434], [74.595138, 30.185829], [74.611598, 30.17671], [74.630963, 30.161787], [74.646455, 30.151838], [74.662915, 30.131107], [74.666788, 30.121155], [74.67066, 30.099591], [74.672597, 30.083831], [74.673565, 30.070557], [74.680343, 30.050645], [74.710358, 30.03156], [74.72004, 30.018282], [74.731659, 29.999193], [74.728755, 29.986742], [74.72585, 29.970969], [74.727786, 29.94274], [74.730691, 29.931945], [74.749088, 29.887927], [74.751992, 29.864667], [74.746183, 29.84805], [74.746183, 29.833925], [74.746183, 29.812318], [74.746183, 29.790708], [74.746183, 29.772421], [74.746183, 29.761613], [74.765548, 29.74249], [74.805245, 29.732512], [74.819769, 29.731681], [74.849784, 29.727523], [74.876895, 29.725028], [74.889482, 29.689266], [74.92337, 29.658486], [74.944671, 29.646006], [74.971782, 29.636021], [74.995019, 29.626868], [75.025034, 29.614385], [75.037622, 29.613553], [75.074414, 29.611889], [75.083129, 29.607727], [75.090874, 29.600237], [75.117985, 29.576931], [75.142191, 29.551955], [75.148969, 29.537801], [75.152842, 29.524478], [75.163492, 29.506156], [75.171238, 29.494496], [75.178984, 29.482002], [75.184793, 29.467008], [75.18673, 29.450345], [75.190603, 29.434514], [75.205126, 29.420348], [75.264673, 29.385344], [75.283069, 29.379509], [75.306307, 29.360336], [75.322767, 29.342827], [75.342131, 29.327818], [75.355687, 29.322815], [75.37021, 29.321147], [75.389575, 29.321147], [75.398289, 29.323649], [75.409908, 29.34783], [75.410876, 29.356167], [75.402162, 29.37034], [75.379893, 29.393679], [75.366337, 29.406181], [75.355687, 29.417848], [75.351814, 29.427848], [75.357623, 29.437847], [75.37602, 29.442847], [75.398289, 29.442013], [75.410876, 29.450345], [75.41959, 29.476171], [75.416686, 29.487], [75.416686, 29.501992], [75.423463, 29.511986], [75.44186, 29.521147], [75.467034, 29.522812], [75.498017, 29.512819], [75.51835, 29.508655], [75.543524, 29.511986], [75.559984, 29.518648], [75.56773, 29.52531], [75.58419, 29.535303], [75.598714, 29.541131], [75.612269, 29.546127], [75.623888, 29.548625], [75.656808, 29.535303], [75.671331, 29.52531], [75.706188, 29.51615], [75.718775, 29.517816], [75.747822, 29.521147], [75.755568, 29.526143], [75.772996, 29.530307], [75.782678, 29.533638], [75.793329, 29.538634], [75.805916, 29.542797], [75.846582, 29.541131], [75.864978, 29.535303], [75.877565, 29.52198], [75.893057, 29.504491], [75.903708, 29.487833], [75.910485, 29.471173], [75.909517, 29.444513], [75.910485, 29.430348], [75.908549, 29.407848], [75.920652, 29.348664], [75.940985, 29.33032], [75.95454, 29.316144], [75.968095, 29.292792], [75.982619, 29.261927], [75.983587, 29.248579], [76.008761, 29.225216], [76.023285, 29.210194], [76.045554, 29.192668], [76.072665, 29.1718], [76.090093, 29.159278], [76.118172, 29.138405], [76.141409, 29.121704], [76.150124, 29.115859], [76.16852, 29.104167], [76.185948, 29.091639], [76.202408, 29.088298], [76.205313, 29.087463], [76.219836, 29.055719], [76.244042, 29.023968], [76.257598, 29.010597], [76.256629, 28.977164], [76.257598, 28.936199], [76.255661, 28.899403], [76.266312, 28.867618], [76.282772, 28.853396]], [[75.864494, 31.210211], [75.840288, 31.196215], [75.830606, 31.183863], [75.816082, 31.164099], [75.801559, 31.142686], [75.778321, 31.114678], [75.766703, 31.093257], [75.759925, 31.069361], [75.765734, 31.055351], [75.77929, 31.039692], [75.78994, 31.029801], [75.805432, 31.010841], [75.81221, 30.998475], [75.819955, 30.985283], [75.833511, 30.975388], [75.84513, 30.965493], [75.856748, 30.953947], [75.869335, 30.954772], [75.880954, 30.95972], [75.906128, 30.968791], [75.936144, 30.979511], [75.946794, 30.982809], [75.974873, 30.992703], [76.001015, 30.99765], [76.022317, 30.99765], [76.038777, 30.998475], [76.047491, 31.000124], [76.027158, 31.033098], [76.002952, 31.058648], [75.981651, 31.078426], [75.971968, 31.096553], [75.966159, 31.112207], [75.956477, 31.129506], [75.942921, 31.141862], [75.915811, 31.167394], [75.909033, 31.172335], [75.89451, 31.188804], [75.879018, 31.201155], [75.868367, 31.206918], [75.864494, 31.210211]], [[74.931116, 30.904457], [74.970813, 30.903632], [75.003733, 30.895382], [75.017289, 30.886307], [75.039558, 30.875581], [75.054082, 30.868154], [75.08216, 30.852475], [75.092811, 30.845048], [75.102493, 30.838445], [75.123794, 30.831842], [75.139286, 30.829366], [75.154778, 30.828541], [75.176079, 30.83762], [75.185762, 30.849174], [75.209967, 30.868154], [75.221586, 30.881356], [75.256443, 30.911882], [75.278712, 30.932504], [75.303886, 30.951473], [75.330997, 30.964668], [75.359076, 30.983634], [75.390059, 30.995177], [75.421043, 31.004246], [75.445248, 31.011665], [75.470423, 31.024031], [75.480105, 31.031449], [75.487851, 31.046286], [75.490756, 31.063593], [75.491724, 31.099849], [75.491724, 31.137743], [75.494628, 31.16657], [75.527548, 31.215151], [75.554659, 31.244786], [75.577897, 31.276884], [75.59823, 31.291696], [75.627277, 31.319671], [75.587579, 31.345996], [75.574024, 31.364913], [75.550786, 31.386296], [75.539167, 31.410142], [75.525612, 31.432341], [75.508184, 31.449604], [75.459772, 31.406853], [75.429757, 31.383007], [75.391996, 31.366558], [75.372631, 31.327075], [75.347457, 31.297456], [75.32906, 31.277707], [75.307759, 31.250548], [75.277744, 31.22256], [75.25257, 31.198685], [75.231269, 31.173158], [75.210936, 31.149275], [75.190603, 31.118797], [75.172206, 31.090786], [75.156714, 31.067713], [75.130572, 31.040516], [75.10443, 31.011665], [75.077319, 30.986107], [75.043431, 30.963844], [74.988242, 30.939927], [74.963067, 30.917656], [74.931116, 30.904457]], [[76.739779, 28.136254], [76.708795, 28.128686], [76.693303, 28.117753], [76.688462, 28.100932], [76.691367, 28.085791], [76.7117, 28.076537], [76.729128, 28.075696], [76.750429, 28.070648], [76.765921, 28.070648], [76.774635, 28.07822], [76.774635, 28.089155], [76.773667, 28.101773], [76.765921, 28.111866], [76.757207, 28.125322], [76.739779, 28.136254]], [[76.65651, 28.452078], [76.655542, 28.430262], [76.666193, 28.422709], [76.679748, 28.422709], [76.686526, 28.425227], [76.698145, 28.433618], [76.707827, 28.442848], [76.714605, 28.4504], [76.726223, 28.457951], [76.743652, 28.462984], [76.752366, 28.467179], [76.756239, 28.474729], [76.756239, 28.485634], [76.756239, 28.494022], [76.754302, 28.498216], [76.743652, 28.499893], [76.726223, 28.498216], [76.719446, 28.497377], [76.710732, 28.499893], [76.692335, 28.509958], [76.683621, 28.509119], [76.671034, 28.504926], [76.66232, 28.497377], [76.661352, 28.492345], [76.652638, 28.476407], [76.646828, 28.469696], [76.642955, 28.461307], [76.65651, 28.452078]]], [[[77.442717, 30.888576], [77.448527, 30.893526], [77.460146, 30.893526], [77.483383, 30.889401], [77.492097, 30.8828], [77.500811, 30.8795], [77.525017, 30.871249], [77.531795, 30.862172], [77.550191, 30.847317], [77.563747, 30.829985], [77.574397, 30.815128], [77.572461, 30.806047], [77.56762, 30.79449], [77.556969, 30.786234], [77.547287, 30.778803], [77.531795, 30.773849], [77.51824, 30.777977], [77.494034, 30.787059], [77.476606, 30.796141], [77.46305, 30.809349], [77.437876, 30.813477], [77.415607, 30.831636], [77.409797, 30.851444], [77.416575, 30.867123], [77.442717, 30.888576]]], [[[77.043804, 30.839889], [77.059296, 30.854745], [77.064137, 30.85557], [77.074788, 30.859696], [77.08447, 30.867123], [77.102867, 30.872899], [77.125136, 30.875374], [77.13385, 30.869598], [77.137723, 30.865472], [77.154183, 30.854745], [77.15031, 30.844841], [77.146437, 30.838239], [77.138691, 30.82916], [77.134819, 30.825033], [77.11739, 30.813477], [77.093184, 30.809349], [77.070915, 30.813477], [77.045741, 30.823382], [77.043804, 30.839889]]], [[[76.968282, 30.757334], [76.989583, 30.764766], [76.997329, 30.76394], [77.020567, 30.754857], [77.026376, 30.747424], [77.029281, 30.742469], [77.037995, 30.728429], [77.039932, 30.723473], [77.037027, 30.723473], [77.034122, 30.721821], [77.02444, 30.718517], [77.009916, 30.710257], [76.999266, 30.700344], [76.989583, 30.693735], [76.976996, 30.697866], [76.954727, 30.703649], [76.944076, 30.707779], [76.945044, 30.719343], [76.949886, 30.735036], [76.953759, 30.742469], [76.968282, 30.757334]]]]}}, {"type": "Feature", "properties": {"POLY_ID": 32, "STATE_NAME": "Burma", "NATIVE": 0}, "geometry": {"type": "MultiPolygon", "coordinates": [[[[97.400497, 28.151626], [97.409375, 28.169742], [97.423365, 28.195384], [97.468444, 28.172441], [97.474661, 28.195384], [97.515077, 28.230465], [97.485542, 28.27363], [97.510413, 28.335656], [97.510413, 28.386874], [97.552383, 28.431338], [97.591244, 28.415171], [97.662749, 28.438074], [97.726481, 28.384179], [97.729589, 28.304646], [97.797985, 28.238559], [97.849281, 28.227767], [97.847727, 28.252049], [97.916122, 28.270932], [97.961201, 28.198083], [98.009389, 28.175141], [98.024933, 28.09819], [98.091774, 28.104942], [98.15706, 28.006334], [98.14307, 27.850851], [98.192812, 27.846793], [98.177268, 27.775075], [98.180377, 27.741233], [98.217684, 27.723632], [98.244109, 27.657269], [98.230119, 27.608492], [98.301623, 27.544786], [98.323385, 27.437639], [98.385563, 27.42407], [98.432196, 27.462059], [98.441523, 27.573254], [98.506809, 27.533939], [98.556551, 27.554276], [98.58764, 27.486476], [98.701114, 27.468842], [98.693342, 27.394214], [98.705778, 27.296457], [98.74153, 27.261139], [98.698005, 27.129296], [98.711995, 27.001409], [98.766401, 26.960569], [98.739975, 26.92244], [98.750856, 26.857052], [98.739975, 26.77391], [98.753965, 26.662065], [98.763292, 26.596552], [98.772619, 26.535105], [98.738421, 26.302719], [98.684015, 26.230187], [98.68557, 26.185007], [98.72754, 26.14392], [98.710441, 26.091859], [98.715104, 26.06308], [98.662253, 26.026069], [98.666917, 26.04389], [98.654481, 26.080896], [98.595412, 26.080896], [98.581422, 26.056227], [98.590749, 25.993162], [98.61562, 25.923207], [98.668471, 25.893019], [98.715104, 25.820267], [98.701114, 25.795549], [98.646709, 25.740605], [98.621838, 25.748848], [98.542561, 25.783189], [98.506809, 25.751596], [98.467948, 25.688387], [98.472612, 25.645773], [98.418206, 25.618273], [98.403439, 25.553625], [98.350588, 25.527482], [98.305509, 25.494452], [98.263539, 25.548122], [98.173382, 25.570134], [98.188926, 25.51785], [98.170273, 25.494452], [98.126749, 25.462791], [98.157838, 25.426991], [98.140739, 25.349849], [98.10965, 25.341582], [98.092551, 25.293343], [98.02571, 25.256118], [97.968196, 25.185775], [97.915345, 25.171978], [97.843841, 25.225778], [97.752129, 25.040835], [97.725703, 25.032548], [97.738139, 24.859782], [97.767673, 24.847334], [97.784772, 24.836268], [97.784772, 24.805832], [97.772337, 24.797531], [97.756792, 24.794763], [97.705496, 24.803065], [97.570259, 24.731097], [97.550052, 24.714483], [97.568705, 24.686789], [97.564042, 24.566251], [97.562487, 24.526047], [97.554715, 24.484444], [97.545388, 24.456701], [97.536062, 24.405362], [97.67363, 24.419239], [97.67363, 24.401198], [97.679847, 24.383154], [97.709382, 24.349837], [97.707827, 24.324843], [97.665857, 24.31651], [97.670521, 24.272062], [97.732698, 24.272062], [97.766896, 24.234547], [97.734253, 24.18451], [97.749797, 24.153923], [97.728035, 24.094117], [97.654976, 24.038459], [97.614561, 23.985563], [97.541502, 23.941001], [97.524403, 23.90757], [97.619224, 23.86995], [97.644095, 23.835107], [97.638518, 23.842923], [97.633941, 23.839302], [97.626403, 23.833598], [97.622398, 23.827683], [97.61745, 23.816274], [97.612974, 23.809301], [97.609912, 23.806554], [97.603787, 23.803596], [97.59295, 23.800849], [97.585647, 23.800215], [97.579993, 23.798736], [97.570099, 23.800638], [97.56468, 23.798525], [97.561618, 23.798525], [97.546541, 23.80254], [97.544656, 23.802328], [97.538767, 23.798736], [97.531699, 23.798102], [97.528401, 23.798102], [97.524161, 23.795989], [97.522983, 23.79451], [97.518035, 23.794087], [97.514502, 23.795778], [97.505785, 23.799581], [97.49754, 23.800004], [97.491415, 23.800004], [97.485525, 23.800004], [97.4794, 23.800638], [97.472568, 23.798947], [97.464912, 23.793876], [97.460436, 23.789438], [97.452897, 23.784577], [97.451955, 23.781196], [97.465854, 23.762808], [97.465148, 23.756889], [97.461614, 23.754776], [97.407077, 23.720527], [97.396947, 23.721584], [97.387995, 23.724544], [97.376923, 23.727293], [97.372447, 23.726447], [97.367499, 23.721584], [97.36373, 23.719258], [97.360903, 23.717355], [97.349595, 23.709743], [97.346533, 23.707205], [97.344177, 23.701919], [97.345826, 23.691133], [97.346768, 23.684366], [97.344884, 23.677597], [97.339465, 23.678232], [97.330984, 23.689864], [97.321561, 23.700861], [97.317556, 23.702765], [97.311902, 23.695998], [97.301772, 23.682462], [97.298945, 23.68352], [97.285988, 23.686692], [97.281277, 23.689864], [97.268791, 23.693883], [97.267142, 23.687115], [97.261724, 23.684366], [97.254185, 23.685846], [97.248296, 23.680982], [97.240286, 23.674002], [97.235339, 23.665118], [97.230627, 23.669771], [97.230863, 23.672521], [97.223324, 23.679924], [97.218848, 23.682039], [97.212016, 23.682885], [97.207305, 23.671887], [97.204006, 23.667656], [97.202122, 23.667021], [97.19317, 23.67231], [97.183982, 23.665541], [97.177621, 23.655387], [97.153357, 23.658983], [97.138986, 23.669137], [97.135452, 23.661945], [97.142755, 23.657502], [97.142991, 23.649887], [97.123673, 23.650098], [97.112954, 23.639732], [97.103767, 23.628306], [97.092459, 23.622382], [97.083978, 23.617515], [97.069608, 23.624497], [97.048405, 23.625132], [97.028617, 23.625132], [97.014953, 23.630422], [97.003409, 23.650944], [97.003645, 23.668714], [97.003645, 23.685635], [96.9762, 23.695786], [96.946988, 23.697266], [96.928377, 23.697689], [96.911886, 23.696209], [96.900814, 23.701919], [96.889035, 23.701073], [96.885501, 23.696632], [96.873133, 23.698535], [96.865595, 23.707628], [96.856172, 23.714606], [96.845099, 23.714395], [96.832613, 23.719893], [96.818243, 23.718624], [96.800103, 23.725813], [96.781257, 23.726024], [96.77631, 23.737018], [96.781021, 23.740401], [96.77631, 23.747588], [96.791151, 23.764288], [96.811882, 23.763019], [96.819185, 23.76006], [96.837089, 23.763442], [96.851931, 23.765344], [96.883381, 23.809301], [96.885737, 23.829795], [96.879847, 23.848385], [96.872309, 23.861269], [96.857467, 23.869718], [96.845217, 23.869929], [96.841212, 23.870774], [96.840505, 23.875631], [96.843804, 23.8826], [96.839092, 23.888302], [96.841212, 23.898648], [96.845688, 23.923773], [96.841212, 23.932428], [96.832025, 23.935594], [96.86053, 23.981182], [96.855818, 23.985824], [96.854876, 23.990888], [96.845453, 24.002282], [96.833202, 24.001016], [96.828255, 23.997429], [96.817183, 23.996163], [96.809644, 23.996796], [96.800692, 23.992787], [96.787029, 23.988989], [96.77949, 23.982448], [96.768182, 23.980549], [96.754283, 23.971053], [96.738735, 23.969997], [96.730254, 23.969997], [96.724835, 23.974007], [96.711643, 23.973585], [96.690912, 23.975062], [96.677955, 23.977594], [96.67607, 23.983292], [96.687849, 23.988356], [96.703162, 24.00629], [96.701748, 24.021479], [96.69739, 24.037089], [96.698804, 24.043838], [96.691736, 24.050166], [96.681135, 24.047002], [96.67501, 24.051009], [96.680899, 24.071043], [96.684433, 24.070832], [96.694092, 24.079267], [96.695741, 24.084327], [96.68726, 24.102038], [96.667707, 24.112156], [96.668178, 24.126069], [96.663231, 24.132603], [96.651334, 24.133867], [96.644031, 24.127333], [96.627305, 24.119956], [96.614584, 24.12628], [96.577126, 24.133235], [96.557102, 24.128177], [96.536371, 24.104146], [96.517995, 24.076526], [96.509986, 24.078634], [96.500798, 24.086436], [96.491375, 24.085803], [96.485485, 24.082641], [96.46499, 24.081797], [96.455331, 24.074628], [96.441667, 24.065561], [96.437662, 24.057547], [96.423528, 24.038987], [96.413633, 24.032659], [96.404681, 24.017049], [96.38984, 24.004391], [96.404446, 23.986246], [96.415047, 23.983714], [96.432244, 23.972741], [96.441667, 23.980338], [96.454624, 23.987723], [96.472764, 23.993209], [96.502212, 23.986035], [96.509515, 23.977172], [96.508337, 23.969997], [96.517995, 23.947626], [96.512106, 23.93665], [96.509986, 23.922928], [96.516111, 23.909205], [96.525298, 23.894214], [96.528832, 23.878799], [96.526476, 23.868662], [96.529539, 23.857679], [96.543909, 23.854722], [96.555688, 23.838245], [96.561107, 23.812471], [96.560164, 23.801272], [96.543438, 23.802117], [96.523414, 23.760271], [96.512106, 23.730887], [96.492553, 23.711858], [96.486663, 23.708686], [96.481009, 23.708686], [96.469701, 23.708897], [96.455095, 23.689864], [96.452975, 23.684577], [96.438134, 23.678866], [96.437662, 23.67104], [96.43884, 23.661099], [96.438134, 23.655599], [96.431537, 23.655387], [96.437898, 23.618361], [96.421407, 23.612436], [96.416696, 23.606511], [96.418109, 23.599527], [96.418345, 23.595082], [96.403268, 23.582595], [96.400676, 23.582171], [96.3962, 23.578573], [96.397378, 23.571799], [96.394316, 23.566719], [96.395494, 23.56312], [96.393138, 23.557616], [96.391489, 23.552958], [96.35568, 23.530514], [96.34343, 23.516538], [96.334949, 23.495359], [96.314218, 23.485192], [96.316103, 23.461041], [96.297256, 23.451295], [96.29867, 23.416118], [96.268987, 23.400434], [96.236005, 23.381779], [96.228467, 23.355065], [96.231765, 23.333011], [96.216217, 23.324104], [96.187005, 23.341918], [96.16486, 23.332587], [96.167216, 23.308408], [96.179466, 23.311378], [96.195486, 23.292286], [96.18512, 23.265554], [96.186533, 23.24306], [96.178524, 23.18787], [96.165802, 23.172582], [96.15261, 23.145825], [96.153552, 23.125434], [96.152139, 23.115663], [96.176639, 23.093143], [96.195957, 23.083369], [96.201611, 23.067219], [96.198312, 23.051066], [96.190774, 23.036188], [96.211976, 23.022158], [96.222342, 23.014504], [96.286891, 23.000897], [96.313276, 23.010677], [96.356623, 22.994943], [96.36369, 23.008126], [96.412691, 23.020032], [96.449441, 23.024283], [96.457922, 23.031086], [96.473, 23.023858], [96.487134, 23.038738], [96.51776, 23.049366], [96.546972, 23.018331], [96.584194, 23.000472], [96.622358, 22.979633], [96.65581, 22.976655], [96.685964, 22.977931], [96.717532, 22.945177], [96.706107, 22.927946], [96.681135, 22.898158], [96.666058, 22.866235], [96.660404, 22.841542], [96.638259, 22.827065], [96.621298, 22.822807], [96.602922, 22.817271], [96.584547, 22.822807], [96.564758, 22.824936], [96.543556, 22.831323], [96.513637, 22.80705], [96.496675, 22.807901], [96.480185, 22.792568], [96.440607, 22.786179], [96.414222, 22.803217], [96.391135, 22.807901], [96.390193, 22.793846], [96.374645, 22.805346], [96.36852, 22.791717], [96.352971, 22.77766], [96.324702, 22.782345], [96.296432, 22.786605], [96.270518, 22.79342], [96.243897, 22.768713], [96.22882, 22.762323], [96.210445, 22.75508], [96.203377, 22.743576], [96.216806, 22.728661], [96.216099, 22.722056], [96.222931, 22.716302], [96.21869, 22.697761], [96.229998, 22.69563], [96.232118, 22.70245], [96.241542, 22.702876], [96.24107, 22.698614], [96.235416, 22.696056], [96.237301, 22.683055], [96.233767, 22.677726], [96.235416, 22.670052], [96.236359, 22.65726], [96.238479, 22.646174], [96.248845, 22.637005], [96.258268, 22.62549], [96.256854, 22.618026], [96.266278, 22.608642], [96.271225, 22.610562], [96.274052, 22.607576], [96.272874, 22.600964], [96.279941, 22.594565], [96.288658, 22.584753], [96.29761, 22.579207], [96.29761, 22.565553], [96.301143, 22.553392], [96.302086, 22.548484], [96.29549, 22.549764], [96.289364, 22.546564], [96.290778, 22.53504], [96.300908, 22.527785], [96.30185, 22.522449], [96.305855, 22.52501], [96.312216, 22.522022], [96.317634, 22.527358], [96.325173, 22.524157], [96.319048, 22.519675], [96.332711, 22.510497], [96.336009, 22.481893], [96.333654, 22.474847], [96.329884, 22.471858], [96.320225, 22.460969], [96.32211, 22.419538], [96.325173, 22.380231], [96.330355, 22.376385], [96.368991, 22.380231], [96.384775, 22.380444], [96.396789, 22.377026], [96.410688, 22.371684], [96.421525, 22.342621], [96.433775, 22.332789], [96.449795, 22.321033], [96.465108, 22.275708], [96.475002, 22.262877], [96.474295, 22.250045], [96.481127, 22.239564], [96.479714, 22.206834], [96.479242, 22.175165], [96.482069, 22.167674], [96.491021, 22.160184], [96.497618, 22.155261], [96.506099, 22.159113], [96.511046, 22.156759], [96.519762, 22.161468], [96.531541, 22.154191], [96.548503, 22.151622], [96.558751, 22.14413], [96.560164, 22.124435], [96.569588, 22.12679], [96.611521, 22.128075], [96.63025, 22.123151], [96.636846, 22.128289], [96.657106, 22.10645], [96.71977, 22.104737], [96.752752, 22.087606], [96.757934, 22.063619], [96.756992, 22.037913], [96.756521, 22.016487], [96.77631, 22.004059], [96.782435, 21.996344], [96.790916, 21.983485], [96.817301, 21.947043], [96.815416, 21.936323], [96.826724, 21.919598], [96.856407, 21.888715], [96.856878, 21.87799], [96.84557, 21.870268], [96.846513, 21.862545], [96.867715, 21.847097], [96.875725, 21.842377], [96.882792, 21.805465], [96.890802, 21.796021], [96.892687, 21.780565], [96.895042, 21.759526], [96.889388, 21.754802], [96.863475, 21.759526], [96.846513, 21.766825], [96.823897, 21.783142], [96.809291, 21.794733], [96.806935, 21.769402], [96.801752, 21.76339], [96.790916, 21.760384], [96.781492, 21.754372], [96.766415, 21.737194], [96.749925, 21.737623], [96.74003, 21.727315], [96.721184, 21.743206], [96.705164, 21.746642], [96.700453, 21.735046], [96.682077, 21.730751], [96.670298, 21.713569], [96.648625, 21.691229], [96.63025, 21.680917], [96.632134, 21.667596], [96.624125, 21.657712], [96.612817, 21.645678], [96.59774, 21.64009], [96.580307, 21.621606], [96.55722, 21.613438], [96.54921, 21.623326], [96.525652, 21.608709], [96.470055, 21.58979], [96.465579, 21.58248], [96.448617, 21.57947], [96.440607, 21.58506], [96.418934, 21.57947], [96.404799, 21.573449], [96.392549, 21.576029], [96.379827, 21.571299], [96.368048, 21.570438], [96.350615, 21.574309], [96.339779, 21.573449], [96.327057, 21.561837], [96.320932, 21.559256], [96.338836, 21.515378], [96.321875, 21.506342], [96.327057, 21.498167], [96.319048, 21.494294], [96.315749, 21.488269], [96.297374, 21.493863], [96.284653, 21.488699], [96.294076, 21.46718], [96.29172, 21.452115], [96.294547, 21.428867], [96.299259, 21.416811], [96.296432, 21.407338], [96.304442, 21.398294], [96.291249, 21.385805], [96.294547, 21.379344], [96.306797, 21.381498], [96.313865, 21.374606], [96.317634, 21.353067], [96.327057, 21.335834], [96.317634, 21.334541], [96.321875, 21.318167], [96.329884, 21.302221], [96.335538, 21.291446], [96.333654, 21.279377], [96.344019, 21.260409], [96.364279, 21.245318], [96.359096, 21.239713], [96.362866, 21.230226], [96.368048, 21.230657], [96.376058, 21.21125], [96.369933, 21.20133], [96.363808, 21.19184], [96.3525, 21.193566], [96.342134, 21.197017], [96.329884, 21.197448], [96.323288, 21.195723], [96.317163, 21.197017], [96.310096, 21.200036], [96.302557, 21.202193], [96.298316, 21.202624], [96.292663, 21.202624], [96.285124, 21.20133], [96.27947, 21.198311], [96.27146, 21.198311], [96.265806, 21.197017], [96.262037, 21.193566], [96.255441, 21.190978], [96.239421, 21.182781], [96.225758, 21.176742], [96.21869, 21.166819], [96.231883, 21.125824], [96.223402, 21.115034], [96.216334, 21.110286], [96.20644, 21.106833], [96.213979, 21.096472], [96.209738, 21.08093], [96.209738, 21.070568], [96.213979, 21.065387], [96.216806, 21.051136], [96.220104, 21.039476], [96.238479, 21.036453], [96.241306, 21.037316], [96.247902, 21.02695], [96.247431, 21.017879], [96.254498, 21.014424], [96.267691, 21.006216], [96.292663, 21.00276], [96.330355, 20.986774], [96.357683, 20.9777], [96.380299, 20.977268], [96.393962, 20.967761], [96.424117, 20.979429], [96.434482, 20.964304], [96.440607, 20.9535], [96.464165, 20.942695], [96.473589, 20.941398], [96.488666, 20.947017], [96.499974, 20.954796], [96.51081, 20.954364], [96.522118, 20.933185], [96.525887, 20.926269], [96.540022, 20.924108], [96.548503, 20.927134], [96.560753, 20.918488], [96.56115, 20.918163], [96.562086, 20.91766], [96.562859, 20.916786], [96.562986, 20.916262], [96.57477, 20.901843], [96.575242, 20.876763], [96.562991, 20.862707], [96.562991, 20.853841], [96.566996, 20.828968], [96.558515, 20.819017], [96.538727, 20.814474], [96.51187, 20.823776], [96.480067, 20.811662], [96.478182, 20.810147], [96.483836, 20.800844], [96.482658, 20.794786], [96.477947, 20.790242], [96.472764, 20.787862], [96.463576, 20.783967], [96.459571, 20.777259], [96.453682, 20.76817], [96.463105, 20.762326], [96.460985, 20.754968], [96.4591, 20.741764], [96.440254, 20.737651], [96.452209, 20.694779], [96.453682, 20.69435], [96.461456, 20.690128], [96.46817, 20.681898], [96.472175, 20.66533], [96.476415, 20.663056], [96.479125, 20.656341], [96.483247, 20.650817], [96.490904, 20.648218], [96.508926, 20.646593], [96.513637, 20.643344], [96.515168, 20.638144], [96.511517, 20.63262], [96.514815, 20.624604], [96.518584, 20.62092], [96.522707, 20.619837], [96.527065, 20.620379], [96.527536, 20.625579], [96.540376, 20.639336], [96.546972, 20.639011], [96.552861, 20.638903], [96.55133, 20.622004], [96.546854, 20.617453], [96.544263, 20.610303], [96.544616, 20.596759], [96.547561, 20.56815], [96.545205, 20.557528], [96.540847, 20.552], [96.535075, 20.549723], [96.521883, 20.554276], [96.517053, 20.552758], [96.510104, 20.555793], [96.500327, 20.553842], [96.499697, 20.55394], [96.492199, 20.552], [96.490315, 20.549181], [96.488901, 20.541376], [96.495969, 20.531403], [96.495498, 20.526199], [96.488666, 20.522296], [96.475473, 20.518609], [96.468877, 20.508851], [96.464636, 20.495187], [96.470055, 20.478269], [96.46817, 20.476099], [96.46016, 20.470676], [96.466285, 20.461998], [96.47406, 20.416648], [96.479949, 20.41209], [96.491493, 20.401238], [96.496675, 20.392121], [96.495733, 20.385175], [96.499502, 20.385392], [96.496911, 20.379313], [96.493848, 20.363465], [96.504921, 20.354562], [96.510104, 20.345225], [96.515051, 20.339362], [96.515993, 20.333281], [96.526359, 20.325463], [96.521411, 20.318078], [96.531306, 20.308304], [96.541907, 20.276151], [96.546383, 20.270067], [96.533897, 20.255508], [96.527301, 20.258768], [96.523767, 20.257247], [96.514108, 20.24812], [96.508454, 20.242686], [96.505393, 20.24177], [96.505981, 20.240948], [96.497971, 20.233993], [96.495615, 20.229646], [96.493731, 20.224429], [96.491375, 20.219212], [96.48525, 20.211387], [96.481952, 20.207908], [96.476769, 20.202691], [96.470644, 20.202256], [96.464519, 20.203995], [96.458865, 20.203125], [96.454153, 20.201386], [96.449913, 20.194864], [96.446143, 20.191385], [96.440961, 20.184427], [96.441432, 20.179209], [96.444259, 20.17312], [96.447086, 20.169641], [96.45274, 20.161377], [96.456038, 20.150503], [96.452268, 20.143108], [96.454153, 20.140933], [96.45698, 20.140498], [96.462634, 20.138758], [96.466403, 20.133537], [96.46923, 20.129622], [96.476298, 20.119615], [96.473, 20.115264], [96.469701, 20.111348], [96.469701, 20.109172], [96.465932, 20.106126], [96.460749, 20.104821], [96.450384, 20.10395], [96.444259, 20.101339], [96.44473, 20.096552], [96.446615, 20.085673], [96.445201, 20.082626], [96.436249, 20.079579], [96.432009, 20.073921], [96.429182, 20.071745], [96.421643, 20.073486], [96.407037, 20.08045], [96.400912, 20.080885], [96.399027, 20.076533], [96.3962, 20.071745], [96.387248, 20.073486], [96.377354, 20.076097], [96.371229, 20.076533], [96.369815, 20.073921], [96.363455, 20.066957], [96.364868, 20.064345], [96.366282, 20.060863], [96.371464, 20.054333], [96.37382, 20.051721], [96.377118, 20.043449], [96.377118, 20.03866], [96.379474, 20.035177], [96.386541, 20.029517], [96.390311, 20.024292], [96.391253, 20.020373], [96.392667, 20.016453], [96.399263, 20.012099], [96.406801, 20.006873], [96.412455, 20.00034], [96.417638, 19.994243], [96.420465, 19.988581], [96.425648, 19.982918], [96.433186, 19.976385], [96.439783, 19.971593], [96.443552, 19.967672], [96.444023, 19.962009], [96.444965, 19.959831], [96.449206, 19.952424], [96.452975, 19.949374], [96.448264, 19.940224], [96.446379, 19.935867], [96.44261, 19.92323], [96.445437, 19.910591], [96.452033, 19.905797], [96.468524, 19.906668], [96.478889, 19.908848], [96.48737, 19.911463], [96.508101, 19.915385], [96.513755, 19.914949], [96.533073, 19.905797], [96.540611, 19.893156], [96.551448, 19.881822], [96.552861, 19.870488], [96.556631, 19.86482], [96.560871, 19.850867], [96.583134, 19.826337], [96.58225, 19.822357], [96.584253, 19.820504], [96.588316, 19.819795], [96.589906, 19.817614], [96.593087, 19.813634], [96.595502, 19.812216], [96.596974, 19.809872], [96.602981, 19.808073], [96.604395, 19.795858], [96.607222, 19.78866], [96.611933, 19.784516], [96.620414, 19.785388], [96.633842, 19.782989], [96.637376, 19.774481], [96.649626, 19.763791], [96.651982, 19.757681], [96.657871, 19.748954], [96.653631, 19.745026], [96.646092, 19.734551], [96.635962, 19.730841], [96.626775, 19.728441], [96.617116, 19.723421], [96.618765, 19.719929], [96.611227, 19.719274], [96.607457, 19.714909], [96.594029, 19.714691], [96.573298, 19.696355], [96.571885, 19.689806], [96.566231, 19.688496], [96.550093, 19.675615], [96.5455, 19.675888], [96.545558, 19.674633], [96.547914, 19.673105], [96.547561, 19.671249], [96.543968, 19.669884], [96.545558, 19.668356], [96.547855, 19.667045], [96.551271, 19.667537], [96.551153, 19.665572], [96.551153, 19.664262], [96.550918, 19.664152], [96.548503, 19.663716], [96.547266, 19.663661], [96.547325, 19.663115], [96.547443, 19.662406], [96.547502, 19.661641], [96.548385, 19.661696], [96.548857, 19.661477], [96.549269, 19.660331], [96.550211, 19.659021], [96.551625, 19.658584], [96.55292, 19.658857], [96.553922, 19.658366], [96.553097, 19.657492], [96.552331, 19.657001], [96.551271, 19.655855], [96.551742, 19.654599], [96.552449, 19.65318], [96.554039, 19.652088], [96.554275, 19.648375], [96.555924, 19.647829], [96.556984, 19.645918], [96.558398, 19.646137], [96.562638, 19.646792], [96.567114, 19.646574], [96.571826, 19.644171], [96.574417, 19.643298], [96.57748, 19.643735], [96.580307, 19.645482], [96.58172, 19.64439], [96.585489, 19.641114], [96.587374, 19.637619], [96.590908, 19.636746], [96.59397, 19.636091], [96.599624, 19.636309], [96.60198, 19.637183], [96.605514, 19.637838], [96.608341, 19.637401], [96.614466, 19.635872], [96.619177, 19.633907], [96.624831, 19.632159], [96.634019, 19.638275], [96.647683, 19.636527], [96.655987, 19.623532], [96.655869, 19.611518], [96.660934, 19.608459], [96.66223, 19.598738], [96.667413, 19.593604], [96.671535, 19.584318], [96.673773, 19.581041], [96.675187, 19.579183], [96.675422, 19.578528], [96.669179, 19.575578], [96.668001, 19.56935], [96.668097, 19.568579], [96.669062, 19.560828], [96.673302, 19.552851], [96.679309, 19.538535], [96.685611, 19.530338], [96.690205, 19.530666], [96.689969, 19.521594], [96.685964, 19.510663], [96.698568, 19.512303], [96.709523, 19.512631], [96.728487, 19.509351], [96.74215, 19.499731], [96.750514, 19.498966], [96.766474, 19.493062], [96.766356, 19.485737], [96.774484, 19.47863], [96.7832, 19.468898], [96.790621, 19.469664], [96.800457, 19.466383], [96.81518, 19.441339], [96.814709, 19.437073], [96.816358, 19.434448], [96.817772, 19.430073], [96.828962, 19.420009], [96.836972, 19.400863], [96.833085, 19.392767], [96.822719, 19.387514], [96.821777, 19.376243], [96.822012, 19.365847], [96.82696, 19.356434], [96.821306, 19.352384], [96.820363, 19.346364], [96.830964, 19.338702], [96.830729, 19.335308], [96.824368, 19.333009], [96.820245, 19.319325], [96.827902, 19.308923], [96.840093, 19.305638], [96.831848, 19.297536], [96.84186, 19.282861], [96.854581, 19.275961], [96.856937, 19.273223], [96.845747, 19.26709], [96.843273, 19.258765], [96.847514, 19.253945], [96.849045, 19.241019], [96.856702, 19.233459], [96.868598, 19.227433], [96.872721, 19.227981], [96.879317, 19.222941], [96.886974, 19.2156], [96.901756, 19.222064], [96.917422, 19.202669], [96.912711, 19.192805], [96.919543, 19.182064], [96.930851, 19.173515], [96.923076, 19.160251], [96.929437, 19.155975], [96.932146, 19.148959], [96.945928, 19.144025], [96.949933, 19.137666], [96.937329, 19.129223], [96.933089, 19.121656], [96.927081, 19.117599], [96.935562, 19.112335], [96.942394, 19.102793], [96.94369, 19.09709], [96.953113, 19.087437], [96.95005, 19.076687], [96.942158, 19.066704], [96.946281, 19.059463], [96.951935, 19.058365], [96.953349, 19.053977], [96.966777, 19.028519], [96.967366, 19.019739], [96.964539, 19.01491], [96.969486, 19.0103], [96.976553, 19.002177], [96.984681, 18.998664], [96.985623, 18.99614], [96.991395, 18.993176], [97.001643, 18.988894], [97.009888, 18.971768], [97.002114, 18.96474], [97.001054, 18.961007], [96.99646, 18.955517], [96.9954, 18.950465], [96.997638, 18.948818], [96.997991, 18.946951], [96.999522, 18.944645], [97.005647, 18.944865], [97.01083, 18.941131], [97.021667, 18.936189], [97.026614, 18.930258], [97.028793, 18.913892], [97.039277, 18.897413], [97.041161, 18.891151], [97.038688, 18.886866], [97.038688, 18.881263], [97.041632, 18.876538], [97.049171, 18.870824], [97.055414, 18.863241], [97.061892, 18.849834], [97.062069, 18.840821], [97.067016, 18.830599], [97.074201, 18.819056], [97.083036, 18.808282], [97.087394, 18.79245], [97.092106, 18.787831], [97.094402, 18.782443], [97.094285, 18.767267], [97.09664, 18.765727], [97.102177, 18.759018], [97.11266, 18.762978], [97.120081, 18.766717], [97.122554, 18.771336], [97.134098, 18.768257], [97.140459, 18.763088], [97.145995, 18.759128], [97.157126, 18.755169], [97.159953, 18.756268], [97.162898, 18.760558], [97.168316, 18.756378], [97.173028, 18.756048], [97.176915, 18.753189], [97.182686, 18.753079], [97.185042, 18.756158], [97.191638, 18.755608], [97.196821, 18.753629], [97.198235, 18.755169], [97.211015, 18.755828], [97.2129, 18.750989], [97.217022, 18.749669], [97.2182, 18.752199], [97.221969, 18.753189], [97.227034, 18.751209], [97.232335, 18.751319], [97.236575, 18.753299], [97.236811, 18.755718], [97.243525, 18.755279], [97.244467, 18.753519], [97.249061, 18.754399], [97.252418, 18.753629], [97.262195, 18.758028], [97.267142, 18.757808], [97.272089, 18.756268], [97.275976, 18.755938], [97.278214, 18.758798], [97.289876, 18.758248], [97.291525, 18.761328], [97.298239, 18.759788], [97.303421, 18.757148], [97.308486, 18.756488], [97.309547, 18.754069], [97.31202, 18.747249], [97.315465, 18.737294], [97.321944, 18.732013], [97.323416, 18.730473], [97.324182, 18.725687], [97.329483, 18.723652], [97.329836, 18.717876], [97.332192, 18.717161], [97.334783, 18.715345], [97.337257, 18.716281], [97.337963, 18.71507], [97.338906, 18.705112], [97.344501, 18.692898], [97.349448, 18.689596], [97.348977, 18.683874], [97.352275, 18.67683], [97.355338, 18.675069], [97.360049, 18.673088], [97.357693, 18.665383], [97.35039, 18.658338], [97.351274, 18.655242], [97.352836, 18.654354], [97.349742, 18.653197], [97.349742, 18.61885], [97.382406, 18.576857], [97.390572, 18.540578], [97.41507, 18.51575], [97.425277, 18.485184], [97.459983, 18.469899], [97.445692, 18.418297], [97.500813, 18.347546], [97.521228, 18.345634], [97.549809, 18.403003], [97.582473, 18.404915], [97.629428, 18.387707], [97.637594, 18.359022], [97.613096, 18.337982], [97.621262, 18.309286], [97.639635, 18.278669], [97.664133, 18.257615], [97.674341, 18.221241], [97.690673, 18.156123], [97.743752, 18.048793], [97.709046, 18.039206], [97.682507, 17.97399], [97.678424, 17.912578], [97.764167, 17.854976], [97.774374, 17.816559], [97.80908, 17.764677], [97.864201, 17.718541], [97.905031, 17.676234], [97.933612, 17.639685], [97.970359, 17.612746], [98.009147, 17.566552], [98.033645, 17.529969], [98.105098, 17.470257], [98.123472, 17.439426], [98.122451, 17.395093], [98.142866, 17.381597], [98.165322, 17.358458], [98.191862, 17.344958], [98.206152, 17.323741], [98.210235, 17.312166], [98.267398, 17.269716], [98.277605, 17.248485], [98.29802, 17.22532], [98.304145, 17.207944], [98.316394, 17.178977], [98.336809, 17.150003], [98.36539, 17.150003], [98.434801, 17.130683], [98.465423, 17.093967], [98.477672, 17.061107], [98.512378, 17.012765], [98.530751, 16.989555], [98.514419, 16.972144], [98.489921, 16.95086], [98.530751, 16.929573], [98.536876, 16.91796], [98.491963, 16.877307], [98.469506, 16.838576], [98.48788, 16.80952], [98.506253, 16.795957], [98.520544, 16.745571], [98.558312, 16.731032], [98.562395, 16.727155], [98.572602, 16.712614], [98.578727, 16.699041], [98.575664, 16.684497], [98.573623, 16.666072], [98.584851, 16.656373], [98.593017, 16.644733], [98.601183, 16.625332], [98.603225, 16.613689], [98.635889, 16.581667], [98.650179, 16.572932], [98.6512, 16.563226], [98.648138, 16.54284], [98.63793, 16.527306], [98.642013, 16.514683], [98.654262, 16.491375], [98.649159, 16.473891], [98.646096, 16.460291], [98.663449, 16.431142], [98.666511, 16.418509], [98.666511, 16.388378], [98.673657, 16.377685], [98.69203, 16.373796], [98.703258, 16.381573], [98.710404, 16.393238], [98.712445, 16.405874], [98.720611, 16.416565], [98.750213, 16.442803], [98.766545, 16.444746], [98.781856, 16.462234], [98.799209, 16.470977], [98.8135, 16.480691], [98.815541, 16.492346], [98.82779, 16.516625], [98.856371, 16.52148], [98.874745, 16.522451], [98.890056, 16.514683], [98.899243, 16.504], [98.920679, 16.479719], [98.918637, 16.465148], [98.911492, 16.448632], [98.916596, 16.443774], [98.930886, 16.427255], [98.924762, 16.41365], [98.914554, 16.398099], [98.90843, 16.388378], [98.902305, 16.36699], [98.888014, 16.351433], [98.867599, 16.337819], [98.857392, 16.326148], [98.857392, 16.302803], [98.85535, 16.277508], [98.848205, 16.233715], [98.832894, 16.223981], [98.823707, 16.209379], [98.806354, 16.209379], [98.791043, 16.222035], [98.775732, 16.226902], [98.686416, 16.234689], [98.684885, 16.228362], [98.677229, 16.214733], [98.675698, 16.207919], [98.666001, 16.195748], [98.662939, 16.183577], [98.659877, 16.17676], [98.642524, 16.169457], [98.626192, 16.161178], [98.625171, 16.148029], [98.614453, 16.146081], [98.603735, 16.14949], [98.598121, 16.166048], [98.591997, 16.176274], [98.578216, 16.167022], [98.570561, 16.160204], [98.564947, 16.145594], [98.564436, 16.13293], [98.574644, 16.125137], [98.59608, 16.111497], [98.601821, 16.074709], [98.593655, 16.049365], [98.591614, 16.016215], [98.595697, 15.992809], [98.601821, 15.97135], [98.593655, 15.938178], [98.583448, 15.904997], [98.55895, 15.852278], [98.55895, 15.811258], [98.563033, 15.787812], [98.560991, 15.744815], [98.560991, 15.699847], [98.569157, 15.658775], [98.577323, 15.629428], [98.581406, 15.592246], [98.587531, 15.555052], [98.585489, 15.506094], [98.575282, 15.459076], [98.556908, 15.445359], [98.548742, 15.466914], [98.495663, 15.492383], [98.462999, 15.478669], [98.401754, 15.43752], [98.40992, 15.374788], [98.324177, 15.413999], [98.246089, 15.327717], [98.198114, 15.343409], [98.208322, 15.298288], [98.19301, 15.251187], [98.191989, 15.195229], [98.221591, 15.156928], [98.204238, 15.114683], [98.221591, 15.068491], [98.255276, 15.009496], [98.252214, 14.939647], [98.288451, 14.873695], [98.349696, 14.808692], [98.42421, 14.739709], [98.458916, 14.682521], [98.462999, 14.647998], [98.492601, 14.645038], [98.539555, 14.556214], [98.569157, 14.490046], [98.591614, 14.488071], [98.590593, 14.437678], [98.626319, 14.424829], [98.655921, 14.402094], [98.698394, 14.381928], [98.802541, 14.294562], [98.864719, 14.255377], [98.894253, 14.217686], [98.971975, 14.196574], [98.982856, 14.131706], [99.018609, 14.110579], [99.018609, 14.053213], [99.074568, 14.013946], [99.111875, 13.977689], [99.111875, 13.929327], [99.135192, 13.873385], [99.16628, 13.838596], [99.172498, 13.806823], [99.174053, 13.68116], [99.209805, 13.565976], [99.200478, 13.493169], [99.195815, 13.402096], [99.20825, 13.361089], [99.203587, 13.304872], [99.135192, 13.310951], [99.130528, 13.280553], [99.139855, 13.25775], [99.128974, 13.19844], [99.094776, 13.178663], [99.128974, 13.140622], [99.19426, 13.094955], [99.198924, 13.055363], [99.172498, 13.026422], [99.188043, 12.992902], [99.191151, 12.950225], [99.230012, 12.922783], [99.228458, 12.843466], [99.25022, 12.81905], [99.290636, 12.817524], [99.303071, 12.774783], [99.343487, 12.757988], [99.374575, 12.725917], [99.43209, 12.706059], [99.44608, 12.683142], [99.4181, 12.589898], [99.401001, 12.565429], [99.430535, 12.525654], [99.442971, 12.502701], [99.436753, 12.456781], [99.447634, 12.435345], [99.463178, 12.393994], [99.486495, 12.371015], [99.477168, 12.340368], [99.491158, 12.302049], [99.484941, 12.231507], [99.567326, 12.246846], [99.551781, 12.193152], [99.534683, 12.157853], [99.5409, 12.117937], [99.595306, 12.093366], [99.584425, 12.047282], [99.589088, 11.982733], [99.623286, 11.951983], [99.655929, 11.921225], [99.634167, 11.819662], [99.587534, 11.767307], [99.550227, 11.711847], [99.497376, 11.721092], [99.461624, 11.671775], [99.472505, 11.628605], [99.433644, 11.566905], [99.401001, 11.549932], [99.402555, 11.46966], [99.355922, 11.44186], [99.318615, 11.403239], [99.326388, 11.375423], [99.279754, 11.32441], [99.257992, 11.257904], [99.22224, 11.199099], [99.184934, 11.171234], [99.167835, 11.123227], [99.110321, 11.095343], [99.077677, 11.041104], [99.055915, 11.036453], [99.024826, 11.047304], [99.006173, 11.019401], [99.007728, 10.940306], [98.954877, 10.896857], [98.926897, 10.903065], [98.894253, 10.85805], [98.8756, 10.865813], [98.783888, 10.758643], [98.779225, 10.715125], [98.77767, 10.682476], [98.811868, 10.657594], [98.814977, 10.623372], [98.821195, 10.57202], [98.796324, 10.522202], [98.759017, 10.467688], [98.729483, 10.353904], [98.664196, 10.229077], [98.614454, 10.115052], [98.580257, 10.044705], [98.560049, 10.000911], [98.527406, 10.080665], [98.522742, 10.129116], [98.516525, 10.19004], [98.511861, 10.240005], [98.480772, 10.264979], [98.521188, 10.32427], [98.510307, 10.360142], [98.518079, 10.381971], [98.535178, 10.425617], [98.54295, 10.448992], [98.522742, 10.480151], [98.510307, 10.49417], [98.499426, 10.522202], [98.490099, 10.587584], [98.505643, 10.631151], [98.483881, 10.654483], [98.476109, 10.668481], [98.477664, 10.687141], [98.477664, 10.698025], [98.466782, 10.705798], [98.457456, 10.710462], [98.452793, 10.721343], [98.454347, 10.735332], [98.45901, 10.767966], [98.462119, 10.78661], [98.466782, 10.802145], [98.466782, 10.81923], [98.466782, 10.823889], [98.50098, 10.813017], [98.511861, 10.805251], [98.535178, 10.78195], [98.536732, 10.787775], [98.535566, 10.802533], [98.532069, 10.814959], [98.525851, 10.821559], [98.518079, 10.830101], [98.525463, 10.842524], [98.531292, 10.843688], [98.540618, 10.832042], [98.551888, 10.823112], [98.555386, 10.819618], [98.560437, 10.814182], [98.563546, 10.798261], [98.566655, 10.801756], [98.565101, 10.81923], [98.562769, 10.829713], [98.566267, 10.838642], [98.569376, 10.850675], [98.573262, 10.858826], [98.582588, 10.852616], [98.585309, 10.863484], [98.585309, 10.874351], [98.585309, 10.878232], [98.592303, 10.8825], [98.594635, 10.883664], [98.599298, 10.886381], [98.598133, 10.892589], [98.597744, 10.898021], [98.598133, 10.902289], [98.599298, 10.907333], [98.600076, 10.910049], [98.597744, 10.911601], [98.593858, 10.912764], [98.592692, 10.914316], [98.594247, 10.922075], [98.595412, 10.923627], [98.595024, 10.928281], [98.586863, 10.938366], [98.588029, 10.949226], [98.581422, 10.947287], [98.574816, 10.951941], [98.573262, 10.958146], [98.589972, 10.968616], [98.613677, 10.978309], [98.621449, 10.982186], [98.627667, 11.000795], [98.637771, 11.004672], [98.723654, 11.037616], [98.650595, 11.115095], [98.711218, 11.14762], [98.709664, 11.187876], [98.666139, 11.21419], [98.725208, 11.259064], [98.771841, 11.339484], [98.773396, 11.379673], [98.698783, 11.486259], [98.712773, 11.549546], [98.778059, 11.5372], [98.722099, 11.622051], [98.731426, 11.740736], [98.750079, 11.777703], [98.792049, 11.774623], [98.837128, 11.814659], [98.773396, 11.874686], [98.726763, 11.846985], [98.706555, 11.799262], [98.659922, 11.785403], [98.631942, 11.814659], [98.605516, 11.840829], [98.616397, 11.886996], [98.641268, 11.946985], [98.617952, 11.991573], [98.543339, 12.005407], [98.468726, 11.996184], [98.457844, 12.049971], [98.426756, 12.139048], [98.436082, 12.197371], [98.485824, 12.168213], [98.535566, 12.082231], [98.585309, 12.069943], [98.670803, 12.051507], [98.709664, 12.068406], [98.701891, 12.122159], [98.647486, 12.148259], [98.631942, 12.252598], [98.659922, 12.300132], [98.597744, 12.344583], [98.572873, 12.312396], [98.55422, 12.327724], [98.551111, 12.367567], [98.546448, 12.408928], [98.55422, 12.462522], [98.586863, 12.535981], [98.614843, 12.571164], [98.661476, 12.598691], [98.683238, 12.604807], [98.652149, 12.647611], [98.625724, 12.664423], [98.645932, 12.693455], [98.669248, 12.733172], [98.673912, 12.795774], [98.669248, 12.820195], [98.633496, 12.840033], [98.616397, 12.861393], [98.607071, 12.888851], [98.645154, 12.889995], [98.651372, 12.904102], [98.650905, 12.909232], [98.647245, 12.909655], [98.642141, 12.916163], [98.637037, 12.930682], [98.633975, 12.943196], [98.634485, 12.950204], [98.636527, 12.963717], [98.633465, 12.975227], [98.629892, 12.983734], [98.62785, 12.988738], [98.625299, 12.990239], [98.622236, 12.991239], [98.623767, 12.998244], [98.622236, 13.006749], [98.621216, 13.010751], [98.618153, 13.014753], [98.614581, 13.019755], [98.609477, 13.021756], [98.601821, 13.025758], [98.59289, 13.037262], [98.594931, 13.050265], [98.602076, 13.057266], [98.60667, 13.060266], [98.604118, 13.062266], [98.597483, 13.072267], [98.59289, 13.075767], [98.595442, 13.079266], [98.599525, 13.090265], [98.599014, 13.103762], [98.599525, 13.11076], [98.590848, 13.112759], [98.584724, 13.118757], [98.582682, 13.130751], [98.59289, 13.138747], [98.599525, 13.146742], [98.594421, 13.153237], [98.59391, 13.16223], [98.598504, 13.165228], [98.592379, 13.173221], [98.581661, 13.170723], [98.580641, 13.176218], [98.587276, 13.180215], [98.590338, 13.188706], [98.594421, 13.193701], [98.567881, 13.230656], [98.570944, 13.237147], [98.575027, 13.24863], [98.581151, 13.258614], [98.584724, 13.268098], [98.583193, 13.277581], [98.581151, 13.285567], [98.577068, 13.293053], [98.561246, 13.304031], [98.554611, 13.306526], [98.547977, 13.308522], [98.542873, 13.311515], [98.537769, 13.317503], [98.535217, 13.325984], [98.529603, 13.334964], [98.520927, 13.343943], [98.513271, 13.350927], [98.504595, 13.352922], [98.497449, 13.355914], [98.491835, 13.359406], [98.492346, 13.401792], [98.477545, 13.384839], [98.467337, 13.431702], [98.453557, 13.474062], [98.432121, 13.535332], [98.426507, 13.541806], [98.422424, 13.548777], [98.413237, 13.566702], [98.420893, 13.583628], [98.372918, 13.657775], [98.365262, 13.670211], [98.369345, 13.678666], [98.373938, 13.68364], [98.372407, 13.692095], [98.3622, 13.709003], [98.357096, 13.720439], [98.345357, 13.731377], [98.323411, 13.750764], [98.307079, 13.7617], [98.299424, 13.772137], [98.289471, 13.781082], [98.279774, 13.792014], [98.282836, 13.799964], [98.296106, 13.80543], [98.293044, 13.813379], [98.280284, 13.823315], [98.275691, 13.818347], [98.268035, 13.815366], [98.253235, 13.813379], [98.240986, 13.815863], [98.23384, 13.844177], [98.242006, 13.868511], [98.243537, 13.878939], [98.24711, 13.888372], [98.24711, 13.896316], [98.248641, 13.933544], [98.24762, 13.961333], [98.24762, 13.977705], [98.24762, 13.991099], [98.240986, 14.007468], [98.23384, 14.032264], [98.231288, 14.054576], [98.224654, 14.081841], [98.216488, 14.096214], [98.210363, 14.11009], [98.202707, 14.123964], [98.189948, 14.109595], [98.194541, 14.09671], [98.204238, 14.06697], [98.208832, 14.045156], [98.214191, 13.992588], [98.208577, 13.980186], [98.19939, 13.965798], [98.18561, 13.942973], [98.180506, 13.923121], [98.178465, 13.901777], [98.170809, 13.87596], [98.183568, 13.790524], [98.185099, 13.7781], [98.185099, 13.770646], [98.184589, 13.762197], [98.179485, 13.755238], [98.170299, 13.748279], [98.164684, 13.742811], [98.15907, 13.732868], [98.156518, 13.721931], [98.152946, 13.712981], [98.151925, 13.702041], [98.156008, 13.680656], [98.160091, 13.671703], [98.17183, 13.663744], [98.174382, 13.655785], [98.166215, 13.647825], [98.156008, 13.658272], [98.148863, 13.667724], [98.142228, 13.662252], [98.141717, 13.655785], [98.124875, 13.664241], [98.131, 13.673693], [98.128958, 13.685132], [98.123854, 13.701544], [98.126917, 13.705025], [98.140697, 13.7095], [98.143249, 13.71497], [98.131, 13.739331], [98.151925, 13.760208], [98.148352, 13.77164], [98.146311, 13.779591], [98.152946, 13.787045], [98.139676, 13.803442], [98.126917, 13.807914], [98.128448, 13.801952], [98.134572, 13.794499], [98.129468, 13.792511], [98.113647, 13.79102], [98.105991, 13.790524], [98.10497, 13.804933], [98.09119, 13.81636], [98.094253, 13.821327], [98.108033, 13.826792], [98.10497, 13.833249], [98.097315, 13.830766], [98.084555, 13.836726], [98.085066, 13.849143], [98.076389, 13.85709], [98.072306, 13.871987], [98.073327, 13.881421], [98.067713, 13.891848], [98.067203, 13.900287], [98.079452, 13.910712], [98.095273, 13.901777], [98.092721, 13.963318], [98.092211, 13.978202], [98.097315, 13.990603], [98.098336, 13.99854], [98.095784, 14.004492], [98.084045, 14.013419], [98.0769, 14.020859], [98.078431, 14.031272], [98.076389, 14.043669], [98.066182, 14.079858], [98.064651, 14.089275], [98.060057, 14.104639], [98.060057, 14.11455], [98.056485, 14.131892], [98.059547, 14.143287], [98.06414, 14.145268], [98.071796, 14.14824], [98.081493, 14.17895], [98.085576, 14.184893], [98.09119, 14.199253], [98.097315, 14.208166], [98.101908, 14.213117], [98.102419, 14.220048], [98.101398, 14.224999], [98.099867, 14.234405], [98.098336, 14.24183], [98.096804, 14.248759], [98.094763, 14.254203], [98.09068, 14.259648], [98.086597, 14.266081], [98.084555, 14.27004], [98.079962, 14.276473], [98.086597, 14.278947], [98.09068, 14.273009], [98.097315, 14.270535], [98.098336, 14.276968], [98.097825, 14.282411], [98.099356, 14.294781], [98.099356, 14.300717], [98.097315, 14.308138], [98.095273, 14.313085], [98.092721, 14.316548], [98.084555, 14.328419], [98.080472, 14.323473], [98.083024, 14.316053], [98.091701, 14.310612], [98.086597, 14.29676], [98.081493, 14.289338], [98.0769, 14.294286], [98.072817, 14.302696], [98.064651, 14.314074], [98.053933, 14.329903], [98.039642, 14.351169], [98.033007, 14.358092], [98.02229, 14.376387], [98.014634, 14.386275], [98.001364, 14.399128], [97.997281, 14.406048], [97.997281, 14.410496], [97.997281, 14.413462], [97.997281, 14.421864], [97.991157, 14.433725], [97.987074, 14.440149], [97.98248, 14.449537], [97.975845, 14.461889], [97.972273, 14.471769], [97.973804, 14.486589], [97.972783, 14.495973], [97.972273, 14.504863], [97.972783, 14.513753], [97.972783, 14.523135], [97.96819, 14.538442], [97.963086, 14.55029], [97.961555, 14.560164], [97.959513, 14.569049], [97.957472, 14.581388], [97.959003, 14.58731], [97.956961, 14.594219], [97.956451, 14.602608], [97.945733, 14.618891], [97.940629, 14.628265], [97.933994, 14.641092], [97.92787, 14.653917], [97.922256, 14.665754], [97.911538, 14.679562], [97.909752, 14.694848], [97.903627, 14.711611], [97.896482, 14.739216], [97.888316, 14.762872], [97.873005, 14.773713], [97.873005, 14.783567], [97.88015, 14.79342], [97.888316, 14.805243], [97.895461, 14.81805], [97.903627, 14.823961], [97.918938, 14.831841], [97.930167, 14.834796], [97.939353, 14.824946], [97.958748, 14.810169], [97.969976, 14.799332], [97.983246, 14.781596], [97.997536, 14.760901], [98.000599, 14.763857], [97.990391, 14.773713], [97.984267, 14.790464], [97.976101, 14.806229], [97.968955, 14.819036], [97.953644, 14.842675], [97.947519, 14.862372], [97.946499, 14.878126], [97.93425, 14.874188], [97.936291, 14.853509], [97.933229, 14.842675], [97.915876, 14.855478], [97.904648, 14.874188], [97.897503, 14.892894], [97.887295, 14.898801], [97.888316, 14.882064], [97.89342, 14.86828], [97.897503, 14.850554], [97.89444, 14.84169], [97.883212, 14.825931], [97.863818, 14.815095], [97.83932, 14.821991], [97.831154, 14.840706], [97.822988, 14.864341], [97.820946, 14.883049], [97.815842, 14.898801], [97.808697, 14.930298], [97.804614, 14.948012], [97.797469, 14.964738], [97.792365, 14.980479], [97.791344, 15.010971], [97.809718, 15.050304], [97.810739, 15.075863], [97.784199, 15.113209], [97.797469, 15.164294], [97.801552, 15.177062], [97.804614, 15.196702], [97.807676, 15.208485], [97.804614, 15.242844], [97.793386, 15.263455], [97.820946, 15.313494], [97.809718, 15.32036], [97.786241, 15.305646], [97.766846, 15.30957], [97.739286, 15.355667], [97.734182, 15.376258], [97.739286, 15.394885], [97.737245, 15.410569], [97.727037, 15.43507], [97.733162, 15.459566], [97.739286, 15.482098], [97.775012, 15.497769], [97.773992, 15.521273], [97.765826, 15.54673], [97.742348, 15.567288], [97.735203, 15.589799], [97.749494, 15.618177], [97.750514, 15.638722], [97.756639, 15.646548], [97.763784, 15.663176], [97.71683, 15.8137], [97.708664, 15.834212], [97.707643, 15.870342], [97.71683, 15.892795], [97.721933, 15.920125], [97.700498, 15.972813], [97.695394, 15.992322], [97.668854, 16.015727], [97.630066, 16.042053], [97.562696, 16.170674], [97.562696, 16.177491], [97.597402, 16.206702], [97.612713, 16.223251], [97.637211, 16.252451], [97.638232, 16.275805], [97.644356, 16.306938], [97.647418, 16.336117], [97.644356, 16.368206], [97.639252, 16.389593], [97.628024, 16.409033], [97.619858, 16.450818], [97.607609, 16.477048], [97.592298, 16.483848], [97.579028, 16.453733], [97.573924, 16.426526], [97.562696, 16.392509], [97.565758, 16.369178], [97.566779, 16.348759], [97.5678, 16.326391], [97.561675, 16.295264], [97.544323, 16.294291], [97.514721, 16.313747], [97.504513, 16.339034], [97.476953, 16.390565], [97.465725, 16.414865], [97.473891, 16.430413], [97.473891, 16.458591], [97.465725, 16.478991], [97.456538, 16.507157], [97.474401, 16.539199], [97.458069, 16.56638], [97.448882, 16.591614], [97.478484, 16.597437], [97.529522, 16.593555], [97.567289, 16.594525], [97.617306, 16.598407], [97.658136, 16.605199], [97.646908, 16.613932], [97.60914, 16.624604], [97.579538, 16.627515], [97.559123, 16.634305], [97.528501, 16.635276], [97.498899, 16.634305], [97.449903, 16.642066], [97.417239, 16.630425], [97.387637, 16.614902], [97.368243, 16.609081], [97.348849, 16.645946], [97.342724, 16.665344], [97.333537, 16.687648], [97.324351, 16.709948], [97.330475, 16.739029], [97.325371, 16.781667], [97.32333, 16.81073], [97.316185, 16.777792], [97.300873, 16.759381], [97.293728, 16.754535], [97.259022, 16.772947], [97.24167, 16.808793], [97.234524, 16.838818], [97.251877, 16.868835], [97.254939, 16.897877], [97.230441, 16.940459], [97.221255, 16.958842], [97.190122, 17.022677], [97.175831, 17.057482], [97.172769, 17.083578], [97.167665, 17.105805], [97.152354, 17.126094], [97.158478, 17.176321], [97.196246, 17.213977], [97.177873, 17.222666], [97.144188, 17.211081], [97.13296, 17.160869], [97.13398, 17.125128], [97.123773, 17.076813], [97.109482, 17.065215], [97.084984, 17.079713], [97.071715, 17.114501], [97.076818, 17.15604], [97.084984, 17.185978], [97.09213, 17.222666], [97.074777, 17.250657], [97.048237, 17.274782], [97.023739, 17.296973], [97.003324, 17.305655], [96.985971, 17.321088], [96.980868, 17.355806], [96.961473, 17.39919], [96.942079, 17.409793], [96.920643, 17.413648], [96.908394, 17.423285], [96.905332, 17.440631], [96.898187, 17.483984], [96.894104, 17.45412], [96.874709, 17.439667], [96.868585, 17.418467], [96.890021, 17.382803], [96.898187, 17.362556], [96.892062, 17.347128], [96.863481, 17.325911], [96.857357, 17.303725], [96.863481, 17.284431], [96.872668, 17.257412], [96.892062, 17.223631], [96.896145, 17.199496], [96.890021, 17.187909], [96.893083, 17.169561], [96.904311, 17.140585], [96.901249, 17.130925], [96.864502, 17.132857], [96.87522, 17.039114], [96.87522, 17.032346], [96.863992, 17.010106], [96.854805, 17.038147], [96.833369, 17.042014], [96.82112, 17.025578], [96.805809, 17.003337], [96.798663, 16.985928], [96.783352, 16.973353], [96.756813, 16.980124], [96.747626, 16.971418], [96.757833, 16.91917], [96.801726, 16.874644], [96.781311, 16.885293], [96.745074, 16.813636], [96.73895, 16.798137], [96.72568, 16.77004], [96.71241, 16.748721], [96.69914, 16.727397], [96.682808, 16.702192], [96.662393, 16.677951], [96.623605, 16.643036], [96.58992, 16.624604], [96.554193, 16.609081], [96.523571, 16.594525], [96.486824, 16.580939], [96.449056, 16.576086], [96.419454, 16.576086], [96.401081, 16.584821], [96.369437, 16.611991], [96.351064, 16.626545], [96.313296, 16.642066], [96.303089, 16.659525], [96.284715, 16.68086], [96.275528, 16.708009], [96.272466, 16.729336], [96.267362, 16.753566], [96.235719, 16.807824], [96.231636, 16.839786], [96.222449, 16.862058], [96.192847, 16.862058], [96.187744, 16.833007], [96.19693, 16.7962], [96.212242, 16.769071], [96.238781, 16.741936], [96.238781, 16.691527], [96.242864, 16.662435], [96.257155, 16.632365], [96.276549, 16.591614], [96.29186, 16.569292], [96.321462, 16.539199], [96.325545, 16.520752], [96.313296, 16.503272], [96.284715, 16.480934], [96.262259, 16.469277], [96.170391, 16.450818], [96.148955, 16.435272], [96.120374, 16.421667], [96.078523, 16.418752], [96.054025, 16.393481], [96.040755, 16.375011], [96.017278, 16.354593], [95.985635, 16.335144], [95.948888, 16.321528], [95.912141, 16.311801], [95.867228, 16.301101], [95.834564, 16.288454], [95.8019, 16.267048], [95.77536, 16.250505], [95.740654, 16.224225], [95.719219, 16.201834], [95.711053, 16.171648], [95.711053, 16.130738], [95.669202, 16.064474], [95.485977, 15.869365], [95.465562, 15.84886], [95.440043, 15.834212], [95.411462, 15.826398], [95.387985, 15.823468], [95.351238, 15.818584], [95.332864, 15.818584], [95.310408, 15.822491], [95.289993, 15.834212], [95.287951, 15.843001], [95.294076, 15.86546], [95.28693, 15.877176], [95.284889, 15.910365], [95.287951, 15.931835], [95.296117, 15.962082], [95.282847, 15.998173], [95.264474, 16.029379], [95.266515, 16.050827], [95.252225, 16.058626], [95.238955, 16.031329], [95.23283, 16.010851], [95.223644, 15.981592], [95.21854, 15.957204], [95.220581, 15.927932], [95.221602, 15.905485], [95.212415, 15.895724], [95.185876, 15.883033], [95.159336, 15.885962], [95.140963, 15.890843], [95.127693, 15.906461], [95.118506, 15.921101], [95.118506, 15.94452], [95.119527, 15.968911], [95.119527, 15.993297], [95.115444, 16.027428], [95.114423, 16.059601], [95.10932, 16.082019], [95.097071, 16.119048], [95.105237, 16.157039], [95.114423, 16.180412], [95.144025, 16.217411], [95.139942, 16.228118], [95.114423, 16.220331], [95.09605, 16.208649], [95.066448, 16.179438], [95.054199, 16.154117], [95.052157, 16.12879], [95.062365, 16.106381], [95.066448, 16.081044], [95.063386, 16.041078], [95.062365, 16.002074], [95.05624, 15.973789], [95.040929, 15.932811], [95.032763, 15.909389], [95.01439, 15.8967], [94.985809, 15.866436], [94.957228, 15.854719], [94.926605, 15.855696], [94.888837, 15.860578], [94.868422, 15.868389], [94.845966, 15.873271], [94.813302, 15.892795], [94.800032, 15.899628], [94.772472, 15.903533], [94.750015, 15.904509], [94.746953, 15.940617], [94.77043, 15.965985], [94.784721, 15.997198], [94.807177, 16.036204], [94.882713, 16.112227], [94.87863, 16.149247], [94.871484, 16.199886], [94.856173, 16.221304], [94.843924, 16.218384], [94.844945, 16.198913], [94.851069, 16.180412], [94.854132, 16.151195], [94.850049, 16.119048], [94.81126, 16.089815], [94.714289, 15.954277], [94.669376, 15.95818], [94.608131, 16.034254], [94.638753, 16.046928], [94.680604, 16.07812], [94.712247, 16.095662], [94.721434, 16.130738], [94.737766, 16.162883], [94.761243, 16.19015], [94.774513, 16.208649], [94.751036, 16.201834], [94.725517, 16.175543], [94.710206, 16.145351], [94.70306, 16.117099], [94.6755, 16.095662], [94.64794, 16.077145], [94.605068, 16.044978], [94.58057, 16.042053], [94.556072, 16.049852], [94.576487, 16.091764], [94.596902, 16.11515], [94.630587, 16.142428], [94.642836, 16.170674], [94.664272, 16.196966], [94.671417, 16.239799], [94.682645, 16.269967], [94.682645, 16.298183], [94.672438, 16.322501], [94.663251, 16.345842], [94.643857, 16.3614], [94.586695, 16.337089], [94.518304, 16.295264], [94.411125, 16.168726], [94.353963, 16.148273], [94.317216, 16.083968], [94.286594, 16.091764], [94.237598, 16.064474], [94.198809, 16.132687], [94.231473, 16.407089], [94.249847, 16.622664], [94.264137, 16.636246], [94.307009, 16.618783], [94.353963, 16.673103], [94.321299, 16.708009], [94.372337, 16.768102], [94.345797, 16.797168], [94.37642, 16.864963], [94.402959, 16.890133], [94.378461, 16.965614], [94.386627, 17.008172], [94.41725, 17.000435], [94.449914, 17.03718], [94.466246, 17.172458], [94.486661, 17.211081], [94.474412, 17.234249], [94.453997, 17.245831], [94.464205, 17.263202], [94.502993, 17.251622], [94.527491, 17.28829], [94.49891, 17.313372], [94.507076, 17.386659], [94.537699, 17.402082], [94.562197, 17.39437], [94.578529, 17.361592], [94.625483, 17.398226], [94.564238, 17.421358], [94.578529, 17.4888], [94.562197, 17.598553], [94.547906, 17.642811], [94.558114, 17.67936], [94.578529, 17.65243], [94.613234, 17.600478], [94.594861, 17.658201], [94.588736, 17.713975], [94.554031, 17.727433], [94.531574, 17.783175], [94.543823, 17.81776], [94.482578, 17.873459], [94.486661, 17.959839], [94.434603, 18.080667], [94.479516, 18.103668], [94.47135, 18.17456], [94.438686, 18.237754], [94.414188, 18.325787], [94.324362, 18.331526], [94.320279, 18.375517], [94.357026, 18.377429], [94.383565, 18.360217], [94.401939, 18.394638], [94.391731, 18.436694], [94.340694, 18.442428], [94.256992, 18.597139], [94.244743, 18.684912], [94.238618, 18.726868], [94.256992, 18.772622], [94.295781, 18.780246], [94.285573, 18.808832], [94.259033, 18.841221], [94.220245, 18.886931], [94.175332, 18.860269], [94.134502, 18.881219], [94.081423, 18.900261], [94.026302, 18.921203], [94.03651, 18.972593], [94.029875, 19.146112], [94.035489, 19.18696], [94.053352, 19.304204], [94.039061, 19.365392], [94.040593, 19.403322], [94.038287, 19.406478], [94.031696, 19.398493], [94.023535, 19.358779], [94.032084, 19.27281], [94.011099, 19.247875], [93.995555, 19.257271], [93.992446, 19.25185], [94.006436, 19.229441], [94.008379, 19.222934], [93.981565, 19.206305], [93.960191, 19.205943], [93.942315, 19.218958], [93.932989, 19.245345], [93.942704, 19.253657], [93.945424, 19.257633], [93.936875, 19.259801], [93.937652, 19.265944], [93.931823, 19.270642], [93.925994, 19.265583], [93.924828, 19.264137], [93.912392, 19.269919], [93.900346, 19.266306], [93.888687, 19.268835], [93.887521, 19.279314], [93.882858, 19.287985], [93.872754, 19.300991], [93.872754, 19.319414], [93.895294, 19.327722], [93.930268, 19.361307], [93.94659, 19.367806], [93.966409, 19.367806], [93.964855, 19.371417], [93.941927, 19.375749], [93.945424, 19.400298], [93.956694, 19.404629], [93.964078, 19.405712], [93.976902, 19.423397], [93.973793, 19.443967], [93.976902, 19.447936], [93.99128, 19.447575], [94.005504, 19.44053], [93.998496, 19.453235], [93.995842, 19.457309], [93.980788, 19.463451], [93.970684, 19.456235], [93.966798, 19.43675], [93.967575, 19.419788], [93.953974, 19.417623], [93.94115, 19.406073], [93.922108, 19.380443], [93.896071, 19.354807], [93.888687, 19.357696], [93.878972, 19.3725], [93.882081, 19.377916], [93.910838, 19.389107], [93.904232, 19.393078], [93.892962, 19.389829], [93.880138, 19.386219], [93.888687, 19.407156], [93.884801, 19.420149], [93.871588, 19.427728], [93.866148, 19.425202], [93.882469, 19.415096], [93.882469, 19.411487], [93.87392, 19.398854], [93.841665, 19.391273], [93.868091, 19.39019], [93.866536, 19.371417], [93.853712, 19.368528], [93.826898, 19.370695], [93.811742, 19.36889], [93.807079, 19.376833], [93.792312, 19.384775], [93.786094, 19.370695], [93.775602, 19.36889], [93.77327, 19.379721], [93.750731, 19.381887], [93.742958, 19.389829], [93.748788, 19.410043], [93.751508, 19.410765], [93.762, 19.406434], [93.764332, 19.401381], [93.768995, 19.401381], [93.777933, 19.402824], [93.779488, 19.409683], [93.78726, 19.411126], [93.800084, 19.410765], [93.807856, 19.411848], [93.803193, 19.418345], [93.809022, 19.423037], [93.807856, 19.433141], [93.799307, 19.426285], [93.793866, 19.431698], [93.778711, 19.430976], [93.760446, 19.417623], [93.751119, 19.421593], [93.73402, 19.41654], [93.733243, 19.427728], [93.729357, 19.434224], [93.730912, 19.44541], [93.748788, 19.444328], [93.755783, 19.444328], [93.754617, 19.452266], [93.751897, 19.456235], [93.753451, 19.464533], [93.752674, 19.469945], [93.745679, 19.469223], [93.735186, 19.462729], [93.735964, 19.468141], [93.722751, 19.472831], [93.704486, 19.472831], [93.685444, 19.469223], [93.677283, 19.484014], [93.66718, 19.494474], [93.654744, 19.502048], [93.650469, 19.508901], [93.648138, 19.521883], [93.650081, 19.524047], [93.655521, 19.517556], [93.657464, 19.519359], [93.659407, 19.523326], [93.656687, 19.529817], [93.658242, 19.534144], [93.667568, 19.535586], [93.671066, 19.540273], [93.669317, 19.542437], [93.665431, 19.547845], [93.658047, 19.554334], [93.656493, 19.562265], [93.657659, 19.56587], [93.663488, 19.566231], [93.668928, 19.562986], [93.678255, 19.561905], [93.677089, 19.56587], [93.672037, 19.575242], [93.670483, 19.582811], [93.662711, 19.585334], [93.660767, 19.587137], [93.662711, 19.591462], [93.661156, 19.598669], [93.649498, 19.601192], [93.639783, 19.600471], [93.62929, 19.602634], [93.63201, 19.610201], [93.639005, 19.616327], [93.635508, 19.620651], [93.636674, 19.624975], [93.651441, 19.627857], [93.670483, 19.620291], [93.682918, 19.625335], [93.703903, 19.609841], [93.746262, 19.606958], [93.742764, 19.585334], [93.773464, 19.565149], [93.792895, 19.560823], [93.810771, 19.543879], [93.814657, 19.547124], [93.806496, 19.5583], [93.780848, 19.574882], [93.769967, 19.582451], [93.769967, 19.593984], [93.808439, 19.588578], [93.825927, 19.577405], [93.858959, 19.56551], [93.850798, 19.54496], [93.853907, 19.540994], [93.859347, 19.534865], [93.865954, 19.53162], [93.879943, 19.534144], [93.88927, 19.527653], [93.909089, 19.513589], [93.924245, 19.506016], [93.935126, 19.507458], [93.954945, 19.500245], [93.974116, 19.483175], [93.990065, 19.495729], [93.96965, 19.519886], [93.960464, 19.508045], [93.914019, 19.520833], [93.903812, 19.530305], [93.918868, 19.549246], [93.878548, 19.573392], [93.843843, 19.594693], [93.795357, 19.624509], [93.777494, 19.644382], [93.829552, 19.649586], [93.808627, 19.666617], [93.764734, 19.653371], [93.720842, 19.683173], [93.786681, 19.730462], [93.79995, 19.741336], [93.814241, 19.759772], [93.838739, 19.771116], [93.82598, 19.800889], [93.790508, 19.815064], [93.787957, 19.851912], [93.802757, 19.893942], [93.76499, 19.92699], [93.730794, 19.947758], [93.667508, 19.969467], [93.610346, 19.958141], [93.579723, 19.934542], [93.560212, 19.942589], [93.541955, 19.950118], [93.535193, 19.979848], [93.511716, 19.978432], [93.503677, 19.971826], [93.489514, 19.974893], [93.486452, 19.985038], [93.4713, 19.984938], [93.459402, 19.989756], [93.448557, 20.001079], [93.414361, 20.032211], [93.413851, 20.050133], [93.377104, 20.105295], [93.373531, 20.071823], [93.308203, 20.09351], [93.295444, 20.101524], [93.213273, 20.082196], [93.184182, 20.109066], [93.108136, 20.11425], [93.057098, 20.183517], [93.08619, 20.228731], [93.107626, 20.242386], [93.125999, 20.272516], [93.08619, 20.246624], [93.012696, 20.186343], [92.992791, 20.193173], [92.996874, 20.247094], [93.002999, 20.284049], [93.035152, 20.354632], [93.035152, 20.397432], [93.015248, 20.360041], [92.985391, 20.310169], [92.921976, 20.240738], [92.898499, 20.164673], [92.863283, 20.172446], [92.826791, 20.201651], [92.759932, 20.246388], [92.78443, 20.306169], [92.83215, 20.321698], [92.862262, 20.346399], [92.892375, 20.342165], [92.889568, 20.334637], [92.87936, 20.326168], [92.87885, 20.317463], [92.879105, 20.305463], [92.889312, 20.298404], [92.9059, 20.303581], [92.928611, 20.300522], [92.934481, 20.312287], [92.95464, 20.326639], [92.95362, 20.335108], [92.934225, 20.345929], [92.926825, 20.348986], [92.917638, 20.355337], [92.900796, 20.349692], [92.909217, 20.357689], [92.929377, 20.361688], [92.922742, 20.376974], [92.943667, 20.390378], [92.900541, 20.407542], [92.866856, 20.426114], [92.84542, 20.422353], [92.839806, 20.435752], [92.853586, 20.437632], [92.889057, 20.42917], [92.89314, 20.433872], [92.884209, 20.447504], [92.847972, 20.45385], [92.829088, 20.447974], [92.826281, 20.434342], [92.85869, 20.378856], [92.843634, 20.366862], [92.857159, 20.356043], [92.842613, 20.348046], [92.826026, 20.348751], [92.799741, 20.363099], [92.786599, 20.33699], [92.771798, 20.337695], [92.764143, 20.375093], [92.764908, 20.398608], [92.769246, 20.435752], [92.76057, 20.478525], [92.76108, 20.491917], [92.751894, 20.523632], [92.741686, 20.548292], [92.736582, 20.564965], [92.744493, 20.588679], [92.731223, 20.619899], [92.694476, 20.661669], [92.694476, 20.652049], [92.690904, 20.631868], [92.705705, 20.617082], [92.727651, 20.594782], [92.723823, 20.569896], [92.720761, 20.539368], [92.729437, 20.513296], [92.728672, 20.46325], [92.73301, 20.414125], [92.731479, 20.344988], [92.743728, 20.332049], [92.74679, 20.320757], [92.740665, 20.315581], [92.72663, 20.324051], [92.701111, 20.356984], [92.670999, 20.412244], [92.64548, 20.46372], [92.604395, 20.518229], [92.548636, 20.573418], [92.528987, 20.595017], [92.529753, 20.604407], [92.521331, 20.633746], [92.501044, 20.659323], [92.459959, 20.693575], [92.464042, 20.695686], [92.471187, 20.692167], [92.477311, 20.695217], [92.472973, 20.701784], [92.462, 20.705772], [92.457917, 20.714215], [92.445668, 20.710228], [92.460214, 20.70155], [92.451793, 20.701315], [92.425764, 20.718202], [92.385699, 20.7379], [92.380595, 20.747983], [92.387485, 20.753141], [92.38672, 20.766504], [92.393099, 20.771896], [92.394886, 20.783147], [92.410452, 20.786195], [92.401776, 20.794398], [92.393355, 20.794398], [92.381106, 20.807288], [92.369877, 20.814787], [92.360563, 20.822755], [92.358266, 20.843139], [92.355714, 20.860475], [92.364136, 20.873827], [92.357246, 20.8668], [92.348824, 20.869611], [92.339127, 20.888817], [92.345762, 20.889988], [92.35648, 20.897482], [92.368984, 20.897482], [92.376895, 20.906381], [92.375619, 20.911064], [92.368474, 20.913405], [92.358777, 20.915747], [92.355714, 20.926752], [92.346528, 20.934478], [92.321774, 20.919727], [92.313353, 20.942905], [92.344997, 20.956482], [92.338106, 20.961164], [92.315395, 20.953674], [92.312588, 20.967249], [92.304422, 20.977547], [92.299828, 20.980356], [92.290131, 21.006096], [92.278137, 21.00516], [92.275841, 21.020368], [92.268695, 21.033937], [92.256191, 21.051013], [92.251343, 21.063876], [92.257467, 21.083286], [92.264102, 21.08843], [92.264612, 21.091938], [92.26104, 21.110174], [92.235521, 21.125603], [92.222251, 21.151314], [92.208471, 21.148977], [92.198263, 21.171879], [92.204898, 21.179823], [92.199284, 21.194309], [92.175297, 21.191038], [92.171214, 21.211129], [92.1804, 21.22094], [92.202347, 21.238691], [92.219189, 21.260642], [92.213575, 21.278854], [92.22123, 21.291461], [92.214596, 21.311069], [92.199795, 21.336275], [92.200815, 21.354943], [92.211023, 21.366609], [92.231438, 21.376408], [92.256446, 21.393203], [92.256446, 21.416061], [92.266654, 21.427721], [92.269206, 21.457566], [92.291152, 21.456634], [92.296766, 21.448707], [92.307994, 21.446375], [92.324326, 21.449639], [92.338617, 21.463628], [92.34321, 21.495329], [92.381488, 21.505584], [92.409559, 21.47202], [92.42436, 21.464094], [92.434057, 21.434717], [92.427933, 21.424923], [92.43074, 21.402533], [92.436864, 21.400667], [92.439926, 21.39367], [92.456769, 21.396002], [92.470039, 21.39227], [92.474122, 21.383406], [92.495557, 21.389938], [92.501682, 21.385272], [92.508827, 21.390871], [92.509848, 21.403933], [92.513931, 21.405799], [92.516993, 21.416527], [92.530263, 21.415594], [92.534856, 21.404866], [92.559865, 21.411396], [92.599674, 21.275586], [92.62162, 21.28259], [92.622641, 21.289594], [92.639483, 21.302666], [92.676741, 21.316204], [92.657452, 21.376513], [92.6217, 21.492985], [92.595275, 21.632042], [92.598384, 21.796442], [92.623255, 21.871484], [92.625656, 21.961064], [92.648893, 21.95754], [92.679877, 21.968112], [92.680078, 21.968271], [92.708924, 21.991016], [92.714733, 22.012155], [92.71086, 22.031528], [92.706987, 22.050899], [92.703114, 22.084351], [92.724416, 22.119554], [92.770891, 22.119554], [92.805747, 22.103714], [92.850286, 22.077309], [92.883206, 22.054421], [92.904507, 22.031528], [92.91419, 21.999824], [92.923872, 21.971636], [92.935491, 21.945204], [92.952919, 21.918766], [92.970347, 21.925817], [93.005204, 21.939917], [93.034251, 21.959302], [93.065234, 21.978684], [93.080726, 21.992778], [93.092345, 22.050899], [93.103964, 22.117794], [93.136884, 22.133632], [93.17755, 22.140671], [93.20466, 22.147709], [93.222088, 22.184653], [93.24339, 22.233896], [93.266627, 22.290149], [93.253072, 22.337594], [93.245326, 22.365701], [93.231771, 22.402582], [93.220152, 22.435941], [93.193041, 22.485086], [93.185295, 22.504388], [93.173677, 22.604359], [93.173677, 22.637665], [93.175613, 22.677972], [93.163994, 22.772555], [93.160121, 22.804067], [93.167867, 22.826821], [93.160121, 22.895059], [93.150439, 22.921294], [93.148503, 22.994725], [93.140757, 23.059379], [93.175613, 23.089074], [93.198851, 23.099553], [93.224025, 23.104792], [93.268564, 23.103046], [93.289865, 23.090821], [93.322785, 23.080341], [93.34215, 23.080341], [93.382815, 23.097807], [93.390561, 23.127493], [93.40218, 23.162409], [93.40799, 23.213021], [93.421545, 23.281053], [93.433164, 23.322902], [93.437037, 23.354279], [93.442846, 23.394361], [93.444782, 23.450106], [93.452528, 23.490159], [93.460274, 23.523236], [93.462211, 23.549344], [93.469957, 23.606762], [93.469957, 23.650244], [93.444782, 23.705879], [93.438973, 23.738901], [93.4351, 23.76844], [93.431227, 23.794499], [93.421545, 23.817078], [93.411862, 23.860489], [93.388625, 23.905622], [93.347959, 23.971556], [93.340213, 24.006245], [93.332467, 24.009713], [93.348927, 24.027704], [93.364419, 24.045909], [93.377974, 24.062378], [93.398307, 24.069312], [93.41864, 24.057177], [93.440909, 24.041575], [93.45156, 24.011231], [93.464147, 23.990419], [93.472861, 23.968737], [93.475766, 23.952256], [93.497067, 23.935773], [93.519337, 23.917553], [93.545479, 23.914082], [93.569685, 23.904537], [93.598732, 23.911479], [93.620033, 23.920156], [93.634556, 23.933171], [93.644239, 23.944449], [93.651985, 23.947919], [93.704269, 23.942714], [93.743967, 23.935773], [93.769141, 23.918421], [93.787538, 23.901066], [93.815616, 23.882841], [93.8466, 23.875029], [93.878552, 23.870689], [93.930836, 23.884576], [93.96182, 23.885444], [93.99474, 23.877633], [94.02766, 23.868953], [94.076072, 23.854196], [94.116738, 23.842041], [94.145785, 23.82294], [94.172895, 23.801229], [94.200974, 23.810782], [94.21937, 23.842041], [94.234862, 23.882841], [94.249386, 23.915818], [94.261973, 23.941846], [94.27456, 23.968737], [94.283274, 23.995622], [94.313289, 24.025103], [94.329749, 24.036373], [94.339432, 24.065845], [94.345241, 24.097909], [94.360733, 24.142093], [94.368479, 24.17154], [94.37332, 24.200981], [94.396557, 24.23734], [94.432382, 24.294455], [94.443033, 24.319543], [94.447874, 24.344627], [94.459493, 24.374029], [94.461429, 24.395643], [94.510809, 24.45701], [94.544697, 24.490706], [94.566967, 24.529576], [94.592141, 24.557209], [94.62022, 24.597785], [94.629902, 24.636623], [94.650719, 24.665959], [94.682671, 24.683213], [94.702036, 24.705639], [94.70494, 24.754792], [94.703004, 24.772034], [94.726241, 24.811682], [94.756257, 24.849595], [94.782399, 24.888358], [94.794986, 24.913333], [94.810478, 24.951217], [94.82016, 24.977901], [94.82016, 25.032114], [94.80951, 25.072544], [94.77078, 25.100924], [94.72721, 25.113822], [94.681703, 25.129297], [94.657497, 25.161963], [94.667179, 25.220396], [94.676377, 25.252394], [94.709297, 25.290181], [94.724789, 25.32624], [94.771264, 25.374304], [94.804184, 25.391466], [94.842914, 25.405193], [94.885516, 25.424066], [94.906817, 25.446367], [94.904881, 25.485814], [94.895198, 25.502961], [94.911174, 25.512176], [94.954745, 25.557602], [95.010903, 25.608153], [95.058346, 25.644982], [95.098044, 25.665534], [95.117408, 25.70406], [95.113535, 25.7614], [95.10579, 25.821281], [95.09998, 25.852067], [95.139678, 25.870877], [95.199708, 25.902506], [95.222946, 25.950362], [95.247152, 25.975139], [95.257802, 26.020407], [95.240374, 26.046878], [95.195835, 26.072491], [95.183248, 26.12114], [95.161947, 26.177449], [95.150328, 26.250786], [95.158074, 26.336012], [95.154201, 26.39649], [95.150328, 26.446725], [95.185185, 26.492687], [95.209391, 26.532678], [95.254898, 26.565003], [95.298468, 26.57606], [95.327515, 26.582013], [95.365761, 26.571807], [95.43741, 26.590517], [95.495504, 26.617727], [95.543916, 26.660231], [95.582645, 26.695925], [95.63493, 26.735006], [95.66785, 26.760489], [95.693024, 26.787664], [95.731753, 26.818231], [95.758864, 26.825022], [95.797593, 26.857277], [95.818895, 26.882737], [95.847942, 26.901404], [95.89248, 26.916675], [95.942829, 26.930248], [95.971876, 26.948909], [95.998986, 26.977743], [96.022224, 27.00318], [96.047398, 27.038784], [96.066763, 27.064209], [96.101619, 27.094714], [96.138412, 27.11674], [96.184887, 27.13707], [96.22168, 27.162477], [96.275902, 27.177719], [96.330123, 27.187879], [96.39209, 27.196346], [96.450184, 27.208198], [96.498596, 27.221742], [96.55088, 27.236978], [96.599292, 27.248827], [96.623498, 27.269348], [96.664164, 27.279501], [96.733877, 27.284578], [96.80359, 27.265963], [96.850065, 27.223647], [96.857811, 27.181318], [96.86362, 27.125423], [96.915905, 27.081369], [96.9953, 27.047471], [97.072759, 27.013565], [97.146345, 27.000001], [97.169582, 27.035605], [97.154091, 27.086453], [97.103742, 27.166076], [97.035966, 27.252423], [96.985618, 27.318417], [96.966253, 27.364087], [96.93527, 27.411432], [96.910095, 27.47228], [96.915905, 27.524655], [96.948825, 27.560124], [97.00111, 27.566879], [97.041775, 27.592208], [97.121171, 27.602338], [97.157964, 27.651289], [97.200566, 27.693474], [97.243168, 27.725526], [97.276088, 27.760944], [97.322564, 27.794667], [97.369039, 27.791295], [97.411641, 27.791295], [97.446498, 27.818268], [97.434879, 27.841865], [97.431006, 27.885677], [97.444561, 27.912632], [97.479418, 27.968209], [97.458116, 27.979995], [97.409705, 28.001882], [97.401959, 28.030497], [97.407768, 28.082662], [97.446498, 28.151626], [97.400497, 28.151626]]], [[[94.400408, 15.93769], [94.394283, 15.938666], [94.405511, 15.950375], [94.410615, 15.965497], [94.410105, 15.984031], [94.397856, 15.993785], [94.388669, 16.030354], [94.380503, 16.082993], [94.378972, 16.103945], [94.410615, 16.114176], [94.441238, 16.123919], [94.468288, 16.141941], [94.518815, 16.229579], [94.540761, 16.250018], [94.570363, 16.292832], [94.599454, 16.324932], [94.616297, 16.332713], [94.632118, 16.341466], [94.645898, 16.352648], [94.649471, 16.343897], [94.652533, 16.327364], [94.665803, 16.312774], [94.645388, 16.224225], [94.627014, 16.191123], [94.618338, 16.180899], [94.606089, 16.162883], [94.574446, 16.107843], [94.570363, 16.105407], [94.560155, 16.100534], [94.549437, 16.096149], [94.53974, 16.093713], [94.527491, 16.092251], [94.505035, 16.089328], [94.493296, 16.07812], [94.482068, 16.072272], [94.481557, 16.055701], [94.473391, 16.029379], [94.450935, 16.033279], [94.428989, 15.98842], [94.423885, 15.976227], [94.418271, 15.963058], [94.411636, 15.951838], [94.400408, 15.93769]]], [[[97.591022, 16.436487], [97.599954, 16.423125], [97.60225, 16.384004], [97.60863, 16.371122], [97.610416, 16.342195], [97.611182, 16.312045], [97.606333, 16.29648], [97.598422, 16.295751], [97.591022, 16.292346], [97.585918, 16.300858], [97.577752, 16.326634], [97.580049, 16.35119], [97.570607, 16.38133], [97.569586, 16.392266], [97.573159, 16.40636], [97.581325, 16.426041], [97.591022, 16.436487]]], [[[92.936395, 20.153129], [92.926187, 20.129568], [92.944561, 20.129096], [92.961913, 20.125326], [92.962424, 20.099402], [92.975693, 20.080546], [92.974162, 20.064515], [92.977735, 20.049425], [92.994577, 20.034334], [93.016524, 19.98952], [93.021627, 19.972534], [93.034387, 19.932418], [93.029283, 19.903621], [93.026731, 19.868206], [93.023158, 19.896539], [93.009889, 19.936666], [93.014482, 19.952242], [92.993557, 19.972534], [92.961913, 20.026787], [92.93027, 20.077245], [92.923125, 20.090446], [92.926187, 20.099402], [92.911386, 20.110715], [92.915469, 20.125797], [92.923635, 20.148417], [92.936395, 20.153129]]], [[[93.171678, 19.846007], [93.154325, 19.874818], [93.138503, 19.882373], [93.135441, 19.897483], [93.123702, 19.900788], [93.116047, 19.923449], [93.085424, 19.967815], [93.050719, 20.014052], [93.043573, 20.062629], [93.021627, 20.089031], [93.003254, 20.100345], [92.98437, 20.117785], [92.988453, 20.128625], [92.988963, 20.150302], [92.977225, 20.164908], [92.9711, 20.182339], [92.995088, 20.172446], [93.019075, 20.173859], [93.034387, 20.171975], [93.050719, 20.163966], [93.058885, 20.171975], [93.0793, 20.143705], [93.112985, 20.098931], [93.124723, 20.079603], [93.139014, 20.047539], [93.118088, 20.04188], [93.107881, 20.031032], [93.102267, 20.016882], [93.103287, 19.997541], [93.109922, 19.979612], [93.119619, 19.947994], [93.135951, 19.918729], [93.135951, 19.900788], [93.155856, 19.878123], [93.171678, 19.846007]]], [[[93.530089, 19.973242], [93.531876, 19.968523], [93.533662, 19.945398], [93.528048, 19.925102], [93.515033, 19.922505], [93.513502, 19.918729], [93.501763, 19.882373], [93.494108, 19.883082], [93.499211, 19.877179], [93.500998, 19.857816], [93.506357, 19.842228], [93.511971, 19.833725], [93.509164, 19.830418], [93.509164, 19.823332], [93.515033, 19.823096], [93.520647, 19.810575], [93.514012, 19.80207], [93.515033, 19.788839], [93.508143, 19.790729], [93.49768, 19.81719], [93.502019, 19.82593], [93.500998, 19.832308], [93.494873, 19.832544], [93.491811, 19.818607], [93.484666, 19.818135], [93.465271, 19.827584], [93.443836, 19.842228], [93.44256, 19.848369], [93.439753, 19.857816], [93.433118, 19.871512], [93.431587, 19.883554], [93.429035, 19.895123], [93.427759, 19.916368], [93.42878, 19.930058], [93.411682, 19.961208], [93.407089, 19.971118], [93.403006, 19.97796], [93.399433, 19.977017], [93.397647, 19.980556], [93.399688, 19.982443], [93.405557, 19.985038], [93.403771, 19.990228], [93.398923, 19.998248], [93.394584, 20.00273], [93.393564, 20.01075], [93.398157, 20.018297], [93.406323, 19.999192], [93.410661, 19.998248], [93.411172, 20.009806], [93.430311, 20.010986], [93.436946, 19.997069], [93.450215, 19.977724], [93.469099, 19.961444], [93.487218, 19.959085], [93.498191, 19.959793], [93.501508, 19.963804], [93.516819, 19.970882], [93.530089, 19.973242]]], [[[93.615322, 18.989718], [93.621446, 18.984962], [93.62604, 18.964981], [93.650538, 18.951183], [93.670443, 18.93786], [93.695961, 18.933577], [93.719439, 18.944046], [93.743937, 18.957369], [93.740364, 18.921203], [93.741385, 18.892168], [93.738323, 18.852174], [93.749551, 18.835506], [93.749551, 18.801209], [93.726074, 18.75499], [93.720459, 18.746888], [93.700555, 18.740215], [93.68116, 18.742122], [93.663297, 18.748318], [93.651048, 18.757373], [93.64033, 18.755943], [93.634716, 18.761185], [93.634206, 18.765951], [93.566836, 18.82598], [93.5454, 18.836934], [93.523965, 18.864554], [93.523454, 18.873125], [93.515799, 18.889788], [93.505081, 18.902165], [93.495384, 18.919776], [93.491811, 18.92977], [93.486707, 18.935005], [93.475989, 18.941191], [93.481603, 18.946425], [93.495894, 18.944998], [93.505591, 18.944522], [93.516819, 18.951659], [93.53162, 18.948804], [93.548463, 18.948804], [93.564795, 18.961175], [93.57143, 18.958796], [93.603073, 18.975923], [93.615322, 18.989718]]], [[[93.968757, 18.909542], [93.971309, 18.908352], [93.971309, 18.904069], [93.973606, 18.898832], [93.978965, 18.897166], [93.977689, 18.891692], [93.979985, 18.879552], [93.974882, 18.879552], [93.972075, 18.875267], [93.974371, 18.873601], [93.982282, 18.87122], [93.990959, 18.86384], [93.991724, 18.859078], [93.987386, 18.849793], [93.979985, 18.854793], [93.970033, 18.852888], [93.960336, 18.849793], [93.954722, 18.853602], [93.949108, 18.861459], [93.939666, 18.86884], [93.942983, 18.875505], [93.940942, 18.880028], [93.934052, 18.89431], [93.940431, 18.895262], [93.950128, 18.901927], [93.960336, 18.903593], [93.968757, 18.909542]]], [[[93.941452, 18.920013], [93.936604, 18.915492], [93.935838, 18.917872], [93.926651, 18.924535], [93.912871, 18.948566], [93.901898, 18.957369], [93.89067, 18.962127], [93.871786, 18.968074], [93.845501, 18.988291], [93.818962, 19.008743], [93.780684, 19.029668], [93.779408, 19.036325], [93.763076, 19.041792], [93.736281, 19.037989], [93.725818, 19.040604], [93.722501, 19.05867], [93.704383, 19.071505], [93.705658, 19.073644], [93.712038, 19.07412], [93.708976, 19.079824], [93.699024, 19.086715], [93.690092, 19.090042], [93.678098, 19.082675], [93.682692, 19.07412], [93.669677, 19.081725], [93.665466, 19.087428], [93.658831, 19.122832], [93.660107, 19.138036], [93.649134, 19.177937], [93.635099, 19.213551], [93.600904, 19.219011], [93.597076, 19.228744], [93.576916, 19.266717], [93.558798, 19.297561], [93.543487, 19.318199], [93.518989, 19.351402], [93.476883, 19.410907], [93.468206, 19.428682], [93.4728, 19.431763], [93.476117, 19.457827], [93.481221, 19.467541], [93.486835, 19.476306], [93.500743, 19.487676], [93.506357, 19.487202], [93.516819, 19.495729], [93.523454, 19.490518], [93.546676, 19.49715], [93.574492, 19.470383], [93.575768, 19.464698], [93.601797, 19.476069], [93.613536, 19.449061], [93.597459, 19.435791], [93.604349, 19.425601], [93.610218, 19.432947], [93.623488, 19.434132], [93.637523, 19.423468], [93.629357, 19.40427], [93.615322, 19.41304], [93.61328, 19.402611], [93.604349, 19.397633], [93.597714, 19.409011], [93.5921, 19.41304], [93.59261, 19.404033], [93.59899, 19.392892], [93.594269, 19.38827], [93.587251, 19.38744], [93.580106, 19.407352], [93.560712, 19.407352], [93.569899, 19.381751], [93.58521, 19.386492], [93.600521, 19.375112], [93.607666, 19.365629], [93.609708, 19.355196], [93.619915, 19.34571], [93.621957, 19.340967], [93.61277, 19.327686], [93.609708, 19.321045], [93.630123, 19.318199], [93.619915, 19.310608], [93.621957, 19.300171], [93.627061, 19.290681], [93.622978, 19.273598], [93.614812, 19.261259], [93.617874, 19.24702], [93.633185, 19.243222], [93.63931, 19.265056], [93.647476, 19.269802], [93.657683, 19.258411], [93.672994, 19.265056], [93.672994, 19.280242], [93.689326, 19.285936], [93.693409, 19.299222], [93.675036, 19.30112], [93.654621, 19.323891], [93.664828, 19.353299], [93.683202, 19.34571], [93.716887, 19.347608], [93.744447, 19.32484], [93.746489, 19.29163], [93.785277, 19.286885], [93.770987, 19.266005], [93.81692, 19.263157], [93.822024, 19.2717], [93.859792, 19.270751], [93.864896, 19.253665], [93.882248, 19.237526], [93.863875, 19.234678], [93.903684, 19.194796], [93.957784, 19.190047], [93.95268, 19.142549], [93.955743, 19.103587], [93.969012, 19.063662], [93.989427, 19.039891], [93.972075, 18.997091], [93.95268, 18.995188], [93.959826, 18.969501], [93.949618, 18.968549], [93.93839, 18.956179], [93.945535, 18.940001], [93.941452, 18.920013]]]]}}, {"type": "Feature", "properties": {"POLY_ID": 33, "STATE_NAME": "Burma", "NATIVE": 1}, "geometry": {"type": "Polygon", "coordinates": [[[96.56115, 20.918163], [96.560753, 20.918488], [96.548503, 20.927134], [96.540022, 20.924108], [96.525887, 20.926269], [96.522118, 20.933185], [96.51081, 20.954364], [96.499974, 20.954796], [96.488666, 20.947017], [96.473589, 20.941398], [96.464165, 20.942695], [96.440607, 20.9535], [96.434482, 20.964304], [96.424117, 20.979429], [96.393962, 20.967761], [96.380299, 20.977268], [96.357683, 20.9777], [96.330355, 20.986774], [96.292663, 21.00276], [96.267691, 21.006216], [96.254498, 21.014424], [96.247431, 21.017879], [96.247902, 21.02695], [96.241306, 21.037316], [96.238479, 21.036453], [96.220104, 21.039476], [96.216806, 21.051136], [96.213979, 21.065387], [96.209738, 21.070568], [96.209738, 21.08093], [96.213979, 21.096472], [96.20644, 21.106833], [96.216334, 21.110286], [96.223402, 21.115034], [96.231883, 21.125824], [96.21869, 21.166819], [96.225758, 21.176742], [96.239421, 21.182781], [96.255441, 21.190978], [96.262037, 21.193566], [96.265806, 21.197017], [96.27146, 21.198311], [96.27947, 21.198311], [96.285124, 21.20133], [96.292663, 21.202624], [96.298316, 21.202624], [96.302557, 21.202193], [96.310096, 21.200036], [96.317163, 21.197017], [96.323288, 21.195723], [96.329884, 21.197448], [96.342134, 21.197017], [96.3525, 21.193566], [96.363808, 21.19184], [96.369933, 21.20133], [96.376058, 21.21125], [96.368048, 21.230657], [96.362866, 21.230226], [96.359096, 21.239713], [96.364279, 21.245318], [96.344019, 21.260409], [96.333654, 21.279377], [96.335538, 21.291446], [96.329884, 21.302221], [96.321875, 21.318167], [96.317634, 21.334541], [96.327057, 21.335834], [96.317634, 21.353067], [96.313865, 21.374606], [96.306797, 21.381498], [96.294547, 21.379344], [96.291249, 21.385805], [96.304442, 21.398294], [96.296432, 21.407338], [96.299259, 21.416811], [96.294547, 21.428867], [96.29172, 21.452115], [96.294076, 21.46718], [96.284653, 21.488699], [96.297374, 21.493863], [96.315749, 21.488269], [96.319048, 21.494294], [96.327057, 21.498167], [96.321875, 21.506342], [96.338836, 21.515378], [96.320932, 21.559256], [96.327057, 21.561837], [96.339779, 21.573449], [96.350615, 21.574309], [96.368048, 21.570438], [96.379827, 21.571299], [96.392549, 21.576029], [96.404799, 21.573449], [96.418934, 21.57947], [96.440607, 21.58506], [96.448617, 21.57947], [96.465579, 21.58248], [96.470055, 21.58979], [96.525652, 21.608709], [96.54921, 21.623326], [96.55722, 21.613438], [96.580307, 21.621606], [96.59774, 21.64009], [96.612817, 21.645678], [96.624125, 21.657712], [96.632134, 21.667596], [96.63025, 21.680917], [96.648625, 21.691229], [96.670298, 21.713569], [96.682077, 21.730751], [96.700453, 21.735046], [96.705164, 21.746642], [96.721184, 21.743206], [96.74003, 21.727315], [96.749925, 21.737623], [96.766415, 21.737194], [96.781492, 21.754372], [96.790916, 21.760384], [96.801752, 21.76339], [96.806935, 21.769402], [96.809291, 21.794733], [96.823897, 21.783142], [96.846513, 21.766825], [96.863475, 21.759526], [96.889388, 21.754802], [96.895042, 21.759526], [96.892687, 21.780565], [96.890802, 21.796021], [96.882792, 21.805465], [96.875725, 21.842377], [96.867715, 21.847097], [96.846513, 21.862545], [96.84557, 21.870268], [96.856878, 21.87799], [96.856407, 21.888715], [96.826724, 21.919598], [96.815416, 21.936323], [96.817301, 21.947043], [96.790916, 21.983485], [96.782435, 21.996344], [96.77631, 22.004059], [96.756521, 22.016487], [96.756992, 22.037913], [96.757934, 22.063619], [96.752752, 22.087606], [96.71977, 22.104737], [96.657106, 22.10645], [96.636846, 22.128289], [96.63025, 22.123151], [96.611521, 22.128075], [96.569588, 22.12679], [96.560164, 22.124435], [96.558751, 22.14413], [96.548503, 22.151622], [96.531541, 22.154191], [96.519762, 22.161468], [96.511046, 22.156759], [96.506099, 22.159113], [96.497618, 22.155261], [96.491021, 22.160184], [96.482069, 22.167674], [96.479242, 22.175165], [96.479714, 22.206834], [96.481127, 22.239564], [96.474295, 22.250045], [96.475002, 22.262877], [96.465108, 22.275708], [96.449795, 22.321033], [96.433775, 22.332789], [96.421525, 22.342621], [96.410688, 22.371684], [96.396789, 22.377026], [96.384775, 22.380444], [96.368991, 22.380231], [96.330355, 22.376385], [96.325173, 22.380231], [96.32211, 22.419538], [96.320225, 22.460969], [96.329884, 22.471858], [96.333654, 22.474847], [96.336009, 22.481893], [96.332711, 22.510497], [96.319048, 22.519675], [96.325173, 22.524157], [96.317634, 22.527358], [96.312216, 22.522022], [96.305855, 22.52501], [96.30185, 22.522449], [96.300908, 22.527785], [96.290778, 22.53504], [96.289364, 22.546564], [96.29549, 22.549764], [96.302086, 22.548484], [96.301143, 22.553392], [96.29761, 22.565553], [96.29761, 22.579207], [96.288658, 22.584753], [96.279941, 22.594565], [96.272874, 22.600964], [96.274052, 22.607576], [96.271225, 22.610562], [96.266278, 22.608642], [96.256854, 22.618026], [96.258268, 22.62549], [96.248845, 22.637005], [96.238479, 22.646174], [96.236359, 22.65726], [96.235416, 22.670052], [96.233767, 22.677726], [96.237301, 22.683055], [96.235416, 22.696056], [96.24107, 22.698614], [96.241542, 22.702876], [96.232118, 22.70245], [96.229998, 22.69563], [96.21869, 22.697761], [96.222931, 22.716302], [96.216099, 22.722056], [96.216806, 22.728661], [96.203377, 22.743576], [96.210445, 22.75508], [96.22882, 22.762323], [96.243897, 22.768713], [96.270518, 22.79342], [96.296432, 22.786605], [96.324702, 22.782345], [96.352971, 22.77766], [96.36852, 22.791717], [96.374645, 22.805346], [96.390193, 22.793846], [96.391135, 22.807901], [96.414222, 22.803217], [96.440607, 22.786179], [96.480185, 22.792568], [96.496675, 22.807901], [96.513637, 22.80705], [96.543556, 22.831323], [96.564758, 22.824936], [96.584547, 22.822807], [96.602922, 22.817271], [96.621298, 22.822807], [96.638259, 22.827065], [96.660404, 22.841542], [96.666058, 22.866235], [96.681135, 22.898158], [96.706107, 22.927946], [96.717532, 22.945177], [96.685964, 22.977931], [96.65581, 22.976655], [96.622358, 22.979633], [96.584194, 23.000472], [96.546972, 23.018331], [96.51776, 23.049366], [96.487134, 23.038738], [96.473, 23.023858], [96.457922, 23.031086], [96.449441, 23.024283], [96.412691, 23.020032], [96.36369, 23.008126], [96.356623, 22.994943], [96.313276, 23.010677], [96.286891, 23.000897], [96.222342, 23.014504], [96.211976, 23.022158], [96.190774, 23.036188], [96.198312, 23.051066], [96.201611, 23.067219], [96.195957, 23.083369], [96.176639, 23.093143], [96.152139, 23.115663], [96.153552, 23.125434], [96.15261, 23.145825], [96.165802, 23.172582], [96.178524, 23.18787], [96.186533, 23.24306], [96.18512, 23.265554], [96.195486, 23.292286], [96.179466, 23.311378], [96.167216, 23.308408], [96.16486, 23.332587], [96.187005, 23.341918], [96.216217, 23.324104], [96.231765, 23.333011], [96.228467, 23.355065], [96.236005, 23.381779], [96.268987, 23.400434], [96.29867, 23.416118], [96.297256, 23.451295], [96.316103, 23.461041], [96.314218, 23.485192], [96.334949, 23.495359], [96.34343, 23.516538], [96.35568, 23.530514], [96.391489, 23.552958], [96.393138, 23.557616], [96.395494, 23.56312], [96.394316, 23.566719], [96.397378, 23.571799], [96.3962, 23.578573], [96.400676, 23.582171], [96.403268, 23.582595], [96.418345, 23.595082], [96.418109, 23.599527], [96.416696, 23.606511], [96.421407, 23.612436], [96.437898, 23.618361], [96.431537, 23.655387], [96.438134, 23.655599], [96.43884, 23.661099], [96.437662, 23.67104], [96.438134, 23.678866], [96.452975, 23.684577], [96.455095, 23.689864], [96.469701, 23.708897], [96.481009, 23.708686], [96.486663, 23.708686], [96.492553, 23.711858], [96.512106, 23.730887], [96.523414, 23.760271], [96.543438, 23.802117], [96.560164, 23.801272], [96.561107, 23.812471], [96.555688, 23.838245], [96.543909, 23.854722], [96.529539, 23.857679], [96.526476, 23.868662], [96.528832, 23.878799], [96.525298, 23.894214], [96.516111, 23.909205], [96.509986, 23.922928], [96.512106, 23.93665], [96.517995, 23.947626], [96.508337, 23.969997], [96.509515, 23.977172], [96.502212, 23.986035], [96.472764, 23.993209], [96.454624, 23.987723], [96.441667, 23.980338], [96.432244, 23.972741], [96.415047, 23.983714], [96.404446, 23.986246], [96.38984, 24.004391], [96.404681, 24.017049], [96.413633, 24.032659], [96.423528, 24.038987], [96.437662, 24.057547], [96.441667, 24.065561], [96.455331, 24.074628], [96.46499, 24.081797], [96.485485, 24.082641], [96.491375, 24.085803], [96.500798, 24.086436], [96.509986, 24.078634], [96.517995, 24.076526], [96.536371, 24.104146], [96.557102, 24.128177], [96.577126, 24.133235], [96.614584, 24.12628], [96.627305, 24.119956], [96.644031, 24.127333], [96.651334, 24.133867], [96.663231, 24.132603], [96.668178, 24.126069], [96.667707, 24.112156], [96.68726, 24.102038], [96.695741, 24.084327], [96.694092, 24.079267], [96.684433, 24.070832], [96.680899, 24.071043], [96.67501, 24.051009], [96.681135, 24.047002], [96.691736, 24.050166], [96.698804, 24.043838], [96.69739, 24.037089], [96.701748, 24.021479], [96.703162, 24.00629], [96.687849, 23.988356], [96.67607, 23.983292], [96.677955, 23.977594], [96.690912, 23.975062], [96.711643, 23.973585], [96.724835, 23.974007], [96.730254, 23.969997], [96.738735, 23.969997], [96.754283, 23.971053], [96.768182, 23.980549], [96.77949, 23.982448], [96.787029, 23.988989], [96.800692, 23.992787], [96.809644, 23.996796], [96.817183, 23.996163], [96.828255, 23.997429], [96.833202, 24.001016], [96.845453, 24.002282], [96.854876, 23.990888], [96.855818, 23.985824], [96.86053, 23.981182], [96.832025, 23.935594], [96.841212, 23.932428], [96.845688, 23.923773], [96.841212, 23.898648], [96.839092, 23.888302], [96.843804, 23.8826], [96.840505, 23.875631], [96.841212, 23.870774], [96.845217, 23.869929], [96.857467, 23.869718], [96.872309, 23.861269], [96.879847, 23.848385], [96.885737, 23.829795], [96.883381, 23.809301], [96.851931, 23.765344], [96.837089, 23.763442], [96.819185, 23.76006], [96.811882, 23.763019], [96.791151, 23.764288], [96.77631, 23.747588], [96.781021, 23.740401], [96.77631, 23.737018], [96.781257, 23.726024], [96.800103, 23.725813], [96.818243, 23.718624], [96.832613, 23.719893], [96.845099, 23.714395], [96.856172, 23.714606], [96.865595, 23.707628], [96.873133, 23.698535], [96.885501, 23.696632], [96.889035, 23.701073], [96.900814, 23.701919], [96.911886, 23.696209], [96.928377, 23.697689], [96.946988, 23.697266], [96.9762, 23.695786], [97.003645, 23.685635], [97.003645, 23.668714], [97.003409, 23.650944], [97.014953, 23.630422], [97.028617, 23.625132], [97.048405, 23.625132], [97.069608, 23.624497], [97.083978, 23.617515], [97.092459, 23.622382], [97.103767, 23.628306], [97.112954, 23.639732], [97.123673, 23.650098], [97.142991, 23.649887], [97.142755, 23.657502], [97.135452, 23.661945], [97.138986, 23.669137], [97.153357, 23.658983], [97.177621, 23.655387], [97.183982, 23.665541], [97.19317, 23.67231], [97.202122, 23.667021], [97.204006, 23.667656], [97.207305, 23.671887], [97.212016, 23.682885], [97.218848, 23.682039], [97.223324, 23.679924], [97.230863, 23.672521], [97.230627, 23.669771], [97.235339, 23.665118], [97.240286, 23.674002], [97.248296, 23.680982], [97.254185, 23.685846], [97.261724, 23.684366], [97.267142, 23.687115], [97.268791, 23.693883], [97.281277, 23.689864], [97.285988, 23.686692], [97.298945, 23.68352], [97.301772, 23.682462], [97.311902, 23.695998], [97.317556, 23.702765], [97.321561, 23.700861], [97.330984, 23.689864], [97.339465, 23.678232], [97.344884, 23.677597], [97.346768, 23.684366], [97.345826, 23.691133], [97.344177, 23.701919], [97.346533, 23.707205], [97.349595, 23.709743], [97.360903, 23.717355], [97.36373, 23.719258], [97.367499, 23.721584], [97.372447, 23.726447], [97.376923, 23.727293], [97.387995, 23.724544], [97.396947, 23.721584], [97.407077, 23.720527], [97.461614, 23.754776], [97.465148, 23.756889], [97.465854, 23.762808], [97.451955, 23.781196], [97.452897, 23.784577], [97.460436, 23.789438], [97.464912, 23.793876], [97.472568, 23.798947], [97.4794, 23.800638], [97.485525, 23.800004], [97.491415, 23.800004], [97.49754, 23.800004], [97.505785, 23.799581], [97.514502, 23.795778], [97.518035, 23.794087], [97.522983, 23.79451], [97.524161, 23.795989], [97.528401, 23.798102], [97.531699, 23.798102], [97.538767, 23.798736], [97.544656, 23.802328], [97.546541, 23.80254], [97.561618, 23.798525], [97.56468, 23.798525], [97.570099, 23.800638], [97.579993, 23.798736], [97.585647, 23.800215], [97.59295, 23.800849], [97.603787, 23.803596], [97.609912, 23.806554], [97.612974, 23.809301], [97.61745, 23.816274], [97.622398, 23.827683], [97.626403, 23.833598], [97.633941, 23.839302], [97.638518, 23.842923], [97.644095, 23.835107], [97.690728, 23.849045], [97.746688, 23.879704], [97.791767, 23.931251], [97.875707, 23.957714], [97.939439, 23.991132], [98.059131, 24.055159], [98.146179, 24.071857], [98.241, 24.082987], [98.548002, 24.099682], [98.599298, 24.060725], [98.642823, 24.07464], [98.659922, 24.077422], [98.715881, 24.096899], [98.782722, 24.103855], [98.883761, 24.124719], [98.894642, 24.096899], [98.874434, 24.056551], [98.824692, 24.020366], [98.790495, 24.002269], [98.76096, 23.986955], [98.751634, 23.967461], [98.737644, 23.949358], [98.717436, 23.956321], [98.695674, 23.957714], [98.683238, 23.939608], [98.697228, 23.929858], [98.692565, 23.908963], [98.694119, 23.890851], [98.689456, 23.875524], [98.697228, 23.823955], [98.673912, 23.790494], [98.703446, 23.766787], [98.708109, 23.766787], [98.73298, 23.769576], [98.748525, 23.758418], [98.764069, 23.759813], [98.784277, 23.763997], [98.821583, 23.761208], [98.821583, 23.745865], [98.827801, 23.723545], [98.823138, 23.690058], [98.855781, 23.616076], [98.891533, 23.596527], [98.888424, 23.592337], [98.880652, 23.586751], [98.861999, 23.574181], [98.832464, 23.556022], [98.80293, 23.5183], [98.818474, 23.476373], [98.83091, 23.469384], [98.840237, 23.470782], [98.863553, 23.474975], [98.883761, 23.459598], [98.905523, 23.428839], [98.916404, 23.412059], [98.916404, 23.395276], [98.919513, 23.371496], [98.916404, 23.35191], [98.90086, 23.349111], [98.88687, 23.321125], [98.941275, 23.301531], [98.882207, 23.1783], [98.945939, 23.172695], [98.97081, 23.164288], [99.009671, 23.158684], [99.060967, 23.16569], [99.053195, 23.155881], [99.046977, 23.125049], [99.060967, 23.112434], [99.084284, 23.099818], [99.101383, 23.091406], [99.127808, 23.088602], [99.16356, 23.092808], [99.19154, 23.098416], [99.20553, 23.092808], [99.230401, 23.081592], [99.264599, 23.08019], [99.281698, 23.10122], [99.305014, 23.10122], [99.319004, 23.120845], [99.367192, 23.118041], [99.374964, 23.113836], [99.441805, 23.078788], [99.526522, 23.073179], [99.53274, 23.057755], [99.531185, 23.036718], [99.524967, 23.003051], [99.528076, 22.986215], [99.560719, 22.958149], [99.563828, 22.939904], [99.563828, 22.914636], [99.548284, 22.907616], [99.526522, 22.900596], [99.50476, 22.904808], [99.484552, 22.91604], [99.453463, 22.934289], [99.439473, 22.931481], [99.458126, 22.899192], [99.459681, 22.850039], [99.405275, 22.826159], [99.394394, 22.791032], [99.394394, 22.76714], [99.332217, 22.751678], [99.32289, 22.729185], [99.349316, 22.69825], [99.357088, 22.679967], [99.363306, 22.663088], [99.367969, 22.633545], [99.37885, 22.611031], [99.374187, 22.564583], [99.371078, 22.533608], [99.384291, 22.501218], [99.382736, 22.499809], [99.367192, 22.484315], [99.346984, 22.470228], [99.328331, 22.450503], [99.30346, 22.423729], [99.263044, 22.409635], [99.253718, 22.402587], [99.263044, 22.380032], [99.273925, 22.360294], [99.270816, 22.347603], [99.249054, 22.33068], [99.235064, 22.308112], [99.228847, 22.262965], [99.228847, 22.255909], [99.154233, 22.17827], [99.196203, 22.148614], [99.242837, 22.127426], [99.294133, 22.117537], [99.373409, 22.120363], [99.430924, 22.144376], [99.477557, 22.138727], [99.517972, 22.130251], [99.60813, 22.120363], [99.640773, 22.110474], [99.67808, 22.092106], [99.681189, 22.072322], [99.696733, 22.066669], [99.727822, 22.080801], [99.763574, 22.072322], [99.810207, 22.061016], [99.825751, 22.046881], [99.844405, 22.045468], [99.877048, 22.061016], [99.880157, 22.079388], [99.89881, 22.077975], [99.923681, 22.073735], [99.962542, 22.066669], [99.959433, 22.051122], [99.965651, 22.035573], [99.989745, 21.993157], [99.98819, 21.970529], [99.978864, 21.950726], [99.964874, 21.93092], [99.947775, 21.89696], [99.943112, 21.867238], [99.943112, 21.846003], [99.949329, 21.821933], [99.957102, 21.787944], [99.964874, 21.758195], [99.994408, 21.735525], [100.006844, 21.721355], [100.037932, 21.697261], [100.055031, 21.697261], [100.076793, 21.715686], [100.103219, 21.727023], [100.124981, 21.727023], [100.149852, 21.705765], [100.176278, 21.688756], [100.171614, 21.675997], [100.151407, 21.666073], [100.110991, 21.609349], [100.109437, 21.572465], [100.120318, 21.545504], [100.148298, 21.522796], [100.17006, 21.519957], [100.173169, 21.538408], [100.213584, 21.524215], [100.230683, 21.501503], [100.250891, 21.495824], [100.274207, 21.501503], [100.294415, 21.507181], [100.320841, 21.53415], [100.355038, 21.544085], [100.392345, 21.555438], [100.43276, 21.558276], [100.454522, 21.544085], [100.468512, 21.518537], [100.476284, 21.497244], [100.496492, 21.492985], [100.527581, 21.490145], [100.569551, 21.485886], [100.594422, 21.490145], [100.619293, 21.498664], [100.669035, 21.515699], [100.703233, 21.532731], [100.746757, 21.559695], [100.79339, 21.602257], [100.857122, 21.673162], [100.922409, 21.707182], [101.000131, 21.72844], [101.116714, 21.795734], [101.122154, 21.71356], [101.156352, 21.676706], [101.167233, 21.619278], [101.152466, 21.615023], [101.140808, 21.595164], [101.161015, 21.554019], [101.094952, 21.491565], [101.052982, 21.476657], [101.007903, 21.417006], [100.97526, 21.421268], [100.888988, 21.376513], [100.847796, 21.333874], [100.789893, 21.325344], [100.728492, 21.343824], [100.72072, 21.318947], [100.698958, 21.25851], [100.700512, 21.220811], [100.674864, 21.167444], [100.649216, 21.138972], [100.637558, 21.095541], [100.596754, 21.067052], [100.552452, 21.058505], [100.553229, 21.024308], [100.529913, 21.003643], [100.510482, 20.933071], [100.528358, 20.910252], [100.560224, 20.911678], [100.641832, 20.934498], [100.650382, 20.923802], [100.608412, 20.877441], [100.506596, 20.854612], [100.365919, 20.861033], [100.286643, 20.815363], [100.280506, 20.809503], [100.218636, 20.750398], [100.180552, 20.685398], [100.15335, 20.593913], [100.122261, 20.482325], [100.127701, 20.45298], [100.088063, 20.410025], [100.062415, 20.429356], [100.009564, 20.462285], [99.970703, 20.506654], [99.931842, 20.495205], [99.866555, 20.482325], [99.830026, 20.386393], [99.753859, 20.389257], [99.691681, 20.376366], [99.61085, 20.383528], [99.466287, 20.439379], [99.458515, 20.412173], [99.503594, 20.376366], [99.522247, 20.304721], [99.557999, 20.250243], [99.525356, 20.201479], [99.477168, 20.152696], [99.407219, 20.14265], [99.290636, 20.167046], [99.164726, 20.17709], [99.141409, 20.161306], [99.073014, 20.141215], [99.055915, 20.112507], [98.983634, 19.790526], [98.918347, 19.827942], [98.840625, 19.862469], [98.74425, 19.820747], [98.657201, 19.793404], [98.605905, 19.766055], [98.565489, 19.7387], [98.515747, 19.760297], [98.258488, 19.732941], [98.211854, 19.784768], [98.12636, 19.822186], [98.082836, 19.849523], [98.037757, 19.863908], [98.037757, 19.705578], [97.998896, 19.696936], [97.972471, 19.668125], [97.914956, 19.646512], [97.857442, 19.622013], [97.876095, 19.565791], [97.79371, 19.454712], [97.840343, 19.353645], [97.776611, 19.3392], [97.841898, 19.294409], [97.843452, 19.175852], [97.803037, 19.149812], [97.748631, 19.104952], [97.740859, 19.051388], [97.674018, 19.012286], [97.734641, 18.977519], [97.761067, 18.878956], [97.762621, 18.655446], [97.656919, 18.629294], [97.576088, 18.597324], [97.560544, 18.569706], [97.471941, 18.569706], [97.401991, 18.626388], [97.351274, 18.655242], [97.35039, 18.658338], [97.357693, 18.665383], [97.360049, 18.673088], [97.355338, 18.675069], [97.352275, 18.67683], [97.348977, 18.683874], [97.349448, 18.689596], [97.344501, 18.692898], [97.338906, 18.705112], [97.337963, 18.71507], [97.337257, 18.716281], [97.334783, 18.715345], [97.332192, 18.717161], [97.329836, 18.717876], [97.329483, 18.723652], [97.324182, 18.725687], [97.323416, 18.730473], [97.321944, 18.732013], [97.315465, 18.737294], [97.31202, 18.747249], [97.309547, 18.754069], [97.308486, 18.756488], [97.303421, 18.757148], [97.298239, 18.759788], [97.291525, 18.761328], [97.289876, 18.758248], [97.278214, 18.758798], [97.275976, 18.755938], [97.272089, 18.756268], [97.267142, 18.757808], [97.262195, 18.758028], [97.252418, 18.753629], [97.249061, 18.754399], [97.244467, 18.753519], [97.243525, 18.755279], [97.236811, 18.755718], [97.236575, 18.753299], [97.232335, 18.751319], [97.227034, 18.751209], [97.221969, 18.753189], [97.2182, 18.752199], [97.217022, 18.749669], [97.2129, 18.750989], [97.211015, 18.755828], [97.198235, 18.755169], [97.196821, 18.753629], [97.191638, 18.755608], [97.185042, 18.756158], [97.182686, 18.753079], [97.176915, 18.753189], [97.173028, 18.756048], [97.168316, 18.756378], [97.162898, 18.760558], [97.159953, 18.756268], [97.157126, 18.755169], [97.145995, 18.759128], [97.140459, 18.763088], [97.134098, 18.768257], [97.122554, 18.771336], [97.120081, 18.766717], [97.11266, 18.762978], [97.102177, 18.759018], [97.09664, 18.765727], [97.094285, 18.767267], [97.094402, 18.782443], [97.092106, 18.787831], [97.087394, 18.79245], [97.083036, 18.808282], [97.074201, 18.819056], [97.067016, 18.830599], [97.062069, 18.840821], [97.061892, 18.849834], [97.055414, 18.863241], [97.049171, 18.870824], [97.041632, 18.876538], [97.038688, 18.881263], [97.038688, 18.886866], [97.041161, 18.891151], [97.039277, 18.897413], [97.028793, 18.913892], [97.026614, 18.930258], [97.021667, 18.936189], [97.01083, 18.941131], [97.005647, 18.944865], [96.999522, 18.944645], [96.997991, 18.946951], [96.997638, 18.948818], [96.9954, 18.950465], [96.99646, 18.955517], [97.001054, 18.961007], [97.002114, 18.96474], [97.009888, 18.971768], [97.001643, 18.988894], [96.991395, 18.993176], [96.985623, 18.99614], [96.984681, 18.998664], [96.976553, 19.002177], [96.969486, 19.0103], [96.964539, 19.01491], [96.967366, 19.019739], [96.966777, 19.028519], [96.953349, 19.053977], [96.951935, 19.058365], [96.946281, 19.059463], [96.942158, 19.066704], [96.95005, 19.076687], [96.953113, 19.087437], [96.94369, 19.09709], [96.942394, 19.102793], [96.935562, 19.112335], [96.927081, 19.117599], [96.933089, 19.121656], [96.937329, 19.129223], [96.949933, 19.137666], [96.945928, 19.144025], [96.932146, 19.148959], [96.929437, 19.155975], [96.923076, 19.160251], [96.930851, 19.173515], [96.919543, 19.182064], [96.912711, 19.192805], [96.917422, 19.202669], [96.901756, 19.222064], [96.886974, 19.2156], [96.879317, 19.222941], [96.872721, 19.227981], [96.868598, 19.227433], [96.856702, 19.233459], [96.849045, 19.241019], [96.847514, 19.253945], [96.843273, 19.258765], [96.845747, 19.26709], [96.856937, 19.273223], [96.854581, 19.275961], [96.84186, 19.282861], [96.831848, 19.297536], [96.840093, 19.305638], [96.827902, 19.308923], [96.820245, 19.319325], [96.824368, 19.333009], [96.830729, 19.335308], [96.830964, 19.338702], [96.820363, 19.346364], [96.821306, 19.352384], [96.82696, 19.356434], [96.822012, 19.365847], [96.821777, 19.376243], [96.822719, 19.387514], [96.833085, 19.392767], [96.836972, 19.400863], [96.828962, 19.420009], [96.817772, 19.430073], [96.816358, 19.434448], [96.814709, 19.437073], [96.81518, 19.441339], [96.800457, 19.466383], [96.790621, 19.469664], [96.7832, 19.468898], [96.774484, 19.47863], [96.766356, 19.485737], [96.766474, 19.493062], [96.750514, 19.498966], [96.74215, 19.499731], [96.728487, 19.509351], [96.709523, 19.512631], [96.698568, 19.512303], [96.685964, 19.510663], [96.689969, 19.521594], [96.690205, 19.530666], [96.685611, 19.530338], [96.679309, 19.538535], [96.673302, 19.552851], [96.669062, 19.560828], [96.668001, 19.56935], [96.669179, 19.575578], [96.675422, 19.578528], [96.675187, 19.579183], [96.673773, 19.581041], [96.671535, 19.584318], [96.667413, 19.593604], [96.66223, 19.598738], [96.660934, 19.608459], [96.655869, 19.611518], [96.655987, 19.623532], [96.647683, 19.636527], [96.634019, 19.638275], [96.624831, 19.632159], [96.619177, 19.633907], [96.614466, 19.635872], [96.608341, 19.637401], [96.605514, 19.637838], [96.60198, 19.637183], [96.599624, 19.636309], [96.59397, 19.636091], [96.590908, 19.636746], [96.587374, 19.637619], [96.585489, 19.641114], [96.58172, 19.64439], [96.580307, 19.645482], [96.57748, 19.643735], [96.574417, 19.643298], [96.571826, 19.644171], [96.567114, 19.646574], [96.562638, 19.646792], [96.558398, 19.646137], [96.556984, 19.645918], [96.555924, 19.647829], [96.554275, 19.648375], [96.554039, 19.652088], [96.552449, 19.65318], [96.551742, 19.654599], [96.551271, 19.655855], [96.552331, 19.657001], [96.553097, 19.657492], [96.553922, 19.658366], [96.55292, 19.658857], [96.551625, 19.658584], [96.550211, 19.659021], [96.549269, 19.660331], [96.548857, 19.661477], [96.548385, 19.661696], [96.547502, 19.661641], [96.547443, 19.662406], [96.547325, 19.663115], [96.547266, 19.663661], [96.548503, 19.663716], [96.550918, 19.664152], [96.551153, 19.664262], [96.551153, 19.665572], [96.551271, 19.667537], [96.547855, 19.667045], [96.545558, 19.668356], [96.543968, 19.669884], [96.547561, 19.671249], [96.547914, 19.673105], [96.545558, 19.674633], [96.5455, 19.675888], [96.550093, 19.675615], [96.566231, 19.688496], [96.571885, 19.689806], [96.573298, 19.696355], [96.594029, 19.714691], [96.607457, 19.714909], [96.611227, 19.719274], [96.618765, 19.719929], [96.617116, 19.723421], [96.626775, 19.728441], [96.635962, 19.730841], [96.646092, 19.734551], [96.653631, 19.745026], [96.657871, 19.748954], [96.651982, 19.757681], [96.649626, 19.763791], [96.637376, 19.774481], [96.633842, 19.782989], [96.620414, 19.785388], [96.611933, 19.784516], [96.607222, 19.78866], [96.604395, 19.795858], [96.602981, 19.808073], [96.596974, 19.809872], [96.595502, 19.812216], [96.593087, 19.813634], [96.589906, 19.817614], [96.588316, 19.819795], [96.584253, 19.820504], [96.58225, 19.822357], [96.583134, 19.826337], [96.560871, 19.850867], [96.556631, 19.86482], [96.552861, 19.870488], [96.551448, 19.881822], [96.540611, 19.893156], [96.533073, 19.905797], [96.513755, 19.914949], [96.508101, 19.915385], [96.48737, 19.911463], [96.478889, 19.908848], [96.468524, 19.906668], [96.452033, 19.905797], [96.445437, 19.910591], [96.44261, 19.92323], [96.446379, 19.935867], [96.448264, 19.940224], [96.452975, 19.949374], [96.449206, 19.952424], [96.444965, 19.959831], [96.444023, 19.962009], [96.443552, 19.967672], [96.439783, 19.971593], [96.433186, 19.976385], [96.425648, 19.982918], [96.420465, 19.988581], [96.417638, 19.994243], [96.412455, 20.00034], [96.406801, 20.006873], [96.399263, 20.012099], [96.392667, 20.016453], [96.391253, 20.020373], [96.390311, 20.024292], [96.386541, 20.029517], [96.379474, 20.035177], [96.377118, 20.03866], [96.377118, 20.043449], [96.37382, 20.051721], [96.371464, 20.054333], [96.366282, 20.060863], [96.364868, 20.064345], [96.363455, 20.066957], [96.369815, 20.073921], [96.371229, 20.076533], [96.377354, 20.076097], [96.387248, 20.073486], [96.3962, 20.071745], [96.399027, 20.076533], [96.400912, 20.080885], [96.407037, 20.08045], [96.421643, 20.073486], [96.429182, 20.071745], [96.432009, 20.073921], [96.436249, 20.079579], [96.445201, 20.082626], [96.446615, 20.085673], [96.44473, 20.096552], [96.444259, 20.101339], [96.450384, 20.10395], [96.460749, 20.104821], [96.465932, 20.106126], [96.469701, 20.109172], [96.469701, 20.111348], [96.473, 20.115264], [96.476298, 20.119615], [96.46923, 20.129622], [96.466403, 20.133537], [96.462634, 20.138758], [96.45698, 20.140498], [96.454153, 20.140933], [96.452268, 20.143108], [96.456038, 20.150503], [96.45274, 20.161377], [96.447086, 20.169641], [96.444259, 20.17312], [96.441432, 20.179209], [96.440961, 20.184427], [96.446143, 20.191385], [96.449913, 20.194864], [96.454153, 20.201386], [96.458865, 20.203125], [96.464519, 20.203995], [96.470644, 20.202256], [96.476769, 20.202691], [96.481952, 20.207908], [96.48525, 20.211387], [96.491375, 20.219212], [96.493731, 20.224429], [96.495615, 20.229646], [96.497971, 20.233993], [96.505981, 20.240948], [96.505393, 20.24177], [96.508454, 20.242686], [96.514108, 20.24812], [96.523767, 20.257247], [96.527301, 20.258768], [96.533897, 20.255508], [96.546383, 20.270067], [96.541907, 20.276151], [96.531306, 20.308304], [96.521411, 20.318078], [96.526359, 20.325463], [96.515993, 20.333281], [96.515051, 20.339362], [96.510104, 20.345225], [96.504921, 20.354562], [96.493848, 20.363465], [96.496911, 20.379313], [96.499502, 20.385392], [96.495733, 20.385175], [96.496675, 20.392121], [96.491493, 20.401238], [96.479949, 20.41209], [96.47406, 20.416648], [96.466285, 20.461998], [96.46016, 20.470676], [96.46817, 20.476099], [96.470055, 20.478269], [96.464636, 20.495187], [96.468877, 20.508851], [96.475473, 20.518609], [96.488666, 20.522296], [96.495498, 20.526199], [96.495969, 20.531403], [96.488901, 20.541376], [96.490315, 20.549181], [96.492199, 20.552], [96.499697, 20.55394], [96.500327, 20.553842], [96.510104, 20.555793], [96.517053, 20.552758], [96.521883, 20.554276], [96.535075, 20.549723], [96.540847, 20.552], [96.545205, 20.557528], [96.547561, 20.56815], [96.544616, 20.596759], [96.544263, 20.610303], [96.546854, 20.617453], [96.55133, 20.622004], [96.552861, 20.638903], [96.546972, 20.639011], [96.540376, 20.639336], [96.527536, 20.625579], [96.527065, 20.620379], [96.522707, 20.619837], [96.518584, 20.62092], [96.514815, 20.624604], [96.511517, 20.63262], [96.515168, 20.638144], [96.513637, 20.643344], [96.508926, 20.646593], [96.490904, 20.648218], [96.483247, 20.650817], [96.479125, 20.656341], [96.476415, 20.663056], [96.472175, 20.66533], [96.46817, 20.681898], [96.461456, 20.690128], [96.453682, 20.69435], [96.452209, 20.694779], [96.440254, 20.737651], [96.4591, 20.741764], [96.460985, 20.754968], [96.463105, 20.762326], [96.453682, 20.76817], [96.459571, 20.777259], [96.463576, 20.783967], [96.472764, 20.787862], [96.477947, 20.790242], [96.482658, 20.794786], [96.483836, 20.800844], [96.478182, 20.810147], [96.480067, 20.811662], [96.51187, 20.823776], [96.538727, 20.814474], [96.558515, 20.819017], [96.566996, 20.828968], [96.562991, 20.853841], [96.562991, 20.862707], [96.575242, 20.876763], [96.57477, 20.901843], [96.562986, 20.916262], [96.562859, 20.916786], [96.562086, 20.91766], [96.56115, 20.918163]]]}}, {"type": "Feature", "properties": {"POLY_ID": 22, "STATE_NAME": "Bengal", "NATIVE": 0}, "geometry": {"type": "MultiPolygon", "coordinates": [[[[89.058208, 21.872336], [89.055047, 21.867858], [89.038587, 21.866095], [89.027936, 21.865213], [89.013413, 21.865213], [88.986302, 21.865213], [88.969842, 21.866977], [88.957255, 21.872267], [88.947573, 21.875793], [88.936922, 21.886373], [88.905939, 21.892544], [88.879796, 21.901359], [88.857527, 21.90224], [88.841067, 21.904003], [88.825575, 21.911054], [88.794592, 21.913699], [88.782973, 21.921631], [88.769418, 21.945424], [88.760704, 21.985951], [88.748117, 21.999164], [88.721006, 21.99476], [88.699705, 21.985951], [88.686149, 21.97538], [88.675499, 21.965689], [88.675499, 21.950711], [88.68034, 21.942781], [88.679372, 21.930444], [88.670658, 21.918987], [88.657102, 21.907529], [88.646452, 21.922512], [88.654198, 21.941018], [88.661944, 21.953354], [88.648388, 21.962165], [88.626119, 21.970094], [88.60385, 21.961284], [88.583517, 21.943662], [88.551565, 21.916343], [88.517192, 21.877557], [88.50751, 21.858159], [88.492018, 21.830821], [88.465876, 21.799067], [88.436829, 21.775246], [88.409718, 21.762892], [88.380671, 21.752303], [88.354529, 21.74436], [88.325482, 21.739064], [88.285784, 21.738182], [88.26061, 21.748772], [88.232531, 21.774363], [88.206389, 21.806124], [88.198643, 21.844932], [88.183151, 21.881965], [88.177342, 21.90841], [88.179278, 21.945424], [88.201548, 21.991236], [88.210262, 22.048478], [88.196707, 22.103934], [88.174437, 22.138251], [88.157009, 22.175198], [88.160882, 22.139131], [88.158946, 22.097773], [88.160882, 22.065205], [88.150231, 22.036151], [88.129898, 22.00709], [88.103272, 21.960403], [88.08778, 21.933969], [88.068416, 21.90841], [88.045178, 21.881965], [88.023877, 21.861686], [88.006449, 21.845814], [87.983211, 21.826412], [87.9561, 21.810535], [87.929958, 21.784069], [87.928021, 21.768187], [87.910593, 21.749655], [87.889292, 21.715232], [87.86315, 21.681682], [87.817159, 21.621623], [87.792953, 21.589816], [87.730017, 21.566839], [87.676765, 21.547394], [87.64094, 21.531482], [87.561545, 21.517336], [87.523224, 21.506477], [87.536779, 21.554217], [87.523224, 21.734403], [87.39348, 21.743229], [87.372179, 21.845566], [87.288911, 21.863202], [87.252118, 21.872019], [87.226944, 21.914332], [87.207579, 21.94782], [87.186278, 21.970728], [87.139803, 21.965442], [87.128184, 21.94782], [87.120438, 21.910806], [87.104946, 21.886125], [87.095264, 21.870255], [87.06428, 21.868492], [87.046852, 21.875545], [87.03136, 21.887888], [87.021678, 21.903755], [87.017805, 21.931958], [87.019741, 22.074641], [86.975203, 22.116887], [86.951965, 22.148561], [86.907426, 22.164396], [86.876443, 22.17671], [86.853205, 22.192541], [86.828031, 22.20837], [86.80092, 22.225956], [86.773673, 22.246057], [86.769937, 22.248813], [86.758318, 22.268151], [86.752509, 22.30506], [86.746699, 22.343715], [86.738953, 22.384115], [86.686669, 22.413967], [86.640193, 22.442057], [86.599527, 22.459611], [86.578226, 22.475406], [86.572417, 22.515764], [86.574353, 22.533307], [86.589845, 22.559617], [86.601464, 22.61748], [86.601464, 22.65604], [86.593718, 22.691085], [86.620829, 22.715611], [86.657622, 22.741883], [86.671177, 22.752391], [86.692478, 22.76815], [86.70797, 23.100399], [86.706033, 23.142306], [86.723462, 23.1842], [86.748636, 23.210376], [86.764127, 23.224335], [86.781556, 23.250503], [86.783492, 23.28713], [86.787365, 23.322003], [86.795111, 23.351637], [86.810603, 23.379522], [86.826094, 23.39172], [86.83965, 23.405659], [86.843523, 23.485779], [86.810603, 23.538004], [86.793174, 23.574549], [86.787365, 23.595427], [86.758318, 23.62326], [86.750572, 23.647608], [86.764127, 23.685861], [86.802857, 23.710197], [86.864824, 23.724102], [86.90549, 23.711936], [86.944219, 23.69803], [86.996504, 23.678907], [87.021678, 23.675429], [87.044916, 23.692815], [87.072026, 23.710197], [87.089454, 23.724102], [87.106883, 23.729316], [87.145612, 23.731054], [87.174659, 23.741481], [87.19596, 23.750169], [87.225007, 23.78318], [87.23469, 23.854386], [87.26761, 23.88737], [87.389607, 23.882162], [87.429305, 23.896049], [87.469971, 23.944639], [87.497081, 23.984538], [87.524192, 24.005351], [87.553239, 24.003616], [87.597778, 24.007085], [87.626825, 24.019224], [87.632634, 24.040031], [87.634571, 24.13362], [87.690728, 24.157873], [87.725585, 24.176926], [87.748822, 24.202902], [87.77206, 24.227142], [87.777869, 24.260032], [87.779806, 24.280801], [87.744949, 24.285992], [87.712029, 24.292914], [87.692665, 24.318868], [87.684919, 24.344816], [87.694601, 24.370759], [87.713966, 24.389781], [87.756568, 24.389781], [87.812726, 24.389781], [87.847582, 24.407071], [87.859201, 24.42263], [87.863074, 24.450286], [87.828218, 24.538401], [87.795298, 24.612647], [87.787552, 24.681676], [87.779806, 24.735149], [87.80498, 24.767912], [87.843709, 24.804114], [87.884375, 24.848922], [87.857265, 25.019397], [87.853392, 25.091653], [87.847582, 25.153555], [87.872756, 25.196526], [87.917295, 25.246355], [87.959898, 25.291013], [88.025738, 25.335656], [88.076086, 25.383716], [88.087705, 25.445483], [88.083832, 25.544935], [88.097387, 25.627184], [88.097387, 25.731636], [88.072213, 25.745329], [88.052848, 25.798374], [88.050912, 25.863369], [88.079959, 25.936878], [88.107069, 26.001805], [88.12837, 26.054749], [88.205829, 26.094017], [88.281352, 26.12474], [88.32589, 26.163987], [88.366556, 26.199812], [88.395603, 26.232216], [88.422714, 26.271432], [88.473062, 26.290183], [88.507919, 26.319158], [88.488554, 26.353237], [88.43046, 26.389011], [88.395603, 26.411153], [88.339446, 26.411153], [88.322017, 26.440101], [88.201956, 26.412856], [88.114815, 26.406043], [88.027674, 26.407747], [88.050261, 26.443959], [88.081245, 26.505239], [88.100609, 26.542674], [88.123847, 26.590305], [88.129656, 26.639618], [88.133529, 26.678716], [88.143212, 26.743289], [88.139339, 26.787452], [88.118038, 26.838392], [88.096736, 26.884222], [88.063816, 26.933429], [88.015405, 26.987706], [87.965056, 27.018228], [87.949565, 27.053828], [87.947628, 27.097891], [87.951501, 27.140246], [88.027024, 27.170733], [88.083181, 27.172427], [88.154831, 27.153797], [88.240035, 27.130082], [88.278765, 27.124999], [88.32524, 27.131776], [88.373652, 27.153797], [88.394953, 27.160571], [88.429809, 27.182588], [88.468539, 27.191054], [88.497586, 27.194441], [88.526633, 27.180894], [88.58279, 27.148715], [88.604092, 27.13347], [88.637012, 27.118223], [88.667995, 27.108057], [88.698979, 27.106363], [88.731899, 27.108057], [88.770628, 27.11314], [88.793866, 27.121611], [88.820976, 27.118223], [88.842277, 27.096196], [88.865515, 27.089418], [88.908117, 27.069082], [88.925546, 27.058912], [88.939101, 27.040267], [88.94491, 27.018228], [88.952656, 27.001272], [88.95072, 26.963963], [88.962339, 26.950393], [88.997195, 26.933429], [89.01656, 26.926643], [89.032051, 26.919856], [89.047543, 26.909676], [89.084336, 26.868947], [89.103701, 26.843485], [89.111447, 26.828206], [89.126938, 26.809528], [89.150176, 26.792547], [89.173414, 26.777262], [89.202461, 26.770468], [89.229571, 26.763674], [89.252809, 26.765372], [89.277983, 26.772166], [89.301221, 26.782357], [89.322522, 26.78915], [89.33995, 26.794245], [89.365124, 26.804434], [89.398044, 26.811226], [89.415472, 26.804434], [89.458075, 26.782357], [89.47744, 26.773865], [89.50455, 26.773865], [89.533597, 26.772166], [89.562644, 26.767071], [89.587818, 26.763674], [89.60331, 26.758578], [89.618802, 26.743289], [89.626548, 26.733095], [89.609119, 26.722901], [89.591691, 26.711006], [89.5762, 26.697412], [89.562644, 26.680416], [89.568454, 26.656619], [89.612992, 26.658319], [89.638167, 26.660019], [89.644944, 26.607311], [89.644944, 26.590305], [89.660436, 26.547778], [89.65269, 26.503537], [89.654627, 26.483113], [89.658499, 26.455876], [89.641071, 26.430337], [89.635262, 26.415011], [89.621707, 26.401386], [89.612024, 26.370726], [89.602342, 26.360505], [89.600405, 26.343467], [89.600405, 26.334947], [89.600405, 26.323019], [89.588787, 26.321315], [89.567485, 26.333243], [89.532629, 26.343467], [89.509391, 26.343467], [89.490027, 26.343467], [89.443551, 26.341763], [89.39514, 26.346875], [89.387394, 26.351986], [89.309935, 26.369023], [89.302189, 26.369023], [89.275078, 26.363912], [89.247968, 26.360505], [89.226667, 26.357097], [89.19762, 26.35369], [89.162763, 26.360505], [89.145335, 26.369023], [89.110478, 26.380947], [89.09886, 26.384354], [89.087241, 26.387761], [89.029147, 26.394574], [88.976862, 26.399683], [89.03544, 26.370726], [89.070297, 26.331539], [89.085788, 26.288932], [89.10709, 26.248016], [89.128875, 26.161028], [89.143398, 26.11154], [89.174382, 26.110686], [89.195683, 26.100445], [89.203429, 26.086789], [89.216016, 26.065448], [89.23054, 26.045811], [89.250873, 26.035565], [89.280888, 26.021048], [89.295411, 26.013362], [89.319617, 26.009946], [89.340918, 26.009092], [89.385457, 25.998843], [89.407727, 25.989447], [89.426123, 25.981759], [89.447424, 25.981759], [89.460011, 25.982613], [89.485185, 25.977488], [89.503582, 25.966382], [89.52682, 25.953566], [89.565549, 25.951003], [89.57039, 25.978342], [89.566517, 26.007384], [89.575231, 26.026172], [89.585882, 26.038127], [89.59266, 26.05008], [89.599437, 26.07057], [89.60331, 26.081667], [89.607183, 26.098738], [89.599437, 26.108126], [89.590723, 26.117513], [89.578136, 26.128607], [89.578136, 26.141406], [89.58685, 26.15335], [89.588787, 26.174677], [89.590723, 26.196001], [89.619286, 26.200691], [89.659952, 26.193868], [89.692872, 26.151217], [89.725792, 26.111966], [89.754839, 26.072704], [89.778077, 26.035138], [89.805187, 25.985603], [89.820679, 25.942886], [89.836171, 25.883059], [89.80906, 25.84886], [89.785822, 25.812942], [89.778077, 25.777014], [89.791632, 25.727384], [89.814869, 25.67431], [89.818742, 25.580095], [89.820679, 25.501246], [89.80906, 25.412056], [89.817774, 25.243805], [89.868122, 25.238651], [89.933962, 25.235215], [89.993993, 25.230061], [90.073388, 25.206005], [90.112118, 25.185382], [90.22056, 25.159599], [90.268972, 25.13725], [90.311574, 25.118336], [90.340621, 25.109738], [90.431635, 25.113177], [90.472301, 25.121775], [90.505221, 25.132091], [90.551696, 25.140688], [90.600108, 25.142407], [90.654329, 25.13553], [90.716296, 25.130372], [90.762771, 25.126933], [90.805374, 25.126933], [90.884769, 25.126933], [90.902609, 25.129263], [90.950609, 25.13553], [90.997084, 25.145846], [91.066797, 25.15788], [91.108635, 25.162007], [91.171367, 25.168194], [91.287555, 25.163037], [91.351458, 25.164756], [91.456028, 25.144127], [91.508312, 25.140688], [91.624501, 25.125214], [91.665167, 25.121775], [91.709705, 25.126933], [91.812338, 25.149284], [91.878178, 25.159599], [92.009858, 25.163037], [92.029461, 25.162667], [92.100872, 25.161318], [92.18414, 25.121775], [92.220933, 25.095979], [92.28871, 25.058137], [92.342931, 25.022005], [92.393279, 24.991026], [92.435882, 24.961762], [92.461056, 24.916993], [92.466865, 24.891157], [92.470738, 24.860148], [92.468802, 24.841194], [92.432009, 24.834302], [92.385533, 24.842918], [92.342931, 24.851533], [92.298392, 24.870485], [92.24998, 24.870485], [92.240298, 24.848087], [92.242235, 24.820515], [92.251917, 24.798108], [92.265472, 24.742936], [92.238362, 24.644605], [92.236425, 24.611811], [92.230616, 24.551381], [92.211251, 24.516836], [92.182204, 24.499561], [92.153157, 24.484011], [92.143475, 24.456362], [92.155093, 24.407962], [92.128467, 24.379865], [92.101356, 24.352194], [92.041326, 24.355653], [92.029928, 24.355982], [91.981295, 24.357383], [91.942566, 24.340086], [91.932883, 24.303756], [91.917392, 24.260492], [91.911582, 24.21202], [91.898027, 24.173922], [91.878662, 24.154869], [91.845742, 24.177386], [91.822505, 24.201631], [91.789585, 24.218946], [91.752792, 24.218946], [91.729554, 24.198167], [91.719872, 24.182581], [91.706316, 24.14794], [91.692761, 24.130615], [91.673397, 24.153136], [91.655968, 24.16353], [91.640477, 24.173922], [91.619175, 24.16353], [91.607557, 24.144475], [91.599811, 24.121952], [91.592065, 24.101158], [91.568827, 24.068228], [91.549462, 24.063028], [91.514606, 24.063028], [91.487495, 24.063028], [91.427465, 24.071695], [91.411973, 24.069962], [91.398418, 24.04916], [91.396481, 24.023152], [91.384862, 24.007546], [91.367434, 23.990202], [91.351942, 23.979795], [91.314181, 23.94857], [91.275452, 23.894774], [91.261897, 23.882624], [91.244468, 23.861792], [91.242532, 23.847902], [91.240595, 23.830537], [91.236723, 23.795801], [91.234786, 23.780167], [91.221231, 23.764531], [91.201866, 23.748893], [91.186374, 23.731516], [91.170883, 23.71935], [91.163137, 23.70023], [91.163137, 23.682846], [91.16701, 23.661981], [91.176692, 23.639375], [91.186374, 23.625461], [91.19412, 23.620243], [91.196057, 23.609806], [91.186374, 23.58893], [91.180565, 23.576751], [91.178628, 23.541947], [91.197993, 23.514097], [91.213485, 23.477535], [91.258024, 23.388698], [91.273515, 23.341642], [91.294817, 23.296312], [91.316118, 23.256199], [91.3258, 23.212585], [91.3258, 23.151499], [91.329673, 23.104356], [91.345165, 23.050207], [91.370339, 23.017008], [91.403259, 23.022251], [91.418751, 23.039724], [91.434242, 23.076411], [91.420687, 23.11658], [91.407132, 23.141024], [91.403259, 23.186409], [91.401322, 23.20735], [91.403259, 23.217819], [91.428433, 23.219564], [91.455544, 23.212585], [91.476845, 23.202115], [91.505892, 23.181173], [91.527193, 23.127057], [91.536875, 23.085145], [91.544621, 23.051954], [91.552367, 23.011765], [91.569795, 22.980304], [91.600779, 22.948836], [91.635635, 22.922606], [91.676301, 22.93135], [91.711158, 22.962823], [91.75376, 22.980304], [91.796362, 23.010018], [91.827346, 23.04846], [91.837028, 23.09737], [91.835092, 23.151499], [91.821536, 23.188154], [91.807981, 23.217819], [91.806045, 23.268409], [91.815727, 23.315492], [91.848647, 23.357329], [91.900932, 23.385213], [91.945471, 23.421801], [91.957089, 23.468828], [91.957089, 23.517579], [91.955153, 23.55587], [91.947407, 23.58893], [91.941598, 23.620243], [91.937725, 23.637636], [91.978391, 23.665459], [92.003565, 23.672414], [92.044231, 23.651548], [92.102325, 23.661981], [92.127499, 23.681107], [92.146863, 23.682846], [92.18172, 23.686323], [92.212703, 23.686323], [92.24756, 23.686323], [92.268861, 23.686323], [92.282416, 23.686323], [92.294035, 23.695015], [92.309527, 23.717612], [92.32405, 23.721088], [92.377787, 23.738901], [92.377787, 23.716308], [92.370042, 23.67111], [92.342931, 23.624157], [92.335185, 23.570226], [92.34874, 23.497123], [92.35455, 23.430947], [92.379724, 23.371707], [92.399089, 23.312441], [92.426199, 23.275821], [92.426199, 23.240936], [92.408771, 23.209531], [92.393279, 23.174628], [92.395216, 23.132731], [92.422326, 23.090821], [92.416517, 23.061126], [92.408771, 23.005212], [92.404898, 22.973749], [92.428136, 22.94053], [92.45331, 22.91255], [92.476547, 22.884563], [92.492039, 22.847821], [92.497849, 22.788312], [92.523023, 22.684981], [92.532705, 22.606112], [92.588863, 22.523686], [92.590799, 22.49035], [92.592736, 22.414873], [92.596609, 22.349891], [92.596609, 22.279604], [92.608227, 22.237412], [92.627592, 22.204001], [92.631465, 22.152988], [92.615973, 22.116034], [92.608227, 22.073788], [92.61791, 22.0192], [92.625656, 21.961064], [92.623255, 21.871484], [92.598384, 21.796442], [92.595275, 21.632042], [92.6217, 21.492985], [92.657452, 21.376513], [92.676741, 21.316204], [92.639483, 21.302666], [92.622641, 21.289594], [92.62162, 21.28259], [92.599674, 21.275586], [92.559865, 21.411396], [92.534856, 21.404866], [92.530263, 21.415594], [92.516993, 21.416527], [92.513931, 21.405799], [92.509848, 21.403933], [92.508827, 21.390871], [92.501682, 21.385272], [92.495557, 21.389938], [92.474122, 21.383406], [92.470039, 21.39227], [92.456769, 21.396002], [92.439926, 21.39367], [92.436864, 21.400667], [92.43074, 21.402533], [92.427933, 21.424923], [92.434057, 21.434717], [92.42436, 21.464094], [92.409559, 21.47202], [92.381488, 21.505584], [92.34321, 21.495329], [92.338617, 21.463628], [92.324326, 21.449639], [92.307994, 21.446375], [92.296766, 21.448707], [92.291152, 21.456634], [92.269206, 21.457566], [92.266654, 21.427721], [92.256446, 21.416061], [92.256446, 21.393203], [92.231438, 21.376408], [92.211023, 21.366609], [92.200815, 21.354943], [92.199795, 21.336275], [92.214596, 21.311069], [92.22123, 21.291461], [92.213575, 21.278854], [92.219189, 21.260642], [92.202347, 21.238691], [92.1804, 21.22094], [92.171214, 21.211129], [92.175297, 21.191038], [92.199284, 21.194309], [92.204898, 21.179823], [92.198263, 21.171879], [92.208471, 21.148977], [92.222251, 21.151314], [92.235521, 21.125603], [92.26104, 21.110174], [92.264612, 21.091938], [92.264102, 21.08843], [92.257467, 21.083286], [92.251343, 21.063876], [92.256191, 21.051013], [92.256386, 21.050747], [92.257249, 21.0438], [92.257249, 21.031279], [92.25891, 21.022649], [92.262602, 21.012326], [92.261587, 21.002764], [92.260018, 20.990746], [92.261587, 20.983722], [92.264909, 20.97348], [92.267493, 20.966454], [92.268509, 20.959259], [92.270539, 20.95291], [92.282537, 20.936485], [92.289274, 20.930473], [92.298503, 20.925732], [92.302287, 20.91828], [92.303487, 20.910235], [92.31207, 20.894313], [92.319038, 20.88076], [92.322453, 20.863818], [92.322453, 20.856532], [92.327068, 20.845433], [92.333713, 20.830265], [92.336574, 20.822384], [92.338973, 20.812722], [92.341188, 20.804585], [92.340265, 20.797296], [92.343219, 20.795262], [92.345803, 20.795431], [92.346541, 20.793905], [92.346541, 20.79221], [92.34691, 20.790684], [92.345988, 20.789497], [92.342665, 20.788989], [92.340635, 20.790006], [92.335835, 20.791701], [92.332513, 20.793397], [92.32716, 20.79594], [92.321253, 20.800008], [92.3159, 20.806281], [92.313501, 20.810857], [92.310917, 20.813739], [92.308148, 20.816451], [92.30501, 20.819672], [92.303164, 20.822892], [92.301503, 20.826282], [92.299288, 20.831366], [92.298919, 20.834078], [92.297258, 20.837976], [92.294489, 20.841535], [92.256188, 20.908626], [92.224255, 20.953502], [92.202105, 20.995655], [92.191583, 21.032886], [92.185031, 21.050313], [92.172294, 21.067231], [92.126795, 21.114418], [92.098184, 21.150092], [92.058868, 21.195727], [92.048346, 21.213639], [92.048716, 21.237629], [92.045762, 21.274451], [92.048162, 21.313288], [92.039486, 21.333039], [92.035287, 21.343146], [92.032565, 21.348842], [92.033672, 21.350572], [92.030673, 21.356184], [92.027627, 21.358167], [92.026566, 21.370444], [92.028781, 21.373482], [92.023981, 21.381075], [92.022689, 21.380907], [92.020844, 21.388331], [91.99694, 21.423759], [91.98568, 21.436409], [91.974236, 21.450239], [91.962238, 21.460863], [91.947379, 21.481772], [91.942949, 21.492899], [91.947748, 21.494248], [91.953471, 21.492224], [91.954947, 21.49391], [91.956424, 21.498125], [91.962884, 21.500991], [91.971006, 21.504025], [91.976174, 21.504868], [91.992418, 21.527118], [91.999616, 21.547509], [91.997217, 21.590305], [91.99574, 21.604286], [91.983188, 21.604455], [91.982635, 21.567224], [91.976728, 21.552902], [91.97156, 21.545993], [91.970083, 21.538072], [91.966391, 21.532848], [91.97359, 21.533691], [91.970268, 21.531331], [91.965653, 21.530488], [91.956239, 21.529814], [91.931136, 21.526106], [91.935566, 21.515488], [91.930213, 21.507397], [91.92283, 21.499474], [91.91803, 21.49391], [91.904371, 21.49509], [91.890343, 21.503351], [91.879452, 21.514476], [91.851396, 21.53605], [91.839213, 21.552733], [91.844012, 21.558799], [91.853611, 21.558968], [91.862655, 21.567561], [91.883144, 21.565876], [91.88499, 21.569246], [91.87853, 21.575817], [91.871331, 21.578512], [91.873361, 21.586599], [91.886097, 21.593843], [91.874838, 21.599738], [91.876684, 21.61136], [91.884621, 21.621803], [91.880191, 21.622308], [91.883882, 21.636622], [91.882037, 21.640327], [91.887943, 21.642516], [91.888497, 21.648914], [91.884621, 21.65144], [91.892558, 21.660364], [91.89182, 21.664404], [91.892742, 21.673832], [91.890712, 21.682586], [91.888312, 21.693695], [91.878345, 21.694032], [91.882775, 21.684774], [91.88056, 21.677536], [91.874653, 21.673664], [91.86081, 21.684606], [91.863025, 21.689487], [91.857118, 21.690329], [91.854534, 21.697903], [91.858595, 21.718436], [91.872254, 21.735768], [91.88056, 21.765715], [91.883329, 21.774967], [91.889789, 21.784555], [91.896803, 21.785732], [91.89182, 21.794646], [91.895511, 21.797001], [91.900126, 21.797169], [91.897357, 21.800028], [91.895142, 21.800028], [91.892742, 21.800365], [91.89625, 21.804737], [91.911201, 21.840721], [91.916923, 21.87787], [91.913231, 21.912993], [91.906217, 21.930634], [91.909909, 21.94609], [91.907878, 21.952641], [91.903448, 21.957176], [91.904002, 21.961375], [91.888866, 21.965742], [91.883698, 21.986567], [91.878899, 22.009739], [91.868562, 22.023506], [91.881852, 22.037943], [91.879268, 22.061441], [91.859702, 22.108761], [91.834229, 22.14231], [91.814664, 22.202675], [91.799159, 22.239551], [91.772948, 22.266029], [91.771102, 22.281108], [91.765564, 22.286134], [91.769625, 22.303891], [91.748767, 22.387284], [91.738431, 22.418081], [91.725141, 22.465602], [91.708897, 22.497385], [91.670688, 22.543539], [91.650015, 22.564269], [91.635248, 22.586333], [91.623435, 22.600706], [91.602762, 22.620759], [91.595378, 22.629447], [91.597962, 22.634794], [91.568798, 22.673883], [91.535204, 22.707617], [91.489514, 22.741405], [91.477331, 22.752423], [91.474009, 22.754426], [91.470317, 22.74875], [91.469948, 22.746413], [91.470686, 22.744076], [91.466625, 22.743742], [91.463672, 22.745412], [91.462195, 22.750753], [91.465149, 22.756762], [91.465518, 22.760768], [91.458873, 22.772785], [91.452966, 22.789474], [91.448167, 22.797817], [91.444106, 22.802155], [91.437092, 22.803824], [91.432662, 22.802823], [91.424171, 22.800153], [91.422695, 22.792811], [91.423433, 22.784134], [91.423802, 22.776791], [91.426755, 22.772451], [91.428601, 22.76878], [91.426386, 22.764774], [91.423802, 22.761436], [91.421218, 22.757764], [91.41605, 22.755761], [91.407189, 22.760434], [91.359013, 22.765108], [91.31619, 22.76177], [91.270413, 22.742407], [91.25417, 22.723709], [91.251216, 22.696993], [91.250478, 22.678956], [91.273366, 22.657577], [91.284441, 22.641539], [91.287395, 22.627505], [91.284441, 22.616143], [91.274843, 22.603443], [91.269675, 22.593415], [91.265983, 22.588067], [91.2586, 22.58205], [91.24974, 22.573358], [91.237188, 22.55731], [91.228328, 22.553298], [91.20987, 22.544604], [91.197318, 22.537917], [91.180336, 22.520526], [91.17443, 22.513837], [91.166308, 22.508486], [91.157448, 22.496444], [91.143419, 22.479048], [91.132344, 22.463658], [91.107979, 22.488415], [91.099119, 22.489753], [91.096904, 22.495775], [91.085829, 22.507817], [91.042268, 22.55731], [91.018641, 22.576033], [90.997229, 22.585393], [90.980986, 22.590073], [90.952191, 22.622158], [90.930041, 22.646217], [90.876881, 22.665594], [90.844394, 22.669603], [90.776098, 22.780462], [90.78422, 22.835188], [90.763546, 22.869214], [90.736228, 22.90523], [90.694881, 22.923235], [90.669778, 22.964569], [90.661189, 23.010147], [90.659086, 23.012603], [90.654914, 23.019422], [90.650742, 23.025672], [90.643093, 23.036466], [90.639617, 23.042714], [90.636835, 23.04953], [90.631968, 23.05748], [90.629187, 23.064862], [90.627101, 23.071675], [90.627796, 23.080758], [90.628492, 23.088136], [90.631273, 23.096081], [90.633359, 23.114238], [90.63475, 23.122746], [90.638226, 23.128985], [90.641703, 23.134656], [90.643093, 23.138626], [90.643789, 23.142028], [90.645348, 23.142393], [90.645233, 23.143878], [90.648656, 23.148265], [90.654219, 23.155068], [90.659086, 23.166971], [90.662563, 23.174339], [90.666039, 23.181706], [90.666039, 23.189071], [90.666039, 23.207198], [90.664649, 23.213994], [90.650742, 23.227018], [90.642398, 23.233811], [90.629187, 23.240604], [90.623624, 23.244566], [90.611108, 23.247962], [90.599983, 23.250226], [90.588858, 23.250226], [90.574951, 23.247396], [90.564521, 23.244], [90.554787, 23.240038], [90.547833, 23.23551], [90.540185, 23.22815], [90.533927, 23.220223], [90.536013, 23.208897], [90.542271, 23.191904], [90.545052, 23.182839], [90.552701, 23.147131], [90.542966, 23.132955], [90.54321, 23.126385], [90.523588, 23.110133], [90.505868, 23.094819], [90.492578, 23.077504], [90.491839, 23.060853], [90.492812, 23.056466], [90.488731, 23.042714], [90.489426, 23.030217], [90.490817, 23.01999], [90.493598, 23.006351], [90.498465, 22.994414], [90.513067, 22.980769], [90.529755, 22.972808], [90.545747, 22.965415], [90.563131, 22.959727], [90.581769, 22.954054], [90.590776, 22.944904], [90.590352, 22.938586], [90.607632, 22.923312], [90.620148, 22.908511], [90.634054, 22.891429], [90.64657, 22.870924], [90.652133, 22.858959], [90.663258, 22.825331], [90.662563, 22.809365], [90.661172, 22.790542], [90.65529, 22.772685], [90.663323, 22.741551], [90.68695, 22.700145], [90.720913, 22.648034], [90.75783, 22.611944], [90.751923, 22.589216], [90.747493, 22.567821], [90.75783, 22.539735], [90.76669, 22.515656], [90.7977, 22.496925], [90.85972, 22.443392], [90.86415, 22.427328], [90.862674, 22.411261], [90.853814, 22.393854], [90.843477, 22.375105], [90.840524, 22.352334], [90.842, 22.32286], [90.829449, 22.207579], [90.825019, 22.180084], [90.822804, 22.165327], [90.799915, 22.134468], [90.791055, 22.12172], [90.77998, 22.102931], [90.769643, 22.087494], [90.702824, 22.032446], [90.696917, 22.028417], [90.684366, 22.022373], [90.672552, 22.017001], [90.657047, 22.013643], [90.644496, 22.009613], [90.630467, 22.012971], [90.622346, 22.021702], [90.611271, 22.043189], [90.601672, 22.055945], [90.589859, 22.069371], [90.585429, 22.067357], [90.575831, 22.057288], [90.561064, 22.035803], [90.547036, 22.017001], [90.530054, 22.002897], [90.521194, 21.989464], [90.510119, 21.980732], [90.504212, 21.999539], [90.502735, 22.010957], [90.497567, 22.040503], [90.494614, 22.049903], [90.490184, 22.068029], [90.480585, 22.078097], [90.45622, 22.088837], [90.437024, 22.094206], [90.427425, 22.098904], [90.411182, 22.100917], [90.383864, 22.096891], [90.373527, 22.092864], [90.353592, 22.081454], [90.340302, 22.0687], [90.335134, 22.061316], [90.320736, 22.021702], [90.313353, 22.009613], [90.310399, 21.999539], [90.303754, 21.979388], [90.286034, 21.941092], [90.281604, 21.929668], [90.276436, 21.915555], [90.271268, 21.90144], [90.267576, 21.890685], [90.263146, 21.879929], [90.256501, 21.869845], [90.249118, 21.862449], [90.240996, 21.853707], [90.233613, 21.847655], [90.222538, 21.836896], [90.212201, 21.828153], [90.197434, 21.82479], [90.185621, 21.824117], [90.171592, 21.824117], [90.145751, 21.82748], [90.130984, 21.831516], [90.125816, 21.833533], [90.110311, 21.839586], [90.101451, 21.846311], [90.094067, 21.852363], [90.089637, 21.858414], [90.063057, 21.878585], [90.055674, 21.879929], [90.050506, 21.880601], [90.042384, 21.887324], [90.026141, 21.90144], [90.026141, 21.924964], [90.026141, 21.942436], [90.026141, 21.953859], [90.028356, 21.959234], [90.035739, 21.962593], [90.044599, 21.967296], [90.055674, 21.975357], [90.061581, 21.98006], [90.070441, 21.986777], [90.073394, 21.992822], [90.071917, 21.996852], [90.066749, 22.000211], [90.061581, 22.002226], [90.049767, 22.001554], [90.041646, 22.000211], [90.028356, 21.996852], [90.018757, 21.998196], [90.007682, 22.004241], [90.000299, 22.010957], [89.993654, 22.023045], [89.989224, 22.033788], [89.988486, 22.042517], [89.987009, 22.054602], [89.984056, 22.05863], [89.981102, 22.056616], [89.975195, 22.045203], [89.973719, 22.040503], [89.974457, 22.031103], [89.979626, 22.020358], [89.984794, 22.010285], [89.989962, 21.992151], [89.989224, 21.976701], [89.966335, 21.968639], [89.942709, 21.977373], [89.925727, 21.988121], [89.940494, 22.020358], [89.924989, 22.03446], [89.902839, 22.084138], [89.908007, 22.168681], [89.88438, 22.16734], [89.890287, 22.139165], [89.876997, 22.112326], [89.856324, 22.092193], [89.839342, 22.082125], [89.803902, 22.087494], [89.805379, 22.078769], [89.832697, 22.064001], [89.859277, 22.04856], [89.862969, 21.999539], [89.877735, 21.93034], [89.876997, 21.920932], [89.868875, 21.90749], [89.859277, 21.896063], [89.842295, 21.902785], [89.84008, 21.88598], [89.833435, 21.867155], [89.825314, 21.864466], [89.802425, 21.863793], [89.790612, 21.860431], [89.789874, 21.852363], [89.780275, 21.853035], [89.77363, 21.860431], [89.766247, 21.874551], [89.741882, 21.881274], [89.741882, 21.874551], [89.741882, 21.865138], [89.741882, 21.855725], [89.73376, 21.853707], [89.721208, 21.852363], [89.70718, 21.853707], [89.693152, 21.863121], [89.679862, 21.858414], [89.669525, 21.858414], [89.670263, 21.869172], [89.665095, 21.891358], [89.659927, 21.92362], [89.648113, 21.933028], [89.623748, 21.963265], [89.594215, 21.966624], [89.57428, 21.957218], [89.544746, 21.97267], [89.549176, 21.986777], [89.563943, 22.038489], [89.580925, 22.077426], [89.607505, 22.125075], [89.572065, 22.18679], [89.555822, 22.220319], [89.546961, 22.227694], [89.53884, 22.212943], [89.5477, 22.194167], [89.583878, 22.143861], [89.570588, 22.112326], [89.54327, 22.033788], [89.532933, 22.008942], [89.510045, 22.031774], [89.527026, 22.054602], [89.535886, 22.098904], [89.524073, 22.108299], [89.513736, 22.127759], [89.475343, 22.239091], [89.493801, 22.279977], [89.48125, 22.282658], [89.468698, 22.271265], [89.4591, 22.244454], [89.464268, 22.188132], [89.482726, 22.156607], [89.497493, 22.137823], [89.509306, 22.088166], [89.499708, 22.081454], [89.474605, 22.061316], [89.479035, 22.041174], [89.488633, 22.016329], [89.510783, 21.963265], [89.502661, 21.929668], [89.48568, 21.928324], [89.473128, 21.918244], [89.456885, 21.888669], [89.458361, 21.861776], [89.47239, 21.838241], [89.474605, 21.814701], [89.46353, 21.795866], [89.439903, 21.772318], [89.411108, 21.746074], [89.391173, 21.746747], [89.363855, 21.766262], [89.360901, 21.78712], [89.349826, 21.818737], [89.354995, 21.831516], [89.369023, 21.867155], [89.383051, 21.895391], [89.385266, 21.920932], [89.377514, 21.952515], [89.364962, 21.974014], [89.366439, 21.988121], [89.362009, 22.011628], [89.353887, 22.039832], [89.37456, 22.0687], [89.39671, 22.103602], [89.38342, 22.104944], [89.360532, 22.072728], [89.339859, 22.046546], [89.346504, 21.988121], [89.295559, 22.069371], [89.307372, 22.08481], [89.314755, 22.109641], [89.275624, 22.10897], [89.243137, 22.121049], [89.22394, 22.124404], [89.212865, 22.104944], [89.240184, 22.083467], [89.235015, 22.059973], [89.211388, 22.037817], [89.202528, 22.02103], [89.193668, 22.038489], [89.17078, 22.049231], [89.156752, 22.036474], [89.156752, 22.010957], [89.136078, 21.990807], [89.132387, 21.958562], [89.149368, 21.93034], [89.192192, 21.929668], [89.189238, 21.913539], [89.115405, 21.890013], [89.08218, 21.871862], [89.058208, 21.872336]], [[88.909086, 26.408199], [88.866483, 26.409902], [88.841309, 26.413308], [88.820008, 26.404793], [88.759977, 26.394574], [88.73093, 26.384354], [88.692201, 26.369023], [88.676709, 26.360505], [88.667027, 26.35369], [88.639916, 26.341763], [88.612806, 26.331539], [88.606996, 26.296602], [88.5886, 26.251426], [88.568267, 26.211351], [88.573108, 26.174677], [88.592473, 26.142259], [88.62152, 26.126047], [88.662186, 26.113246], [88.690264, 26.118367], [88.705756, 26.125193], [88.694137, 26.145672], [88.680582, 26.185766], [88.680582, 26.208793], [88.685423, 26.22329], [88.704788, 26.23608], [88.731899, 26.248016], [88.7532, 26.259098], [88.770628, 26.265918], [88.799675, 26.26677], [88.828722, 26.267623], [88.873261, 26.259951], [88.889721, 26.242048], [88.898435, 26.236932], [88.908117, 26.230964], [88.941037, 26.225848], [88.965243, 26.224995], [88.981703, 26.224995], [88.990417, 26.228406], [88.997195, 26.233522], [89.0001, 26.241195], [89.0001, 26.250573], [88.997195, 26.267623], [88.98364, 26.275294], [88.96718, 26.280409], [88.941037, 26.307681], [88.930387, 26.317054], [88.915863, 26.328983], [88.896499, 26.340059], [88.883911, 26.351986], [88.873261, 26.361356], [88.871324, 26.368171], [88.878102, 26.381799], [88.891657, 26.392019], [88.911022, 26.397129], [88.926613, 26.406385], [88.909086, 26.408199]], [[88.794834, 26.140552], [88.766755, 26.125193], [88.74739, 26.11154], [88.744486, 26.097884], [88.750295, 26.068862], [88.757073, 26.056057], [88.785152, 26.047519], [88.794834, 26.049226], [88.816135, 26.062033], [88.827754, 26.073131], [88.836468, 26.085081], [88.843246, 26.096177], [88.849055, 26.108979], [88.853896, 26.120927], [88.850023, 26.128607], [88.840341, 26.136286], [88.830659, 26.142259], [88.820976, 26.143965], [88.794834, 26.140552]]], [[[87.877189, 21.609255], [87.895586, 21.60307], [87.899459, 21.599536], [87.900427, 21.592467], [87.89849, 21.58363], [87.896554, 21.580096], [87.878157, 21.574793], [87.869443, 21.574793], [87.861697, 21.575677], [87.85492, 21.586281], [87.858793, 21.597769], [87.866539, 21.60307], [87.877189, 21.609255]]], [[[87.951743, 21.534134], [87.95368, 21.477543], [87.951743, 21.474005], [87.94787, 21.470467], [87.941093, 21.466044], [87.932379, 21.460737], [87.913014, 21.449238], [87.901395, 21.44216], [87.890744, 21.444814], [87.893649, 21.459853], [87.895586, 21.46516], [87.902363, 21.471351], [87.913014, 21.481965], [87.913982, 21.48904], [87.916887, 21.504073], [87.921728, 21.512915], [87.929474, 21.520873], [87.93722, 21.527061], [87.951743, 21.534134]]], [[[88.122153, 21.840523], [88.137644, 21.818473], [88.137644, 21.814945], [88.135708, 21.794656], [88.135708, 21.781422], [88.135708, 21.770834], [88.135708, 21.760245], [88.131835, 21.754068], [88.126026, 21.749655], [88.120216, 21.74436], [88.11247, 21.737299], [88.103756, 21.735534], [88.092137, 21.739064], [88.08536, 21.74789], [88.081487, 21.75495], [88.078582, 21.761127], [88.069868, 21.779657], [88.071804, 21.785833], [88.073741, 21.793774], [88.07955, 21.802596], [88.084391, 21.810535], [88.091169, 21.818473], [88.109566, 21.830821], [88.122153, 21.840523]]], [[[88.195738, 21.728473], [88.220913, 21.715232], [88.222849, 21.713466], [88.230595, 21.699341], [88.230595, 21.688746], [88.229627, 21.672852], [88.229627, 21.66667], [88.225754, 21.655189], [88.220913, 21.648123], [88.216071, 21.641941], [88.208326, 21.631341], [88.203484, 21.621623], [88.202516, 21.610138], [88.202516, 21.600419], [88.206389, 21.58363], [88.213167, 21.574793], [88.219944, 21.567723], [88.221881, 21.560652], [88.218008, 21.550046], [88.212198, 21.540322], [88.207357, 21.53325], [88.196707, 21.530598], [88.183151, 21.526177], [88.173469, 21.520873], [88.157977, 21.512031], [88.147327, 21.505842], [88.132803, 21.504073], [88.122153, 21.503189], [88.106661, 21.50142], [88.093106, 21.503189], [88.088264, 21.508494], [88.076646, 21.523525], [88.075677, 21.538554], [88.074709, 21.550046], [88.074709, 21.557117], [88.07955, 21.565955], [88.081487, 21.577444], [88.08536, 21.593351], [88.090201, 21.60307], [88.09601, 21.618973], [88.096978, 21.627807], [88.100851, 21.634874], [88.106661, 21.645474], [88.110534, 21.651656], [88.114407, 21.658722], [88.120216, 21.665787], [88.126994, 21.674618], [88.132803, 21.680799], [88.137644, 21.686097], [88.150231, 21.698458], [88.157009, 21.703755], [88.166691, 21.710818], [88.180247, 21.723176], [88.195738, 21.728473]]], [[[88.408266, 21.545626], [88.42279, 21.541206], [88.425694, 21.53767], [88.430535, 21.532366], [88.436345, 21.527061], [88.43925, 21.520873], [88.434408, 21.512915], [88.428599, 21.506726], [88.420853, 21.498767], [88.412139, 21.496999], [88.404393, 21.497883], [88.398584, 21.50142], [88.390838, 21.504957], [88.382124, 21.513799], [88.38406, 21.521757], [88.388901, 21.53325], [88.392774, 21.539438], [88.408266, 21.545626]]], [[[88.398584, 21.667553], [88.411171, 21.668436], [88.416012, 21.662254], [88.419885, 21.657839], [88.427631, 21.643707], [88.431504, 21.635757], [88.43344, 21.625157], [88.43344, 21.614556], [88.432472, 21.605721], [88.424726, 21.593351], [88.420853, 21.58363], [88.418917, 21.573909], [88.413107, 21.568607], [88.401488, 21.573026], [88.397615, 21.579212], [88.38987, 21.582747], [88.381155, 21.589816], [88.37341, 21.598652], [88.372441, 21.607488], [88.375346, 21.616323], [88.377283, 21.62339], [88.377283, 21.628691], [88.388901, 21.64724], [88.394711, 21.655189], [88.398584, 21.667553]]], [[[88.289173, 21.655189], [88.304665, 21.661371], [88.311443, 21.660488], [88.319188, 21.656072], [88.331775, 21.65254], [88.337585, 21.649007], [88.350172, 21.633991], [88.354045, 21.622507], [88.355013, 21.600419], [88.355013, 21.587165], [88.353077, 21.580096], [88.344363, 21.572142], [88.342426, 21.567723], [88.349204, 21.548278], [88.355981, 21.540322], [88.358886, 21.527061], [88.358886, 21.519989], [88.35695, 21.494346], [88.361791, 21.475774], [88.374378, 21.458968], [88.3676, 21.450122], [88.353077, 21.447468], [88.339521, 21.449238], [88.327903, 21.452776], [88.306601, 21.462506], [88.299824, 21.466044], [88.281427, 21.467814], [88.270777, 21.469583], [88.257221, 21.49523], [88.254317, 21.504073], [88.253348, 21.53325], [88.254317, 21.547394], [88.255285, 21.558001], [88.25819, 21.569491], [88.260126, 21.576561], [88.262063, 21.585398], [88.265936, 21.602187], [88.267872, 21.616323], [88.270777, 21.626041], [88.272713, 21.633991], [88.275618, 21.641057], [88.289173, 21.655189]]], [[[88.463455, 21.654306], [88.461519, 21.663138], [88.463455, 21.667553], [88.473138, 21.683448], [88.481852, 21.688746], [88.507994, 21.694926], [88.518645, 21.685214], [88.525422, 21.674618], [88.528327, 21.664904], [88.525422, 21.648123], [88.525422, 21.635757], [88.523486, 21.608371], [88.528327, 21.599536], [88.527359, 21.5907], [88.526391, 21.579212], [88.526391, 21.564188], [88.527359, 21.550046], [88.526391, 21.54209], [88.519613, 21.534134], [88.507994, 21.517336], [88.501217, 21.502305], [88.490566, 21.491693], [88.477979, 21.485502], [88.471201, 21.49523], [88.469265, 21.520873], [88.469265, 21.535902], [88.469265, 21.550046], [88.468297, 21.565072], [88.467328, 21.580979], [88.46636, 21.594234], [88.463455, 21.603954], [88.462487, 21.613672], [88.461519, 21.626041], [88.462487, 21.642824], [88.463455, 21.654306]]], [[[88.73795, 21.882846], [88.759251, 21.881083], [88.762156, 21.87932], [88.766029, 21.866095], [88.763124, 21.858159], [88.757315, 21.845814], [88.751505, 21.838759], [88.746664, 21.834349], [88.73795, 21.824648], [88.729236, 21.822002], [88.717617, 21.823766], [88.708903, 21.829058], [88.70503, 21.836995], [88.710839, 21.849341], [88.714712, 21.858159], [88.715681, 21.86345], [88.722458, 21.867858], [88.73795, 21.882846]]], [[[88.641127, 21.805242], [88.658555, 21.816709], [88.662428, 21.815827], [88.670174, 21.819355], [88.673078, 21.816709], [88.676951, 21.811417], [88.68857, 21.807888], [88.706967, 21.795538], [88.710839, 21.78848], [88.700189, 21.776128], [88.700189, 21.763775], [88.695348, 21.755833], [88.689538, 21.747007], [88.684697, 21.735534], [88.680824, 21.721411], [88.675983, 21.71788], [88.670174, 21.715232], [88.658555, 21.709052], [88.643063, 21.707287], [88.636285, 21.716114], [88.632412, 21.723176], [88.626603, 21.736416], [88.621762, 21.74436], [88.617889, 21.754068], [88.614016, 21.762892], [88.614016, 21.772599], [88.617889, 21.78054], [88.623698, 21.786716], [88.632412, 21.793774], [88.641127, 21.805242]]], [[[88.54624, 21.511147], [88.55689, 21.564188], [88.55689, 21.570374], [88.554954, 21.58363], [88.552049, 21.597769], [88.553985, 21.627807], [88.550112, 21.648123], [88.547208, 21.670202], [88.548176, 21.690512], [88.550112, 21.709052], [88.555922, 21.719645], [88.566572, 21.728473], [88.57916, 21.730238], [88.591747, 21.718763], [88.594651, 21.709935], [88.60627, 21.704638], [88.615952, 21.698458], [88.62854, 21.68698], [88.638222, 21.679033], [88.649841, 21.677267], [88.665332, 21.675501], [88.675015, 21.671969], [88.679856, 21.660488], [88.678888, 21.655189], [88.670174, 21.632224], [88.662428, 21.62339], [88.653714, 21.611905], [88.645, 21.599536], [88.641127, 21.584514], [88.63919, 21.571258], [88.63919, 21.549162], [88.642095, 21.522641], [88.644031, 21.508494], [88.644031, 21.498767], [88.640158, 21.462506], [88.637254, 21.439506], [88.629508, 21.428889], [88.615952, 21.421811], [88.605302, 21.417387], [88.591747, 21.412962], [88.5627, 21.404113], [88.551081, 21.405883], [88.535589, 21.413847], [88.535589, 21.428889], [88.539462, 21.443045], [88.542367, 21.451007], [88.547208, 21.469583], [88.547208, 21.484618], [88.54624, 21.494346], [88.54624, 21.511147]]], [[[88.882217, 21.499652], [88.889963, 21.50142], [88.903518, 21.502305], [88.915137, 21.500536], [88.929661, 21.496115], [88.941279, 21.489924], [88.947089, 21.48108], [88.949025, 21.469583], [88.946121, 21.462506], [88.940311, 21.456314], [88.928692, 21.443045], [88.916105, 21.440391], [88.906423, 21.44216], [88.895772, 21.445699], [88.884154, 21.451891], [88.876408, 21.463391], [88.871566, 21.474005], [88.877376, 21.496115], [88.882217, 21.499652]]], [[[88.773533, 21.452113], [88.755136, 21.460074], [88.746422, 21.466266], [88.742549, 21.475995], [88.728994, 21.499873], [88.727057, 21.510484], [88.721248, 21.52463], [88.722216, 21.544079], [88.72028, 21.560873], [88.723184, 21.575014], [88.729962, 21.592688], [88.731899, 21.620077], [88.729962, 21.639512], [88.728994, 21.658059], [88.728994, 21.684552], [88.73674, 21.696913], [88.738676, 21.706624], [88.740613, 21.718101], [88.7532, 21.74105], [88.756104, 21.752523], [88.756104, 21.764878], [88.758041, 21.777231], [88.767723, 21.789583], [88.776437, 21.793994], [88.793866, 21.796641], [88.804516, 21.795759], [88.830659, 21.784289], [88.837436, 21.778113], [88.843246, 21.766643], [88.841309, 21.747228], [88.839373, 21.740167], [88.834532, 21.706624], [88.8355, 21.695147], [88.847119, 21.673072], [88.852928, 21.664242], [88.865515, 21.649227], [88.873261, 21.635978], [88.874229, 21.629795], [88.881007, 21.617427], [88.88488, 21.599757], [88.887784, 21.592688], [88.896499, 21.567944], [88.899403, 21.560873], [88.904244, 21.552034], [88.906181, 21.547615], [88.900371, 21.543195], [88.899403, 21.538775], [88.896499, 21.533471], [88.886816, 21.533471], [88.870356, 21.533471], [88.859706, 21.532587], [88.852928, 21.528167], [88.842277, 21.515789], [88.838404, 21.507831], [88.836468, 21.501641], [88.831627, 21.498104], [88.822913, 21.493683], [88.814199, 21.484839], [88.808389, 21.477764], [88.80258, 21.469804], [88.792897, 21.461843], [88.773533, 21.452113]]], [[[89.007846, 21.521978], [88.996227, 21.536123], [88.984608, 21.548499], [88.978799, 21.554686], [88.970084, 21.561757], [88.95072, 21.571479], [88.945879, 21.590037], [88.941037, 21.604175], [88.937164, 21.616544], [88.930387, 21.630678], [88.919736, 21.643045], [88.911022, 21.65276], [88.894562, 21.676605], [88.885848, 21.690733], [88.87907, 21.701327], [88.871324, 21.713687], [88.870356, 21.722514], [88.878102, 21.730459], [88.87907, 21.748993], [88.881975, 21.768407], [88.885848, 21.782525], [88.890689, 21.798405], [88.897467, 21.809873], [88.909086, 21.818694], [88.9178, 21.82575], [88.955561, 21.82575], [88.974926, 21.819576], [88.992354, 21.808109], [89.004941, 21.793994], [89.01075, 21.777231], [89.014623, 21.763995], [89.019464, 21.748993], [89.023337, 21.736637], [89.032051, 21.715452], [89.038829, 21.703976], [89.052384, 21.685435], [89.058194, 21.668657], [89.062067, 21.653644], [89.06594, 21.634212], [89.066908, 21.625378], [89.071749, 21.603291], [89.081431, 21.5812], [89.086273, 21.568828], [89.090146, 21.561757], [89.097891, 21.550267], [89.101764, 21.540543], [89.099828, 21.532587], [89.084336, 21.521978], [89.067876, 21.521978], [89.053353, 21.521978], [89.029147, 21.522862], [89.007846, 21.521978]]], [[[89.151144, 21.506947], [89.1647, 21.496336], [89.165668, 21.493683], [89.168573, 21.48307], [89.161795, 21.478648], [89.155017, 21.474226], [89.132748, 21.473342], [89.121129, 21.475995], [89.11532, 21.481302], [89.118224, 21.491914], [89.12597, 21.498104], [89.132748, 21.504294], [89.140494, 21.506947], [89.151144, 21.506947]]], [[[89.182772, 21.943129], [89.156192, 21.949176], [89.148809, 21.965973], [89.157669, 21.981424], [89.176127, 22.000232], [89.210829, 22.004262], [89.215259, 21.998888], [89.205661, 21.986798], [89.198277, 21.97605], [89.207137, 21.947833], [89.232241, 21.935737], [89.243316, 21.931705], [89.263251, 21.914904], [89.269157, 21.908183], [89.265466, 21.875916], [89.262512, 21.863814], [89.272111, 21.826156], [89.277279, 21.810013], [89.282447, 21.780413], [89.283924, 21.7609], [89.278017, 21.736673], [89.265466, 21.717826], [89.280232, 21.707055], [89.283186, 21.706382], [89.258082, 21.688877], [89.241101, 21.681471], [89.222642, 21.67743], [89.218951, 21.679451], [89.227811, 21.700323], [89.238147, 21.713114], [89.226334, 21.761573], [89.221166, 21.774358], [89.204922, 21.79656], [89.195324, 21.80665], [89.197539, 21.820775], [89.205661, 21.843642], [89.213044, 21.865831], [89.216736, 21.902806], [89.217474, 21.912888], [89.216736, 21.921625], [89.212306, 21.929017], [89.207876, 21.933049], [89.201231, 21.937081], [89.182772, 21.943129]]], [[[89.334869, 21.814049], [89.321579, 21.844314], [89.316411, 21.854401], [89.318626, 21.866504], [89.323794, 21.878606], [89.333392, 21.888017], [89.348897, 21.896084], [89.358496, 21.898773], [89.355543, 21.87121], [89.350374, 21.859108], [89.337084, 21.832209], [89.334869, 21.814049]]], [[[89.292784, 21.853728], [89.289092, 21.869193], [89.289831, 21.884656], [89.297214, 21.898101], [89.300167, 21.911544], [89.300167, 21.927673], [89.296476, 21.934393], [89.278756, 21.940441], [89.262512, 21.945817], [89.254391, 21.954552], [89.238886, 21.963958], [89.228549, 21.967317], [89.234456, 21.975378], [89.242577, 21.978737], [89.252914, 21.990157], [89.255867, 22.000232], [89.244792, 22.011649], [89.230764, 22.026423], [89.238147, 22.035824], [89.246269, 22.047909], [89.253652, 22.064693], [89.254391, 22.070735], [89.255129, 22.082146], [89.258082, 22.086844], [89.267681, 22.0902], [89.274326, 22.088187], [89.275802, 22.074762], [89.278017, 22.059994], [89.288354, 22.04321], [89.303121, 22.01635], [89.311242, 21.998217], [89.318626, 21.981424], [89.334131, 21.967989], [89.342991, 21.95388], [89.347421, 21.942457], [89.346682, 21.931705], [89.337822, 21.922297], [89.328224, 21.911544], [89.317149, 21.897428], [89.304597, 21.882639], [89.302382, 21.879278], [89.292784, 21.853728]]], [[[89.54271, 21.861797], [89.58258, 21.832882], [89.592917, 21.824138], [89.597347, 21.817412], [89.599562, 21.801269], [89.596609, 21.795887], [89.58701, 21.787814], [89.578889, 21.775703], [89.580365, 21.769648], [89.584795, 21.762246], [89.595132, 21.74273], [89.585534, 21.74273], [89.56929, 21.74946], [89.554524, 21.762919], [89.541972, 21.787141], [89.544925, 21.801269], [89.546402, 21.814049], [89.544187, 21.824138], [89.544187, 21.836917], [89.545664, 21.848349], [89.54271, 21.861797]]], [[[89.630572, 21.785795], [89.62245, 21.789159], [89.63131, 21.803959], [89.632049, 21.812704], [89.620974, 21.833554], [89.611375, 21.842297], [89.590702, 21.857091], [89.581104, 21.865831], [89.56929, 21.878606], [89.561169, 21.898101], [89.557477, 21.918265], [89.552309, 21.937081], [89.566337, 21.943129], [89.598085, 21.945145], [89.618759, 21.951192], [89.62688, 21.942457], [89.637217, 21.929017], [89.632787, 21.914904], [89.62688, 21.910871], [89.619497, 21.898101], [89.620974, 21.878606], [89.625404, 21.869193], [89.637955, 21.849694], [89.65789, 21.829519], [89.685209, 21.808668], [89.686686, 21.799923], [89.681517, 21.790505], [89.674134, 21.78445], [89.661582, 21.779067], [89.65346, 21.785795], [89.643124, 21.783777], [89.630572, 21.785795]]], [[[90.370383, 22.076776], [90.392164, 22.076776], [90.392164, 22.074091], [90.391057, 22.069057], [90.388103, 22.063351], [90.379612, 22.047909], [90.370014, 22.040188], [90.359677, 22.026423], [90.351187, 22.022058], [90.34528, 22.022394], [90.344172, 22.030788], [90.347126, 22.03616], [90.351187, 22.044888], [90.354509, 22.053952], [90.359308, 22.062344], [90.363738, 22.070399], [90.370383, 22.076776]]], [[[90.341219, 21.959591], [90.35857, 21.992172], [90.368168, 21.998553], [90.375552, 22.003926], [90.394379, 22.016686], [90.403239, 22.029781], [90.412838, 22.037502], [90.432773, 22.047574], [90.446801, 22.054623], [90.454553, 22.062008], [90.463044, 22.0657], [90.470058, 22.061001], [90.474488, 22.053952], [90.476703, 22.043881], [90.473381, 22.037838], [90.479288, 22.011985], [90.479288, 21.998217], [90.492208, 21.979745], [90.488148, 21.96866], [90.478918, 21.960934], [90.471535, 21.950184], [90.46489, 21.943801], [90.455292, 21.936409], [90.422805, 21.924313], [90.409884, 21.917256], [90.402132, 21.90583], [90.395856, 21.902806], [90.385888, 21.900117], [90.378874, 21.898101], [90.371122, 21.887345], [90.360785, 21.878269], [90.334574, 21.870538], [90.322761, 21.869866], [90.315008, 21.877261], [90.312055, 21.883312], [90.311317, 21.905494], [90.317592, 21.912552], [90.323868, 21.925321], [90.328298, 21.935065], [90.332728, 21.945817], [90.341219, 21.959591]]], [[[89.073868, 21.827837], [89.073868, 21.848685], [89.085681, 21.85272], [89.098233, 21.856754], [89.109308, 21.860116], [89.123336, 21.858772], [89.147701, 21.851375], [89.160991, 21.833218], [89.166898, 21.819766], [89.172066, 21.804296], [89.18388, 21.77604], [89.203815, 21.745758], [89.202338, 21.732298], [89.202338, 21.712104], [89.197908, 21.699986], [89.195693, 21.68854], [89.19717, 21.666319], [89.203076, 21.63197], [89.214151, 21.609066], [89.21932, 21.592221], [89.217843, 21.578744], [89.211936, 21.567961], [89.200123, 21.560548], [89.189048, 21.557178], [89.172805, 21.5592], [89.155085, 21.563918], [89.14401, 21.570657], [89.135888, 21.577396], [89.112261, 21.602328], [89.098971, 21.623887], [89.087158, 21.654871], [89.082728, 21.683827], [89.085681, 21.725567], [89.088635, 21.749123], [89.085681, 21.764601], [89.0687, 21.781422], [89.053195, 21.797569], [89.052456, 21.809004], [89.061316, 21.817076], [89.073868, 21.827837]]], [[[90.528018, 21.877261], [90.536139, 21.872219], [90.535401, 21.870538], [90.529864, 21.860789], [90.523588, 21.853728], [90.518419, 21.848685], [90.50476, 21.842633], [90.501438, 21.835572], [90.498484, 21.834563], [90.484825, 21.837253], [90.479288, 21.843305], [90.480026, 21.854065], [90.482979, 21.86247], [90.491839, 21.870874], [90.504022, 21.877261], [90.515466, 21.878606], [90.528018, 21.877261]]], [[[90.453446, 21.924313], [90.454923, 21.921289], [90.451231, 21.914232], [90.449016, 21.909191], [90.445324, 21.906503], [90.435357, 21.903142], [90.426866, 21.902806], [90.424651, 21.910199], [90.427973, 21.913224], [90.437572, 21.917592], [90.443478, 21.920281], [90.453446, 21.924313]]], [[[90.454923, 21.876253], [90.459353, 21.866168], [90.458983, 21.864151], [90.455292, 21.858772], [90.451231, 21.856418], [90.444217, 21.855746], [90.432773, 21.856754], [90.434249, 21.865159], [90.439418, 21.867849], [90.446063, 21.871883], [90.454923, 21.876253]]], [[[90.527464, 21.903142], [90.53817, 21.897764], [90.538539, 21.896756], [90.541492, 21.890706], [90.540754, 21.886001], [90.536324, 21.883984], [90.531156, 21.883984], [90.523403, 21.884992], [90.508636, 21.887009], [90.510851, 21.891042], [90.516758, 21.895076], [90.522296, 21.899781], [90.527464, 21.903142]]], [[[90.592068, 22.041867], [90.597237, 22.041531], [90.603512, 22.033474], [90.612003, 22.023737], [90.617541, 22.014335], [90.615695, 22.008291], [90.611634, 22.002918], [90.604251, 21.99956], [90.597606, 21.992843], [90.594652, 21.97773], [90.592807, 21.966309], [90.590961, 21.942121], [90.576563, 21.920281], [90.574717, 21.910199], [90.573979, 21.904486], [90.568811, 21.901798], [90.562535, 21.90247], [90.547768, 21.90583], [90.534478, 21.910199], [90.525987, 21.915576], [90.518604, 21.923977], [90.517496, 21.944137], [90.525618, 21.958583], [90.537431, 21.97034], [90.551829, 21.983775], [90.561796, 21.992508], [90.568442, 22.001239], [90.572872, 22.008963], [90.575087, 22.014671], [90.577671, 22.029109], [90.580993, 22.034817], [90.592068, 22.041867]]], [[[90.643382, 21.969332], [90.647074, 21.972691], [90.64892, 21.973027], [90.652612, 21.972691], [90.654827, 21.97034], [90.659995, 21.963958], [90.660733, 21.957239], [90.65778, 21.949176], [90.656672, 21.941113], [90.650397, 21.930697], [90.638583, 21.930697], [90.627139, 21.934057], [90.626032, 21.938425], [90.625293, 21.944137], [90.625293, 21.956567], [90.627508, 21.956567], [90.634153, 21.957239], [90.636737, 21.957239], [90.641906, 21.962278], [90.643382, 21.969332]]], [[[90.743242, 21.945481], [90.752102, 21.945817], [90.756163, 21.940777], [90.75764, 21.936073], [90.75764, 21.927673], [90.752471, 21.906839], [90.747672, 21.89474], [90.740289, 21.885328], [90.733275, 21.879278], [90.717031, 21.884992], [90.713709, 21.891715], [90.719985, 21.918937], [90.725153, 21.929689], [90.731429, 21.938089], [90.740658, 21.943801], [90.743242, 21.945481]]], [[[90.814122, 21.943801], [90.816337, 21.939769], [90.814122, 21.932041], [90.815968, 21.925657], [90.819291, 21.919609], [90.822244, 21.916248], [90.829258, 21.90583], [90.82852, 21.901461], [90.822982, 21.893731], [90.815599, 21.888017], [90.807477, 21.877933], [90.810061, 21.872891], [90.807846, 21.871546], [90.794556, 21.871546], [90.783851, 21.8739], [90.779421, 21.880286], [90.782374, 21.899445], [90.785696, 21.907511], [90.788281, 21.913896], [90.797141, 21.926665], [90.800463, 21.932713], [90.804893, 21.938761], [90.814122, 21.943801]]], [[[91.442445, 22.610963], [91.452043, 22.608289], [91.461642, 22.59893], [91.47124, 22.586897], [91.485268, 22.569514], [91.500773, 22.554803], [91.516278, 22.527382], [91.536952, 22.493266], [91.544335, 22.481223], [91.553933, 22.445086], [91.552457, 22.430361], [91.544335, 22.425675], [91.525138, 22.414964], [91.511848, 22.409609], [91.488222, 22.418311], [91.479362, 22.426344], [91.459427, 22.463156], [91.447613, 22.483899], [91.438015, 22.505977], [91.432847, 22.537415], [91.436538, 22.552797], [91.4358, 22.589571], [91.437277, 22.604947], [91.442445, 22.610963]]], [[[91.313975, 22.723208], [91.319881, 22.729219], [91.334648, 22.728551], [91.350891, 22.719201], [91.35606, 22.71319], [91.38264, 22.688476], [91.39593, 22.671106], [91.390023, 22.662421], [91.363443, 22.655739], [91.350153, 22.654403], [91.336125, 22.650393], [91.322835, 22.655739], [91.315451, 22.663089], [91.31176, 22.674447], [91.304376, 22.693152], [91.303638, 22.718533], [91.313975, 22.723208]]], [[[91.081399, 22.396218], [91.116839, 22.380148], [91.144158, 22.356039], [91.171476, 22.326566], [91.179598, 22.309147], [91.184028, 22.264248], [91.184028, 22.242128], [91.175168, 22.211958], [91.166308, 22.195865], [91.125699, 22.150255], [91.099858, 22.135496], [91.074754, 22.109327], [91.057773, 22.1053], [91.054819, 22.109327], [91.037838, 22.114695], [91.020856, 22.120063], [91.018641, 22.138179], [91.028978, 22.148914], [91.039314, 22.166355], [91.050389, 22.182452], [91.069586, 22.223357], [91.074016, 22.238776], [91.084353, 22.276312], [91.082876, 22.315847], [91.074754, 22.336614], [91.076231, 22.345992], [91.082138, 22.362736], [91.087306, 22.379478], [91.081399, 22.396218]]], [[[90.990215, 22.116708], [91.000183, 22.114695], [91.00572, 22.113018], [91.014949, 22.106307], [91.021963, 22.100938], [91.028239, 22.098925], [91.038576, 22.098925], [91.04559, 22.100603], [91.048913, 22.098254], [91.048174, 22.092885], [91.045221, 22.083488], [91.040422, 22.073084], [91.035992, 22.065364], [91.0323, 22.057644], [91.029347, 22.051602], [91.013842, 22.046902], [91.007197, 22.041867], [90.990953, 22.038845], [90.976187, 22.052945], [90.97471, 22.061337], [90.974341, 22.071742], [90.973603, 22.081475], [90.975079, 22.102952], [90.982463, 22.112011], [90.990215, 22.116708]]], [[[90.89294, 22.132812], [90.894416, 22.126773], [90.896262, 22.129122], [90.898477, 22.137844], [90.902538, 22.147907], [90.906599, 22.157299], [90.918043, 22.177086], [90.937978, 22.218663], [90.947945, 22.233078], [90.951637, 22.241458], [90.95902, 22.25654], [90.960866, 22.267264], [90.964189, 22.277988], [90.973787, 22.304457], [90.976002, 22.320202], [90.976371, 22.337619], [90.977479, 22.346327], [90.987446, 22.342978], [90.991138, 22.336614], [90.992246, 22.322211], [90.992984, 22.314172], [90.998891, 22.303452], [90.99483, 22.258886], [90.99483, 22.246821], [90.993722, 22.234419], [90.977479, 22.197541], [90.971572, 22.186476], [90.965665, 22.174403], [90.959759, 22.163001], [90.952375, 22.153274], [90.943515, 22.144217], [90.939085, 22.137844], [90.93687, 22.13147], [90.933548, 22.121741], [90.928749, 22.107649], [90.92395, 22.09926], [90.898477, 22.083824], [90.89257, 22.074091], [90.887402, 22.070399], [90.878911, 22.077112], [90.878542, 22.088858], [90.87928, 22.095234], [90.881495, 22.102952], [90.884449, 22.124089], [90.884818, 22.129457], [90.89294, 22.132812]]], [[[90.970834, 22.493266], [90.983016, 22.501294], [90.991138, 22.499956], [90.997414, 22.496946], [91.005166, 22.491593], [91.021041, 22.474197], [91.030639, 22.455794], [91.037284, 22.443413], [91.041345, 22.434377], [91.037653, 22.424336], [91.033223, 22.418311], [91.028793, 22.399231], [91.026578, 22.390527], [91.022517, 22.382492], [91.018087, 22.377135], [91.011073, 22.373117], [90.984862, 22.374456], [90.97711, 22.376465], [90.966404, 22.379144], [90.95459, 22.388183], [90.952006, 22.393875], [90.952006, 22.400905], [90.953852, 22.421324], [90.943885, 22.425006], [90.935394, 22.424336], [90.926534, 22.429691], [90.921365, 22.43672], [90.909552, 22.453787], [90.91029, 22.461483], [90.915459, 22.468509], [90.938716, 22.482895], [90.949053, 22.486575], [90.964927, 22.490255], [90.970834, 22.493266]]], [[[90.581362, 23.123283], [90.589484, 23.126611], [90.597606, 23.124281], [90.598344, 23.120953], [90.597606, 23.116625], [90.591699, 23.105306], [90.587269, 23.100312], [90.587269, 23.097649], [90.595022, 23.091656], [90.603882, 23.082998], [90.607204, 23.069012], [90.607204, 23.056024], [90.611265, 23.042368], [90.618279, 23.02538], [90.621971, 23.006057], [90.621971, 22.995728], [90.619017, 22.968402], [90.614957, 22.96107], [90.608681, 22.963403], [90.598344, 22.9774], [90.580624, 22.982399], [90.566226, 22.985731], [90.558474, 22.992396], [90.549983, 23.005391], [90.542231, 23.015719], [90.523034, 23.044034], [90.522665, 23.063351], [90.534109, 23.080335], [90.543338, 23.095984], [90.559581, 23.108302], [90.572872, 23.118622], [90.581362, 23.123283]]], [[[90.699865, 22.747582], [90.70651, 22.751588], [90.71537, 22.745579], [90.722015, 22.738234], [90.727922, 22.730888], [90.73752, 22.722206], [90.751548, 22.705509], [90.763362, 22.694822], [90.76853, 22.683466], [90.770007, 22.677453], [90.766315, 22.6681], [90.761147, 22.658746], [90.753763, 22.649391], [90.742688, 22.658078], [90.736043, 22.666764], [90.713155, 22.692818], [90.704295, 22.709517], [90.69765, 22.729552], [90.696912, 22.738234], [90.699865, 22.747582]]], [[[90.853069, 22.581883], [90.858976, 22.581883], [90.861191, 22.577203], [90.866359, 22.572523], [90.877434, 22.563161], [90.885556, 22.555137], [90.899585, 22.543768], [90.907706, 22.536412], [90.911398, 22.530392], [90.93724, 22.518352], [90.949791, 22.517684], [90.963081, 22.517684], [90.97711, 22.517684], [90.983755, 22.515677], [90.966035, 22.506312], [90.955698, 22.504974], [90.934286, 22.504974], [90.91952, 22.504974], [90.911398, 22.502298], [90.920258, 22.496946], [90.915828, 22.492262], [90.90623, 22.494939], [90.893678, 22.4936], [90.875219, 22.501629], [90.870051, 22.512332], [90.870789, 22.523704], [90.870789, 22.534405], [90.869313, 22.544437], [90.853069, 22.563161], [90.841994, 22.570517], [90.846424, 22.577203], [90.853069, 22.581883]]]]}}, {"type": "Feature", "properties": {"POLY_ID": 6, "STATE_NAME": "Bombay Presidency", "NATIVE": 1}, "geometry": {"type": "MultiPolygon", "coordinates": [[[[72.638789, 23.913187], [72.56133, 23.897567], [72.520664, 23.894096], [72.458697, 23.907981], [72.40254, 23.934011], [72.340573, 23.966975], [72.29797, 23.996462], [72.266987, 24.012071], [72.222448, 24.008602], [72.183719, 23.992994], [72.146926, 23.958301], [72.125625, 23.928806], [72.084959, 23.890625], [72.04042, 23.847223], [72.015246, 23.831595], [71.988135, 23.814229], [71.953279, 23.793386], [71.904867, 23.777751], [71.879693, 23.75169], [71.885502, 23.715195], [71.900994, 23.685643], [71.900994, 23.645652], [71.897121, 23.603908], [71.90874, 23.588251], [71.93585, 23.574331], [71.97458, 23.570851], [72.011373, 23.558671], [72.022992, 23.501231], [72.036547, 23.469889], [72.04172, 23.45859], [72.029285, 23.423298], [72.023476, 23.37974], [72.023476, 23.321349], [72.018635, 23.233276], [72.019603, 23.124192], [72.017666, 23.036858], [72.019603, 22.999286], [72.037031, 22.947716], [72.050586, 22.898748], [72.060269, 22.850637], [72.070919, 22.794631], [72.087379, 22.745605], [72.095125, 22.678164], [72.096093, 22.633475], [72.073824, 22.595784], [72.056396, 22.554575], [72.045745, 22.504579], [72.024444, 22.452809], [71.983778, 22.401018], [71.921811, 22.352718], [71.861781, 22.31758], [71.815305, 22.295614], [71.770766, 22.278038], [71.71945, 22.250791], [71.719172, 22.25053], [71.650712, 22.214011], [71.569882, 22.195977], [71.482834, 22.192112], [71.470399, 22.15087], [71.529467, 22.118629], [71.565219, 22.065717], [71.610297, 22.051513], [71.702008, 22.067008], [71.759521, 22.042472], [71.821698, 21.999834], [71.911855, 21.970098], [71.964705, 21.940347], [72.000238, 21.921603], [72.004111, 21.896924], [72.040904, 21.874003], [72.079633, 21.835204], [72.077697, 21.805214], [72.062205, 21.791099], [72.031222, 21.805214], [71.996365, 21.840495], [71.971191, 21.82462], [71.953763, 21.8158], [71.91697, 21.8158], [71.870495, 21.8158], [71.870495, 21.782277], [71.901478, 21.76463], [71.98281, 21.736389], [72.046713, 21.729328], [72.102871, 21.71697], [72.129982, 21.695782], [72.08595, 21.676797], [71.995794, 21.713173], [71.941389, 21.697586], [71.95227, 21.646901], [71.972477, 21.590968], [71.988022, 21.551914], [72.003566, 21.484162], [72.031545, 21.434602], [72.081287, 21.422859], [72.101494, 21.439821], [72.103049, 21.481554], [72.109266, 21.540193], [72.118593, 21.577953], [72.155899, 21.607883], [72.177568, 21.61673], [72.190012, 21.596858], [72.188076, 21.557973], [72.162902, 21.524382], [72.139664, 21.499624], [72.1416, 21.437709], [72.123204, 21.384615], [72.101903, 21.35983], [72.037999, 21.322643], [72.010889, 21.292531], [71.997333, 21.244692], [71.997333, 21.20038], [71.981842, 21.168466], [71.945049, 21.140091], [71.885018, 21.113484], [71.817242, 21.085096], [71.745592, 21.049603], [71.687498, 21.030077], [71.633277, 21.008773], [71.579056, 20.985689], [71.50547, 20.964377], [71.447376, 20.964377], [71.402837, 20.951944], [71.383472, 20.919966], [71.375727, 20.884425], [71.346679, 20.864874], [71.302141, 20.848875], [71.230491, 20.839986], [71.197571, 20.823984], [71.135604, 20.802644], [71.027162, 20.765291], [70.938084, 20.761733], [70.940021, 20.772407], [70.926466, 20.822205], [70.910974, 20.873761], [70.899355, 20.927073], [70.87999, 20.980361], [70.84707, 20.994568], [70.794786, 20.973258], [70.756056, 20.971482], [70.707644, 20.980361], [70.674724, 20.937732], [70.657296, 20.891534], [70.626313, 20.841764], [70.601139, 20.79553], [70.579837, 20.740383], [70.548854, 20.751059], [70.422983, 20.807979], [70.322287, 20.875539], [70.248701, 20.927073], [70.153814, 21.00167], [70.070546, 21.067351], [69.992119, 21.138317], [69.943707, 21.180878], [69.885613, 21.221652], [69.817836, 21.297846], [69.767488, 21.349206], [69.690029, 21.418244], [69.61838, 21.494318], [69.589333, 21.533222], [69.537048, 21.572114], [69.480891, 21.614528], [69.455717, 21.633963], [69.409241, 21.690484], [69.349211, 21.755805], [69.17977, 21.886345], [69.20988, 21.929348], [69.249518, 21.988846], [69.282161, 22.081208], [69.278275, 22.168917], [69.263373, 22.259905], [69.286275, 22.261339], [69.33856, 22.259581], [69.386972, 22.266613], [69.412146, 22.275402], [69.464431, 22.30528], [69.505097, 22.307037], [69.557381, 22.307037], [69.605793, 22.310551], [69.627094, 22.321094], [69.663887, 22.354475], [69.708426, 22.349205], [69.782012, 22.352718], [69.818805, 22.370284], [69.847852, 22.412431], [69.890454, 22.454564], [69.927247, 22.472116], [70.031816, 22.472116], [70.115085, 22.491419], [70.169306, 22.524755], [70.239019, 22.610687], [70.240955, 22.62997], [70.25451, 22.691304], [70.273875, 22.721085], [70.297113, 22.77012], [70.318414, 22.796381], [70.343588, 22.794631], [70.347461, 22.77012], [70.378445, 22.754361], [70.42492, 22.77012], [70.461713, 22.808635], [70.48495, 22.850637], [70.512061, 22.90487], [70.533362, 22.952087], [70.566282, 23.002781], [70.614694, 23.046467], [70.676661, 23.091885], [70.723136, 23.060444], [70.749279, 23.027247], [70.766707, 23.039479], [70.805436, 23.060444], [70.879022, 23.076165], [70.917751, 23.088392], [70.948735, 23.105857], [70.993274, 23.109349], [71.062987, 23.11808], [71.130763, 23.11808], [71.163683, 23.123319], [71.190794, 23.142525], [71.206285, 23.140779], [71.272125, 23.111096], [71.295363, 23.100618], [71.33022, 23.126811], [71.345711, 23.151253], [71.403805, 23.149508], [71.444471, 23.121573], [71.473518, 23.107603], [71.576151, 23.121573], [71.649737, 23.116334], [71.702022, 23.095378], [71.700085, 23.130303], [71.694276, 23.182673], [71.688466, 23.229787], [71.655546, 23.26642], [71.605198, 23.339653], [71.583897, 23.353598], [71.599389, 23.405877], [71.58777, 23.475549], [71.581961, 23.494702], [71.549041, 23.494702], [71.500629, 23.499925], [71.461899, 23.524297], [71.432852, 23.562586], [71.384441, 23.590425], [71.328283, 23.61478], [71.250824, 23.604343], [71.177238, 23.562586], [71.148191, 23.574766], [71.142382, 23.734747], [71.184984, 23.776448], [71.235332, 23.812926], [71.272125, 23.842448], [71.2973, 23.884115], [71.326347, 23.924034], [71.359267, 23.962205], [71.399932, 23.98649], [71.419297, 24.003833], [71.442535, 24.043715], [71.45609, 24.074918], [71.459963, 24.147696], [71.444471, 24.189265], [71.427043, 24.225627], [71.411551, 24.270633], [71.425107, 24.327734], [71.421234, 24.396913], [71.376695, 24.459143], [71.355394, 24.523071], [71.45609, 24.519616], [71.530644, 24.538616], [71.584865, 24.55416], [71.623595, 24.567975], [71.685562, 24.567975], [71.73591, 24.548979], [71.784322, 24.528253], [71.817242, 24.509252], [71.873399, 24.490247], [71.925684, 24.467784], [71.958604, 24.474696], [72.030253, 24.516162], [72.039936, 24.519616], [72.060513, 24.520397], [72.13095, 24.523071], [72.183235, 24.524798], [72.233583, 24.547252], [72.293613, 24.567975], [72.359453, 24.557614], [72.382691, 24.536889], [72.384627, 24.497158], [72.35558, 24.472968], [72.349771, 24.436675], [72.373009, 24.407287], [72.400119, 24.391726], [72.438462, 24.387813], [72.470584, 24.366016], [72.493716, 24.354071], [72.519571, 24.337779], [72.559033, 24.324742], [72.591602, 24.338517], [72.632513, 24.356243], [72.66245, 24.389897], [72.711437, 24.383385], [72.765867, 24.337779], [72.828462, 24.258423], [72.844403, 24.250722], [72.814029, 24.218244], [72.844403, 24.250722], [72.893778, 24.226866], [72.927125, 24.224007], [72.936521, 24.284478], [72.94814, 24.317354], [73.002361, 24.319084], [73.039154, 24.326004], [73.058519, 24.365787], [73.087566, 24.410745], [73.11855, 24.434946], [73.168898, 24.42976], [73.203754, 24.395184], [73.203754, 24.350221], [73.207627, 24.306973], [73.232801, 24.26371], [73.248293, 24.218702], [73.234738, 24.192729], [73.209564, 24.170214], [73.157279, 24.133837], [73.143724, 24.095716], [73.155342, 24.022909], [73.197945, 24.002099], [73.240547, 23.976082], [73.252166, 23.944856], [73.259912, 23.906679], [73.288959, 23.871964], [73.308324, 23.870228], [73.347053, 23.892794], [73.370291, 23.918827], [73.399338, 23.96394], [73.447749, 23.96047], [73.459368, 23.929239], [73.457432, 23.885851], [73.455495, 23.830293], [73.457432, 23.790346], [73.476796, 23.760812], [73.494225, 23.712153], [73.465178, 23.682601], [73.440004, 23.644347], [73.430321, 23.607822], [73.44194, 23.560846], [73.482606, 23.515593], [73.522304, 23.501666], [73.543605, 23.510371], [73.578461, 23.533], [73.615254, 23.546924], [73.65592, 23.545183], [73.68884, 23.520815], [73.704332, 23.489479], [73.727569, 23.451168], [73.737252, 23.407619], [73.758553, 23.367541], [73.789536, 23.332681], [73.82052, 23.310016], [73.897979, 23.303042], [73.977374, 23.294323], [74.008357, 23.282116], [74.029659, 23.245488], [74.054833, 23.208849], [74.109054, 23.179182], [74.159402, 23.149508], [74.184576, 23.114588], [74.188449, 23.079659], [74.196274, 23.054952], [74.151414, 23.020258], [74.128177, 23.008024], [74.101066, 22.985303], [74.063305, 22.967822], [74.067178, 22.935475], [74.072019, 22.90487], [74.070082, 22.871633], [74.09332, 22.854137], [74.112685, 22.838388], [74.124304, 22.812135], [74.145605, 22.784127], [74.15916, 22.761365], [74.166906, 22.735097], [74.163033, 22.70532], [74.168842, 22.684296], [74.178525, 22.668526], [74.176588, 22.638733], [74.197889, 22.593154], [74.226937, 22.568605], [74.240492, 22.552821], [74.253395, 22.524113], [74.194259, 22.503702], [74.114863, 22.494929], [74.060642, 22.494929], [73.992866, 22.473871], [73.969628, 22.42121], [73.973501, 22.389603], [74.004485, 22.370284], [74.070325, 22.370284], [74.130355, 22.359745], [74.138101, 22.322852], [74.151656, 22.234967], [74.140037, 22.210349], [74.112927, 22.192761], [74.066452, 22.191002], [74.052896, 22.155819], [74.049023, 22.120626], [74.060642, 22.088944], [74.085816, 22.048451], [74.074197, 22.009705], [74.01223, 21.974472], [74.002548, 21.939228], [74.000612, 21.891635], [74.01223, 21.84755], [73.985846, 21.824179], [73.935498, 21.810066], [73.875467, 21.794187], [73.817373, 21.780071], [73.778644, 21.773012], [73.770898, 21.753599], [73.799945, 21.718294], [73.815437, 21.667084], [73.830928, 21.624688], [73.823183, 21.596416], [73.811564, 21.568137], [73.798008, 21.539852], [73.811564, 21.495645], [73.823183, 21.42488], [73.81931, 21.37001], [73.786632, 21.364256], [73.711109, 21.364256], [73.654952, 21.378419], [73.602667, 21.381959], [73.536827, 21.381959], [73.455495, 21.38727], [73.406665, 21.37983], [73.381667, 21.412492], [73.344874, 21.42311], [73.294526, 21.431958], [73.244178, 21.42488], [73.201818, 21.420013], [73.153406, 21.446556], [73.110804, 21.478399], [73.080196, 21.493401], [73.079578, 21.520403], [73.075705, 21.552228], [73.044722, 21.576975], [73.040849, 21.615853], [73.069896, 21.660019], [73.097006, 21.702403], [73.106689, 21.741243], [73.118638, 21.777875], [73.125327, 21.774336], [73.163088, 21.799039], [73.206659, 21.804332], [73.246357, 21.806097], [73.27734, 21.818446], [73.313165, 21.836967], [73.352862, 21.850196], [73.408052, 21.850196], [73.451622, 21.861659], [73.467114, 21.880174], [73.468082, 21.908383], [73.469051, 21.945397], [73.484542, 21.976234], [73.544573, 21.981519], [73.633651, 21.979757], [73.694649, 21.981519], [73.737252, 21.989447], [73.764362, 22.014109], [73.764362, 22.063417], [73.748871, 22.145262], [73.73822, 22.182207], [73.732411, 22.234967], [73.730958, 22.283311], [73.733863, 22.314066], [73.744513, 22.35184], [73.704816, 22.385213], [73.677705, 22.411553], [73.675769, 22.459391], [73.676737, 22.517738], [73.691261, 22.55019], [73.736768, 22.586141], [73.76291, 22.610687], [73.777433, 22.62734], [73.789052, 22.675535], [73.802608, 22.695684], [73.834559, 22.708823], [73.854892, 22.719333], [73.875225, 22.728967], [73.896526, 22.743854], [73.910082, 22.761365], [73.914923, 22.784127], [73.929446, 22.806009], [73.950748, 22.823512], [73.969144, 22.836638], [73.98754, 22.858511], [73.943002, 22.897874], [73.914923, 22.925857], [73.912018, 22.960829], [73.915891, 22.978311], [73.881035, 22.979185], [73.823909, 22.981807], [73.770656, 22.982681], [73.732895, 22.978311], [73.694165, 22.963451], [73.654468, 22.935475], [73.609929, 22.911866], [73.566358, 22.890002], [73.531502, 22.86726], [73.480185, 22.857636], [73.432742, 22.860261], [73.377552, 22.875132], [73.35141, 22.90487], [73.328172, 22.927606], [73.30203, 22.952961], [73.298157, 22.976562], [73.316554, 22.996664], [73.324299, 23.013267], [73.294284, 23.026374], [73.279761, 23.034237], [73.249745, 23.036858], [73.220698, 23.015889], [73.201334, 22.987925], [73.168414, 22.966948], [73.130652, 22.966948], [73.067717, 22.968696], [73.018337, 22.971318], [72.983481, 22.963451], [72.955402, 22.949464], [72.941847, 22.946841], [72.927323, 22.951212], [72.920545, 22.968696], [72.906666, 22.997545], [72.944751, 23.004092], [72.969925, 23.040789], [72.969925, 23.077476], [72.960243, 23.108913], [72.940878, 23.135105], [72.998973, 23.153872], [73.024147, 23.176564], [73.020274, 23.207977], [73.041575, 23.220191], [73.064812, 23.197507], [73.082241, 23.194017], [73.099669, 23.214957], [73.119034, 23.228915], [73.161636, 23.225425], [73.175191, 23.228915], [73.18681, 23.249849], [73.163572, 23.272524], [73.144208, 23.295195], [73.130652, 23.317862], [73.115161, 23.338782], [73.095796, 23.345754], [73.068685, 23.361441], [73.049321, 23.384096], [73.037702, 23.399779], [73.012528, 23.417201], [72.98929, 23.418943], [72.946688, 23.429395], [72.921514, 23.445072], [72.888594, 23.455957], [72.900213, 23.502972], [72.873102, 23.588251], [72.851801, 23.638695], [72.838246, 23.687382], [72.822754, 23.762115], [72.787897, 23.814229], [72.741422, 23.857641], [72.702693, 23.878474], [72.671709, 23.906245], [72.638789, 23.913187]], [[72.638789, 23.913187], [72.722859, 23.992433], [72.690201, 23.965099], [72.661625, 23.938846], [72.638789, 23.913187]], [[73.369807, 23.390195], [73.345601, 23.402392], [73.313649, 23.398907], [73.296221, 23.388453], [73.272983, 23.364927], [73.271047, 23.332681], [73.284602, 23.310888], [73.310744, 23.294323], [73.329141, 23.274268], [73.350442, 23.251593], [73.371743, 23.244616], [73.383362, 23.24636], [73.395949, 23.257698], [73.409504, 23.260315], [73.451138, 23.251593], [73.459852, 23.251593], [73.474376, 23.260315], [73.482122, 23.276012], [73.481154, 23.289092], [73.465662, 23.319605], [73.458884, 23.323964], [73.448234, 23.344011], [73.436615, 23.357955], [73.432742, 23.371898], [73.427901, 23.384968], [73.413377, 23.394551], [73.394981, 23.392809], [73.381425, 23.389324], [73.369807, 23.390195]], [[71.279387, 21.294746], [71.294749, 21.351043], [71.297858, 21.40067], [71.29164, 21.477643], [71.308739, 21.51935], [71.338273, 21.555821], [71.362655, 21.59023], [71.325862, 21.604368], [71.285197, 21.632638], [71.258086, 21.659136], [71.219357, 21.682096], [71.188373, 21.68916], [71.145771, 21.666201], [71.101232, 21.627338], [71.05282, 21.579626], [71.047011, 21.538968], [71.060566, 21.462921], [71.077994, 21.409837], [71.05282, 21.354961], [71.010218, 21.317772], [70.963743, 21.28766], [70.923077, 21.273486], [70.892093, 21.248679], [70.915331, 21.193732], [70.948251, 21.160043], [71.000535, 21.147629], [71.045074, 21.144082], [71.08574, 21.142308], [71.141898, 21.083765], [71.194182, 21.060695], [71.252277, 21.083765], [71.271641, 21.113927], [71.28326, 21.165363], [71.277451, 21.22564], [71.271641, 21.266399], [71.279387, 21.294746]]], [[[70.124668, 26.037064], [70.05521, 26.05311], [69.935697, 26.077851], [69.777768, 26.086095], [69.692401, 26.082797], [69.617705, 26.067956], [69.562216, 26.05311], [69.519533, 26.04981], [69.464044, 26.058059], [69.382946, 26.071254], [69.299713, 26.086095], [69.23142, 26.086095], [69.169528, 26.081149], [69.096967, 26.091041], [69.035076, 26.095986], [68.943306, 26.097635], [68.860073, 26.095986], [68.843, 26.104228], [68.793914, 26.119059], [68.768304, 26.124001], [68.749096, 26.163526], [68.840866, 26.224401], [68.902757, 26.296698], [68.864342, 26.427886], [68.802451, 26.45572], [68.759767, 26.462267], [68.695742, 26.478631], [68.685071, 26.485175], [68.6744, 26.496625], [68.635985, 26.512977], [68.576228, 26.508072], [68.527142, 26.491718], [68.512203, 26.491718], [68.465251, 26.491718], [68.416165, 26.512977], [68.364945, 26.512977], [68.330798, 26.524421], [68.30092, 26.53913], [68.32653, 26.597926], [68.320128, 26.6485], [68.328664, 26.697395], [68.375616, 26.74787], [68.405494, 26.798294], [68.46952, 26.913591], [68.463117, 26.947642], [68.44391, 26.968709], [68.426836, 27.004342], [68.409763, 27.025385], [68.396958, 27.062594], [68.386287, 27.081996], [68.360677, 27.098159], [68.332933, 27.093311], [68.317993, 27.086846], [68.266773, 27.096543], [68.2497, 27.106238], [68.226224, 27.124008], [68.209151, 27.133698], [68.219821, 27.153073], [68.339335, 27.199863], [68.356408, 27.232106], [68.360677, 27.251442], [68.362811, 27.282041], [68.356408, 27.312622], [68.32653, 27.325492], [68.339335, 27.341575], [68.367079, 27.36569], [68.384153, 27.378546], [68.45458, 27.383367], [68.492996, 27.391399], [68.505801, 27.399431], [68.505801, 27.413884], [68.49513, 27.431543], [68.486593, 27.439568], [68.475922, 27.457218], [68.465251, 27.471654], [68.460983, 27.486086], [68.465251, 27.495705], [68.480191, 27.505322], [68.512203, 27.506924], [68.527142, 27.506924], [68.539947, 27.513334], [68.550618, 27.532559], [68.554887, 27.542169], [68.565557, 27.550176], [68.580497, 27.553378], [68.601838, 27.559782], [68.629583, 27.644554], [68.702145, 27.583789], [68.770438, 27.562984], [68.789646, 27.554979], [68.825927, 27.537364], [68.864342, 27.518141], [68.902757, 27.502116], [68.91983, 27.492499], [68.924099, 27.481276], [68.91983, 27.466843], [68.889952, 27.450801], [68.870744, 27.439568], [68.862208, 27.428333], [68.853671, 27.402643], [68.849402, 27.384973], [68.845134, 27.357653], [68.857939, 27.331926], [68.879281, 27.319057], [68.909159, 27.307795], [68.936904, 27.299748], [68.928367, 27.264328], [68.904891, 27.243386], [68.885683, 27.225659], [68.879281, 27.206313], [68.887818, 27.185347], [68.924099, 27.149844], [69.007331, 27.078763], [69.071357, 27.077146], [69.103369, 27.081996], [69.137516, 27.088462], [69.158858, 27.086846], [69.199407, 27.077146], [69.233554, 27.069062], [69.269835, 27.05936], [69.318921, 27.051272], [69.382946, 27.022148], [69.434166, 26.994626], [69.478984, 26.98005], [69.534472, 26.97195], [69.567881, 26.959267], [69.561617, 26.944323], [69.524824, 26.857781], [69.497714, 26.789867], [69.509333, 26.704926], [69.517078, 26.645436], [69.569363, 26.587621], [69.652631, 26.546795], [69.722344, 26.516168], [69.797867, 26.473618], [69.832723, 26.451487], [69.912118, 26.451487], [70.020561, 26.454892], [70.096083, 26.45319], [70.175478, 26.442974], [70.196779, 26.408917], [70.198716, 26.361223], [70.196779, 26.304991], [70.189034, 26.248735], [70.187097, 26.206101], [70.185161, 26.141272], [70.165796, 26.090069], [70.136749, 26.052508], [70.124668, 26.037064]]], [[[72.920061, 18.628161], [72.934585, 18.622731], [72.945235, 18.613679], [72.957823, 18.603722], [72.969441, 18.588332], [72.982997, 18.573845], [72.992679, 18.56479], [73.004298, 18.536715], [73.01398, 18.520411], [73.047868, 18.503198], [73.06917, 18.477827], [73.074979, 18.463328], [73.074979, 18.440668], [73.080788, 18.422537], [73.090471, 18.393523], [73.093375, 18.374478], [73.107899, 18.358152], [73.124359, 18.348174], [73.14566, 18.333658], [73.172771, 18.324585], [73.203754, 18.313697], [73.231833, 18.29464], [73.253134, 18.27921], [73.261848, 18.266502], [73.266689, 18.251069], [73.270562, 18.244714], [73.278308, 18.225646], [73.284118, 18.20385], [73.285086, 18.188409], [73.287022, 18.172058], [73.287022, 18.153887], [73.2938, 18.13844], [73.303482, 18.124808], [73.307355, 18.112084], [73.324784, 18.089359], [73.318006, 18.08845], [73.295737, 18.080267], [73.280245, 18.079358], [73.257975, 18.079358], [73.240547, 18.082086], [73.221182, 18.091177], [73.203754, 18.09754], [73.190199, 18.092086], [73.173739, 18.076631], [73.164057, 18.066629], [73.148565, 18.054808], [73.137914, 18.050261], [73.104994, 18.050261], [73.076256, 18.045284], [73.072074, 18.067538], [73.054646, 18.100267], [73.017853, 18.13844], [73.004298, 18.160247], [72.994615, 18.231094], [72.977187, 18.265595], [72.961695, 18.276487], [72.938458, 18.30553], [72.952013, 18.341823], [72.971378, 18.330937], [72.998488, 18.316419], [73.017853, 18.314604], [73.017853, 18.347266], [72.984933, 18.376292], [72.928775, 18.425257], [72.91522, 18.476015], [72.924903, 18.543055], [72.920061, 18.628161]]], [[[75.692118, 15.097759], [75.639349, 15.098225], [75.596747, 15.098225], [75.554145, 15.137371], [75.536716, 15.159734], [75.484432, 15.161597], [75.459258, 15.170913], [75.443766, 15.208172], [75.422465, 15.223072], [75.391481, 15.226797], [75.354688, 15.254729], [75.300467, 15.258453], [75.228818, 15.256591], [75.211389, 15.284515], [75.232691, 15.338485], [75.224945, 15.37011], [75.263674, 15.358949], [75.290785, 15.392429], [75.312086, 15.38871], [75.343069, 15.36453], [75.375989, 15.357089], [75.408909, 15.36267], [75.441829, 15.355229], [75.474749, 15.342206], [75.496051, 15.345927], [75.527034, 15.36639], [75.546399, 15.36267], [75.5677, 15.344066], [75.592874, 15.340345], [75.60062, 15.349648], [75.623858, 15.37569], [75.652905, 15.37755], [75.685825, 15.344066], [75.718745, 15.32546], [75.747792, 15.319877], [75.786521, 15.318016], [75.821378, 15.308712], [75.86398, 15.284515], [75.889154, 15.275208], [75.913423, 15.265483], [75.910939, 15.238436], [75.887702, 15.212363], [75.846068, 15.162994], [75.817989, 15.124789], [75.787973, 15.130381], [75.750212, 15.148087], [75.717292, 15.149018], [75.695023, 15.124789], [75.692118, 15.097759]]], [[[74.750016, 16.823151], [74.760334, 16.794456], [74.779764, 16.746115], [74.793754, 16.715271], [74.81163, 16.676698], [74.814739, 16.645122], [74.846604, 16.618447], [74.856708, 16.593869], [74.85904, 16.547499], [74.851267, 16.517974], [74.810075, 16.485624], [74.755671, 16.481403], [74.693494, 16.484217], [74.667846, 16.507427], [74.663182, 16.536253], [74.660074, 16.582631], [74.656965, 16.617745], [74.637534, 16.640911], [74.631317, 16.663368], [74.617327, 16.711064], [74.598674, 16.727891], [74.570104, 16.759549], [74.563156, 16.765285], [74.550569, 16.78091], [74.546696, 16.802965], [74.542823, 16.820422], [74.508935, 16.825934], [74.504094, 16.823178], [74.492475, 16.796532], [74.490539, 16.771719], [74.487634, 16.751497], [74.483761, 16.735868], [74.471174, 16.725754], [74.454714, 16.716559], [74.42954, 16.704605], [74.414048, 16.680692], [74.406302, 16.674253], [74.401461, 16.646654], [74.432444, 16.614447], [74.451809, 16.590516], [74.459555, 16.579469], [74.461491, 16.556452], [74.457619, 16.538035], [74.454714, 16.516852], [74.454714, 16.497508], [74.468269, 16.486452], [74.490539, 16.475396], [74.518617, 16.464339], [74.53895, 16.457888], [74.559283, 16.446829], [74.566061, 16.422865], [74.567029, 16.380454], [74.545728, 16.334338], [74.535077, 16.310351], [74.512808, 16.284513], [74.491507, 16.269746], [74.472142, 16.257746], [74.430508, 16.253131], [74.389842, 16.245745], [74.376287, 16.23559], [74.3637, 16.219893], [74.35789, 16.204195], [74.34724, 16.16263], [74.329812, 16.142304], [74.31432, 16.133064], [74.291082, 16.128443], [74.251384, 16.142304], [74.23202, 16.155239], [74.205877, 16.178334], [74.188449, 16.194959], [74.16037, 16.207889], [74.140037, 16.204195], [74.11099, 16.190341], [74.07807, 16.187571], [74.042246, 16.199577], [74.023849, 16.195883], [74.002548, 16.185723], [73.973501, 16.146], [73.963819, 16.129367], [73.964787, 16.105339], [73.977374, 16.085003], [73.992866, 16.078532], [74.021913, 16.066513], [74.037405, 16.043396], [74.049023, 16.037847], [74.075166, 16.028599], [74.093562, 16.0138], [74.119705, 16.0027], [74.134228, 15.991598], [74.14972, 15.974944], [74.164243, 15.965691], [74.167148, 15.956437], [74.167148, 15.915711], [74.159402, 15.896268], [74.152625, 15.877749], [74.141023, 15.837213], [74.117768, 15.843017], [74.069356, 15.81893], [74.042246, 15.796691], [74.020945, 15.774449], [73.986088, 15.794838], [73.958978, 15.824489], [73.920248, 15.848574], [73.875709, 15.887472], [73.825361, 15.904138], [73.736283, 15.911545], [73.713046, 15.852279], [73.676253, 15.8319], [73.647206, 15.833753], [73.622032, 15.863394], [73.589112, 15.872655], [73.571684, 15.907841], [73.554255, 15.941166], [73.525208, 15.985585], [73.505844, 16.029986], [73.502945, 16.04452], [73.546994, 16.073909], [73.568295, 16.102566], [73.607024, 16.146], [73.638008, 16.188494], [73.675769, 16.242976], [73.699975, 16.289127], [73.716435, 16.339873], [73.737736, 16.384142], [73.760973, 16.436691], [73.806481, 16.473553], [73.846178, 16.496586], [73.903304, 16.507641], [73.91105, 16.535272], [73.947843, 16.559214], [73.961398, 16.590516], [73.959462, 16.614447], [73.936224, 16.642053], [73.936224, 16.665974], [73.949779, 16.693569], [73.953652, 16.717479], [73.897495, 16.757931], [73.866511, 16.81491], [73.852956, 16.851655], [73.876193, 16.901244], [73.922669, 16.914097], [73.980763, 16.939799], [73.988509, 16.961824], [73.955589, 17.018706], [73.912986, 17.079227], [73.837464, 17.134219], [73.781306, 17.183691], [73.752259, 17.218492], [73.74645, 17.271591], [73.804544, 17.278913], [73.889749, 17.282574], [73.969144, 17.256945], [74.004, 17.209335], [74.011746, 17.174531], [74.060158, 17.158042], [74.100824, 17.134219], [74.125998, 17.108559], [74.120189, 17.08656], [74.149236, 17.070059], [74.193774, 17.046219], [74.220885, 17.035214], [74.246059, 17.053555], [74.286725, 17.062724], [74.3332, 17.062724], [74.373866, 17.051721], [74.426151, 17.046219], [74.468753, 17.037049], [74.480372, 17.022374], [74.505546, 17.073726], [74.534593, 17.090227], [74.583005, 17.092061], [74.621734, 17.092061], [74.643036, 17.104893], [74.670146, 17.130554], [74.699193, 17.139717], [74.722431, 17.134219], [74.727272, 17.164455], [74.764065, 17.203841], [74.806667, 17.212998], [74.827968, 17.228565], [74.850238, 17.251453], [74.86573, 17.270675], [74.871539, 17.297216], [74.871539, 17.345706], [74.878317, 17.375888], [74.880253, 17.385947], [74.862825, 17.410634], [74.837651, 17.435315], [74.815381, 17.467302], [74.800858, 17.495627], [74.784398, 17.551342], [74.767938, 17.584211], [74.78343, 17.608857], [74.811508, 17.622547], [74.840555, 17.633498], [74.857984, 17.648098], [74.854111, 17.680028], [74.886063, 17.686413], [74.947061, 17.711038], [74.983854, 17.719246], [75.026457, 17.726541], [75.067122, 17.732011], [75.07971, 17.721981], [75.088424, 17.709215], [75.09036, 17.68915], [75.072932, 17.669994], [75.065186, 17.650835], [75.074868, 17.624372], [75.086487, 17.600642], [75.098106, 17.58695], [75.104884, 17.568691], [75.101011, 17.547689], [75.088424, 17.531251], [75.062281, 17.51755], [75.04679, 17.497454], [75.047758, 17.474612], [75.051631, 17.449025], [75.053567, 17.430745], [75.075837, 17.411548], [75.103915, 17.402405], [75.131026, 17.383204], [75.147486, 17.37223], [75.178469, 17.374059], [75.207517, 17.377717], [75.248182, 17.376802], [75.274325, 17.373144], [75.303372, 17.370401], [75.321768, 17.378631], [75.330482, 17.386861], [75.342101, 17.405148], [75.361466, 17.422518], [75.379862, 17.439885], [75.406973, 17.452681], [75.441829, 17.459992], [75.454416, 17.465475], [75.462162, 17.47644], [75.444734, 17.485577], [75.427306, 17.49654], [75.394386, 17.519377], [75.384704, 17.528511], [75.359529, 17.556821], [75.344038, 17.579647], [75.33726, 17.602468], [75.338228, 17.634411], [75.348879, 17.648098], [75.368244, 17.667257], [75.381799, 17.683677], [75.393418, 17.705567], [75.417624, 17.719246], [75.435052, 17.729276], [75.450544, 17.735659], [75.487336, 17.727452], [75.512511, 17.710127], [75.547367, 17.685501], [75.569636, 17.67638], [75.60062, 17.667257], [75.626762, 17.665433], [75.652905, 17.657222], [75.671301, 17.641711], [75.675174, 17.622547], [75.665492, 17.601555], [75.654841, 17.582385], [75.65, 17.561386], [75.647095, 17.537644], [75.650968, 17.519377], [75.65, 17.495627], [75.661135, 17.47644], [75.665008, 17.424346], [75.660166, 17.396919], [75.654357, 17.363084], [75.649516, 17.335644], [75.655325, 17.314601], [75.661135, 17.298131], [75.667912, 17.277998], [75.677595, 17.261522], [75.677595, 17.238636], [75.676626, 17.218492], [75.666944, 17.19285], [75.659198, 17.175447], [75.642738, 17.145215], [75.621437, 17.122306], [75.605945, 17.104893], [75.584644, 17.091144], [75.560438, 17.066391], [75.544946, 17.054472], [75.532359, 17.04897], [75.557533, 17.027877], [75.580771, 17.004946], [75.585612, 16.983846], [75.581739, 16.96733], [75.57593, 16.94347], [75.572057, 16.921441], [75.566248, 16.895735], [75.546883, 16.87737], [75.528486, 16.859921], [75.515899, 16.844307], [75.502344, 16.827772], [75.494598, 16.808478], [75.492662, 16.788262], [75.501376, 16.775395], [75.514931, 16.765285], [75.540105, 16.755174], [75.554629, 16.744142], [75.561406, 16.719318], [75.561406, 16.696328], [75.558502, 16.670573], [75.546883, 16.661374], [75.534296, 16.642053], [75.528486, 16.608924], [75.524613, 16.591436], [75.513963, 16.576707], [75.495566, 16.568421], [75.471361, 16.575787], [75.455869, 16.596959], [75.442314, 16.618128], [75.404552, 16.62733], [75.385188, 16.62733], [75.401648, 16.592357], [75.423917, 16.564739], [75.430695, 16.542639], [75.430695, 16.52422], [75.423917, 16.502114], [75.409394, 16.482767], [75.397775, 16.45881], [75.389061, 16.439456], [75.398743, 16.429317], [75.416171, 16.418255], [75.432631, 16.41088], [75.441345, 16.397051], [75.440377, 16.353709], [75.437472, 16.33157], [75.42779, 16.305737], [75.432631, 16.268823], [75.42779, 16.244822], [75.434568, 16.206042], [75.441345, 16.182952], [75.445218, 16.165401], [75.453932, 16.145076], [75.463615, 16.119202], [75.474265, 16.097944], [75.485884, 16.066513], [75.466519, 16.057267], [75.442314, 16.047095], [75.410362, 16.033223], [75.379378, 16.0101], [75.365823, 15.986972], [75.354204, 15.958288], [75.319348, 15.933299], [75.300951, 15.922191], [75.258349, 15.961064], [75.229302, 15.974019], [75.205096, 15.974019], [75.195414, 15.987898], [75.184763, 16.0138], [75.182827, 16.038772], [75.163462, 16.054493], [75.146034, 16.065588], [75.129574, 16.079456], [75.11505, 16.108111], [75.102463, 16.13214], [75.097622, 16.169096], [75.106336, 16.199577], [75.128605, 16.218047], [75.158621, 16.231897], [75.177017, 16.245745], [75.191541, 16.268823], [75.193477, 16.287281], [75.196382, 16.30666], [75.209937, 16.32788], [75.215747, 16.347252], [75.219619, 16.365699], [75.226397, 16.385986], [75.228334, 16.397051], [75.206064, 16.419177], [75.181858, 16.445907], [75.177985, 16.468946], [75.170239, 16.501192], [75.161525, 16.535272], [75.159589, 16.579469], [75.157652, 16.608924], [75.149907, 16.634692], [75.140224, 16.656774], [75.140224, 16.679772], [75.14797, 16.693569], [75.14797, 16.711961], [75.133447, 16.735868], [75.128605, 16.750577], [75.129574, 16.773557], [75.140224, 16.793776], [75.158621, 16.802965], [75.183795, 16.804802], [75.19735, 16.801127], [75.228334, 16.809397], [75.236079, 16.808478], [75.247698, 16.80664], [75.265127, 16.819503], [75.299015, 16.853492], [75.316443, 16.873697], [75.323221, 16.891144], [75.32903, 16.914097], [75.339681, 16.932456], [75.354204, 16.949894], [75.372601, 16.965495], [75.392934, 16.970083], [75.416171, 16.972836], [75.439409, 16.982011], [75.465551, 16.998525], [75.476202, 17.008616], [75.485884, 17.025126], [75.489757, 17.037966], [75.490725, 17.059056], [75.476202, 17.074643], [75.465551, 17.082894], [75.446186, 17.091144], [75.42779, 17.092061], [75.392934, 17.092061], [75.36195, 17.090227], [75.332903, 17.08106], [75.317411, 17.064558], [75.300951, 17.022374], [75.298047, 17.01045], [75.289332, 16.987516], [75.264158, 16.982011], [75.252539, 16.982929], [75.220588, 16.992103], [75.191541, 17.004946], [75.173144, 17.006781], [75.155716, 16.994855], [75.136351, 16.993021], [75.08794, 17.016871], [75.079225, 17.025126], [75.063734, 17.038883], [75.051147, 17.053555], [75.046305, 17.070976], [75.03856, 17.08381], [75.025972, 17.089311], [75.008544, 17.088394], [74.97272, 17.080143], [74.957228, 17.070059], [74.931085, 17.055389], [74.920435, 17.040717], [74.914625, 17.02696], [74.91753, 16.988434], [74.91753, 16.983846], [74.929149, 16.972836], [74.948514, 16.971918], [74.976592, 16.971918], [75.008544, 16.969165], [75.03856, 16.961824], [75.054051, 16.95173], [75.08213, 16.937045], [75.085035, 16.924195], [75.072448, 16.90308], [75.047274, 16.89849], [75.010481, 16.897571], [74.953355, 16.896653], [74.945609, 16.896653], [74.911721, 16.904916], [74.858468, 16.915933], [74.842718, 16.915933], [74.833392, 16.929493], [74.8365, 16.95046], [74.834169, 16.993073], [74.826397, 17.016814], [74.795308, 17.019606], [74.754116, 17.016116], [74.741681, 17.000755], [74.753339, 16.983994], [74.782096, 16.965832], [74.792977, 16.945568], [74.789091, 16.9246], [74.775878, 16.909919], [74.740126, 16.891737], [74.740126, 16.846962], [74.750016, 16.823151]]], [[[73.511169, 18.449279], [73.497129, 18.4452], [73.471955, 18.443387], [73.447749, 18.44792], [73.42548, 18.443387], [73.40902, 18.435229], [73.380941, 18.434323], [73.351894, 18.436136], [73.345117, 18.439762], [73.32672, 18.460609], [73.313165, 18.471484], [73.295737, 18.482358], [73.265721, 18.481452], [73.252166, 18.49595], [73.24442, 18.513163], [73.245388, 18.536715], [73.246357, 18.552112], [73.245388, 18.575656], [73.242484, 18.590142], [73.242484, 18.611869], [73.236674, 18.629971], [73.237642, 18.651691], [73.243452, 18.677025], [73.257007, 18.690595], [73.280245, 18.705972], [73.300578, 18.71773], [73.320911, 18.737625], [73.341244, 18.759325], [73.350926, 18.774693], [73.375132, 18.802714], [73.385782, 18.825306], [73.416766, 18.831631], [73.420639, 18.826209], [73.430321, 18.812655], [73.440972, 18.790964], [73.440004, 18.767461], [73.434194, 18.742146], [73.420639, 18.704163], [73.403211, 18.680644], [73.393528, 18.658929], [73.393528, 18.625446], [73.398369, 18.567507], [73.447749, 18.525846], [73.492288, 18.476015], [73.511169, 18.449279]]], [[[76.031242, 17.437143], [76.023675, 17.441402], [76.008731, 17.443541], [75.993723, 17.447197], [75.969033, 17.454051], [75.942407, 17.457707], [75.925947, 17.468673], [75.889638, 17.480095], [75.892543, 17.493343], [75.893995, 17.526684], [75.895448, 17.563669], [75.886733, 17.607488], [75.890606, 17.63076], [75.912876, 17.651291], [75.964192, 17.649923], [76.001953, 17.654485], [76.03681, 17.663152], [76.065373, 17.674555], [76.084253, 17.69143], [76.090547, 17.716966], [76.088052, 17.764654], [76.10263, 17.759283], [76.12302, 17.766264], [76.166889, 17.793018], [76.199636, 17.806975], [76.221879, 17.780805], [76.258334, 17.774407], [76.283666, 17.769172], [76.299113, 17.76161], [76.289227, 17.702261], [76.287991, 17.663262], [76.283666, 17.610271], [76.254009, 17.574155], [76.260805, 17.550265], [76.291699, 17.490229], [76.28552, 17.455826], [76.231147, 17.43833], [76.156385, 17.434247], [76.096452, 17.444745], [76.034665, 17.458159], [76.031242, 17.437143]]], [[[74.523943, 15.945331], [74.591719, 15.998999], [74.587846, 16.02305], [74.543307, 16.035998], [74.496832, 16.06189], [74.48134, 16.111808], [74.510387, 16.161706], [74.556863, 16.174639], [74.616893, 16.21897], [74.674987, 16.257746], [74.748573, 16.303892], [74.771811, 16.294664], [74.78343, 16.268823], [74.779557, 16.237436], [74.75051, 16.204195], [74.702098, 16.174639], [74.667241, 16.13214], [74.647877, 16.098869], [74.655623, 16.058191], [74.686606, 16.035998], [74.735018, 16.071136], [74.773747, 16.10996], [74.812477, 16.130291], [74.853143, 16.12105], [74.860888, 16.084078], [74.862825, 16.02305], [74.845397, 15.973094], [74.818286, 15.94348], [74.796985, 15.919414], [74.785366, 15.897194], [74.725336, 15.84348], [74.667241, 15.834216], [74.611084, 15.867562], [74.556863, 15.899046], [74.523943, 15.945331]]], [[[75.426338, 15.040415], [75.379862, 15.034819], [75.362434, 15.036684], [75.350815, 15.066526], [75.366307, 15.094496], [75.4031, 15.111275], [75.443766, 15.105682], [75.486368, 15.103818], [75.499924, 15.077715], [75.488305, 15.047876], [75.426338, 15.040415]]], [[[74.242186, 18.173421], [74.287693, 18.166153], [74.329327, 18.153433], [74.379676, 18.145255], [74.410659, 18.157976], [74.485213, 18.16797], [74.53653, 18.182505], [74.582037, 18.187955], [74.620766, 18.177963], [74.667241, 18.152524], [74.688543, 18.130715], [74.68467, 18.103449], [74.673051, 18.068902], [74.653686, 18.047078], [74.654654, 18.017064], [74.656591, 17.996141], [74.625607, 17.985223], [74.564609, 17.995231], [74.508451, 17.986132], [74.442611, 17.980673], [74.430024, 17.988862], [74.378707, 18.017974], [74.321582, 18.010696], [74.274138, 17.99978], [74.226694, 18.037074], [74.216044, 18.086177], [74.221853, 18.121627], [74.242186, 18.173421]]], [[[73.511169, 18.643094], [73.497614, 18.652143], [73.503423, 18.675668], [73.526661, 18.688333], [73.549898, 18.717277], [73.578945, 18.744406], [73.625421, 18.744406], [73.662213, 18.711851], [73.673832, 18.681096], [73.652531, 18.639474], [73.592501, 18.597838], [73.511169, 18.643094]]], [[[73.511169, 18.449279], [73.538279, 18.463781], [73.584755, 18.489154], [73.604119, 18.507275], [73.627357, 18.532639], [73.673832, 18.532639], [73.718371, 18.510899], [73.760973, 18.476468], [73.793893, 18.440215], [73.838432, 18.414831], [73.890717, 18.405764], [73.944938, 18.409391], [73.983668, 18.393069], [74.004969, 18.36042], [73.99335, 18.287833], [74.001096, 18.258786], [74.045635, 18.242444], [74.105665, 18.198855], [74.128903, 18.158884], [74.105665, 18.142529], [74.039825, 18.140712], [73.966239, 18.131624], [73.904272, 18.135259], [73.788084, 18.144346], [73.726117, 18.184322], [73.679642, 18.220652], [73.642849, 18.276941], [73.590564, 18.340463], [73.553771, 18.354977], [73.511169, 18.449279]]], [[[73.713046, 20.967041], [73.732895, 20.95372], [73.756132, 20.944838], [73.787116, 20.935956], [73.808417, 20.918189], [73.841337, 20.889757], [73.84521, 20.882648], [73.858765, 20.870206], [73.885876, 20.861319], [73.895558, 20.864874], [73.912986, 20.855986], [73.912986, 20.848875], [73.909113, 20.829318], [73.909113, 20.809758], [73.90524, 20.786637], [73.899431, 20.774186], [73.891685, 20.761733], [73.87813, 20.756396], [73.864575, 20.740383], [73.854892, 20.726148], [73.849083, 20.71369], [73.837464, 20.694112], [73.831655, 20.674531], [73.821972, 20.660288], [73.810353, 20.63892], [73.800671, 20.624673], [73.789052, 20.613987], [73.765815, 20.605081], [73.750323, 20.589048], [73.725149, 20.573014], [73.703848, 20.555195], [73.709657, 20.542721], [73.705784, 20.528463], [73.699975, 20.508855], [73.692229, 20.485679], [73.686419, 20.464281], [73.682546, 20.455364], [73.663182, 20.437529], [73.641881, 20.430394], [73.628325, 20.42861], [73.610897, 20.432178], [73.589596, 20.433962], [73.564422, 20.441096], [73.54893, 20.44288], [73.521819, 20.453581], [73.508264, 20.460714], [73.504391, 20.451798], [73.492772, 20.432178], [73.486963, 20.426827], [73.463725, 20.408987], [73.446297, 20.400066], [73.421123, 20.385792], [73.399822, 20.376869], [73.38433, 20.369731], [73.364965, 20.357238], [73.357219, 20.346529], [73.349474, 20.323322], [73.345601, 20.307253], [73.347537, 20.28761], [73.347537, 20.264392], [73.345601, 20.242957], [73.341728, 20.226877], [73.332045, 20.216157], [73.316554, 20.205435], [73.308808, 20.187564], [73.293316, 20.148238], [73.291379, 20.151813], [73.277824, 20.157176], [73.268142, 20.157176], [73.244904, 20.151813], [73.217794, 20.144662], [73.184874, 20.142874], [73.147597, 20.149131], [73.104994, 20.206329], [72.995554, 20.304025], [73.014464, 20.322429], [73.025115, 20.338496], [73.039638, 20.355453], [73.050289, 20.3733], [73.054162, 20.403635], [73.062876, 20.42861], [73.062876, 20.460714], [73.058035, 20.514203], [73.048352, 20.532919], [73.046416, 20.568559], [73.052225, 20.583704], [73.064812, 20.600627], [73.082241, 20.608643], [73.096764, 20.616658], [73.119034, 20.61933], [73.150985, 20.623783], [73.158731, 20.630016], [73.164541, 20.653166], [73.173255, 20.675421], [73.185842, 20.697672], [73.194556, 20.725258], [73.205207, 20.74839], [73.211016, 20.770628], [73.210048, 20.786637], [73.213128, 20.810413], [73.226992, 20.801755], [73.283149, 20.819538], [73.341244, 20.789305], [73.395465, 20.771518], [73.434194, 20.78219], [73.470987, 20.84443], [73.47486, 20.903085], [73.505844, 20.936844], [73.581366, 20.940397], [73.654952, 20.942174], [73.713046, 20.967041]]], [[[73.204238, 19.790152], [73.194556, 19.786565], [73.175191, 19.804495], [73.134525, 19.820629], [73.117097, 19.849307], [73.12097, 19.883354], [73.130652, 19.904852], [73.169382, 19.929929], [73.204238, 19.949628], [73.227476, 19.976486], [73.246841, 20.001548], [73.291379, 20.028394], [73.316554, 20.031973], [73.364965, 20.035552], [73.392076, 20.026605], [73.403695, 19.983647], [73.415314, 19.949628], [73.428869, 19.913809], [73.428869, 19.883354], [73.409504, 19.870812], [73.355283, 19.863644], [73.283634, 19.861852], [73.25265, 19.826007], [73.204238, 19.790152]]], [[[72.865356, 19.919182], [72.859547, 19.913809], [72.838246, 19.894104], [72.822754, 19.892312], [72.79758, 19.899478], [72.79177, 19.920973], [72.79758, 19.947837], [72.815008, 19.962162], [72.836309, 19.978276], [72.85761, 19.981857], [72.871165, 19.971115], [72.89634, 19.951419], [72.865356, 19.919182]]], [[[72.42898, 22.186654], [72.426746, 22.248154], [72.437396, 22.295614], [72.458697, 22.320216], [72.470316, 22.350083], [72.472253, 22.378188], [72.472253, 22.406285], [72.483871, 22.432622], [72.509046, 22.453687], [72.53422, 22.488787], [72.545839, 22.516861], [72.56714, 22.54142], [72.582631, 22.553698], [72.609742, 22.537912], [72.629107, 22.508089], [72.644599, 22.487032], [72.663963, 22.483523], [72.685264, 22.487032], [72.700756, 22.497561], [72.718184, 22.483523], [72.735613, 22.472993], [72.758366, 22.465095], [72.742874, 22.437888], [72.721573, 22.410675], [72.713827, 22.383456], [72.728351, 22.344813], [72.75062, 22.321094], [72.774826, 22.290341], [72.800968, 22.261339], [72.81646, 22.235846], [72.8305, 22.214745], [72.795159, 22.205073], [72.746747, 22.19452], [72.719637, 22.180448], [72.692526, 22.182207], [72.655733, 22.192761], [72.615067, 22.20859], [72.595703, 22.20859], [72.556973, 22.19452], [72.539545, 22.187484], [72.465959, 22.192761], [72.42898, 22.186654]]], [[[73.26088, 22.483523], [73.272015, 22.532649], [73.291379, 22.55896], [73.316554, 22.57825], [73.330109, 22.590524], [73.343664, 22.602798], [73.361092, 22.587018], [73.380457, 22.560713], [73.395949, 22.530895], [73.40902, 22.490542], [73.324784, 22.485278], [73.26088, 22.483523]]], [[[71.083804, 23.7847], [71.05863, 23.75169], [71.0199, 23.722147], [70.98698, 23.706504], [70.965679, 23.654347], [70.955997, 23.598689], [70.973425, 23.549969], [71.004408, 23.52038], [71.021837, 23.49949], [71.014091, 23.408926], [70.994726, 23.391502], [70.952124, 23.353162], [70.915331, 23.339218], [70.868856, 23.325271], [70.830126, 23.306093], [70.797206, 23.267728], [70.737176, 23.224117], [70.671336, 23.185727], [70.620987, 23.147326], [70.59194, 23.117644], [70.516418, 23.117644], [70.409912, 23.126375], [70.32858, 23.117644], [70.280169, 23.096688], [70.225947, 23.060007], [70.183345, 23.01283], [70.10395, 22.948153], [70.051665, 22.902684], [69.987762, 22.853699], [69.919985, 22.83445], [69.786369, 22.795944], [69.697291, 22.767932], [69.57723, 22.743416], [69.482343, 22.757425], [69.430058, 22.760928], [69.377774, 22.769682], [69.28676, 22.771433], [69.199618, 22.771433], [69.14927, 22.783689], [69.015654, 22.8432], [68.899466, 22.892189], [68.808451, 22.93941], [68.696136, 23.028558], [68.65547, 23.089702], [68.576075, 23.138596], [68.5296, 23.178746], [68.514108, 23.238074], [68.473442, 23.271216], [68.479252, 23.335731], [68.42503, 23.356648], [68.357254, 23.381047], [68.339826, 23.403699], [68.368873, 23.436798], [68.386301, 23.454216], [68.382428, 23.492526], [68.370809, 23.523862], [68.372746, 23.563891], [68.370809, 23.581291], [68.459887, 23.617824], [68.554774, 23.650869], [68.603186, 23.682166], [68.653534, 23.718671], [68.705819, 23.744739], [68.748421, 23.722147], [68.79296, 23.699551], [68.847181, 23.683905], [68.889783, 23.673473], [68.938195, 23.663041], [68.976924, 23.635217], [69.0234, 23.607387], [69.064065, 23.58999], [69.095049, 23.577811], [69.133778, 23.586511], [69.145397, 23.617824], [69.164762, 23.647391], [69.29741, 23.711718], [69.36906, 23.743001], [69.417471, 23.788175], [69.491057, 23.824649], [69.566579, 23.857641], [69.642102, 23.833332], [69.667276, 23.824649], [69.704069, 23.840278], [69.742798, 23.857641], [69.767972, 23.850696], [69.79121, 23.847223], [69.82413, 23.855905], [69.847368, 23.855905], [69.868669, 23.843751], [69.893843, 23.836805], [69.930636, 23.836805], [69.948064, 23.836805], [69.973238, 23.791649], [69.961619, 23.753427], [69.946128, 23.732575], [69.963556, 23.671735], [69.979048, 23.619564], [69.959683, 23.569111], [69.946128, 23.502972], [70.010031, 23.494267], [70.025523, 23.476855], [70.031332, 23.448991], [70.029396, 23.421121], [70.068125, 23.419379], [70.118473, 23.381047], [70.133965, 23.400214], [70.156235, 23.379304], [70.156235, 23.340961], [70.198837, 23.303478], [70.25209, 23.28168], [70.281137, 23.284296], [70.307279, 23.31917], [70.28501, 23.362748], [70.248217, 23.415894], [70.264677, 23.447249], [70.343104, 23.496878], [70.426372, 23.545618], [70.484466, 23.573461], [70.588067, 23.635217], [70.631638, 23.703027], [70.635511, 23.734312], [70.601623, 23.776014], [70.582258, 23.807281], [70.643257, 23.835937], [70.727493, 23.854169], [70.77881, 23.847223], [70.831094, 23.810755], [70.895966, 23.787306], [70.977298, 23.781226], [71.083804, 23.7847]], [[69.551088, 23.381047], [69.585944, 23.367105], [69.607245, 23.354905], [69.650816, 23.381047], [69.689545, 23.401957], [69.702132, 23.42896], [69.696323, 23.442024], [69.655657, 23.442024], [69.603372, 23.445507], [69.572389, 23.454216], [69.52785, 23.474243], [69.487184, 23.496878], [69.435868, 23.51951], [69.407789, 23.529084], [69.360345, 23.522121], [69.320648, 23.509935], [69.283855, 23.524732], [69.24803, 23.530824], [69.207364, 23.532565], [69.189936, 23.522991], [69.202523, 23.509065], [69.228665, 23.491655], [69.278045, 23.465536], [69.31387, 23.446378], [69.3526, 23.425476], [69.408757, 23.423734], [69.446518, 23.415894], [69.454264, 23.405441], [69.470724, 23.384532], [69.492025, 23.368848], [69.500739, 23.361877], [69.526882, 23.373205], [69.551088, 23.381047]]], [[[71.536454, 20.919078], [71.522898, 20.908416], [71.482232, 20.901308], [71.435757, 20.903085], [71.431884, 20.926184], [71.462868, 20.94395], [71.511279, 20.938621], [71.536454, 20.919078]]], [[[70.18044, 23.782963], [70.187218, 23.786437], [70.232725, 23.795123], [70.285978, 23.804676], [70.347945, 23.815097], [70.403134, 23.803808], [70.447673, 23.789912], [70.462197, 23.776883], [70.434118, 23.756034], [70.386674, 23.727361], [70.360532, 23.709111], [70.342136, 23.709111], [70.276296, 23.729968], [70.214329, 23.748214], [70.18044, 23.782963]]]]}}]}